# Blender 4.5.3 LTS
# www.blender.org
o head_template_mesh_CUT
v 0.061998 1.493503 -0.027215
v 0.066005 1.492495 -0.026312
v 0.066500 1.493900 -0.026200
v 0.062307 1.494799 -0.027008
v 0.075800 1.494613 -0.035711
v 0.075177 1.497973 -0.032283
v 0.074438 1.500713 -0.032211
v 0.074800 1.500600 -0.034800
v 0.044034 1.418873 -0.070397
v 0.039796 1.426214 -0.075181
v 0.036540 1.415001 -0.078651
v 0.044437 1.411710 -0.070237
v 0.039024 1.550958 0.053657
v 0.046783 1.549456 0.048912
v 0.044954 1.543563 0.051419
v -0.061998 1.493503 -0.027215
v -0.066005 1.492495 -0.026312
v -0.066500 1.493900 -0.026200
v -0.062307 1.494799 -0.027008
v -0.075800 1.494613 -0.035711
v -0.075177 1.497973 -0.032283
v -0.074438 1.500713 -0.032211
v -0.074800 1.500600 -0.034800
v 0.037682 1.544673 0.054847
v 0.092919 1.516004 -0.048998
v 0.093182 1.513297 -0.049973
v 0.093400 1.511900 -0.048200
v 0.093071 1.514299 -0.047313
v 0.089794 1.497809 -0.046670
v 0.089310 1.505389 -0.048436
v 0.090352 1.508011 -0.049430
v 0.090705 1.505796 -0.048534
v 0.090287 1.486997 -0.043418
v 0.089308 1.487702 -0.042889
v 0.090700 1.492300 -0.044900
v 0.091687 1.491903 -0.045704
v 0.075298 1.468043 -0.021340
v 0.078140 1.470212 -0.022933
v 0.078493 1.467790 -0.024400
v 0.073913 1.466336 -0.023090
v 0.070914 1.467491 -0.024294
v 0.075432 1.466828 -0.028178
v 0.075074 1.469686 -0.029129
v 0.071489 1.469689 -0.026106
v 0.086489 1.526078 -0.035111
v 0.086600 1.523100 -0.034700
v 0.084675 1.522306 -0.032321
v 0.084516 1.525303 -0.032395
v 0.076847 1.490511 -0.045292
v 0.075461 1.484031 -0.043370
v 0.081300 1.489074 -0.045823
v 0.081298 1.491995 -0.046116
v 0.085506 1.516107 -0.041696
v 0.086614 1.516897 -0.045188
v 0.087200 1.514700 -0.046300
v 0.086210 1.513201 -0.043498
v 0.089406 1.517594 -0.050088
v 0.089835 1.514599 -0.051186
v 0.073155 1.476985 -0.019715
v 0.071768 1.480608 -0.019054
v 0.072296 1.482197 -0.020109
v 0.073056 1.481128 -0.021346
v 0.073953 1.494303 -0.032675
v 0.075096 1.498497 -0.031088
v 0.086495 1.476758 -0.038243
v 0.086462 1.478693 -0.037171
v 0.088511 1.482595 -0.040600
v 0.088684 1.481204 -0.041805
v 0.083800 1.481300 -0.034800
v 0.086100 1.483800 -0.038300
v 0.087015 1.484403 -0.040188
v 0.085989 1.482300 -0.038105
v 0.088031 1.519317 -0.041792
v 0.085861 1.521559 -0.037113
v 0.086699 1.521126 -0.037101
v 0.088900 1.518700 -0.041800
v 0.082000 1.504600 -0.045500
v 0.080323 1.509694 -0.043474
v 0.079604 1.508792 -0.043485
v 0.081297 1.504301 -0.045314
v 0.089100 1.515800 -0.048100
v 0.089639 1.513104 -0.049003
v 0.087992 1.512000 -0.047407
v 0.075500 1.513617 -0.029983
v 0.076118 1.514593 -0.031298
v 0.076609 1.513005 -0.031696
v 0.076371 1.511694 -0.030520
v 0.078164 1.466576 -0.027814
v 0.073096 1.475727 -0.036776
v 0.074801 1.476562 -0.038030
v 0.077596 1.480667 -0.040850
v 0.076407 1.481515 -0.041493
v 0.070618 1.469515 -0.019925
v 0.073800 1.469900 -0.019600
v 0.074701 1.468685 -0.020488
v 0.071600 1.467919 -0.021209
v 0.078425 1.518098 -0.031667
v 0.080957 1.517503 -0.033837
v 0.079092 1.516506 -0.033011
v 0.077368 1.516811 -0.031317
v 0.088500 1.503500 -0.046500
v 0.087000 1.510300 -0.044900
v 0.089148 1.494204 -0.040272
v 0.089000 1.494300 -0.043500
v 0.088538 1.490188 -0.041897
v 0.088564 1.490214 -0.038795
v 0.088334 1.502483 -0.040508
v 0.088447 1.502416 -0.044192
v 0.090983 1.511396 -0.046991
v 0.091428 1.505198 -0.047205
v 0.090384 1.512000 -0.047798
v 0.077544 1.512600 -0.041093
v 0.077400 1.515300 -0.044900
v 0.077651 1.508587 -0.046651
v 0.078383 1.510012 -0.042574
v 0.072487 1.486189 -0.020399
v 0.073652 1.488310 -0.021518
v 0.072785 1.486082 -0.022770
v 0.072332 1.483812 -0.022359
v 0.078096 1.478882 -0.039421
v 0.075400 1.475700 -0.037100
v 0.075785 1.475417 -0.036252
v 0.078507 1.477345 -0.037814
v 0.083100 1.518700 -0.036200
v 0.083855 1.513511 -0.036581
v 0.082100 1.513505 -0.035117
v 0.079400 1.482900 -0.027100
v 0.080206 1.484210 -0.028695
v 0.081500 1.481100 -0.030500
v 0.080687 1.479097 -0.029207
v 0.082571 1.470333 -0.032585
v 0.080240 1.469896 -0.033585
v 0.077900 1.467889 -0.030714
v 0.080399 1.467916 -0.030093
v 0.072675 1.482711 -0.021801
v 0.072327 1.483599 -0.020303
v 0.083926 1.505195 -0.047073
v 0.082566 1.511308 -0.044839
v 0.086087 1.511596 -0.040800
v 0.086768 1.509089 -0.042098
v 0.074730 1.498708 -0.025229
v 0.072484 1.499298 -0.026263
v 0.072424 1.498498 -0.026271
v 0.075274 1.497098 -0.025153
v 0.074986 1.498595 -0.024097
v 0.075514 1.497004 -0.023998
v 0.075085 1.496797 -0.022906
v 0.074710 1.497703 -0.022785
v 0.071792 1.499615 -0.026608
v 0.072000 1.499300 -0.026400
v 0.072388 1.499850 -0.026639
v 0.077294 1.502724 -0.037763
v 0.078993 1.494880 -0.039129
v 0.077413 1.494601 -0.037981
v 0.075700 1.501500 -0.036400
v 0.089216 1.495402 -0.045388
v 0.080994 1.521612 -0.028301
v 0.079582 1.523421 -0.028204
v 0.082400 1.526875 -0.032516
v 0.074387 1.485551 -0.030792
v 0.077111 1.486378 -0.028293
v 0.075401 1.486174 -0.026902
v 0.073776 1.485212 -0.029312
v 0.072203 1.490294 -0.025077
v 0.070416 1.486997 -0.024430
v 0.074220 1.488702 -0.023891
v 0.074537 1.504508 -0.024103
v 0.073632 1.500887 -0.026200
v 0.074301 1.499691 -0.025068
v 0.074473 1.500004 -0.024007
v 0.090300 1.486200 -0.044700
v 0.091516 1.491394 -0.047212
v 0.089989 1.491103 -0.048594
v 0.088900 1.485600 -0.046100
v 0.071174 1.473291 -0.018315
v 0.067815 1.470535 -0.021913
v 0.069856 1.476490 -0.018061
v 0.091000 1.522800 -0.044100
v 0.087700 1.524800 -0.044500
v 0.088398 1.522717 -0.046819
v 0.091894 1.520791 -0.046191
v 0.072913 1.506097 -0.031592
v 0.073018 1.504001 -0.031087
v 0.072919 1.505397 -0.029993
v 0.072693 1.507397 -0.030290
v 0.053586 1.467412 -0.075433
v 0.062458 1.468076 -0.057171
v 0.066552 1.481198 -0.065315
v 0.058792 1.480269 -0.080652
v 0.083582 1.473183 -0.031719
v 0.082493 1.471092 -0.029401
v 0.075389 1.512005 -0.023502
v 0.074722 1.513599 -0.022600
v 0.075513 1.518799 -0.024222
v 0.076219 1.515923 -0.024158
v 0.090682 1.506499 -0.052109
v 0.093415 1.505906 -0.050612
v 0.077712 1.518490 -0.030205
v 0.081200 1.521900 -0.033400
v 0.079308 1.519492 -0.032198
v 0.077480 1.518012 -0.030407
v 0.077190 1.509801 -0.027990
v 0.077694 1.511105 -0.027778
v 0.076001 1.512096 -0.027915
v 0.075200 1.510700 -0.027900
v 0.074370 1.517897 -0.021713
v 0.075297 1.522474 -0.025117
v 0.071415 1.475105 -0.036388
v 0.077115 1.511100 -0.025590
v 0.077700 1.513600 -0.025600
v 0.078380 1.512711 -0.027699
v -0.044034 1.418873 -0.070397
v -0.039796 1.426214 -0.075181
v -0.036540 1.415001 -0.078651
v -0.044437 1.411710 -0.070237
v 0.070513 1.481494 -0.017518
v 0.071608 1.483198 -0.019075
v 0.076812 1.517093 -0.030192
v 0.076143 1.515882 -0.030085
v 0.074901 1.512051 -0.029070
v 0.075697 1.510116 -0.030317
v 0.083394 1.503779 -0.036850
v 0.085900 1.495120 -0.037669
v 0.070665 1.482116 -0.051701
v 0.066781 1.468771 -0.037011
v 0.074900 1.512500 -0.028100
v 0.074900 1.512900 -0.028300
v 0.074300 1.512000 -0.028500
v 0.074200 1.511400 -0.028200
v 0.081180 1.469406 -0.027314
v 0.081392 1.510102 -0.034728
v 0.078509 1.508234 -0.032619
v 0.078690 1.510401 -0.032211
v 0.091593 1.496901 -0.045991
v 0.092481 1.504997 -0.047033
v 0.093707 1.505301 -0.048582
v 0.092700 1.496700 -0.047300
v 0.069138 1.468847 -0.022896
v 0.073401 1.503294 -0.031788
v 0.074390 1.501599 -0.031214
v 0.073320 1.508785 -0.030771
v 0.073362 1.510351 -0.029068
v 0.071539 1.486197 -0.018780
v 0.087705 1.519915 -0.045409
v 0.088484 1.518000 -0.046810
v 0.086125 1.518595 -0.043989
v 0.085717 1.519801 -0.042398
v 0.084872 1.521507 -0.039310
v 0.084900 1.522959 -0.038902
v 0.086800 1.521600 -0.043400
v 0.076910 1.509099 -0.031384
v 0.077488 1.510807 -0.031221
v 0.078757 1.481692 -0.026054
v 0.079651 1.475700 -0.026960
v 0.087515 1.486694 -0.039481
v 0.087178 1.487520 -0.036411
v 0.087200 1.496700 -0.049600
v 0.086626 1.505995 -0.050271
v 0.085270 1.505500 -0.048424
v 0.086200 1.496700 -0.048500
v 0.080890 1.497910 -0.046193
v 0.077697 1.498497 -0.046178
v 0.074100 1.498700 -0.022500
v 0.073200 1.502400 -0.020900
v 0.073000 1.508100 -0.030600
v 0.073112 1.509696 -0.028998
v 0.082101 1.481590 -0.041807
v 0.077895 1.474733 -0.034283
v 0.082003 1.479694 -0.039813
v 0.073816 1.473945 -0.032524
v 0.073304 1.473187 -0.030203
v 0.075893 1.473216 -0.031599
v 0.084062 1.483308 -0.033637
v 0.085978 1.484417 -0.036390
v 0.071500 1.499400 -0.027100
v 0.070090 1.497912 -0.028215
v 0.070510 1.499177 -0.026601
v 0.086793 1.502906 -0.038129
v 0.088239 1.494694 -0.038349
v 0.077317 1.513394 -0.028185
v 0.076101 1.503386 -0.027988
v 0.076739 1.506787 -0.026397
v 0.080088 1.516707 -0.028296
v 0.078608 1.515193 -0.028702
v 0.078171 1.514217 -0.028369
v 0.079119 1.514587 -0.027733
v 0.064970 1.489977 -0.026859
v 0.068207 1.488286 -0.025432
v 0.069600 1.491400 -0.025400
v 0.083936 1.522604 -0.037179
v 0.084376 1.520602 -0.038312
v 0.083800 1.512300 -0.046400
v 0.077005 1.514888 -0.032296
v 0.077607 1.513397 -0.033092
v 0.077512 1.523697 -0.039600
v 0.077134 1.522214 -0.036306
v 0.077024 1.522596 -0.035096
v 0.077000 1.526200 -0.035400
v 0.072194 1.470894 -0.027111
v 0.075000 1.471200 -0.029600
v 0.074913 1.472222 -0.030080
v 0.072794 1.472090 -0.028308
v 0.074614 1.485867 -0.026314
v 0.073392 1.484991 -0.028510
v 0.088313 1.487893 -0.042607
v 0.087791 1.487097 -0.041406
v 0.088800 1.491100 -0.043700
v 0.089407 1.492300 -0.044808
v 0.074023 1.506963 -0.033952
v 0.073613 1.505802 -0.033402
v 0.078264 1.516972 -0.037457
v 0.080300 1.519500 -0.038900
v 0.078936 1.522279 -0.035468
v 0.077375 1.520039 -0.035263
v 0.085184 1.513304 -0.048435
v 0.077900 1.512000 -0.032500
v 0.078690 1.512194 -0.033514
v 0.077290 1.512393 -0.032109
v 0.074693 1.509798 -0.027983
v 0.076690 1.508602 -0.028290
v 0.079600 1.517115 -0.029581
v 0.083299 1.520672 -0.032822
v 0.082605 1.520723 -0.032873
v 0.079196 1.517891 -0.029805
v 0.075486 1.514507 -0.028998
v -0.039024 1.550958 0.053657
v -0.046783 1.549456 0.048912
v -0.044954 1.543563 0.051419
v -0.037682 1.544673 0.054847
v 0.077508 1.523187 -0.028108
v 0.078384 1.524716 -0.032003
v 0.079493 1.525831 -0.032370
v 0.078124 1.524043 -0.029015
v 0.085510 1.518598 -0.041793
v 0.089900 1.514600 -0.047000
v 0.075224 1.500049 -0.029836
v 0.072310 1.497196 -0.029602
v 0.062100 1.496100 -0.028400
v 0.062400 1.497300 -0.028400
v 0.062996 1.496896 -0.029588
v 0.062700 1.495600 -0.029800
v 0.065798 1.490998 -0.030077
v 0.068687 1.489987 -0.028824
v 0.067795 1.488059 -0.027571
v 0.065087 1.488901 -0.029508
v 0.061700 1.493000 -0.028800
v 0.061900 1.494600 -0.028500
v 0.062600 1.493904 -0.030024
v 0.062510 1.492089 -0.030514
v 0.083251 1.522548 -0.035046
v 0.085047 1.522467 -0.036875
v 0.091507 1.513492 -0.045983
v 0.092000 1.511200 -0.046800
v 0.088778 1.518688 -0.044296
v 0.089400 1.516800 -0.045700
v 0.073810 1.490899 -0.021494
v 0.074915 1.491096 -0.023006
v 0.074587 1.489510 -0.022989
v 0.092426 1.516497 -0.046084
v 0.092491 1.518401 -0.047705
v 0.074023 1.473610 -0.019287
v 0.072900 1.472100 -0.018700
v 0.040539 1.402694 -0.008784
v 0.048074 1.407914 -0.020517
v 0.047013 1.398104 -0.021095
v 0.039392 1.393104 -0.010006
v 0.079593 1.519097 -0.027011
v 0.078310 1.521306 -0.026782
v 0.061832 1.491418 -0.027890
v 0.061767 1.490564 -0.029280
v 0.064532 1.489040 -0.028225
v 0.066803 1.495395 -0.026325
v 0.062692 1.496102 -0.026989
v 0.066004 1.492689 -0.029996
v 0.066600 1.497700 -0.029000
v 0.066899 1.498785 -0.027594
v 0.069870 1.484581 -0.025568
v 0.071628 1.484108 -0.027495
v 0.073099 1.484030 -0.024480
v 0.062493 1.490133 -0.030449
v 0.073605 1.507995 -0.032192
v 0.069294 1.493493 -0.029380
v 0.072510 1.491006 -0.030991
v 0.072108 1.488909 -0.030290
v 0.069088 1.491598 -0.029288
v 0.082186 1.480509 -0.032108
v 0.082500 1.482389 -0.031806
v 0.075207 1.486410 -0.032571
v 0.078600 1.486500 -0.030726
v 0.074610 1.503003 -0.030429
v 0.075710 1.506076 -0.029052
v 0.072018 1.499535 -0.027245
v 0.069600 1.495600 -0.029000
v 0.072429 1.493400 -0.030779
v 0.066996 1.496709 -0.026563
v 0.070701 1.496697 -0.025915
v 0.070496 1.497807 -0.026089
v 0.067002 1.497703 -0.026813
v 0.080210 1.513496 -0.034376
v 0.077161 1.519075 -0.025362
v 0.078600 1.516400 -0.026100
v 0.078956 1.526993 -0.051414
v 0.077945 1.518913 -0.056083
v 0.077665 1.520494 -0.043294
v 0.066104 1.494500 -0.029818
v 0.063008 1.498217 -0.028195
v 0.063488 1.497694 -0.027293
v 0.087700 1.483800 -0.040300
v 0.073996 1.483585 -0.024303
v 0.073597 1.507916 -0.028454
v 0.087091 1.491399 -0.048005
v 0.086200 1.486200 -0.045800
v 0.073000 1.509200 -0.028900
v 0.073613 1.510299 -0.028418
v 0.072679 1.484436 -0.028099
v 0.074011 1.484984 -0.025493
v 0.073800 1.510700 -0.028300
v 0.074759 1.490612 -0.024153
v 0.085521 1.513187 -0.039739
v 0.078886 1.472181 -0.034028
v 0.076900 1.470700 -0.031400
v 0.063107 1.497087 -0.027034
v 0.067048 1.488263 -0.026903
v 0.066401 1.496204 -0.029511
v 0.073083 1.494401 -0.025488
v 0.072718 1.492295 -0.025142
v 0.075021 1.492793 -0.024235
v 0.080194 1.487032 -0.032232
v 0.076200 1.488129 -0.034638
v 0.077499 1.489024 -0.036690
v 0.082102 1.487860 -0.033716
v 0.084805 1.481507 -0.043287
v 0.083016 1.477319 -0.039971
v 0.085043 1.475936 -0.039699
v 0.087297 1.480394 -0.043209
v 0.079918 1.541308 -0.059991
v 0.078910 1.532799 -0.044899
v 0.080121 1.548101 -0.049100
v 0.083314 1.521389 -0.044086
v 0.083806 1.518997 -0.045690
v 0.088991 1.520200 -0.048605
v 0.076340 1.525030 -0.030066
v 0.076931 1.522731 -0.033547
v 0.077407 1.523933 -0.031651
v 0.090305 1.496596 -0.050608
v 0.074900 1.508300 -0.023500
v 0.076811 1.508900 -0.025803
v 0.081302 1.482541 -0.042839
v 0.082741 1.485784 -0.031869
v 0.085088 1.486284 -0.033841
v 0.088312 1.522894 -0.037393
v 0.085094 1.521385 -0.034799
v 0.008841 1.394244 0.015789
v 0.008800 1.386900 0.011600
v 0.008589 1.498484 0.073786
v 0.010030 1.498324 0.072305
v 0.008757 1.500242 0.071290
v 0.008117 1.500249 0.072013
v 0.008946 1.489300 0.072430
v 0.008334 1.490922 0.071314
v 0.009315 1.490643 0.070347
v 0.010188 1.489265 0.071512
v 0.005681 1.499910 0.071178
v 0.004213 1.497290 0.073791
v 0.005785 1.498187 0.075196
v 0.006796 1.500441 0.071916
v 0.088400 1.525800 -0.038200
v 0.012342 1.488981 0.072095
v 0.011326 1.490885 0.070919
v 0.012050 1.491341 0.072767
v 0.013716 1.489773 0.073790
v 0.004958 1.489999 0.080211
v 0.006080 1.492103 0.080389
v 0.004980 1.491307 0.078099
v 0.004935 1.489324 0.077714
v 0.007888 1.492561 0.079779
v 0.009808 1.492021 0.081514
v 0.011583 1.491985 0.079889
v 0.009400 1.492428 0.078300
v 0.004716 1.493621 0.073204
v 0.006063 1.491670 0.074584
v 0.003964 1.493789 0.076796
v 0.012266 1.493714 0.070902
v 0.010928 1.492691 0.069478
v 0.009809 1.496498 0.068938
v 0.011062 1.497282 0.069812
v 0.045276 1.418919 -0.006497
v 0.051316 1.421097 -0.020493
v 0.034601 1.509504 0.051197
v 0.033968 1.506854 0.052483
v 0.030002 1.508004 0.053112
v 0.030801 1.510322 0.051979
v 0.075600 1.495000 -0.023600
v 0.074983 1.495799 -0.022522
v 0.084383 1.516205 -0.047117
v 0.087769 1.520281 -0.042209
v 0.082911 1.523192 -0.041995
v 0.081484 1.525319 -0.037312
v 0.080076 1.523708 -0.036314
v 0.081315 1.521297 -0.040291
v 0.090800 1.520100 -0.042800
v 0.075382 1.482188 -0.024203
v 0.084040 1.509298 -0.036335
v 0.080484 1.525822 -0.034804
v 0.083919 1.527606 -0.035488
v 0.090591 1.497096 -0.045921
v 0.091688 1.518505 -0.044615
v 0.089812 1.517295 -0.043486
v 0.081321 1.518998 -0.029088
v 0.078895 1.491603 -0.038661
v 0.085402 1.491588 -0.036554
v 0.084007 1.489086 -0.035109
v -0.092919 1.516004 -0.048998
v -0.093182 1.513297 -0.049973
v -0.093400 1.511900 -0.048200
v -0.093071 1.514299 -0.047313
v -0.089794 1.497809 -0.046670
v -0.089310 1.505389 -0.048436
v -0.090352 1.508011 -0.049430
v -0.090705 1.505796 -0.048534
v 0.078399 1.489817 -0.037774
v 0.073444 1.504694 -0.032820
v 0.071111 1.486897 -0.016909
v 0.081578 1.475997 -0.030012
v -0.090287 1.486997 -0.043418
v -0.089308 1.487702 -0.042889
v -0.090700 1.492300 -0.044900
v -0.091687 1.491903 -0.045704
v 0.082714 1.477004 -0.032189
v 0.092400 1.496600 -0.049200
v 0.083202 1.522130 -0.035985
v 0.077509 1.481801 -0.025290
v 0.077217 1.476111 -0.024483
v 0.075527 1.476613 -0.022791
v 0.078213 1.512608 -0.033384
v 0.080792 1.483473 -0.043245
v 0.081006 1.485539 -0.044522
v 0.063300 1.497600 -0.029200
v 0.082300 1.478600 -0.039700
v 0.078492 1.473495 -0.034110
v 0.054580 1.424205 -0.033907
v 0.053617 1.426598 -0.048816
v -0.075298 1.468043 -0.021340
v -0.078140 1.470212 -0.022933
v -0.078493 1.467790 -0.024400
v -0.073913 1.466336 -0.023090
v 0.052512 1.415702 -0.047314
v 0.052297 1.412202 -0.033512
v 0.072400 1.500500 -0.017900
v 0.072720 1.493501 -0.019884
v 0.072078 1.492403 -0.018405
v 0.022133 1.402373 0.012551
v 0.018991 1.390401 0.007792
v 0.071080 1.487414 -0.013506
v 0.070164 1.486779 -0.003273
v 0.071773 1.502108 -0.003201
v 0.072151 1.496898 -0.012896
v 0.059961 1.533198 0.030682
v 0.061666 1.533495 0.026588
v 0.061933 1.524304 0.026724
v 0.059859 1.525661 0.030102
v 0.020105 1.589077 0.046472
v 0.009713 1.590238 0.048897
v 0.009944 1.597050 0.042825
v 0.020552 1.595691 0.040151
v 0.020717 1.610835 0.018436
v 0.010055 1.612720 0.020935
v 0.010178 1.617029 0.011196
v -0.070914 1.467491 -0.024294
v -0.075432 1.466828 -0.028178
v -0.075074 1.469686 -0.029129
v -0.071489 1.469689 -0.026106
v 0.021004 1.614887 0.009079
v 0.051849 1.506984 0.042450
v 0.053308 1.500902 0.042309
v 0.049500 1.500600 0.045600
v 0.048611 1.506682 0.045109
v 0.077083 1.471595 -0.021914
v 0.075873 1.472489 -0.020821
v -0.086489 1.526078 -0.035111
v -0.086600 1.523100 -0.034700
v -0.084675 1.522306 -0.032321
v -0.084516 1.525303 -0.032395
v -0.076847 1.490511 -0.045292
v -0.075461 1.484031 -0.043370
v -0.081300 1.489074 -0.045823
v -0.081298 1.491995 -0.046116
v 0.010363 1.620560 -0.000194
v 0.021444 1.618288 -0.001890
v 0.013719 1.517008 0.059295
v -0.085506 1.516107 -0.041696
v -0.086614 1.516897 -0.045188
v -0.087200 1.514700 -0.046300
v -0.086210 1.513201 -0.043498
v -0.089406 1.517594 -0.050088
v -0.089835 1.514599 -0.051186
v -0.073155 1.476985 -0.019715
v -0.071768 1.480608 -0.019054
v -0.072296 1.482197 -0.020109
v -0.073056 1.481128 -0.021346
v -0.073953 1.494303 -0.032675
v -0.075096 1.498497 -0.031088
v -0.086495 1.476758 -0.038243
v -0.086462 1.478693 -0.037171
v -0.088511 1.482595 -0.040600
v -0.088684 1.481204 -0.041805
v 0.014127 1.518765 0.056494
v 0.017673 1.515705 0.055114
v 0.017351 1.513871 0.057445
v 0.007369 1.564131 0.060202
v 0.008331 1.571458 0.057659
v 0.017301 1.571015 0.055837
v 0.015753 1.563817 0.058794
v 0.021739 1.513091 0.053661
v 0.021012 1.511308 0.055406
v 0.010005 1.602932 0.036161
v 0.020698 1.601402 0.033405
v 0.020840 1.621971 -0.050662
v -0.083800 1.481300 -0.034800
v -0.086100 1.483800 -0.038300
v -0.087015 1.484403 -0.040188
v -0.085989 1.482300 -0.038105
v 0.021361 1.622750 -0.042579
v 0.009988 1.625236 -0.042999
v -0.088031 1.519317 -0.041792
v -0.085861 1.521559 -0.037113
v -0.086699 1.521126 -0.037101
v -0.088900 1.518700 -0.041800
v 0.011010 1.623798 -0.055177
v 0.071022 1.498660 -0.072359
v 0.074708 1.498310 -0.057287
v 0.076813 1.509999 -0.058491
v 0.074411 1.514719 -0.074802
v 0.033028 1.407859 0.005141
v 0.030039 1.395778 0.000929
v -0.082000 1.504600 -0.045500
v -0.080323 1.509694 -0.043474
v -0.079604 1.508792 -0.043485
v -0.081297 1.504301 -0.045314
v -0.089100 1.515800 -0.048100
v -0.089639 1.513104 -0.049003
v -0.087992 1.512000 -0.047407
v -0.075500 1.513617 -0.029983
v -0.076118 1.514593 -0.031298
v -0.076609 1.513005 -0.031696
v -0.076371 1.511694 -0.030520
v -0.078164 1.466576 -0.027814
v -0.073096 1.475727 -0.036776
v -0.074801 1.476562 -0.038030
v -0.077596 1.480667 -0.040850
v -0.076407 1.481515 -0.041493
v 0.053520 1.554444 0.037880
v 0.055167 1.559187 0.033299
v 0.058439 1.552305 0.030019
v 0.056797 1.548534 0.034888
v 0.005887 1.552131 0.063546
v 0.013242 1.551916 0.062647
v 0.011428 1.545963 0.063453
v 0.005203 1.545936 0.064108
v -0.070618 1.469515 -0.019925
v -0.073800 1.469900 -0.019600
v -0.074701 1.468685 -0.020488
v -0.071600 1.467919 -0.021209
v 0.059440 1.518629 0.030726
v 0.062023 1.515611 0.028312
v 0.060821 1.508001 0.032915
v 0.058003 1.511984 0.034409
v 0.054598 1.507965 0.039780
v -0.078425 1.518098 -0.031667
v -0.080957 1.517503 -0.033837
v -0.079092 1.516506 -0.033011
v -0.077368 1.516811 -0.031317
v 0.056600 1.502200 0.039300
v -0.088500 1.503500 -0.046500
v -0.087000 1.510300 -0.044900
v 0.018904 1.579964 0.052345
v 0.009112 1.580880 0.054387
v 0.060600 1.543300 0.027500
v 0.058985 1.541133 0.032384
v 0.010699 1.519994 0.061739
v 0.011514 1.521322 0.058249
v 0.007996 1.525146 0.059987
v -0.089148 1.494204 -0.040272
v -0.089000 1.494300 -0.043500
v -0.088538 1.490188 -0.041897
v -0.088564 1.490214 -0.038795
v 0.003912 1.524971 0.065569
v 0.003648 1.528717 0.063754
v 0.007046 1.528482 0.060248
v 0.033993 1.562933 0.052199
v 0.035634 1.569459 0.048664
v 0.043291 1.567819 0.043458
v 0.041735 1.561705 0.047287
v 0.020698 1.606310 0.026348
v -0.088334 1.502483 -0.040508
v -0.088447 1.502416 -0.044192
v 0.010005 1.608005 0.029016
v 0.004139 1.537948 0.062980
v 0.008537 1.537917 0.061632
v 0.007473 1.534421 0.060282
v -0.090983 1.511396 -0.046991
v -0.091428 1.505198 -0.047205
v -0.090384 1.512000 -0.047798
v -0.077544 1.512600 -0.041093
v -0.077400 1.515300 -0.044900
v -0.077651 1.508587 -0.046651
v -0.078383 1.510012 -0.042574
v 0.003950 1.534628 0.062399
v 0.025500 1.509400 0.054200
v 0.026221 1.511402 0.052919
v 0.068924 1.470783 -0.026772
v 0.070063 1.470235 -0.025719
v 0.073354 1.517300 -0.015507
v 0.072714 1.507101 -0.013696
v 0.071736 1.514897 -0.004110
v 0.071742 1.527400 -0.006595
v 0.073300 1.538600 -0.010500
v 0.074599 1.546926 -0.016268
v 0.075720 1.531749 -0.022655
v 0.074613 1.525899 -0.018098
v 0.049669 1.418009 -0.059856
v 0.048608 1.427595 -0.062745
v 0.004078 1.522301 0.068552
v 0.004027 1.519664 0.071163
v -0.072487 1.486189 -0.020399
v -0.073652 1.488310 -0.021518
v -0.072785 1.486082 -0.022770
v -0.072332 1.483812 -0.022359
v 0.068436 1.488481 -0.068879
v -0.078096 1.478882 -0.039421
v -0.075400 1.475700 -0.037100
v -0.075785 1.475417 -0.036252
v -0.078507 1.477345 -0.037814
v 0.072751 1.489694 -0.054914
v 0.010892 1.495095 0.074194
v 0.007594 1.499713 0.069461
v 0.007789 1.496199 0.068918
v 0.007417 1.498889 0.069265
v 0.010944 1.492053 0.076099
v 0.013247 1.491279 0.077394
v 0.008600 1.492389 0.069127
v 0.007700 1.492600 0.069700
v 0.006998 1.496497 0.069211
v 0.008729 1.500115 0.070107
v 0.001944 1.488386 0.082348
v 0.002499 1.489875 0.085125
v 0.006506 1.490990 0.084097
v 0.005006 1.489613 0.082093
v 0.005458 1.499077 0.070745
v 0.004491 1.496811 0.071589
v 0.005310 1.494685 0.078792
v 0.007206 1.498428 0.074823
v 0.007494 1.500437 0.072081
v 0.007200 1.495300 0.078000
v 0.006200 1.489300 0.075200
v 0.009008 1.495404 0.076405
v -0.083100 1.518700 -0.036200
v -0.083855 1.513511 -0.036581
v -0.082100 1.513505 -0.035117
v -0.079400 1.482900 -0.027100
v -0.080206 1.484210 -0.028695
v -0.081500 1.481100 -0.030500
v -0.080687 1.479097 -0.029207
v 0.081106 1.485086 -0.030299
v 0.055353 1.438827 -0.014305
v 0.061802 1.452633 -0.021411
v 0.061800 1.451269 -0.026789
v -0.082571 1.470333 -0.032585
v -0.080240 1.469896 -0.033585
v -0.077900 1.467889 -0.030714
v -0.080399 1.467916 -0.030093
v -0.072675 1.482711 -0.021801
v -0.072327 1.483599 -0.020303
v -0.083926 1.505195 -0.047073
v -0.082566 1.511308 -0.044839
v 0.056475 1.436705 -0.023388
v 0.080800 1.511900 -0.034700
v 0.066012 1.558296 0.012561
v 0.067698 1.568962 0.002878
v 0.072355 1.557904 -0.008158
v -0.086087 1.511596 -0.040800
v -0.086768 1.509089 -0.042098
v 0.071371 1.547902 -0.002509
v 0.068379 1.577790 -0.004909
v 0.073269 1.567598 -0.015308
v 0.076018 1.556001 -0.024296
v 0.077911 1.536200 -0.036897
v 0.042165 1.521251 0.045613
v 0.042412 1.521112 0.045815
v 0.040900 1.520800 0.047100
v -0.074730 1.498708 -0.025229
v -0.072484 1.499298 -0.026263
v -0.072424 1.498498 -0.026271
v -0.075274 1.497098 -0.025153
v 0.040900 1.520900 0.046900
v 0.041684 1.521291 0.044982
v 0.040343 1.520792 0.046058
v -0.074986 1.498595 -0.024097
v -0.075514 1.497004 -0.023998
v -0.075085 1.496797 -0.022906
v -0.074710 1.497703 -0.022785
v 0.042542 1.521718 0.044010
v 0.043095 1.521563 0.044535
v 0.043365 1.521386 0.044713
v 0.024933 1.521899 0.048906
v 0.025588 1.522170 0.048171
v 0.028191 1.521207 0.048430
v 0.027547 1.521253 0.049572
v 0.024720 1.521709 0.049378
v 0.027503 1.521018 0.050005
v -0.071792 1.499615 -0.026608
v -0.072000 1.499300 -0.026400
v -0.072388 1.499850 -0.026639
v -0.077294 1.502724 -0.037763
v -0.078993 1.494880 -0.039129
v -0.077413 1.494601 -0.037981
v -0.075700 1.501500 -0.036400
v 0.028678 1.523900 0.042557
v 0.028204 1.524236 0.042492
v -0.089216 1.495402 -0.045388
v 0.029466 1.523482 0.042681
v 0.023235 1.523973 0.046674
v 0.023291 1.524974 0.046778
v -0.080994 1.521612 -0.028301
v -0.079582 1.523421 -0.028204
v -0.082400 1.526875 -0.032516
v 0.027982 1.525037 0.042609
v 0.027969 1.524510 0.042490
v 0.023469 1.523441 0.046801
v -0.074387 1.485551 -0.030792
v -0.077111 1.486378 -0.028293
v -0.075401 1.486174 -0.026902
v -0.073776 1.485212 -0.029312
v -0.072203 1.490294 -0.025077
v -0.070416 1.486997 -0.024430
v -0.074220 1.488702 -0.023891
v -0.074537 1.504508 -0.024103
v -0.073632 1.500887 -0.026200
v -0.074301 1.499691 -0.025068
v -0.074473 1.500004 -0.024007
v -0.090300 1.486200 -0.044700
v -0.091516 1.491394 -0.047212
v -0.089989 1.491103 -0.048594
v -0.088900 1.485600 -0.046100
v 0.021958 1.523277 0.046966
v 0.021129 1.523661 0.046653
v -0.071174 1.473291 -0.018315
v -0.067815 1.470535 -0.021913
v -0.069856 1.476490 -0.018061
v -0.091000 1.522800 -0.044100
v -0.087700 1.524800 -0.044500
v -0.088398 1.522717 -0.046819
v -0.091894 1.520791 -0.046191
v -0.072913 1.506097 -0.031592
v -0.073018 1.504001 -0.031087
v -0.072919 1.505397 -0.029993
v -0.072693 1.507397 -0.030290
v 0.021224 1.524972 0.046884
v 0.032700 1.520100 0.050100
v 0.032897 1.519399 0.050184
v 0.028200 1.519704 0.050417
v 0.027801 1.520500 0.050288
v 0.032498 1.520485 0.049893
v 0.035900 1.520600 0.049000
v 0.035996 1.520197 0.049188
v 0.036104 1.519501 0.049213
v -0.053586 1.467412 -0.075433
v -0.062458 1.468076 -0.057171
v -0.066552 1.481198 -0.065315
v -0.058792 1.480269 -0.080652
v -0.083582 1.473183 -0.031719
v -0.082493 1.471092 -0.029401
v -0.075389 1.512005 -0.023502
v -0.074722 1.513599 -0.022600
v -0.075513 1.518799 -0.024222
v -0.076219 1.515923 -0.024158
v 0.024901 1.520591 0.050179
v 0.024799 1.521400 0.049815
v 0.036100 1.518900 0.049200
v 0.033100 1.518800 0.050100
v -0.090682 1.506499 -0.052109
v -0.093415 1.505906 -0.050612
v 0.028400 1.519100 0.050400
v 0.024900 1.520200 0.050300
v 0.022180 1.521429 0.049697
v 0.023262 1.521579 0.049651
v 0.033098 1.518102 0.049889
v 0.033002 1.517298 0.049711
v 0.028299 1.517601 0.050288
v 0.028401 1.518399 0.050319
v -0.077712 1.518490 -0.030205
v -0.081200 1.521900 -0.033400
v -0.079308 1.519492 -0.032198
v -0.077480 1.518012 -0.030407
v -0.077190 1.509801 -0.027990
v -0.077694 1.511105 -0.027778
v -0.076001 1.512096 -0.027915
v -0.075200 1.510700 -0.027900
v 0.036100 1.518200 0.048900
v 0.036000 1.517400 0.048700
v -0.074370 1.517897 -0.021713
v -0.075297 1.522474 -0.025117
v 0.044439 1.521538 0.043123
v 0.044900 1.522000 0.042200
v 0.044889 1.521497 0.042391
v -0.071415 1.475105 -0.036388
v 0.044613 1.521100 0.042908
v 0.047300 1.519000 0.040400
v 0.048300 1.520100 0.039500
v 0.050100 1.519300 0.038700
v -0.077115 1.511100 -0.025590
v -0.077700 1.513600 -0.025600
v -0.078380 1.512711 -0.027699
v -0.070513 1.481494 -0.017518
v -0.071608 1.483198 -0.019075
v -0.076812 1.517093 -0.030192
v -0.076143 1.515882 -0.030085
v -0.074901 1.512051 -0.029070
v -0.075697 1.510116 -0.030317
v 0.048907 1.518104 0.039809
v -0.083394 1.503779 -0.036850
v -0.085900 1.495120 -0.037669
v 0.056681 1.509389 0.037056
v 0.051190 1.515294 0.039686
v 0.052600 1.516500 0.037900
v 0.044000 1.521300 0.043900
v 0.043400 1.521000 0.044800
v 0.043900 1.521600 0.043800
v 0.044314 1.521924 0.042872
v 0.044184 1.520701 0.043691
v 0.043510 1.520399 0.044707
v 0.042500 1.520800 0.045900
v 0.042589 1.520103 0.045890
v 0.041000 1.519800 0.047200
v 0.040900 1.520500 0.047200
v 0.038827 1.520294 0.048207
v -0.070665 1.482116 -0.051701
v -0.066781 1.468771 -0.037011
v 0.039096 1.520691 0.047990
v 0.038924 1.519591 0.048198
v 0.041100 1.519200 0.047000
v 0.039015 1.518991 0.048107
v 0.042600 1.519500 0.045600
v 0.043590 1.519902 0.044393
v 0.044314 1.520298 0.043307
v 0.044900 1.520700 0.042500
v 0.045300 1.521300 0.041900
v 0.044600 1.519800 0.042800
v 0.045200 1.519100 0.042100
v 0.044000 1.518600 0.043400
v 0.043727 1.519374 0.043986
v 0.045400 1.520300 0.041900
v 0.046200 1.519700 0.041100
v -0.074900 1.512500 -0.028100
v -0.074900 1.512900 -0.028300
v -0.074300 1.512000 -0.028500
v -0.074200 1.511400 -0.028200
v 0.042700 1.519000 0.045200
v 0.042700 1.518300 0.044800
v 0.041000 1.517900 0.046300
v 0.041092 1.518606 0.046690
v -0.081180 1.469406 -0.027314
v -0.081392 1.510102 -0.034728
v -0.078509 1.508234 -0.032619
v -0.078690 1.510401 -0.032211
v 0.039015 1.518382 0.047807
v 0.039024 1.517589 0.047472
v -0.091593 1.496901 -0.045991
v -0.092481 1.504997 -0.047033
v -0.093707 1.505301 -0.048582
v -0.092700 1.496700 -0.047300
v 0.032398 1.520499 0.049611
v 0.032070 1.520462 0.048411
v 0.035568 1.520277 0.047815
v 0.035900 1.520600 0.048700
v 0.039100 1.520700 0.047800
v -0.069138 1.468847 -0.022896
v -0.073401 1.503294 -0.031788
v -0.074390 1.501599 -0.031214
v 0.038514 1.520381 0.046986
v 0.035403 1.520177 0.046662
v 0.033667 1.522493 0.042517
v 0.035009 1.522519 0.042154
v 0.038077 1.520272 0.045916
v -0.073320 1.508785 -0.030771
v -0.073362 1.510351 -0.029068
v 0.032250 1.520456 0.047158
v 0.032125 1.522658 0.042749
v 0.028946 1.521295 0.047200
v -0.071539 1.486197 -0.018780
v 0.030633 1.523025 0.042787
v 0.026318 1.522169 0.047391
v 0.033945 1.532789 0.049154
v 0.033987 1.533023 0.049380
v 0.038500 1.532400 0.048800
v 0.038100 1.532100 0.048400
v 0.040900 1.529700 0.047500
v 0.040908 1.530602 0.047110
v 0.043300 1.529300 0.045900
v 0.043109 1.528498 0.046011
v 0.040898 1.528786 0.047906
v -0.087705 1.519915 -0.045409
v -0.088484 1.518000 -0.046810
v -0.086125 1.518595 -0.043989
v -0.085717 1.519801 -0.042398
v -0.084872 1.521507 -0.039310
v -0.084900 1.522959 -0.038902
v -0.086800 1.521600 -0.043400
v -0.076910 1.509099 -0.031384
v -0.077488 1.510807 -0.031221
v 0.042890 1.527512 0.046186
v 0.038200 1.530000 0.049500
v -0.078757 1.481692 -0.026054
v -0.079651 1.475700 -0.026960
v -0.087515 1.486694 -0.039481
v -0.087178 1.487520 -0.036411
v -0.087200 1.496700 -0.049600
v -0.086626 1.505995 -0.050271
v -0.085270 1.505500 -0.048424
v -0.086200 1.496700 -0.048500
v 0.038200 1.531000 0.049000
v 0.038100 1.531800 0.048500
v 0.042119 1.526072 0.042035
v 0.041362 1.527066 0.042705
v -0.080890 1.497910 -0.046193
v -0.077697 1.498497 -0.046178
v -0.074100 1.498700 -0.022500
v -0.073200 1.502400 -0.020900
v -0.073000 1.508100 -0.030600
v -0.073112 1.509696 -0.028998
v -0.082101 1.481590 -0.041807
v -0.077895 1.474733 -0.034283
v -0.082003 1.479694 -0.039813
v -0.073816 1.473945 -0.032524
v -0.073304 1.473187 -0.030203
v -0.075893 1.473216 -0.031599
v 0.041916 1.526935 0.044139
v 0.042956 1.526131 0.042937
v 0.042757 1.525369 0.041438
v 0.043602 1.525370 0.042054
v 0.037542 1.525216 0.039867
v 0.037198 1.525606 0.040151
v 0.036660 1.526085 0.040544
v -0.084062 1.483308 -0.033637
v -0.085978 1.484417 -0.036390
v 0.037714 1.524891 0.039697
v -0.071500 1.499400 -0.027100
v -0.070090 1.497912 -0.028215
v -0.070510 1.499177 -0.026601
v -0.086793 1.502906 -0.038129
v -0.088239 1.494694 -0.038349
v -0.077317 1.513394 -0.028185
v 0.037779 1.524597 0.039632
v -0.076101 1.503386 -0.027988
v -0.076739 1.506787 -0.026397
v -0.080088 1.516707 -0.028296
v -0.078608 1.515193 -0.028702
v -0.078171 1.514217 -0.028369
v -0.079119 1.514587 -0.027733
v -0.064970 1.489977 -0.026859
v -0.068207 1.488286 -0.025432
v -0.069600 1.491400 -0.025400
v 0.037758 1.524316 0.039661
v 0.037669 1.524040 0.039811
v 0.058518 1.493799 0.036810
v 0.059081 1.504398 0.036285
v -0.083936 1.522604 -0.037179
v -0.084376 1.520602 -0.038312
v -0.083800 1.512300 -0.046400
v 0.061300 1.496500 0.033300
v 0.043599 1.521847 0.043556
v -0.077005 1.514888 -0.032296
v -0.077607 1.513397 -0.033092
v 0.044055 1.522221 0.042659
v -0.077512 1.523697 -0.039600
v -0.077134 1.522214 -0.036306
v -0.077024 1.522596 -0.035096
v -0.077000 1.526200 -0.035400
v 0.043015 1.522082 0.043129
v -0.072194 1.470894 -0.027111
v -0.075000 1.471200 -0.029600
v -0.074913 1.472222 -0.030080
v -0.072794 1.472090 -0.028308
v -0.074614 1.485867 -0.026314
v -0.073392 1.484991 -0.028510
v 0.043462 1.522488 0.042348
v -0.088313 1.487893 -0.042607
v -0.087791 1.487097 -0.041406
v -0.088800 1.491100 -0.043700
v -0.089407 1.492300 -0.044808
v 0.044553 1.522761 0.041803
v 0.044927 1.522554 0.041844
v 0.041056 1.521240 0.044204
v 0.036673 1.522964 0.041275
v 0.037083 1.523262 0.040834
v -0.074023 1.506963 -0.033952
v -0.073613 1.505802 -0.033402
v -0.078264 1.516972 -0.037457
v -0.080300 1.519500 -0.038900
v -0.078936 1.522279 -0.035468
v -0.077375 1.520039 -0.035263
v -0.085184 1.513304 -0.048435
v 0.041746 1.521873 0.043317
v 0.039788 1.520688 0.045084
v 0.035983 1.522699 0.041727
v 0.037308 1.523509 0.040446
v 0.037510 1.523762 0.040093
v -0.077900 1.512000 -0.032500
v -0.078690 1.512194 -0.033514
v 0.042057 1.522240 0.042582
v -0.077290 1.512393 -0.032109
v 0.042503 1.522667 0.041859
v 0.043826 1.523087 0.041769
v -0.074693 1.509798 -0.027983
v -0.076690 1.508602 -0.028290
v -0.079600 1.517115 -0.029581
v -0.083299 1.520672 -0.032822
v -0.082605 1.520723 -0.032873
v -0.079196 1.517891 -0.029805
v 0.043025 1.523723 0.040992
v 0.043098 1.524246 0.040972
v 0.044011 1.523655 0.041586
v -0.075486 1.514507 -0.028998
v 0.044072 1.524168 0.041487
v 0.042854 1.523208 0.041263
v 0.043014 1.524789 0.041098
v 0.043930 1.524704 0.041661
v 0.045170 1.522128 0.041830
v 0.045172 1.522916 0.041508
v 0.045689 1.523909 0.041025
v 0.045611 1.522137 0.041396
v -0.077508 1.523187 -0.028108
v -0.078384 1.524716 -0.032003
v -0.079493 1.525831 -0.032370
v -0.078124 1.524043 -0.029015
v -0.085510 1.518598 -0.041793
v 0.046307 1.522104 0.040817
v 0.045900 1.521000 0.041200
v 0.046700 1.524488 0.040798
v 0.048114 1.524818 0.040328
v -0.089900 1.514600 -0.047000
v -0.075224 1.500049 -0.029836
v -0.072310 1.497196 -0.029602
v 0.047605 1.521996 0.040014
v 0.046900 1.520700 0.040400
v 0.044824 1.523362 0.041444
v -0.062100 1.496100 -0.028400
v -0.062400 1.497300 -0.028400
v -0.062996 1.496896 -0.029588
v -0.062700 1.495600 -0.029800
v 0.044987 1.523980 0.041208
v 0.046091 1.525512 0.041885
v -0.065798 1.490998 -0.030077
v -0.068687 1.489987 -0.028824
v -0.067795 1.488059 -0.027571
v -0.065087 1.488901 -0.029508
v 0.046900 1.526300 0.041900
v 0.045406 1.524990 0.041911
v 0.044897 1.525716 0.043091
v 0.045400 1.526400 0.043200
v -0.061700 1.493000 -0.028800
v -0.061900 1.494600 -0.028500
v -0.062600 1.493904 -0.030024
v -0.062510 1.492089 -0.030514
v 0.046000 1.527100 0.043200
v 0.044489 1.527303 0.044590
v -0.083251 1.522548 -0.035046
v -0.085047 1.522467 -0.036875
v 0.044900 1.528100 0.044600
v 0.044112 1.526492 0.044515
v 0.044792 1.524756 0.041778
v -0.091507 1.513492 -0.045983
v -0.092000 1.511200 -0.046800
v -0.088778 1.518688 -0.044296
v -0.089400 1.516800 -0.045700
v 0.044314 1.525441 0.042693
v 0.043559 1.526182 0.043934
v 0.042506 1.526800 0.045709
v -0.073810 1.490899 -0.021494
v -0.074915 1.491096 -0.023006
v -0.074587 1.489510 -0.022989
v -0.092426 1.516497 -0.046084
v -0.092491 1.518401 -0.047705
v -0.074023 1.473610 -0.019287
v -0.072900 1.472100 -0.018700
v -0.040539 1.402694 -0.008784
v -0.048074 1.407914 -0.020517
v -0.047013 1.398104 -0.021095
v -0.039392 1.393104 -0.010006
v -0.079593 1.519097 -0.027011
v -0.078310 1.521306 -0.026782
v 0.040690 1.527910 0.047582
v 0.039941 1.527889 0.045733
v 0.038000 1.529200 0.049200
v -0.061832 1.491418 -0.027890
v -0.061767 1.490564 -0.029280
v -0.064532 1.489040 -0.028225
v -0.066803 1.495395 -0.026325
v -0.062692 1.496102 -0.026989
v 0.037203 1.528804 0.047236
v 0.034542 1.533709 0.050445
v 0.039499 1.533215 0.049975
v 0.036807 1.528788 0.045465
v 0.034347 1.526891 0.041805
v 0.032772 1.526987 0.042325
v 0.033546 1.528876 0.046426
v -0.066004 1.492689 -0.029996
v 0.023838 1.525682 0.047159
v 0.024615 1.526505 0.047491
v -0.066600 1.497700 -0.029000
v -0.066899 1.498785 -0.027594
v -0.069870 1.484581 -0.025568
v -0.071628 1.484108 -0.027495
v -0.073099 1.484030 -0.024480
v -0.062493 1.490133 -0.030449
v -0.073605 1.507995 -0.032192
v 0.028529 1.525780 0.042811
v 0.028182 1.525373 0.042703
v 0.022456 1.525747 0.047856
v 0.023742 1.526545 0.048365
v -0.069294 1.493493 -0.029380
v -0.072510 1.491006 -0.030991
v -0.072108 1.488909 -0.030290
v -0.069088 1.491598 -0.029288
v -0.082186 1.480509 -0.032108
v -0.082500 1.482389 -0.031806
v -0.075207 1.486410 -0.032571
v -0.078600 1.486500 -0.030726
v -0.074610 1.503003 -0.030429
v -0.075710 1.506076 -0.029052
v -0.072018 1.499535 -0.027245
v -0.069600 1.495600 -0.029000
v -0.072429 1.493400 -0.030779
v -0.066996 1.496709 -0.026563
v -0.070701 1.496697 -0.025915
v -0.070496 1.497807 -0.026089
v -0.067002 1.497703 -0.026813
v -0.080210 1.513496 -0.034376
v -0.077161 1.519075 -0.025362
v -0.078600 1.516400 -0.026100
v -0.078956 1.526993 -0.051414
v -0.077945 1.518913 -0.056083
v -0.077665 1.520494 -0.043294
v -0.066104 1.494500 -0.029818
v -0.063008 1.498217 -0.028195
v -0.063488 1.497694 -0.027293
v -0.087700 1.483800 -0.040300
v -0.073996 1.483585 -0.024303
v -0.073597 1.507916 -0.028454
v -0.087091 1.491399 -0.048005
v -0.086200 1.486200 -0.045800
v -0.073000 1.509200 -0.028900
v -0.073613 1.510299 -0.028418
v -0.072679 1.484436 -0.028099
v -0.074011 1.484984 -0.025493
v -0.073800 1.510700 -0.028300
v -0.074759 1.490612 -0.024153
v -0.085521 1.513187 -0.039739
v 0.027850 1.528251 0.047514
v 0.029964 1.526652 0.042905
v -0.078886 1.472181 -0.034028
v -0.076900 1.470700 -0.031400
v 0.029085 1.526235 0.042905
v -0.063107 1.497087 -0.027034
v 0.026190 1.527374 0.047403
v -0.067048 1.488263 -0.026903
v -0.066401 1.496204 -0.029511
v 0.027281 1.528690 0.049325
v 0.025103 1.527452 0.048740
v 0.033744 1.529320 0.048332
v -0.073083 1.494401 -0.025488
v -0.072718 1.492295 -0.025142
v -0.075021 1.492793 -0.024235
v -0.080194 1.487032 -0.032232
v -0.076200 1.488129 -0.034638
v -0.077499 1.489024 -0.036690
v -0.082102 1.487860 -0.033716
v -0.084805 1.481507 -0.043287
v -0.083016 1.477319 -0.039971
v -0.085043 1.475936 -0.039699
v -0.087297 1.480394 -0.043209
v -0.079918 1.541308 -0.059991
v -0.078910 1.532799 -0.044899
v -0.080121 1.548101 -0.049100
v -0.083314 1.521389 -0.044086
v -0.083806 1.518997 -0.045690
v -0.088991 1.520200 -0.048605
v -0.076340 1.525030 -0.030066
v -0.076931 1.522731 -0.033547
v -0.077407 1.523933 -0.031651
v -0.090305 1.496596 -0.050608
v 0.039290 1.528051 0.044190
v 0.035655 1.526552 0.041178
v -0.074900 1.508300 -0.023500
v -0.076811 1.508900 -0.025803
v 0.020443 1.525555 0.049023
v -0.081302 1.482541 -0.042839
v 0.022090 1.526874 0.049265
v -0.082741 1.485784 -0.031869
v -0.085088 1.486284 -0.033841
v -0.088312 1.522894 -0.037393
v -0.085094 1.521385 -0.034799
v 0.019381 1.524425 0.048883
v 0.018804 1.524338 0.049175
v 0.019820 1.525679 0.049223
v 0.021236 1.527039 0.049389
v 0.024082 1.528063 0.049571
v 0.023449 1.528355 0.049996
v 0.026775 1.529813 0.050788
v 0.026860 1.529186 0.050504
v 0.034030 1.529944 0.050131
v 0.034105 1.530682 0.050431
v 0.026377 1.530509 0.050284
v 0.022991 1.528811 0.049615
v 0.025891 1.531275 0.049667
v 0.022800 1.529700 0.049200
v 0.033943 1.532420 0.049431
v 0.034105 1.531621 0.049993
v 0.022009 1.522235 0.049146
v 0.019888 1.522635 0.049121
v 0.022491 1.522472 0.048858
v 0.020169 1.522855 0.048732
v 0.023596 1.522765 0.047753
v 0.019510 1.523334 0.048695
v 0.018853 1.523205 0.049074
v -0.008841 1.394244 0.015789
v -0.008800 1.386900 0.011600
v 0.024390 1.522876 0.047222
v 0.019200 1.525800 0.049100
v 0.018016 1.524253 0.049349
v 0.018201 1.526310 0.048651
v 0.017395 1.524492 0.049158
v 0.020237 1.528365 0.048593
v 0.020635 1.527357 0.048964
v 0.017989 1.523129 0.049200
v 0.018475 1.522629 0.049200
v 0.017396 1.523127 0.049280
v 0.017900 1.522496 0.049287
v 0.024700 1.519600 0.050400
v 0.024500 1.519000 0.050400
v 0.021512 1.520977 0.049893
v 0.021022 1.520599 0.049909
v 0.032795 1.516401 0.049585
v 0.035800 1.516500 0.048500
v 0.032503 1.515300 0.049614
v -0.008589 1.498484 0.073786
v -0.010030 1.498324 0.072305
v -0.008757 1.500242 0.071290
v -0.008117 1.500249 0.072013
v 0.035693 1.515294 0.048482
v 0.027697 1.515798 0.050481
v 0.028102 1.516702 0.050317
v 0.029412 1.387797 -0.001384
v 0.046000 1.518200 0.041600
v 0.047200 1.517100 0.041300
v 0.045392 1.516396 0.042790
v 0.044509 1.517704 0.042911
v 0.042900 1.517300 0.044400
v -0.008946 1.489300 0.072430
v -0.008334 1.490922 0.071314
v -0.009315 1.490643 0.070347
v -0.010188 1.489265 0.071512
v 0.043309 1.515909 0.044414
v 0.041000 1.515600 0.046000
v 0.040900 1.516900 0.046000
v 0.038919 1.516689 0.047177
v 0.038722 1.515306 0.047242
v 0.049300 1.521500 0.038900
v 0.050591 1.524603 0.038686
v 0.051200 1.520900 0.037800
v 0.052905 1.524289 0.037006
v 0.016797 1.527194 0.048968
v -0.005681 1.499910 0.071178
v -0.004213 1.497290 0.073791
v -0.005785 1.498187 0.075196
v -0.006796 1.500441 0.071916
v 0.016432 1.524904 0.049054
v 0.015300 1.527900 0.050300
v 0.015200 1.525300 0.050100
v 0.016200 1.530800 0.050800
v 0.018103 1.529886 0.049322
v 0.016702 1.523141 0.049381
v 0.017301 1.522304 0.049412
v 0.015612 1.523203 0.049817
v 0.016513 1.521817 0.049816
v 0.024099 1.518299 0.050487
v 0.023694 1.517490 0.050592
v 0.020550 1.520111 0.050065
v 0.019827 1.519426 0.050302
v 0.047153 1.537083 0.048674
v 0.044799 1.534344 0.048966
v 0.041146 1.535635 0.050758
v 0.043109 1.539081 0.051229
v 0.050240 1.540841 0.047395
v 0.052685 1.537388 0.044750
v 0.049920 1.534711 0.046178
v 0.047487 1.532583 0.046972
v 0.051300 1.527400 0.039700
v 0.049306 1.527394 0.041107
v 0.049400 1.529100 0.042600
v 0.051400 1.529700 0.041500
v 0.053700 1.527400 0.038000
v 0.054100 1.530500 0.039900
v 0.050911 1.531995 0.043813
v 0.048706 1.530695 0.044709
v 0.053767 1.533613 0.042372
v 0.023810 1.535193 0.052318
v 0.024621 1.533474 0.050880
v 0.021502 1.531689 0.049858
v 0.020094 1.532606 0.050483
v 0.022472 1.536856 0.053894
v 0.017898 1.533692 0.051907
v 0.036404 1.539832 0.053434
v 0.035572 1.536604 0.052091
v 0.025594 1.531753 0.049356
v 0.023502 1.530697 0.049184
v 0.025447 1.531989 0.049401
v 0.022900 1.530600 0.049100
v 0.058944 1.585628 -0.090242
v 0.061100 1.592200 -0.078300
v 0.044568 1.602329 -0.084574
v 0.043693 1.594392 -0.096197
v 0.041000 1.531000 0.047100
v 0.041600 1.531400 0.047600
v 0.044100 1.530100 0.046400
v 0.043500 1.529700 0.046000
v 0.045300 1.528600 0.044700
v 0.045998 1.529012 0.044988
v 0.047100 1.528000 0.043400
v 0.046494 1.527712 0.043387
v 0.047100 1.527000 0.042300
v 0.047706 1.526995 0.042008
v 0.023200 1.531500 0.049500
v 0.025342 1.532353 0.049786
v 0.045436 1.574694 0.038505
v 0.052333 1.571092 0.032286
v 0.050200 1.565000 0.037900
v 0.042799 1.532208 0.048590
v 0.045400 1.530900 0.047000
v 0.047100 1.529700 0.045100
v 0.048000 1.528600 0.043300
v 0.048394 1.527705 0.042091
v 0.071726 1.489597 -0.018397
v 0.072300 1.489600 -0.019800
v 0.082403 1.497500 -0.046021
v 0.080609 1.503982 -0.045312
v 0.079052 1.507506 -0.044008
v 0.078100 1.518500 -0.029900
v 0.081582 1.521655 -0.032839
v 0.085888 1.480697 -0.037210
v 0.082727 1.479003 -0.033181
v -0.088400 1.525800 -0.038200
v 0.085882 1.481597 -0.037615
v 0.089000 1.517700 -0.043700
v 0.089700 1.515900 -0.045000
v 0.090689 1.515510 -0.044722
v 0.090400 1.513800 -0.046200
v 0.074300 1.494200 -0.021900
v 0.083479 1.497097 -0.046117
v 0.085217 1.496703 -0.047579
v 0.086211 1.491703 -0.047289
v 0.085503 1.492007 -0.046781
v 0.085486 1.486796 -0.045215
v 0.084991 1.487411 -0.044990
v 0.087400 1.484200 -0.040300
v 0.088704 1.487908 -0.042783
v 0.082840 1.522084 -0.034142
v 0.082112 1.521223 -0.032776
v 0.083570 1.521955 -0.034436
v 0.075177 1.493002 -0.023111
v 0.076500 1.516600 -0.029500
v 0.075900 1.514300 -0.028300
v 0.075700 1.514700 -0.028700
v 0.071800 1.498104 -0.026083
v 0.071802 1.498996 -0.026313
v 0.072996 1.496503 -0.026061
v 0.075410 1.495001 -0.024819
v 0.069598 1.487587 -0.024692
v 0.069300 1.486401 -0.026424
v 0.069687 1.485404 -0.026018
v 0.085515 1.527480 -0.038589
v 0.075999 1.513302 -0.027984
v 0.077199 1.514400 -0.028210
v 0.077500 1.515700 -0.028600
v 0.084313 1.521518 -0.034793
v 0.077793 1.516688 -0.028928
v 0.077100 1.516600 -0.028900
v 0.078695 1.518295 -0.029809
v 0.076700 1.516600 -0.029100
v 0.077487 1.491398 -0.037513
v 0.076038 1.491207 -0.035474
v 0.073200 1.509900 -0.019400
v 0.073700 1.508000 -0.021200
v 0.081613 1.478503 -0.031092
v 0.077071 1.514610 -0.039608
v 0.076983 1.517291 -0.040993
v 0.089989 1.492402 -0.044791
v 0.083719 1.487422 -0.033473
v 0.081400 1.486758 -0.031819
v 0.085799 1.488493 -0.035214
v 0.087406 1.491007 -0.036987
v 0.073275 1.507102 -0.031910
v 0.084591 1.511302 -0.037217
v 0.085725 1.509009 -0.038205
v 0.082810 1.511499 -0.035689
v 0.077116 1.520902 -0.039194
v 0.076866 1.521086 -0.036895
v 0.077427 1.516146 -0.037671
v 0.076733 1.519477 -0.036354
v 0.071294 1.491000 -0.025011
v 0.071539 1.485011 -0.028169
v 0.071376 1.487003 -0.028816
v 0.072800 1.485000 -0.029000
v 0.073029 1.485996 -0.030176
v 0.073697 1.487491 -0.031606
v 0.074400 1.489400 -0.032700
v 0.074445 1.491799 -0.033137
v 0.070700 1.495100 -0.025700
v 0.076554 1.521809 -0.026878
v 0.070296 1.493304 -0.025475
v 0.072097 1.496697 -0.025914
v 0.072201 1.494908 -0.025566
v 0.071902 1.492995 -0.025121
v 0.077900 1.484000 -0.026400
v 0.078789 1.485596 -0.028414
v 0.076283 1.484669 -0.025833
v 0.079808 1.486114 -0.030284
v 0.074909 1.484910 -0.025487
v 0.077240 1.515882 -0.038378
v 0.076800 1.519100 -0.038300
v 0.071770 1.493003 -0.016807
v 0.063703 1.501321 0.029000
v 0.065291 1.510391 0.023890
v 0.026059 1.454896 0.049004
v 0.025298 1.451791 0.049406
v 0.054800 1.491500 0.040500
v 0.049968 1.489449 0.045159
v 0.025148 1.460346 0.061133
v 0.024435 1.459621 0.061337
v 0.023522 1.460187 0.061418
v 0.024249 1.460520 0.061081
v 0.022000 1.460772 0.059500
v 0.022800 1.460707 0.058800
v 0.023014 1.460696 0.059746
v 0.022313 1.460759 0.060425
v 0.028109 1.475652 0.062034
v 0.031378 1.479582 0.059952
v 0.034158 1.475322 0.058856
v 0.030949 1.471935 0.060987
v 0.024580 1.459509 0.051432
v 0.024307 1.461110 0.051921
v 0.023228 1.460994 0.055868
v 0.023532 1.460361 0.055415
v 0.024417 1.456932 0.051523
v 0.023415 1.459081 0.054968
v 0.026131 1.458845 0.048941
v 0.025595 1.461351 0.049316
v 0.033679 1.454181 0.057135
v 0.030493 1.456211 0.059276
v 0.031308 1.459310 0.059370
v 0.034660 1.458692 0.057534
v 0.025183 1.486692 0.060752
v 0.028504 1.483099 0.060419
v 0.025503 1.479201 0.062212
v 0.022102 1.483306 0.062428
v 0.018718 1.488020 0.063334
v 0.021581 1.490552 0.061358
v 0.017491 1.495490 0.066471
v 0.017785 1.491959 0.067693
v 0.017219 1.491111 0.070903
v 0.017625 1.493108 0.069690
v 0.015426 1.487303 0.069410
v 0.017764 1.489813 0.066272
v 0.011460 1.486297 0.069954
v -0.012342 1.488981 0.072095
v -0.011326 1.490885 0.070919
v -0.012050 1.491341 0.072767
v -0.013716 1.489773 0.073790
v 0.011262 1.487086 0.070809
v 0.015505 1.486658 0.068092
v -0.004958 1.489999 0.080211
v -0.006080 1.492103 0.080389
v -0.004980 1.491307 0.078099
v -0.004935 1.489324 0.077714
v 0.015732 1.485856 0.066517
v 0.011732 1.485545 0.068955
v 0.010705 1.488275 0.071582
v 0.013514 1.488048 0.071692
v -0.007888 1.492561 0.079779
v -0.009808 1.492021 0.081514
v -0.011583 1.491985 0.079889
v -0.009400 1.492428 0.078300
v -0.004716 1.493621 0.073204
v -0.006063 1.491670 0.074584
v -0.003964 1.493789 0.076796
v -0.012266 1.493714 0.070902
v -0.010928 1.492691 0.069478
v -0.009809 1.496498 0.068938
v -0.011062 1.497282 0.069812
v 0.015121 1.489854 0.073173
v 0.004381 1.488908 0.079905
v 0.005639 1.490149 0.081872
v 0.010589 1.518080 0.064760
v 0.013675 1.514833 0.061918
v 0.010631 1.515723 0.067072
v 0.013514 1.512714 0.064157
v 0.014372 1.491968 0.076867
v 0.015789 1.493572 0.075165
v 0.011991 1.493152 0.080609
v 0.013201 1.495495 0.080068
v 0.003688 1.531722 0.062648
v 0.002148 1.485462 0.075849
v 0.002408 1.484602 0.075445
v 0.001814 1.486575 0.077679
v 0.022139 1.613460 -0.081347
v 0.019834 1.618165 -0.069601
v 0.005695 1.468502 0.076511
v 0.005296 1.470999 0.076289
v 0.012858 1.464687 0.059653
v 0.007373 1.464960 0.061179
v 0.006975 1.463108 0.065761
v 0.012269 1.462964 0.064467
v 0.016278 1.462759 0.062362
v 0.017223 1.464311 0.057602
v 0.013211 1.465957 0.057083
v 0.007475 1.466294 0.058483
v 0.011800 1.461943 0.068868
v 0.006582 1.462229 0.070956
v 0.006449 1.463859 0.073683
v 0.011854 1.463360 0.071100
v 0.018283 1.481390 0.065162
v 0.014145 1.482119 0.067466
v 0.009947 1.482343 0.070802
v 0.006663 1.482219 0.073355
v 0.006070 1.484310 0.073705
v 0.008634 1.484916 0.071533
v 0.005846 1.485250 0.074051
v 0.008425 1.485773 0.072107
v 0.008365 1.486729 0.072615
v 0.008909 1.488251 0.072763
v 0.007010 1.488079 0.074018
v 0.007500 1.489300 0.073600
v 0.005805 1.486238 0.074278
v 0.004053 1.510006 0.078946
v 0.003955 1.513584 0.076221
v 0.009855 1.472515 0.074138
v 0.005009 1.472999 0.075408
v 0.004315 1.476815 0.074624
v 0.008666 1.476809 0.073279
v 0.013211 1.476061 0.071006
v 0.014910 1.470831 0.071677
v 0.002734 1.483714 0.075107
v 0.010300 1.470400 0.074600
v 0.010703 1.467995 0.074513
v 0.015502 1.468576 0.071979
v 0.015800 1.466400 0.071600
v 0.019602 1.468322 0.068491
v 0.018439 1.474099 0.068134
v 0.023987 1.472042 0.064669
v 0.023470 1.465647 0.065227
v 0.031113 1.462468 0.060031
v 0.026531 1.460082 0.060975
v 0.026577 1.461421 0.061328
v 0.026234 1.462618 0.062158
v 0.030104 1.465556 0.061112
v 0.034404 1.463254 0.058475
v 0.033149 1.467775 0.059705
v 0.027971 1.468600 0.062562
v 0.025395 1.463939 0.063270
v 0.025250 1.461104 0.061542
v 0.024309 1.460885 0.061344
v 0.024976 1.461816 0.062298
v 0.024034 1.461246 0.062012
v 0.024386 1.462489 0.063348
v 0.023558 1.461583 0.062874
v 0.022612 1.462197 0.064256
v 0.023177 1.463590 0.064981
v 0.022133 1.460920 0.059768
v 0.021168 1.460992 0.060855
v 0.021285 1.460964 0.062165
v 0.022204 1.460838 0.060987
v 0.022757 1.460837 0.059067
v 0.022727 1.460779 0.060310
v 0.022731 1.461571 0.056693
v 0.021763 1.461781 0.057508
v -0.045276 1.418919 -0.006497
v -0.051316 1.421097 -0.020493
v 0.023289 1.460690 0.058334
v 0.023330 1.460718 0.059396
v 0.023394 1.460716 0.060836
v 0.023251 1.460914 0.061284
v 0.022758 1.461069 0.062036
v 0.021882 1.461334 0.063176
v 0.015798 1.464470 0.070396
v 0.019424 1.464378 0.068200
v 0.019113 1.462802 0.066769
v 0.015646 1.462491 0.068328
v 0.018697 1.461683 0.065172
v 0.017785 1.465453 0.055196
v 0.015373 1.461586 0.066485
v 0.020861 1.463425 0.055138
v 0.021815 1.464456 0.052646
v 0.019799 1.462183 0.059397
v 0.023776 1.462261 0.052914
v 0.022746 1.462430 0.053473
v 0.024706 1.463135 0.050424
v 0.023488 1.463681 0.051401
v 0.018585 1.461130 0.063357
v 0.019687 1.466161 0.068684
v 0.011193 1.465708 0.073182
v 0.006008 1.466276 0.075328
v -0.034601 1.509504 0.051197
v -0.033968 1.506854 0.052483
v -0.030002 1.508004 0.053112
v -0.030801 1.510322 0.051979
v 0.004764 1.502917 0.085468
v 0.004430 1.506626 0.081984
v 0.022824 1.460592 0.061246
v 0.009000 1.380900 0.008200
v -0.075600 1.495000 -0.023600
v -0.074983 1.495799 -0.022522
v -0.084383 1.516205 -0.047117
v 0.025820 1.458897 0.061092
v 0.023838 1.454565 0.051597
v 0.022628 1.458084 0.055319
v 0.030940 1.449785 0.057855
v 0.026597 1.445592 0.060153
v 0.024565 1.449667 0.061995
v 0.028277 1.452952 0.060029
v 0.021911 1.455732 0.064216
v 0.024465 1.457488 0.062231
v -0.087769 1.520281 -0.042209
v 0.023209 1.458786 0.062690
v 0.020872 1.457806 0.064774
v 0.019961 1.459373 0.065056
v 0.022233 1.459817 0.062668
v 0.017872 1.461109 0.063406
v 0.013488 1.461506 0.066143
v 0.012943 1.457844 0.061366
v 0.017612 1.457529 0.058998
v 0.021527 1.457717 0.056493
v 0.021070 1.460876 0.060391
v -0.082911 1.523192 -0.041995
v -0.081484 1.525319 -0.037312
v -0.080076 1.523708 -0.036314
v -0.081315 1.521297 -0.040291
v 0.018523 1.461113 0.064244
v 0.021342 1.460835 0.061409
v 0.013977 1.461497 0.067282
v 0.018900 1.383500 0.004700
v 0.021710 1.460566 0.062261
v 0.019048 1.460695 0.064671
v 0.014749 1.460724 0.068045
v 0.015854 1.458903 0.068665
v 0.016792 1.456693 0.068793
v 0.017461 1.453899 0.067856
v 0.019149 1.446712 0.065034
v 0.020456 1.441594 0.063824
v 0.013229 1.444892 0.067749
v 0.014176 1.439699 0.067357
v 0.012333 1.452486 0.071105
v 0.012051 1.456002 0.072665
v 0.011198 1.458638 0.072223
v 0.010410 1.460704 0.071129
v 0.003264 1.481942 0.074712
v 0.005689 1.488011 0.075291
v 0.004510 1.488195 0.077505
v 0.007868 1.491520 0.082722
v 0.001736 1.487415 0.079846
v 0.010492 1.492952 0.082279
v 0.008765 1.492452 0.083652
v 0.009522 1.493885 0.084514
v 0.010810 1.494494 0.083310
v 0.007182 1.491909 0.084782
v 0.008500 1.493700 0.085400
v 0.002902 1.491075 0.086336
v 0.003721 1.494335 0.088102
v 0.004650 1.499551 0.087718
v 0.004111 1.496344 0.088521
v 0.009882 1.495499 0.084882
v 0.011411 1.497274 0.083159
v -0.090800 1.520100 -0.042800
v 0.011743 1.500268 0.080871
v 0.013890 1.498099 0.077459
v 0.010602 1.625284 -0.027469
v 0.009656 1.461739 0.070112
v 0.008742 1.461758 0.068290
v -0.075382 1.482188 -0.024203
v -0.084040 1.509298 -0.036335
v 0.012774 1.447697 0.054662
v 0.012805 1.452064 0.057064
v 0.008059 1.451891 0.058520
v -0.080484 1.525822 -0.034804
v -0.083919 1.527606 -0.035488
v 0.008007 1.447711 0.056270
v 0.004812 1.461758 0.069092
v -0.090591 1.497096 -0.045921
v -0.091688 1.518505 -0.044615
v -0.089812 1.517295 -0.043486
v -0.081321 1.518998 -0.029088
v -0.078895 1.491603 -0.038661
v -0.085402 1.491588 -0.036554
v -0.084007 1.489086 -0.035109
v -0.078399 1.489817 -0.037774
v -0.073444 1.504694 -0.032820
v 0.004543 1.458037 0.063816
v 0.008262 1.458084 0.063082
v 0.005072 1.461835 0.071297
v 0.005589 1.460631 0.072613
v 0.006193 1.458494 0.073986
v 0.004333 1.451771 0.059202
v 0.004401 1.447435 0.056949
v -0.071111 1.486897 -0.016909
v 0.022224 1.453109 0.052652
v -0.081578 1.475997 -0.030012
v -0.082714 1.477004 -0.032189
v -0.092400 1.496600 -0.049200
v 0.022834 1.449420 0.050597
v 0.017680 1.452071 0.055120
v 0.018045 1.448223 0.052946
v 0.007817 1.439111 0.069698
v 0.007074 1.444141 0.069216
v 0.006581 1.455345 0.074334
v 0.006668 1.451550 0.072522
v 0.022923 1.607438 -0.092701
v 0.062856 1.576001 0.009824
v 0.061268 1.569757 0.017690
v -0.083202 1.522130 -0.035985
v 0.055147 1.577388 0.024227
v 0.056734 1.582384 0.017099
v 0.063470 1.583142 0.001913
v 0.057200 1.588300 0.009600
v 0.040530 1.616390 -0.045728
v 0.041088 1.616383 -0.031901
v 0.021913 1.622737 -0.028613
v 0.035329 1.615763 -0.059197
v 0.047797 1.607383 -0.067962
v 0.050017 1.610884 -0.049176
v 0.049914 1.611324 -0.034400
v -0.077509 1.481801 -0.025290
v -0.077217 1.476111 -0.024483
v -0.075527 1.476613 -0.022791
v -0.078213 1.512608 -0.033384
v 0.048594 1.610887 -0.021003
v 0.040400 1.615200 -0.018500
v 0.039869 1.612797 -0.006457
v 0.047253 1.609196 -0.009635
v 0.021703 1.620912 -0.014487
v 0.010484 1.623294 -0.012843
v 0.003912 1.516946 0.073584
v 0.049036 1.451832 -0.071080
v 0.058265 1.451117 -0.053166
v 0.051200 1.402600 -0.033800
v 0.072990 1.474329 -0.033592
v 0.072822 1.474732 -0.034523
v 0.057824 1.437788 -0.035288
v 0.061932 1.450619 -0.035689
v 0.082400 1.485383 -0.044422
v 0.082903 1.489094 -0.045618
v 0.083405 1.484800 -0.043789
v 0.084115 1.488697 -0.045292
v 0.083998 1.492895 -0.046032
v 0.083879 1.483300 -0.042725
v 0.076924 1.521442 -0.034424
v 0.078187 1.523278 -0.033695
v -0.080792 1.483473 -0.043245
v -0.081006 1.485539 -0.044522
v 0.072100 1.473090 -0.029303
v 0.072098 1.473611 -0.030997
v -0.063300 1.497600 -0.029200
v 0.071500 1.473300 -0.030200
v 0.071200 1.472900 -0.028900
v 0.071696 1.472309 -0.027792
v 0.071001 1.472380 -0.027818
v 0.076624 1.536198 -0.028498
v 0.070000 1.472400 -0.031600
v 0.072088 1.474257 -0.034077
v 0.071908 1.473871 -0.032409
v 0.071000 1.473200 -0.031100
v 0.070412 1.472386 -0.029103
v 0.070191 1.471713 -0.027395
v 0.071000 1.471300 -0.026800
v -0.082300 1.478600 -0.039700
v -0.078492 1.473495 -0.034110
v -0.054580 1.424205 -0.033907
v -0.053617 1.426598 -0.048816
v -0.052512 1.415702 -0.047314
v -0.052297 1.412202 -0.033512
v -0.072400 1.500500 -0.017900
v -0.072720 1.493501 -0.019884
v -0.072078 1.492403 -0.018405
v 0.084111 1.482503 -0.042789
v 0.076500 1.472200 -0.031600
v -0.022133 1.402373 0.012551
v -0.018991 1.390401 0.007792
v 0.079079 1.513709 -0.040420
v 0.079508 1.511895 -0.041894
v 0.081688 1.513702 -0.043406
v 0.081123 1.515993 -0.041982
v 0.060712 1.487981 -0.084226
v 0.062551 1.497993 -0.088895
v 0.076230 1.530994 -0.074442
v 0.078600 1.515400 -0.038900
v 0.080687 1.517803 -0.040507
v 0.082899 1.493300 -0.046163
v 0.077782 1.514596 -0.038896
v 0.078304 1.512904 -0.040408
v 0.081700 1.519700 -0.042100
v 0.082200 1.517500 -0.043700
v 0.082816 1.515000 -0.045088
v 0.078788 1.510996 -0.041897
v -0.071080 1.487414 -0.013506
v -0.070164 1.486779 -0.003273
v -0.071773 1.502108 -0.003201
v -0.072151 1.496898 -0.012896
v 0.077321 1.519308 -0.041011
v 0.080072 1.561101 -0.051900
v 0.079500 1.554700 -0.065300
v 0.077000 1.577000 -0.055600
v 0.076100 1.571400 -0.070200
v 0.071739 1.564758 -0.085415
v 0.075100 1.546934 -0.080535
v 0.076756 1.521093 -0.035588
v 0.079218 1.524487 -0.034190
v 0.064046 1.588845 -0.005609
v 0.069100 1.583700 -0.012500
v 0.057334 1.593424 0.002717
v 0.057190 1.597993 -0.003706
v 0.063487 1.594294 -0.012304
v 0.070644 1.587414 -0.023990
v 0.078576 1.553401 -0.037404
v 0.078229 1.566908 -0.038395
v 0.075235 1.571187 -0.025413
v -0.059961 1.533198 0.030682
v -0.061666 1.533495 0.026588
v -0.061933 1.524304 0.026724
v -0.059859 1.525661 0.030102
v 0.074960 1.582288 -0.040605
v 0.066600 1.595600 -0.030100
v 0.070333 1.591526 -0.044305
v 0.059609 1.603311 -0.033797
v 0.061738 1.601056 -0.048113
v 0.061583 1.597869 -0.063692
v 0.071969 1.587274 -0.059096
v 0.061700 1.599100 -0.018200
v 0.055613 1.602114 -0.008857
v 0.056700 1.604800 -0.021500
v 0.053364 1.605595 -0.013183
v 0.073321 1.572998 -0.018597
v 0.065872 1.467058 -0.027795
v 0.066067 1.467582 -0.022798
v -0.020105 1.589077 0.046472
v -0.009713 1.590238 0.048897
v -0.009944 1.597050 0.042825
v -0.020552 1.595691 0.040151
v 0.069850 1.479001 -0.015004
v 0.067976 1.503604 0.017668
v 0.068022 1.515690 0.015397
v 0.070799 1.507799 0.005481
v 0.069552 1.493504 0.006914
v -0.020717 1.610835 0.018436
v -0.010055 1.612720 0.020935
v -0.010178 1.617029 0.011196
v -0.021004 1.614887 0.009079
v -0.051849 1.506984 0.042450
v -0.053308 1.500902 0.042309
v -0.049500 1.500600 0.045600
v -0.048611 1.506682 0.045109
v 0.066865 1.528807 0.013619
v 0.070014 1.521399 0.003997
v 0.069755 1.535201 0.001517
v 0.066276 1.542800 0.012494
v 0.063123 1.558544 -0.099907
v 0.065392 1.542129 -0.097712
v -0.077083 1.471595 -0.021914
v -0.075873 1.472489 -0.020821
v 0.065894 1.530249 -0.096000
v 0.048710 1.559533 0.042020
v -0.010363 1.620560 -0.000194
v -0.021444 1.618288 -0.001890
v 0.047881 1.581782 0.031191
v 0.055375 1.577878 -0.100584
v 0.071219 1.581908 -0.073609
v 0.068054 1.575876 -0.086371
v 0.060075 1.568989 -0.100537
v 0.065163 1.514915 -0.094089
v 0.047764 1.605853 -0.002383
v 0.056288 1.527306 0.035388
v 0.055400 1.522900 0.034700
v 0.056800 1.532000 0.036900
v 0.053710 1.518407 0.036312
v 0.016988 1.511816 0.059509
v 0.016523 1.509829 0.061527
v 0.016060 1.507311 0.063477
v 0.019643 1.507148 0.059252
v 0.018886 1.504168 0.061098
v 0.012688 1.507683 0.068746
v 0.013226 1.510263 0.066357
v 0.015327 1.504867 0.065498
v 0.014758 1.501776 0.067443
v 0.012525 1.504630 0.071081
v 0.018383 1.489537 0.064268
v 0.019566 1.494092 0.062319
v 0.017300 1.498299 0.064286
v 0.022379 1.501260 0.059636
v 0.021217 1.498003 0.061176
v 0.018101 1.501539 0.062795
v 0.023651 1.504578 0.057693
v 0.015512 1.498333 0.069921
v 0.016336 1.495285 0.072852
v 0.013197 1.501347 0.074285
v 0.011289 1.503443 0.077455
v 0.010513 1.506879 0.074245
v 0.020300 1.509300 0.057400
v 0.024688 1.506991 0.055978
v 0.024313 1.494467 0.060252
v 0.028338 1.491184 0.059583
v 0.026548 1.498726 0.058604
v 0.030377 1.496054 0.058135
v 0.027823 1.502213 0.056766
v 0.031864 1.499784 0.056280
v 0.031980 1.487707 0.059208
v 0.034944 1.483875 0.058162
v 0.037789 1.479097 0.056553
v 0.037765 1.488714 0.056258
v 0.040839 1.483470 0.054215
v 0.039779 1.493485 0.054171
v 0.043257 1.488620 0.051763
v -0.013719 1.517008 0.059295
v -0.014127 1.518765 0.056494
v -0.017673 1.515705 0.055114
v -0.017351 1.513871 0.057445
v -0.007369 1.564131 0.060202
v -0.008331 1.571458 0.057659
v -0.017301 1.571015 0.055837
v -0.015753 1.563817 0.058794
v 0.034514 1.492718 0.057558
v 0.036283 1.496846 0.055538
v 0.033157 1.503343 0.054269
v 0.029010 1.505211 0.054822
v 0.041601 1.504292 0.050690
v 0.041085 1.498898 0.052381
v 0.037317 1.501291 0.053567
v 0.037974 1.505637 0.051703
v 0.045069 1.495056 0.049656
v 0.045400 1.502500 0.048600
v 0.045080 1.507384 0.047479
v 0.031897 1.513496 0.050390
v 0.027202 1.514204 0.051209
v 0.035292 1.513223 0.049379
v 0.041527 1.508144 0.049267
v 0.038279 1.508792 0.050353
v 0.049200 1.514300 0.041600
v 0.046800 1.513600 0.043500
v 0.041300 1.513100 0.047100
v 0.038537 1.513112 0.048362
v 0.044195 1.513295 0.045391
v 0.022901 1.515905 0.051410
v 0.018571 1.517968 0.051684
v 0.055257 1.438999 -0.050771
v 0.010308 1.510155 0.071901
v 0.010478 1.513105 0.069505
v 0.015156 1.533977 0.054304
v 0.013596 1.531070 0.053522
v 0.006923 1.531511 0.060081
v 0.019158 1.537755 0.056855
v 0.015489 1.520401 0.051954
v -0.021739 1.513091 0.053661
v -0.021012 1.511308 0.055406
v 0.013800 1.522800 0.052200
v 0.013178 1.525174 0.052712
v 0.012942 1.528094 0.053113
v -0.010005 1.602932 0.036161
v -0.020698 1.601402 0.033405
v -0.020840 1.621971 -0.050662
v -0.021361 1.622750 -0.042579
v -0.009988 1.625236 -0.042999
v -0.011010 1.623798 -0.055177
v 0.030114 1.551419 0.058036
v 0.026720 1.545266 0.059766
v 0.058325 1.563672 0.026481
v 0.061625 1.555341 0.023089
v 0.051668 1.546035 0.044932
v 0.054700 1.541900 0.041900
v 0.056409 1.536994 0.039107
v 0.063211 1.544202 0.020706
v 0.064120 1.532200 0.020511
v 0.064932 1.520906 0.021512
v -0.071022 1.498660 -0.072359
v -0.074708 1.498310 -0.057287
v -0.076813 1.509999 -0.058491
v -0.074411 1.514719 -0.074802
v 0.049122 1.592694 0.017549
v -0.033028 1.407859 0.005141
v -0.030039 1.395778 0.000929
v 0.048919 1.597614 0.010981
v 0.048889 1.587381 0.024404
v 0.039547 1.609385 0.002641
v 0.039647 1.605670 0.010726
v 0.048516 1.602029 0.004404
v 0.040184 1.601257 0.017716
v 0.040667 1.596353 0.024229
v 0.040410 1.591110 0.031115
v 0.039626 1.585244 0.037833
v 0.037606 1.577249 0.044470
v 0.046691 1.439449 -0.068449
v 0.008002 1.500332 0.070494
v 0.007296 1.500479 0.071202
v -0.053520 1.554444 0.037880
v -0.055167 1.559187 0.033299
v -0.058439 1.552305 0.030019
v -0.056797 1.548534 0.034888
v 0.006915 1.499983 0.069926
v 0.006208 1.500093 0.070605
v 0.005973 1.498711 0.070176
v 0.007189 1.491278 0.072688
v 0.005704 1.493209 0.071394
v 0.005327 1.496700 0.070331
v 0.068207 1.472506 -0.017095
v -0.005887 1.552131 0.063546
v -0.013242 1.551916 0.062647
v -0.011428 1.545963 0.063453
v -0.005203 1.545936 0.064108
v -0.059440 1.518629 0.030726
v -0.062023 1.515611 0.028312
v -0.060821 1.508001 0.032915
v -0.058003 1.511984 0.034409
v -0.054598 1.507965 0.039780
v -0.056600 1.502200 0.039300
v -0.018904 1.579964 0.052345
v -0.009112 1.580880 0.054387
v -0.060600 1.543300 0.027500
v -0.058985 1.541133 0.032384
v -0.010699 1.519994 0.061739
v -0.011514 1.521322 0.058249
v -0.007996 1.525146 0.059987
v -0.003912 1.524971 0.065569
v -0.003648 1.528717 0.063754
v -0.007046 1.528482 0.060248
v -0.033993 1.562933 0.052199
v -0.035634 1.569459 0.048664
v -0.043291 1.567819 0.043458
v -0.041735 1.561705 0.047287
v -0.020698 1.606310 0.026348
v -0.010005 1.608005 0.029016
v -0.004139 1.537948 0.062980
v -0.008537 1.537917 0.061632
v -0.007473 1.534421 0.060282
v -0.003950 1.534628 0.062399
v -0.025500 1.509400 0.054200
v -0.026221 1.511402 0.052919
v -0.068924 1.470783 -0.026772
v -0.070063 1.470235 -0.025719
v -0.073354 1.517300 -0.015507
v -0.072714 1.507101 -0.013696
v -0.071736 1.514897 -0.004110
v -0.071742 1.527400 -0.006595
v -0.073300 1.538600 -0.010500
v -0.074599 1.546926 -0.016268
v -0.075720 1.531749 -0.022655
v -0.074613 1.525899 -0.018098
v -0.049669 1.418009 -0.059856
v -0.048608 1.427595 -0.062745
v -0.004078 1.522301 0.068552
v -0.004027 1.519664 0.071163
v -0.068436 1.488481 -0.068879
v -0.072751 1.489694 -0.054914
v -0.010892 1.495095 0.074194
v -0.007594 1.499713 0.069461
v -0.007789 1.496199 0.068918
v -0.007417 1.498889 0.069265
v -0.010944 1.492053 0.076099
v -0.013247 1.491279 0.077394
v -0.008600 1.492389 0.069127
v -0.007700 1.492600 0.069700
v -0.006998 1.496497 0.069211
v -0.008729 1.500115 0.070107
v -0.001944 1.488386 0.082348
v -0.002499 1.489875 0.085125
v -0.006506 1.490990 0.084097
v -0.005006 1.489613 0.082093
v -0.005458 1.499077 0.070745
v -0.004491 1.496811 0.071589
v -0.005310 1.494685 0.078792
v -0.007206 1.498428 0.074823
v -0.007494 1.500437 0.072081
v -0.007200 1.495300 0.078000
v -0.006200 1.489300 0.075200
v -0.009008 1.495404 0.076405
v -0.081106 1.485086 -0.030299
v -0.055353 1.438827 -0.014305
v -0.061802 1.452633 -0.021411
v -0.061800 1.451269 -0.026789
v -0.056475 1.436705 -0.023388
v -0.080800 1.511900 -0.034700
v -0.066012 1.558296 0.012561
v -0.067698 1.568962 0.002878
v -0.072355 1.557904 -0.008158
v -0.071371 1.547902 -0.002509
v -0.068379 1.577790 -0.004909
v -0.073269 1.567598 -0.015308
v -0.076018 1.556001 -0.024296
v -0.077911 1.536200 -0.036897
v -0.042165 1.521251 0.045613
v -0.042412 1.521112 0.045815
v -0.040900 1.520800 0.047100
v -0.040900 1.520900 0.046900
v -0.041684 1.521291 0.044982
v -0.040343 1.520792 0.046058
v -0.042542 1.521718 0.044010
v -0.043095 1.521563 0.044535
v -0.043365 1.521386 0.044713
v -0.024933 1.521899 0.048906
v -0.025588 1.522170 0.048171
v -0.028191 1.521207 0.048430
v -0.027547 1.521253 0.049572
v -0.024720 1.521709 0.049378
v -0.027503 1.521018 0.050005
v -0.028678 1.523900 0.042557
v -0.028204 1.524236 0.042492
v -0.029466 1.523482 0.042681
v -0.023235 1.523973 0.046674
v -0.023291 1.524974 0.046778
v -0.027982 1.525037 0.042609
v -0.027969 1.524510 0.042490
v -0.023469 1.523441 0.046801
v -0.021958 1.523277 0.046966
v -0.021129 1.523661 0.046653
v -0.021224 1.524972 0.046884
v -0.032700 1.520100 0.050100
v -0.032897 1.519399 0.050184
v -0.028200 1.519704 0.050417
v -0.027801 1.520500 0.050288
v -0.032498 1.520485 0.049893
v -0.035900 1.520600 0.049000
v -0.035996 1.520197 0.049188
v -0.036104 1.519501 0.049213
v -0.024901 1.520591 0.050179
v -0.024799 1.521400 0.049815
v -0.036100 1.518900 0.049200
v -0.033100 1.518800 0.050100
v -0.028400 1.519100 0.050400
v -0.024900 1.520200 0.050300
v -0.022180 1.521429 0.049697
v -0.023262 1.521579 0.049651
v -0.033098 1.518102 0.049889
v -0.033002 1.517298 0.049711
v -0.028299 1.517601 0.050288
v -0.028401 1.518399 0.050319
v -0.036100 1.518200 0.048900
v -0.036000 1.517400 0.048700
v -0.044439 1.521538 0.043123
v -0.044900 1.522000 0.042200
v -0.044889 1.521497 0.042391
v -0.044613 1.521100 0.042908
v -0.047300 1.519000 0.040400
v -0.048300 1.520100 0.039500
v -0.050100 1.519300 0.038700
v -0.048907 1.518104 0.039809
v -0.056681 1.509389 0.037056
v -0.051190 1.515294 0.039686
v -0.052600 1.516500 0.037900
v -0.044000 1.521300 0.043900
v -0.043400 1.521000 0.044800
v -0.043900 1.521600 0.043800
v -0.044314 1.521924 0.042872
v -0.044184 1.520701 0.043691
v -0.043510 1.520399 0.044707
v -0.042500 1.520800 0.045900
v -0.042589 1.520103 0.045890
v -0.041000 1.519800 0.047200
v -0.040900 1.520500 0.047200
v -0.038827 1.520294 0.048207
v -0.039096 1.520691 0.047990
v -0.038924 1.519591 0.048198
v -0.041100 1.519200 0.047000
v -0.039015 1.518991 0.048107
v -0.042600 1.519500 0.045600
v -0.043590 1.519902 0.044393
v -0.044314 1.520298 0.043307
v -0.044900 1.520700 0.042500
v -0.045300 1.521300 0.041900
v -0.044600 1.519800 0.042800
v -0.045200 1.519100 0.042100
v -0.044000 1.518600 0.043400
v -0.043727 1.519374 0.043986
v -0.045400 1.520300 0.041900
v -0.046200 1.519700 0.041100
v -0.042700 1.519000 0.045200
v -0.042700 1.518300 0.044800
v -0.041000 1.517900 0.046300
v -0.041092 1.518606 0.046690
v -0.039015 1.518382 0.047807
v -0.039024 1.517589 0.047472
v -0.032398 1.520499 0.049611
v -0.032070 1.520462 0.048411
v -0.035568 1.520277 0.047815
v -0.035900 1.520600 0.048700
v -0.039100 1.520700 0.047800
v -0.038514 1.520381 0.046986
v -0.035403 1.520177 0.046662
v -0.033667 1.522493 0.042517
v -0.035009 1.522519 0.042154
v -0.038077 1.520272 0.045916
v -0.032250 1.520456 0.047158
v -0.032125 1.522658 0.042749
v -0.028946 1.521295 0.047200
v -0.030633 1.523025 0.042787
v -0.026318 1.522169 0.047391
v -0.033945 1.532789 0.049154
v -0.033987 1.533023 0.049380
v -0.038500 1.532400 0.048800
v -0.038100 1.532100 0.048400
v -0.040900 1.529700 0.047500
v -0.040908 1.530602 0.047110
v -0.043300 1.529300 0.045900
v -0.043109 1.528498 0.046011
v -0.040898 1.528786 0.047906
v -0.042890 1.527512 0.046186
v -0.038200 1.530000 0.049500
v -0.038200 1.531000 0.049000
v -0.038100 1.531800 0.048500
v -0.042119 1.526072 0.042035
v -0.041362 1.527066 0.042705
v -0.041916 1.526935 0.044139
v -0.042956 1.526131 0.042937
v -0.042757 1.525369 0.041438
v -0.043602 1.525370 0.042054
v -0.037542 1.525216 0.039867
v -0.037198 1.525606 0.040151
v -0.036660 1.526085 0.040544
v -0.037714 1.524891 0.039697
v -0.037779 1.524597 0.039632
v -0.037758 1.524316 0.039661
v -0.037669 1.524040 0.039811
v -0.058518 1.493799 0.036810
v -0.059081 1.504398 0.036285
v -0.061300 1.496500 0.033300
v -0.043599 1.521847 0.043556
v -0.044055 1.522221 0.042659
v -0.043015 1.522082 0.043129
v -0.043462 1.522488 0.042348
v -0.044553 1.522761 0.041803
v -0.044927 1.522554 0.041844
v -0.041056 1.521240 0.044204
v -0.036673 1.522964 0.041275
v -0.037083 1.523262 0.040834
v -0.041746 1.521873 0.043317
v -0.039788 1.520688 0.045084
v -0.035983 1.522699 0.041727
v -0.037308 1.523509 0.040446
v -0.037510 1.523762 0.040093
v -0.042057 1.522240 0.042582
v -0.042503 1.522667 0.041859
v -0.043826 1.523087 0.041769
v -0.043025 1.523723 0.040992
v -0.043098 1.524246 0.040972
v -0.044011 1.523655 0.041586
v -0.044072 1.524168 0.041487
v -0.042854 1.523208 0.041263
v -0.043014 1.524789 0.041098
v -0.043930 1.524704 0.041661
v -0.045170 1.522128 0.041830
v -0.045172 1.522916 0.041508
v -0.045689 1.523909 0.041025
v -0.045611 1.522137 0.041396
v -0.046307 1.522104 0.040817
v -0.045900 1.521000 0.041200
v -0.046700 1.524488 0.040798
v -0.048114 1.524818 0.040328
v -0.047605 1.521996 0.040014
v -0.046900 1.520700 0.040400
v -0.044824 1.523362 0.041444
v -0.044987 1.523980 0.041208
v -0.046091 1.525512 0.041885
v -0.046900 1.526300 0.041900
v -0.045406 1.524990 0.041911
v -0.044897 1.525716 0.043091
v -0.045400 1.526400 0.043200
v -0.046000 1.527100 0.043200
v -0.044489 1.527303 0.044590
v -0.044900 1.528100 0.044600
v -0.044112 1.526492 0.044515
v -0.044792 1.524756 0.041778
v -0.044314 1.525441 0.042693
v -0.043559 1.526182 0.043934
v -0.042506 1.526800 0.045709
v -0.040690 1.527910 0.047582
v -0.039941 1.527889 0.045733
v -0.038000 1.529200 0.049200
v -0.037203 1.528804 0.047236
v -0.034542 1.533709 0.050445
v -0.039499 1.533215 0.049975
v -0.036807 1.528788 0.045465
v -0.034347 1.526891 0.041805
v -0.032772 1.526987 0.042325
v -0.033546 1.528876 0.046426
v -0.023838 1.525682 0.047159
v -0.024615 1.526505 0.047491
v -0.028529 1.525780 0.042811
v -0.028182 1.525373 0.042703
v -0.022456 1.525747 0.047856
v -0.023742 1.526545 0.048365
v -0.027850 1.528251 0.047514
v -0.029964 1.526652 0.042905
v -0.029085 1.526235 0.042905
v -0.026190 1.527374 0.047403
v -0.027281 1.528690 0.049325
v -0.025103 1.527452 0.048740
v -0.033744 1.529320 0.048332
v -0.039290 1.528051 0.044190
v -0.035655 1.526552 0.041178
v -0.020443 1.525555 0.049023
v -0.022090 1.526874 0.049265
v -0.019381 1.524425 0.048883
v -0.018804 1.524338 0.049175
v -0.019820 1.525679 0.049223
v -0.021236 1.527039 0.049389
v -0.024082 1.528063 0.049571
v -0.023449 1.528355 0.049996
v -0.026775 1.529813 0.050788
v -0.026860 1.529186 0.050504
v -0.034030 1.529944 0.050131
v -0.034105 1.530682 0.050431
v -0.026377 1.530509 0.050284
v -0.022991 1.528811 0.049615
v -0.025891 1.531275 0.049667
v -0.022800 1.529700 0.049200
v -0.033943 1.532420 0.049431
v -0.034105 1.531621 0.049993
v -0.022009 1.522235 0.049146
v -0.019888 1.522635 0.049121
v -0.022491 1.522472 0.048858
v -0.020169 1.522855 0.048732
v -0.023596 1.522765 0.047753
v -0.019510 1.523334 0.048695
v -0.018853 1.523205 0.049074
v -0.024390 1.522876 0.047222
v -0.019200 1.525800 0.049100
v -0.018016 1.524253 0.049349
v -0.018201 1.526310 0.048651
v -0.017395 1.524492 0.049158
v -0.020237 1.528365 0.048593
v -0.020635 1.527357 0.048964
v -0.017989 1.523129 0.049200
v -0.018475 1.522629 0.049200
v -0.017396 1.523127 0.049280
v -0.017900 1.522496 0.049287
v -0.024700 1.519600 0.050400
v -0.024500 1.519000 0.050400
v -0.021512 1.520977 0.049893
v -0.021022 1.520599 0.049909
v -0.032795 1.516401 0.049585
v -0.035800 1.516500 0.048500
v -0.032503 1.515300 0.049614
v -0.035693 1.515294 0.048482
v -0.027697 1.515798 0.050481
v -0.028102 1.516702 0.050317
v -0.029412 1.387797 -0.001384
v -0.046000 1.518200 0.041600
v -0.047200 1.517100 0.041300
v -0.045392 1.516396 0.042790
v -0.044509 1.517704 0.042911
v -0.042900 1.517300 0.044400
v -0.043309 1.515909 0.044414
v -0.041000 1.515600 0.046000
v -0.040900 1.516900 0.046000
v -0.038919 1.516689 0.047177
v -0.038722 1.515306 0.047242
v -0.049300 1.521500 0.038900
v -0.050591 1.524603 0.038686
v -0.051200 1.520900 0.037800
v -0.052905 1.524289 0.037006
v -0.016797 1.527194 0.048968
v -0.016432 1.524904 0.049054
v -0.015300 1.527900 0.050300
v -0.015200 1.525300 0.050100
v -0.016200 1.530800 0.050800
v -0.018103 1.529886 0.049322
v -0.016702 1.523141 0.049381
v -0.017301 1.522304 0.049412
v -0.015612 1.523203 0.049817
v -0.016513 1.521817 0.049816
v -0.024099 1.518299 0.050487
v -0.023694 1.517490 0.050592
v -0.020550 1.520111 0.050065
v -0.019827 1.519426 0.050302
v -0.047153 1.537083 0.048674
v -0.044799 1.534344 0.048966
v -0.041146 1.535635 0.050758
v -0.043109 1.539081 0.051229
v -0.050240 1.540841 0.047395
v -0.052685 1.537388 0.044750
v -0.049920 1.534711 0.046178
v -0.047487 1.532583 0.046972
v -0.051300 1.527400 0.039700
v -0.049306 1.527394 0.041107
v -0.049400 1.529100 0.042600
v -0.051400 1.529700 0.041500
v -0.053700 1.527400 0.038000
v -0.054100 1.530500 0.039900
v -0.050911 1.531995 0.043813
v -0.048706 1.530695 0.044709
v -0.053767 1.533613 0.042372
v -0.023810 1.535193 0.052318
v -0.024621 1.533474 0.050880
v -0.021502 1.531689 0.049858
v -0.020094 1.532606 0.050483
v -0.022472 1.536856 0.053894
v -0.017898 1.533692 0.051907
v -0.036404 1.539832 0.053434
v -0.035572 1.536604 0.052091
v -0.025594 1.531753 0.049356
v -0.023502 1.530697 0.049184
v -0.025447 1.531989 0.049401
v -0.022900 1.530600 0.049100
v -0.058944 1.585628 -0.090242
v -0.061100 1.592200 -0.078300
v -0.044568 1.602329 -0.084574
v -0.043693 1.594392 -0.096197
v -0.041000 1.531000 0.047100
v -0.041600 1.531400 0.047600
v -0.044100 1.530100 0.046400
v -0.043500 1.529700 0.046000
v -0.045300 1.528600 0.044700
v -0.045998 1.529012 0.044988
v -0.047100 1.528000 0.043400
v -0.046494 1.527712 0.043387
v -0.047100 1.527000 0.042300
v -0.047706 1.526995 0.042008
v -0.023200 1.531500 0.049500
v -0.025342 1.532353 0.049786
v -0.045436 1.574694 0.038505
v -0.052333 1.571092 0.032286
v -0.050200 1.565000 0.037900
v -0.042799 1.532208 0.048590
v -0.045400 1.530900 0.047000
v -0.047100 1.529700 0.045100
v -0.048000 1.528600 0.043300
v -0.048394 1.527705 0.042091
v -0.071726 1.489597 -0.018397
v -0.072300 1.489600 -0.019800
v -0.082403 1.497500 -0.046021
v -0.080609 1.503982 -0.045312
v -0.079052 1.507506 -0.044008
v -0.078100 1.518500 -0.029900
v -0.081582 1.521655 -0.032839
v -0.085888 1.480697 -0.037210
v -0.082727 1.479003 -0.033181
v -0.085882 1.481597 -0.037615
v -0.089000 1.517700 -0.043700
v -0.089700 1.515900 -0.045000
v -0.090689 1.515510 -0.044722
v -0.090400 1.513800 -0.046200
v -0.074300 1.494200 -0.021900
v -0.083479 1.497097 -0.046117
v -0.085217 1.496703 -0.047579
v -0.086211 1.491703 -0.047289
v -0.085503 1.492007 -0.046781
v -0.085486 1.486796 -0.045215
v -0.084991 1.487411 -0.044990
v -0.087400 1.484200 -0.040300
v -0.088704 1.487908 -0.042783
v -0.082840 1.522084 -0.034142
v -0.082112 1.521223 -0.032776
v -0.083570 1.521955 -0.034436
v -0.075177 1.493002 -0.023111
v -0.076500 1.516600 -0.029500
v -0.075900 1.514300 -0.028300
v -0.075700 1.514700 -0.028700
v -0.071800 1.498104 -0.026083
v -0.071802 1.498996 -0.026313
v -0.072996 1.496503 -0.026061
v -0.075410 1.495001 -0.024819
v -0.069598 1.487587 -0.024692
v -0.069300 1.486401 -0.026424
v -0.069687 1.485404 -0.026018
v -0.085515 1.527480 -0.038589
v -0.075999 1.513302 -0.027984
v -0.077199 1.514400 -0.028210
v -0.077500 1.515700 -0.028600
v -0.084313 1.521518 -0.034793
v -0.077793 1.516688 -0.028928
v -0.077100 1.516600 -0.028900
v -0.078695 1.518295 -0.029809
v -0.076700 1.516600 -0.029100
v -0.077487 1.491398 -0.037513
v -0.076038 1.491207 -0.035474
v -0.073200 1.509900 -0.019400
v -0.073700 1.508000 -0.021200
v -0.081613 1.478503 -0.031092
v -0.077071 1.514610 -0.039608
v -0.076983 1.517291 -0.040993
v -0.089989 1.492402 -0.044791
v -0.083719 1.487422 -0.033473
v -0.081400 1.486758 -0.031819
v -0.085799 1.488493 -0.035214
v -0.087406 1.491007 -0.036987
v -0.073275 1.507102 -0.031910
v -0.084591 1.511302 -0.037217
v -0.085725 1.509009 -0.038205
v -0.082810 1.511499 -0.035689
v -0.077116 1.520902 -0.039194
v -0.076866 1.521086 -0.036895
v -0.077427 1.516146 -0.037671
v -0.076733 1.519477 -0.036354
v -0.071294 1.491000 -0.025011
v -0.071539 1.485011 -0.028169
v -0.071376 1.487003 -0.028816
v -0.072800 1.485000 -0.029000
v -0.073029 1.485996 -0.030176
v -0.073697 1.487491 -0.031606
v -0.074400 1.489400 -0.032700
v -0.074445 1.491799 -0.033137
v -0.070700 1.495100 -0.025700
v -0.076554 1.521809 -0.026878
v -0.070296 1.493304 -0.025475
v -0.072097 1.496697 -0.025914
v -0.072201 1.494908 -0.025566
v -0.071902 1.492995 -0.025121
v -0.077900 1.484000 -0.026400
v -0.078789 1.485596 -0.028414
v -0.076283 1.484669 -0.025833
v -0.079808 1.486114 -0.030284
v -0.074909 1.484910 -0.025487
v -0.077240 1.515882 -0.038378
v -0.076800 1.519100 -0.038300
v -0.071770 1.493003 -0.016807
v -0.063703 1.501321 0.029000
v -0.065291 1.510391 0.023890
v -0.026059 1.454896 0.049004
v -0.025298 1.451791 0.049406
v -0.054800 1.491500 0.040500
v -0.049968 1.489449 0.045159
v -0.025148 1.460346 0.061133
v -0.024435 1.459621 0.061337
v -0.023522 1.460187 0.061418
v -0.024249 1.460520 0.061081
v -0.022000 1.460772 0.059500
v -0.022800 1.460707 0.058800
v -0.023014 1.460696 0.059746
v -0.022313 1.460759 0.060425
v -0.028109 1.475652 0.062034
v -0.031378 1.479582 0.059952
v -0.034158 1.475322 0.058856
v -0.030949 1.471935 0.060987
v -0.024580 1.459509 0.051432
v -0.024307 1.461110 0.051921
v -0.023228 1.460994 0.055868
v -0.023532 1.460361 0.055415
v -0.024417 1.456932 0.051523
v -0.023415 1.459081 0.054968
v -0.026131 1.458845 0.048941
v -0.025595 1.461351 0.049316
v -0.033679 1.454181 0.057135
v -0.030493 1.456211 0.059276
v -0.031308 1.459310 0.059370
v -0.034660 1.458692 0.057534
v -0.025183 1.486692 0.060752
v -0.028504 1.483099 0.060419
v -0.025503 1.479201 0.062212
v -0.022102 1.483306 0.062428
v -0.018718 1.488020 0.063334
v -0.021581 1.490552 0.061358
v -0.017491 1.495490 0.066471
v -0.017785 1.491959 0.067693
v -0.017219 1.491111 0.070903
v -0.017625 1.493108 0.069690
v -0.015426 1.487303 0.069410
v -0.017764 1.489813 0.066272
v -0.011460 1.486297 0.069954
v -0.011262 1.487086 0.070809
v -0.015505 1.486658 0.068092
v -0.015732 1.485856 0.066517
v -0.011732 1.485545 0.068955
v -0.010705 1.488275 0.071582
v -0.013514 1.488048 0.071692
v -0.015121 1.489854 0.073173
v -0.004381 1.488908 0.079905
v -0.005639 1.490149 0.081872
v -0.010589 1.518080 0.064760
v -0.013675 1.514833 0.061918
v -0.010631 1.515723 0.067072
v -0.013514 1.512714 0.064157
v -0.014372 1.491968 0.076867
v -0.015789 1.493572 0.075165
v -0.011991 1.493152 0.080609
v -0.013201 1.495495 0.080068
v -0.003688 1.531722 0.062648
v -0.002148 1.485462 0.075849
v -0.002408 1.484602 0.075445
v -0.001814 1.486575 0.077679
v -0.022139 1.613460 -0.081347
v -0.019834 1.618165 -0.069601
v -0.005695 1.468502 0.076511
v -0.005296 1.470999 0.076289
v -0.012858 1.464687 0.059653
v -0.007373 1.464960 0.061179
v -0.006975 1.463108 0.065761
v -0.012269 1.462964 0.064467
v -0.016278 1.462759 0.062362
v -0.017223 1.464311 0.057602
v -0.013211 1.465957 0.057083
v -0.007475 1.466294 0.058483
v -0.011800 1.461943 0.068868
v -0.006582 1.462229 0.070956
v -0.006449 1.463859 0.073683
v -0.011854 1.463360 0.071100
v -0.018283 1.481390 0.065162
v -0.014145 1.482119 0.067466
v -0.009947 1.482343 0.070802
v -0.006663 1.482219 0.073355
v -0.006070 1.484310 0.073705
v -0.008634 1.484916 0.071533
v -0.005846 1.485250 0.074051
v -0.008425 1.485773 0.072107
v -0.008365 1.486729 0.072615
v -0.008909 1.488251 0.072763
v -0.007010 1.488079 0.074018
v -0.007500 1.489300 0.073600
v -0.005805 1.486238 0.074278
v -0.004053 1.510006 0.078946
v -0.003955 1.513584 0.076221
v -0.009855 1.472515 0.074138
v -0.005009 1.472999 0.075408
v -0.004315 1.476815 0.074624
v -0.008666 1.476809 0.073279
v -0.013211 1.476061 0.071006
v -0.014910 1.470831 0.071677
v -0.002734 1.483714 0.075107
v -0.010300 1.470400 0.074600
v -0.010703 1.467995 0.074513
v -0.015502 1.468576 0.071979
v -0.015800 1.466400 0.071600
v -0.019602 1.468322 0.068491
v -0.018439 1.474099 0.068134
v -0.023987 1.472042 0.064669
v -0.023470 1.465647 0.065227
v -0.031113 1.462468 0.060031
v -0.026531 1.460082 0.060975
v -0.026577 1.461421 0.061328
v -0.026234 1.462618 0.062158
v -0.030104 1.465556 0.061112
v -0.034404 1.463254 0.058475
v -0.033149 1.467775 0.059705
v -0.027971 1.468600 0.062562
v -0.025395 1.463939 0.063270
v -0.025250 1.461104 0.061542
v -0.024309 1.460885 0.061344
v -0.024976 1.461816 0.062298
v -0.024034 1.461246 0.062012
v -0.024386 1.462489 0.063348
v -0.023558 1.461583 0.062874
v -0.022612 1.462197 0.064256
v -0.023177 1.463590 0.064981
v -0.022133 1.460920 0.059768
v -0.021168 1.460992 0.060855
v -0.021285 1.460964 0.062165
v -0.022204 1.460838 0.060987
v -0.022757 1.460837 0.059067
v -0.022727 1.460779 0.060310
v -0.022731 1.461571 0.056693
v -0.021763 1.461781 0.057508
v -0.023289 1.460690 0.058334
v -0.023330 1.460718 0.059396
v -0.023394 1.460716 0.060836
v -0.023251 1.460914 0.061284
v -0.022758 1.461069 0.062036
v -0.021882 1.461334 0.063176
v -0.015798 1.464470 0.070396
v -0.019424 1.464378 0.068200
v -0.019113 1.462802 0.066769
v -0.015646 1.462491 0.068328
v -0.018697 1.461683 0.065172
v -0.017785 1.465453 0.055196
v -0.015373 1.461586 0.066485
v -0.020861 1.463425 0.055138
v -0.021815 1.464456 0.052646
v -0.019799 1.462183 0.059397
v -0.023776 1.462261 0.052914
v -0.022746 1.462430 0.053473
v -0.024706 1.463135 0.050424
v -0.023488 1.463681 0.051401
v -0.018585 1.461130 0.063357
v -0.019687 1.466161 0.068684
v -0.011193 1.465708 0.073182
v -0.006008 1.466276 0.075328
v -0.004764 1.502917 0.085468
v -0.004430 1.506626 0.081984
v -0.022824 1.460592 0.061246
v -0.009000 1.380900 0.008200
v -0.025820 1.458897 0.061092
v -0.023838 1.454565 0.051597
v -0.022628 1.458084 0.055319
v -0.030940 1.449785 0.057855
v -0.026597 1.445592 0.060153
v -0.024565 1.449667 0.061995
v -0.028277 1.452952 0.060029
v -0.021911 1.455732 0.064216
v -0.024465 1.457488 0.062231
v -0.023209 1.458786 0.062690
v -0.020872 1.457806 0.064774
v -0.019961 1.459373 0.065056
v -0.022233 1.459817 0.062668
v -0.017872 1.461109 0.063406
v -0.013488 1.461506 0.066143
v -0.012943 1.457844 0.061366
v -0.017612 1.457529 0.058998
v -0.021527 1.457717 0.056493
v -0.021070 1.460876 0.060391
v -0.018523 1.461113 0.064244
v -0.021342 1.460835 0.061409
v -0.013977 1.461497 0.067282
v -0.018900 1.383500 0.004700
v -0.021710 1.460566 0.062261
v -0.019048 1.460695 0.064671
v -0.014749 1.460724 0.068045
v -0.015854 1.458903 0.068665
v -0.016792 1.456693 0.068793
v -0.017461 1.453899 0.067856
v -0.019149 1.446712 0.065034
v -0.020456 1.441594 0.063824
v -0.013229 1.444892 0.067749
v -0.014176 1.439699 0.067357
v -0.012333 1.452486 0.071105
v -0.012051 1.456002 0.072665
v -0.011198 1.458638 0.072223
v -0.010410 1.460704 0.071129
v -0.003264 1.481942 0.074712
v -0.005689 1.488011 0.075291
v -0.004510 1.488195 0.077505
v -0.007868 1.491520 0.082722
v -0.001736 1.487415 0.079846
v -0.010492 1.492952 0.082279
v -0.008765 1.492452 0.083652
v -0.009522 1.493885 0.084514
v -0.010810 1.494494 0.083310
v -0.007182 1.491909 0.084782
v -0.008500 1.493700 0.085400
v -0.002902 1.491075 0.086336
v -0.003721 1.494335 0.088102
v -0.004650 1.499551 0.087718
v -0.004111 1.496344 0.088521
v -0.009882 1.495499 0.084882
v -0.011411 1.497274 0.083159
v -0.011743 1.500268 0.080871
v -0.013890 1.498099 0.077459
v -0.010602 1.625284 -0.027469
v -0.009656 1.461739 0.070112
v -0.008742 1.461758 0.068290
v -0.012774 1.447697 0.054662
v -0.012805 1.452064 0.057064
v -0.008059 1.451891 0.058520
v -0.008007 1.447711 0.056270
v -0.004812 1.461758 0.069092
v -0.004543 1.458037 0.063816
v -0.008262 1.458084 0.063082
v -0.005072 1.461835 0.071297
v -0.005589 1.460631 0.072613
v -0.006193 1.458494 0.073986
v -0.004333 1.451771 0.059202
v -0.004401 1.447435 0.056949
v -0.022224 1.453109 0.052652
v -0.022834 1.449420 0.050597
v -0.017680 1.452071 0.055120
v -0.018045 1.448223 0.052946
v -0.007817 1.439111 0.069698
v -0.007074 1.444141 0.069216
v -0.006581 1.455345 0.074334
v -0.006668 1.451550 0.072522
v -0.022923 1.607438 -0.092701
v -0.062856 1.576001 0.009824
v -0.061268 1.569757 0.017690
v -0.055147 1.577388 0.024227
v -0.056734 1.582384 0.017099
v -0.063470 1.583142 0.001913
v -0.057200 1.588300 0.009600
v -0.040530 1.616390 -0.045728
v -0.041088 1.616383 -0.031901
v -0.021913 1.622737 -0.028613
v -0.035329 1.615763 -0.059197
v -0.047797 1.607383 -0.067962
v -0.050017 1.610884 -0.049176
v -0.049914 1.611324 -0.034400
v -0.048594 1.610887 -0.021003
v -0.040400 1.615200 -0.018500
v -0.039869 1.612797 -0.006457
v -0.047253 1.609196 -0.009635
v -0.021703 1.620912 -0.014487
v -0.010484 1.623294 -0.012843
v -0.003912 1.516946 0.073584
v -0.049036 1.451832 -0.071080
v -0.058265 1.451117 -0.053166
v -0.051200 1.402600 -0.033800
v -0.072990 1.474329 -0.033592
v -0.072822 1.474732 -0.034523
v -0.057824 1.437788 -0.035288
v -0.061932 1.450619 -0.035689
v -0.082400 1.485383 -0.044422
v -0.082903 1.489094 -0.045618
v -0.083405 1.484800 -0.043789
v -0.084115 1.488697 -0.045292
v -0.083998 1.492895 -0.046032
v -0.083879 1.483300 -0.042725
v -0.076924 1.521442 -0.034424
v -0.078187 1.523278 -0.033695
v -0.072100 1.473090 -0.029303
v -0.072098 1.473611 -0.030997
v -0.071500 1.473300 -0.030200
v -0.071200 1.472900 -0.028900
v -0.071696 1.472309 -0.027792
v -0.071001 1.472380 -0.027818
v -0.076624 1.536198 -0.028498
v -0.070000 1.472400 -0.031600
v -0.072088 1.474257 -0.034077
v -0.071908 1.473871 -0.032409
v -0.071000 1.473200 -0.031100
v -0.070412 1.472386 -0.029103
v -0.070191 1.471713 -0.027395
v -0.071000 1.471300 -0.026800
v -0.084111 1.482503 -0.042789
v -0.076500 1.472200 -0.031600
v -0.079079 1.513709 -0.040420
v -0.079508 1.511895 -0.041894
v -0.081688 1.513702 -0.043406
v -0.081123 1.515993 -0.041982
v -0.060712 1.487981 -0.084226
v -0.062551 1.497993 -0.088895
v -0.076230 1.530994 -0.074442
v -0.078600 1.515400 -0.038900
v -0.080687 1.517803 -0.040507
v -0.082899 1.493300 -0.046163
v -0.077782 1.514596 -0.038896
v -0.078304 1.512904 -0.040408
v -0.081700 1.519700 -0.042100
v -0.082200 1.517500 -0.043700
v -0.082816 1.515000 -0.045088
v -0.078788 1.510996 -0.041897
v -0.077321 1.519308 -0.041011
v -0.080072 1.561101 -0.051900
v -0.079500 1.554700 -0.065300
v -0.077000 1.577000 -0.055600
v -0.076100 1.571400 -0.070200
v -0.071739 1.564758 -0.085415
v -0.075100 1.546934 -0.080535
v -0.076756 1.521093 -0.035588
v -0.079218 1.524487 -0.034190
v -0.064046 1.588845 -0.005609
v -0.069100 1.583700 -0.012500
v -0.057334 1.593424 0.002717
v -0.057190 1.597993 -0.003706
v -0.063487 1.594294 -0.012304
v -0.070644 1.587414 -0.023990
v -0.078576 1.553401 -0.037404
v -0.078229 1.566908 -0.038395
v -0.075235 1.571187 -0.025413
v -0.074960 1.582288 -0.040605
v -0.066600 1.595600 -0.030100
v -0.070333 1.591526 -0.044305
v -0.059609 1.603311 -0.033797
v -0.061738 1.601056 -0.048113
v -0.061583 1.597869 -0.063692
v -0.071969 1.587274 -0.059096
v -0.061700 1.599100 -0.018200
v -0.055613 1.602114 -0.008857
v -0.056700 1.604800 -0.021500
v -0.053364 1.605595 -0.013183
v -0.073321 1.572998 -0.018597
v -0.065872 1.467058 -0.027795
v -0.066067 1.467582 -0.022798
v -0.069850 1.479001 -0.015004
v -0.067976 1.503604 0.017668
v -0.068022 1.515690 0.015397
v -0.070799 1.507799 0.005481
v -0.069552 1.493504 0.006914
v -0.066865 1.528807 0.013619
v -0.070014 1.521399 0.003997
v -0.069755 1.535201 0.001517
v -0.066276 1.542800 0.012494
v -0.063123 1.558544 -0.099907
v -0.065392 1.542129 -0.097712
v -0.065894 1.530249 -0.096000
v -0.048710 1.559533 0.042020
v -0.047881 1.581782 0.031191
v -0.055375 1.577878 -0.100584
v -0.071219 1.581908 -0.073609
v -0.068054 1.575876 -0.086371
v -0.060075 1.568989 -0.100537
v -0.065163 1.514915 -0.094089
v -0.047764 1.605853 -0.002383
v -0.056288 1.527306 0.035388
v -0.055400 1.522900 0.034700
v -0.056800 1.532000 0.036900
v -0.053710 1.518407 0.036312
v -0.016988 1.511816 0.059509
v -0.016523 1.509829 0.061527
v -0.016060 1.507311 0.063477
v -0.019643 1.507148 0.059252
v -0.018886 1.504168 0.061098
v -0.012688 1.507683 0.068746
v -0.013226 1.510263 0.066357
v -0.015327 1.504867 0.065498
v -0.014758 1.501776 0.067443
v -0.012525 1.504630 0.071081
v -0.018383 1.489537 0.064268
v -0.019566 1.494092 0.062319
v -0.017300 1.498299 0.064286
v -0.022379 1.501260 0.059636
v -0.021217 1.498003 0.061176
v -0.018101 1.501539 0.062795
v -0.023651 1.504578 0.057693
v -0.015512 1.498333 0.069921
v -0.016336 1.495285 0.072852
v -0.013197 1.501347 0.074285
v -0.011289 1.503443 0.077455
v -0.010513 1.506879 0.074245
v -0.020300 1.509300 0.057400
v -0.024688 1.506991 0.055978
v -0.024313 1.494467 0.060252
v -0.028338 1.491184 0.059583
v -0.026548 1.498726 0.058604
v -0.030377 1.496054 0.058135
v -0.027823 1.502213 0.056766
v -0.031864 1.499784 0.056280
v -0.031980 1.487707 0.059208
v -0.034944 1.483875 0.058162
v -0.037789 1.479097 0.056553
v -0.037765 1.488714 0.056258
v -0.040839 1.483470 0.054215
v -0.039779 1.493485 0.054171
v -0.043257 1.488620 0.051763
v -0.034514 1.492718 0.057558
v -0.036283 1.496846 0.055538
v -0.033157 1.503343 0.054269
v -0.029010 1.505211 0.054822
v -0.041601 1.504292 0.050690
v -0.041085 1.498898 0.052381
v -0.037317 1.501291 0.053567
v -0.037974 1.505637 0.051703
v -0.045069 1.495056 0.049656
v -0.045400 1.502500 0.048600
v -0.045080 1.507384 0.047479
v -0.031897 1.513496 0.050390
v -0.027202 1.514204 0.051209
v -0.035292 1.513223 0.049379
v -0.041527 1.508144 0.049267
v -0.038279 1.508792 0.050353
v -0.049200 1.514300 0.041600
v -0.046800 1.513600 0.043500
v -0.041300 1.513100 0.047100
v -0.038537 1.513112 0.048362
v -0.044195 1.513295 0.045391
v -0.022901 1.515905 0.051410
v -0.018571 1.517968 0.051684
v -0.055257 1.438999 -0.050771
v -0.010308 1.510155 0.071901
v -0.010478 1.513105 0.069505
v -0.015156 1.533977 0.054304
v -0.013596 1.531070 0.053522
v -0.006923 1.531511 0.060081
v -0.019158 1.537755 0.056855
v -0.015489 1.520401 0.051954
v -0.013800 1.522800 0.052200
v -0.013178 1.525174 0.052712
v -0.012942 1.528094 0.053113
v -0.030114 1.551419 0.058036
v -0.026720 1.545266 0.059766
v -0.058325 1.563672 0.026481
v -0.061625 1.555341 0.023089
v -0.051668 1.546035 0.044932
v -0.054700 1.541900 0.041900
v -0.056409 1.536994 0.039107
v -0.063211 1.544202 0.020706
v -0.064120 1.532200 0.020511
v -0.064932 1.520906 0.021512
v -0.049122 1.592694 0.017549
v -0.048919 1.597614 0.010981
v -0.048889 1.587381 0.024404
v -0.039547 1.609385 0.002641
v -0.039647 1.605670 0.010726
v -0.048516 1.602029 0.004404
v -0.040184 1.601257 0.017716
v -0.040667 1.596353 0.024229
v -0.040410 1.591110 0.031115
v -0.039626 1.585244 0.037833
v -0.037606 1.577249 0.044470
v -0.046691 1.439449 -0.068449
v -0.008002 1.500332 0.070494
v -0.007296 1.500479 0.071202
v -0.006915 1.499983 0.069926
v -0.006208 1.500093 0.070605
v -0.005973 1.498711 0.070176
v -0.007189 1.491278 0.072688
v -0.005704 1.493209 0.071394
v -0.005327 1.496700 0.070331
v -0.068207 1.472506 -0.017095
v -0.051800 1.406300 -0.047300
v -0.049500 1.409300 -0.059900
v 0.051800 1.406300 -0.047300
v 0.049500 1.409300 -0.059900
v 0.019200 1.377100 0.002800
v 0.029900 1.380600 -0.002700
v 0.031191 1.371902 -0.003814
v 0.019808 1.368797 0.001123
v 0.056238 1.388815 -0.051486
v 0.052715 1.397600 -0.048798
v 0.050621 1.400619 -0.062005
v 0.054435 1.392053 -0.065906
v 0.044999 1.402416 -0.073412
v 0.048271 1.393089 -0.078193
v 0.038400 1.392900 -0.087400
v 0.036279 1.403790 -0.082284
v 0.040100 1.385100 -0.010900
v 0.047900 1.389700 -0.021800
v 0.050655 1.380682 -0.023015
v 0.042189 1.376097 -0.011909
v 0.051989 1.393992 -0.034900
v 0.055002 1.384985 -0.036793
v 0.021630 1.347706 -0.002280
v 0.010000 1.345800 -0.001600
v 0.009703 1.356796 0.000912
v 0.020700 1.358599 -0.000789
v 0.051215 1.344489 -0.016416
v 0.064809 1.351419 -0.027220
v 0.071413 1.342539 -0.024854
v 0.056256 1.334601 -0.013505
v 0.092658 1.345253 -0.035792
v 0.101991 1.356549 -0.055946
v 0.036452 1.340095 -0.007796
v 0.039614 1.330165 -0.004026
v 0.092167 1.361945 -0.058015
v 0.091650 1.365890 -0.081008
v 0.103647 1.360106 -0.079767
v 0.066194 1.342704 -0.118123
v 0.062220 1.349185 -0.114825
v 0.071324 1.377988 -0.076126
v 0.061101 1.377499 -0.090389
v 0.068719 1.369941 -0.095525
v 0.081299 1.371989 -0.079679
v 0.052500 1.365903 -0.105617
v 0.047106 1.374613 -0.100311
v 0.082737 1.367023 -0.058545
v 0.072497 1.372769 -0.057489
v 0.075085 1.358733 -0.041692
v 0.066988 1.366168 -0.041342
v 0.059293 1.360571 -0.026713
v 0.053878 1.384658 -0.084389
v 0.042301 1.383191 -0.093893
v 0.083352 1.352116 -0.039990
v 0.060082 1.375357 -0.039221
v 0.054595 1.370684 -0.024895
v 0.062373 1.326943 -0.004014
v 0.079695 1.333782 -0.017820
v 0.043486 1.322351 0.005265
v 0.026318 1.318980 0.010419
v 0.047810 1.355088 -0.015297
v 0.034741 1.350700 -0.006936
v 0.022774 1.337339 -0.002166
v 0.061403 1.384360 -0.070911
v 0.062762 1.380358 -0.054854
v 0.044957 1.365794 -0.013553
v 0.033008 1.361602 -0.005389
v 0.009400 1.367000 0.003600
v 0.024391 1.327745 0.002406
v 0.092841 1.355870 -0.099836
v 0.080101 1.348808 -0.111908
v 0.073289 1.352758 -0.110048
v 0.000000 1.356207 0.001169
v 0.000000 1.345096 -0.002041
v 0.000000 1.366405 0.004280
v 0.077652 1.361117 -0.101163
v 0.057989 1.356635 -0.110582
v 0.000000 1.374300 0.006800
v 0.000000 1.333470 -0.004016
v 0.000000 1.322036 -0.000042
v 0.000000 1.313137 0.009546
v 0.009198 1.375001 0.005887
v 0.011601 1.323874 0.001497
v 0.010712 1.334590 -0.002614
v 0.012479 1.314794 0.010120
v -0.019200 1.377100 0.002800
v -0.029900 1.380600 -0.002700
v -0.031191 1.371902 -0.003814
v -0.019808 1.368797 0.001123
v -0.056238 1.388815 -0.051486
v -0.052715 1.397600 -0.048798
v -0.050621 1.400619 -0.062005
v -0.054435 1.392053 -0.065906
v -0.044999 1.402416 -0.073412
v -0.048271 1.393089 -0.078193
v -0.038400 1.392900 -0.087400
v -0.036279 1.403790 -0.082284
v -0.040100 1.385100 -0.010900
v -0.047900 1.389700 -0.021800
v -0.050655 1.380682 -0.023015
v -0.042189 1.376097 -0.011909
v -0.051989 1.393992 -0.034900
v -0.055002 1.384985 -0.036793
v -0.021630 1.347706 -0.002280
v -0.010000 1.345800 -0.001600
v -0.009703 1.356796 0.000912
v -0.020700 1.358599 -0.000789
v -0.051215 1.344489 -0.016416
v -0.064809 1.351419 -0.027220
v -0.071413 1.342539 -0.024854
v -0.056256 1.334601 -0.013505
v -0.092658 1.345253 -0.035792
v -0.101991 1.356549 -0.055946
v -0.036452 1.340095 -0.007796
v -0.039614 1.330165 -0.004026
v -0.092167 1.361945 -0.058015
v -0.091650 1.365890 -0.081008
v -0.103647 1.360106 -0.079767
v -0.066194 1.342704 -0.118123
v -0.062220 1.349185 -0.114825
v -0.071324 1.377988 -0.076126
v -0.061101 1.377499 -0.090389
v -0.068719 1.369941 -0.095525
v -0.081299 1.371989 -0.079679
v -0.052500 1.365903 -0.105617
v -0.047106 1.374613 -0.100311
v -0.082737 1.367023 -0.058545
v -0.072497 1.372769 -0.057489
v -0.075085 1.358733 -0.041692
v -0.066988 1.366168 -0.041342
v -0.059293 1.360571 -0.026713
v -0.053878 1.384658 -0.084389
v -0.042301 1.383191 -0.093893
v -0.083352 1.352116 -0.039990
v -0.060082 1.375357 -0.039221
v -0.054595 1.370684 -0.024895
v -0.062373 1.326943 -0.004014
v -0.079695 1.333782 -0.017820
v -0.043486 1.322351 0.005265
v -0.026318 1.318980 0.010419
v -0.047810 1.355088 -0.015297
v -0.034741 1.350700 -0.006936
v -0.022774 1.337339 -0.002166
v -0.061403 1.384360 -0.070911
v -0.062762 1.380358 -0.054854
v -0.044957 1.365794 -0.013553
v -0.033008 1.361602 -0.005389
v -0.009400 1.367000 0.003600
v -0.024391 1.327745 0.002406
v -0.092841 1.355870 -0.099836
v -0.080101 1.348808 -0.111908
v -0.073289 1.352758 -0.110048
v -0.077652 1.361117 -0.101163
v -0.057989 1.356635 -0.110582
v -0.009198 1.375001 0.005887
v -0.011601 1.323874 0.001497
v -0.010712 1.334590 -0.002614
v -0.012479 1.314794 0.010120
v -0.007181 1.498708 0.069367
v -0.065756 1.470880 0.002952
v -0.064678 1.463496 -0.004242
v -0.059783 1.453210 0.002188
v -0.061561 1.461383 0.009926
v -0.053965 1.443825 0.009394
v -0.057441 1.453563 0.015359
v -0.047918 1.436419 0.017837
v -0.052352 1.446406 0.021891
v -0.043190 1.432359 0.027284
v -0.047905 1.441899 0.029774
v -0.031556 1.428128 0.049181
v -0.029812 1.423095 0.045409
v -0.023660 1.420365 0.052657
v -0.024436 1.424506 0.056749
v -0.016606 1.418589 0.059010
v -0.017378 1.422321 0.062977
v -0.009001 1.417534 0.062700
v -0.009151 1.420928 0.066849
v 0.000000 1.417091 0.064366
v 0.000000 1.420471 0.068613
v 0.000000 1.429788 0.071272
v -0.008705 1.429911 0.070470
v -0.009043 1.425262 0.069435
v 0.000000 1.424583 0.070677
v -0.016107 1.430898 0.066910
v -0.017100 1.426200 0.065400
v -0.022581 1.433356 0.062133
v -0.023967 1.428745 0.059766
v -0.030372 1.437649 0.055874
v -0.031736 1.432795 0.052581
v -0.035914 1.443090 0.051692
v -0.038348 1.440043 0.047005
v -0.008052 1.414547 0.056606
v 0.000000 1.414303 0.058898
v -0.015000 1.415300 0.053100
v -0.021489 1.416660 0.047689
v -0.026700 1.418600 0.041100
v -0.037876 1.429176 0.036787
v -0.032082 1.421210 0.032893
v -0.038453 1.425506 0.024641
v -0.044093 1.429078 0.014379
v -0.051272 1.436912 0.004435
v -0.058145 1.447580 -0.004610
v -0.063602 1.458794 -0.011346
v -0.067842 1.470820 -0.008907
v -0.015270 1.435111 0.067257
v -0.008309 1.434379 0.070327
v -0.021438 1.437110 0.063198
v -0.028470 1.441606 0.058224
v -0.033392 1.446468 0.055158
v -0.037951 1.458101 0.054503
v -0.036662 1.452045 0.054037
v -0.036406 1.470117 0.057341
v -0.037754 1.464227 0.055768
v -0.043361 1.476565 0.051520
v -0.045063 1.468107 0.048653
v -0.041386 1.465667 0.052396
v -0.039988 1.472930 0.054506
v -0.046552 1.481759 0.048340
v -0.048779 1.472120 0.044600
v -0.007075 1.412271 0.050914
v 0.000000 1.411855 0.052119
v -0.013085 1.412852 0.047489
v -0.018439 1.413640 0.042102
v -0.022392 1.414312 0.035486
v -0.026870 1.415220 0.027969
v -0.032350 1.416735 0.019836
v -0.039581 1.420103 0.010510
v -0.048258 1.428267 -0.000383
v -0.056639 1.442227 -0.010608
v -0.062381 1.454404 -0.017696
v -0.019224 1.407282 0.021407
v -0.015527 1.408710 0.027842
v -0.012281 1.409694 0.033437
v -0.009411 1.409986 0.038105
v -0.005395 1.408971 0.037381
v 0.000000 1.408566 0.036837
v -0.004839 1.406112 0.028904
v 0.000000 1.406027 0.029136
v -0.006997 1.402824 0.023825
v 0.000000 1.402365 0.023807
v -0.008716 1.399498 0.019583
v 0.000000 1.397683 0.018995
v -0.039863 1.450124 0.050121
v -0.043157 1.449236 0.045330
v -0.045252 1.458819 0.046255
v -0.049202 1.461445 0.041161
v -0.046825 1.450025 0.039223
v -0.041526 1.457887 0.050684
v -0.051791 1.453260 0.031960
v -0.053856 1.465584 0.035623
v -0.052811 1.477332 0.040542
v -0.057864 1.470411 0.031084
v -0.056300 1.458400 0.025400
v -0.056809 1.481199 0.036406
v -0.060191 1.484902 0.032594
v -0.060914 1.474694 0.027211
v -0.059936 1.463921 0.021284
v -0.040912 1.437507 0.039969
v -0.062508 1.469594 0.016502
v -0.062707 1.488777 0.028637
v -0.063200 1.479400 0.022700
v -0.065244 1.494102 0.023621
v -0.065986 1.485178 0.015507
v -0.065555 1.477004 0.008784
v -0.069692 1.478726 -0.004793
v 0.000000 1.434286 0.071004
v -0.066436 1.467824 -0.032302
v -0.021200 1.476200 0.065000
v -0.016400 1.478400 0.067700
v -0.011548 1.479216 0.070929
v -0.007644 1.479541 0.073277
v -0.003728 1.479322 0.074674
v 0.000000 1.385930 0.012858
v 0.000000 1.545795 0.064295
v 0.000000 1.392634 0.016701
v 0.000000 1.447350 0.057204
v 0.000000 1.624622 -0.011960
v 0.000000 1.439029 0.070422
v 0.000000 1.451933 0.059578
v 0.000000 1.507470 0.083595
v 0.000000 1.443887 0.069414
v 0.000000 1.454946 0.074679
v 0.000000 1.460438 0.072980
v 0.000000 1.581135 0.055452
v 0.000000 1.458137 0.074512
v 0.000000 1.481587 0.074783
v 0.000000 1.503893 0.087054
v 0.000000 1.461914 0.071559
v 0.000000 1.451493 0.073105
v 0.000000 1.457993 0.064088
v 0.000000 1.461813 0.069558
v 0.000000 1.466261 0.058890
v 0.000000 1.478892 0.074531
v 0.000000 1.523678 0.069736
v 0.000000 1.520960 0.072272
v 0.000000 1.603650 0.037414
v 0.000000 1.590954 0.049992
v 0.000000 1.511043 0.080323
v 0.000000 1.564427 0.060719
v 0.000000 1.619611 -0.072800
v 0.000000 1.500275 0.089409
v 0.000000 1.486994 0.079952
v 0.000000 1.618215 0.012229
v 0.000000 1.609100 -0.095443
v 0.000000 1.463596 0.074251
v 0.000000 1.621812 0.000643
v 0.000000 1.462127 0.071343
v 0.000000 1.490647 0.086919
v 0.000000 1.472588 0.075172
v 0.000000 1.476298 0.074308
v 0.000000 1.615230 -0.084480
v 0.000000 1.552251 0.063707
v 0.000000 1.470467 0.076486
v 0.000000 1.531870 0.063901
v 0.000000 1.467967 0.077060
v 0.000000 1.380109 0.009288
v 0.000000 1.465652 0.075795
v 0.000000 1.463525 0.066420
v 0.000000 1.514724 0.077389
v 0.000000 1.464844 0.061917
v 0.000000 1.571606 0.058534
v 0.000000 1.484386 0.075902
v 0.000000 1.485219 0.076416
v 0.000000 1.529107 0.065284
v 0.000000 1.597750 0.044018
v 0.000000 1.534589 0.063461
v 0.000000 1.483532 0.075433
v 0.000000 1.625022 -0.056413
v 0.000000 1.626434 -0.043475
v 0.000000 1.526279 0.067227
v 0.000000 1.518187 0.074678
v 0.000000 1.493944 0.089210
v 0.000000 1.496642 0.090010
v 0.000000 1.613719 0.022204
v 0.000000 1.626736 -0.026845
v 0.000000 1.608841 0.030309
v 0.000000 1.489364 0.085409
v 0.000000 1.537787 0.063642
v 0.000000 1.487900 0.082456
v 0.000000 1.486122 0.077824
v 0.007181 1.498708 0.069367
v 0.065756 1.470880 0.002952
v 0.064678 1.463496 -0.004242
v 0.059783 1.453210 0.002188
v 0.061561 1.461383 0.009926
v 0.053965 1.443825 0.009394
v 0.057441 1.453563 0.015359
v 0.047918 1.436419 0.017837
v 0.052352 1.446406 0.021891
v -0.004500 1.490438 0.084613
v -0.003472 1.488993 0.082224
v 0.043190 1.432359 0.027284
v 0.047905 1.441899 0.029774
v -0.016500 1.524050 0.049200
v -0.008669 1.487703 0.072770
v -0.007120 1.508654 0.076839
v -0.015400 1.524250 0.049950
v 0.031556 1.428128 0.049181
v 0.029812 1.423095 0.045409
v 0.023660 1.420365 0.052657
v 0.024436 1.424506 0.056749
v -0.010950 1.487850 0.071400
v 0.016606 1.418589 0.059010
v 0.017378 1.422321 0.062977
v 0.009001 1.417534 0.062700
v 0.009151 1.420928 0.066849
v -0.007135 1.515470 0.071771
v -0.009449 1.523427 0.059362
v 0.008705 1.429911 0.070470
v 0.009043 1.425262 0.069435
v -0.006967 1.512062 0.074392
v -0.016213 1.490290 0.071850
v -0.014561 1.487764 0.070635
v -0.007012 1.495925 0.086718
v -0.007912 1.498518 0.085593
v 0.016107 1.430898 0.066910
v -0.007950 1.492950 0.085200
v -0.005075 1.491535 0.085592
v 0.017100 1.426200 0.065400
v -0.017849 1.523713 0.049317
v -0.027909 1.524762 0.042535
v -0.006251 1.494112 0.086673
v -0.003263 1.492383 0.087243
v -0.020870 1.524355 0.046670
v -0.017300 1.523850 0.049250
v -0.012558 1.494457 0.080516
v -0.007666 1.522431 0.063361
v 0.022581 1.433356 0.062133
v 0.023967 1.428745 0.059766
v 0.030372 1.437649 0.055874
v 0.031736 1.432795 0.052581
v -0.015100 1.492888 0.076170
v 0.035914 1.443090 0.051692
v 0.038348 1.440043 0.047005
v 0.008052 1.414547 0.056606
v -0.018624 1.523754 0.049075
v -0.019148 1.523864 0.048784
v -0.007841 1.505078 0.079909
v 0.015000 1.415300 0.053100
v 0.021489 1.416660 0.047689
v 0.026700 1.418600 0.041100
v 0.037876 1.429176 0.036787
v -0.023224 1.524491 0.046688
v -0.003145 1.487404 0.077579
v -0.010700 1.493800 0.082850
v -0.009226 1.493297 0.084222
v -0.003762 1.486831 0.075684
v 0.032082 1.421210 0.032893
v 0.038453 1.425506 0.024641
v -0.013400 1.524050 0.052550
v 0.044093 1.429078 0.014379
v -0.007290 1.520479 0.066899
v -0.007075 1.518086 0.069666
v 0.051272 1.436912 0.004435
v 0.058145 1.447580 -0.004610
v -0.003068 1.488157 0.079873
v 0.063602 1.458794 -0.011346
v 0.067842 1.470820 -0.008907
v 0.015270 1.435111 0.067257
v 0.008309 1.434379 0.070327
v 0.021438 1.437110 0.063198
v -0.008204 1.501659 0.083269
v 0.028470 1.441606 0.058224
v 0.033392 1.446468 0.055158
v 0.037951 1.458101 0.054503
v -0.006298 1.487370 0.074241
v 0.036662 1.452045 0.054037
v 0.036406 1.470117 0.057341
v 0.037754 1.464227 0.055768
v 0.043361 1.476565 0.051520
v 0.045063 1.468107 0.048653
v 0.041386 1.465667 0.052396
v 0.000000 1.492114 0.088144
v -0.005607 1.492667 0.086221
v 0.039988 1.472930 0.054506
v 0.046552 1.481759 0.048340
v 0.048779 1.472120 0.044600
v 0.007075 1.412271 0.050914
v -0.029820 1.538011 0.053479
v -0.029975 1.535460 0.051854
v 0.013085 1.412852 0.047489
v 0.018439 1.413640 0.042102
v 0.022392 1.414312 0.035486
v 0.026870 1.415220 0.027969
v 0.032350 1.416735 0.019836
v 0.039581 1.420103 0.010510
v -0.022655 1.541291 0.058383
v -0.004631 1.541666 0.063468
v -0.009806 1.541712 0.062495
v 0.048258 1.428267 -0.000383
v -0.030165 1.531058 0.050149
v -0.030253 1.529212 0.048923
v -0.029840 1.533259 0.050285
v -0.030360 1.529572 0.050362
v -0.030372 1.530239 0.050612
v 0.056639 1.442227 -0.010608
v -0.029637 1.532503 0.049387
v 0.062381 1.454404 -0.017696
v -0.029693 1.532256 0.049246
v 0.019224 1.407282 0.021407
v -0.027671 1.540519 0.055546
v 0.015527 1.408710 0.027842
v 0.012281 1.409694 0.033437
v -0.029842 1.531837 0.049551
v -0.030415 1.528777 0.047185
v 0.009411 1.409986 0.038105
v -0.031235 1.526917 0.042713
v 0.005395 1.408971 0.037381
v 0.000000 1.541720 0.063941
v -0.021294 1.551703 0.061045
v -0.052438 1.549986 0.041694
v 0.004839 1.406112 0.028904
v -0.055550 1.544750 0.039000
v 0.006997 1.402824 0.023825
v -0.047669 1.510613 0.044309
v -0.050350 1.511400 0.042050
v -0.018586 1.545772 0.062254
v 0.008716 1.399498 0.019583
v 0.039863 1.450124 0.050121
v 0.043157 1.449236 0.045330
v 0.045252 1.458819 0.046255
v 0.049202 1.461445 0.041161
v -0.026633 1.570326 0.053151
v -0.031183 1.612253 0.006230
v -0.025033 1.563535 0.056327
v -0.039899 1.555892 0.051097
v 0.046825 1.450025 0.039223
v -0.031322 1.608404 0.015054
v 0.041526 1.457887 0.050684
v 0.051791 1.453260 0.031960
v 0.053856 1.465584 0.035623
v 0.052811 1.477332 0.040542
v 0.057864 1.470411 0.031084
v -0.047573 1.554241 0.045738
v 0.056300 1.458400 0.025400
v -0.055410 1.515906 0.035556
v -0.006407 1.557738 0.062139
v -0.057000 1.521250 0.033100
v 0.056809 1.481199 0.036406
v -0.014452 1.557484 0.060981
v -0.027655 1.619202 -0.054491
v 0.060191 1.484902 0.032594
v 0.060914 1.474694 0.027211
v 0.059936 1.463921 0.021284
v 0.040912 1.437507 0.039969
v -0.013492 1.537749 0.059645
v 0.062508 1.469594 0.016502
v -0.038491 1.511269 0.049270
v -0.041415 1.510904 0.048099
v 0.062707 1.488777 0.028637
v -0.031626 1.619606 -0.043643
v -0.054250 1.513750 0.037600
v -0.030425 1.587622 0.043038
v -0.009981 1.531318 0.057230
v -0.011297 1.534252 0.057544
v -0.031087 1.593873 0.036455
v 0.063200 1.479400 0.022700
v 0.065244 1.494102 0.023621
v 0.065986 1.485178 0.015507
v -0.031324 1.599313 0.029619
v 0.065555 1.477004 0.008784
v 0.069692 1.478726 -0.004793
v -0.031546 1.615607 -0.004075
v -0.022319 1.514517 0.052251
v 0.066436 1.467824 -0.032302
v 0.021200 1.476200 0.065000
v 0.016400 1.478400 0.067700
v -0.057500 1.538800 0.036350
v -0.058100 1.532550 0.034450
v -0.032263 1.619648 -0.030163
v -0.031406 1.512072 0.051113
v -0.057750 1.526700 0.033300
v -0.015698 1.620824 -0.062572
v 0.011548 1.479216 0.070929
v -0.052650 1.512350 0.039800
v 0.007644 1.479541 0.073277
v 0.003728 1.479322 0.074674
v -0.032093 1.556898 0.055351
v -0.035048 1.511533 0.050181
v -0.009930 1.528293 0.056852
v -0.017992 1.516836 0.052905
v -0.014937 1.519669 0.053809
v -0.031324 1.604084 0.022698
v -0.012601 1.522311 0.054996
v -0.010574 1.525230 0.056359
v -0.026755 1.512927 0.051954
v -0.028743 1.578935 0.049280
v -0.031801 1.618118 -0.016442
v -0.044633 1.510707 0.046380
v 0.000000 1.622074 -0.065518
v 0.000000 1.557883 0.062415
v -0.011454 1.523753 0.055896
v -0.015953 1.541608 0.060927
v -0.023334 1.557278 0.058912
v 0.000000 1.447907 0.071016
v -0.026419 1.465952 0.063157
v -0.027870 1.463869 0.061808
v -0.027772 1.457800 0.060516
v -0.019323 1.471062 0.068309
v -0.023570 1.468321 0.065257
v -0.018205 1.450607 0.066524
v -0.028489 1.461876 0.060872
v -0.012701 1.448969 0.069362
v -0.028519 1.459779 0.060404
v -0.006830 1.448110 0.070648
v 0.000000 1.474497 0.074690
v -0.009267 1.474752 0.073658
v -0.004619 1.474962 0.074975
v -0.014224 1.473445 0.071283
v -0.026055 1.455533 0.061457
v -0.023175 1.453006 0.063253
v 0.004500 1.490438 0.084613
v 0.003472 1.488993 0.082224
v 0.016500 1.524050 0.049200
v 0.008669 1.487703 0.072770
v 0.007120 1.508654 0.076839
v 0.015400 1.524250 0.049950
v 0.010950 1.487850 0.071400
v 0.007135 1.515470 0.071771
v 0.009449 1.523427 0.059362
v 0.006967 1.512062 0.074392
v 0.016213 1.490290 0.071850
v 0.014561 1.487764 0.070635
v 0.007012 1.495925 0.086718
v 0.007912 1.498518 0.085593
v 0.007950 1.492950 0.085200
v 0.005075 1.491535 0.085592
v 0.017849 1.523713 0.049317
v 0.027909 1.524762 0.042535
v 0.006251 1.494112 0.086673
v 0.003263 1.492383 0.087243
v 0.020870 1.524355 0.046670
v 0.017300 1.523850 0.049250
v 0.012558 1.494457 0.080516
v 0.007666 1.522431 0.063361
v 0.015100 1.492888 0.076170
v 0.018624 1.523754 0.049075
v 0.019148 1.523864 0.048784
v 0.007841 1.505078 0.079909
v 0.023224 1.524491 0.046688
v 0.003145 1.487404 0.077579
v 0.010700 1.493800 0.082850
v 0.009226 1.493297 0.084222
v 0.003762 1.486831 0.075684
v 0.013400 1.524050 0.052550
v 0.007290 1.520479 0.066899
v 0.007075 1.518086 0.069666
v 0.003068 1.488157 0.079873
v 0.008204 1.501659 0.083269
v 0.006298 1.487370 0.074241
v 0.005607 1.492667 0.086221
v 0.029820 1.538011 0.053479
v 0.029975 1.535460 0.051854
v 0.022655 1.541291 0.058383
v 0.004631 1.541666 0.063468
v 0.009806 1.541712 0.062495
v 0.030165 1.531058 0.050149
v 0.030253 1.529212 0.048923
v 0.029840 1.533259 0.050285
v 0.030360 1.529572 0.050362
v 0.030372 1.530239 0.050612
v 0.029637 1.532503 0.049387
v 0.029693 1.532256 0.049246
v 0.027671 1.540519 0.055546
v 0.029842 1.531837 0.049551
v 0.030415 1.528777 0.047185
v 0.031235 1.526917 0.042713
v 0.021294 1.551703 0.061045
v 0.052438 1.549986 0.041694
v 0.055550 1.544750 0.039000
v 0.047669 1.510613 0.044309
v 0.050350 1.511400 0.042050
v 0.018586 1.545772 0.062254
v 0.026633 1.570326 0.053151
v 0.031183 1.612253 0.006230
v 0.025033 1.563535 0.056327
v 0.039899 1.555892 0.051097
v 0.031322 1.608404 0.015054
v 0.047573 1.554241 0.045738
v 0.055410 1.515906 0.035556
v 0.006407 1.557738 0.062139
v 0.057000 1.521250 0.033100
v 0.014452 1.557484 0.060981
v 0.027655 1.619202 -0.054491
v 0.013492 1.537749 0.059645
v 0.038491 1.511269 0.049270
v 0.041415 1.510904 0.048099
v 0.031626 1.619606 -0.043643
v 0.054250 1.513750 0.037600
v 0.030425 1.587622 0.043038
v 0.009981 1.531318 0.057230
v 0.011297 1.534252 0.057544
v 0.031087 1.593873 0.036455
v 0.031324 1.599313 0.029619
v 0.031546 1.615607 -0.004075
v 0.022319 1.514517 0.052251
v 0.057500 1.538800 0.036350
v 0.058100 1.532550 0.034450
v 0.032263 1.619648 -0.030163
v 0.031406 1.512072 0.051113
v 0.057750 1.526700 0.033300
v 0.015698 1.620824 -0.062572
v 0.052650 1.512350 0.039800
v 0.032093 1.556898 0.055351
v 0.035048 1.511533 0.050181
v 0.009930 1.528293 0.056852
v 0.017992 1.516836 0.052905
v 0.014937 1.519669 0.053809
v 0.031324 1.604084 0.022698
v 0.012601 1.522311 0.054996
v 0.010574 1.525230 0.056359
v 0.026755 1.512927 0.051954
v 0.028743 1.578935 0.049280
v 0.031801 1.618118 -0.016442
v 0.044633 1.510707 0.046380
v 0.011454 1.523753 0.055896
v 0.015953 1.541608 0.060927
v 0.023334 1.557278 0.058912
v 0.026419 1.465952 0.063157
v 0.027870 1.463869 0.061808
v 0.027772 1.457800 0.060516
v 0.019323 1.471062 0.068309
v 0.023570 1.468321 0.065257
v 0.018205 1.450607 0.066524
v 0.028489 1.461876 0.060872
v 0.012701 1.448969 0.069362
v 0.028519 1.459779 0.060404
v 0.006830 1.448110 0.070648
v 0.009267 1.474752 0.073658
v 0.004619 1.474962 0.074975
v 0.014224 1.473445 0.071283
v 0.026055 1.455533 0.061457
v 0.023175 1.453006 0.063253
v 0.031451 1.525118 0.037401
v -0.031451 1.525118 0.037401
v 0.029824 1.525118 0.050617
v 0.028260 1.525118 0.050142
v 0.026818 1.525118 0.049372
v 0.025609 1.525118 0.048376
v 0.029856 1.525435 0.050617
v 0.028321 1.525741 0.050142
v 0.026907 1.526022 0.049372
v 0.025722 1.526258 0.048376
v 0.029948 1.525741 0.050617
v 0.028503 1.526339 0.050142
v 0.027171 1.526891 0.049372
v 0.026054 1.527353 0.048376
v 0.030098 1.526022 0.050617
v 0.028798 1.526891 0.050142
v 0.027599 1.527692 0.049372
v 0.026594 1.528363 0.048376
v 0.030301 1.526268 0.050617
v 0.029195 1.527374 0.050142
v 0.028175 1.528394 0.049372
v 0.027320 1.529249 0.048376
v 0.030547 1.526471 0.050617
v 0.029678 1.527771 0.050142
v 0.028877 1.528970 0.049372
v 0.028206 1.529975 0.048376
v 0.030828 1.526621 0.050617
v 0.030230 1.528066 0.050142
v 0.029678 1.529398 0.049372
v 0.029216 1.530515 0.048376
v 0.031134 1.526714 0.050617
v 0.030828 1.528248 0.050142
v 0.030547 1.529662 0.049372
v 0.030311 1.530847 0.048376
v 0.031451 1.526745 0.050617
v 0.031451 1.528309 0.050142
v 0.031451 1.529751 0.049372
v 0.031451 1.530960 0.048376
v 0.031768 1.526714 0.050617
v 0.032074 1.528248 0.050142
v 0.032355 1.529662 0.049372
v 0.032591 1.530847 0.048376
v 0.032074 1.526621 0.050617
v 0.032672 1.528066 0.050142
v 0.033224 1.529398 0.049372
v 0.033686 1.530515 0.048376
v 0.032355 1.526471 0.050617
v 0.033224 1.527771 0.050142
v 0.034025 1.528970 0.049372
v 0.034696 1.529975 0.048376
v 0.032601 1.526268 0.050617
v 0.033707 1.527374 0.050142
v 0.034727 1.528394 0.049372
v 0.035582 1.529249 0.048376
v 0.032804 1.526022 0.050617
v 0.034104 1.526891 0.050142
v 0.035303 1.527692 0.049372
v 0.036308 1.528363 0.048376
v 0.032954 1.525741 0.050617
v 0.034399 1.526339 0.050142
v 0.035731 1.526891 0.049372
v 0.036848 1.527353 0.048376
v 0.033047 1.525435 0.050617
v 0.034581 1.525741 0.050142
v 0.035995 1.526022 0.049372
v 0.037180 1.526258 0.048376
v 0.033078 1.525118 0.050617
v 0.034642 1.525118 0.050142
v 0.036084 1.525118 0.049372
v 0.037293 1.525118 0.048376
v 0.033047 1.524801 0.050617
v 0.034581 1.524495 0.050142
v 0.035995 1.524214 0.049372
v 0.037180 1.523978 0.048376
v 0.032954 1.524495 0.050617
v 0.034399 1.523897 0.050142
v 0.035731 1.523345 0.049372
v 0.036848 1.522883 0.048376
v 0.032804 1.524214 0.050617
v 0.034104 1.523345 0.050142
v 0.035303 1.522544 0.049372
v 0.036308 1.521873 0.048376
v 0.032601 1.523968 0.050617
v 0.033707 1.522862 0.050142
v 0.034727 1.521842 0.049372
v 0.035582 1.520987 0.048376
v 0.032355 1.523765 0.050617
v 0.033224 1.522465 0.050142
v 0.034025 1.521266 0.049372
v 0.034696 1.520261 0.048376
v 0.032074 1.523615 0.050617
v 0.032672 1.522170 0.050142
v 0.033224 1.520838 0.049372
v 0.033686 1.519721 0.048376
v 0.031768 1.523522 0.050617
v 0.032074 1.521988 0.050142
v 0.032355 1.520574 0.049372
v 0.032591 1.519389 0.048376
v 0.031451 1.523491 0.050617
v 0.031451 1.521927 0.050142
v 0.031451 1.520485 0.049372
v 0.031451 1.519276 0.048376
v 0.031134 1.523522 0.050617
v 0.030828 1.521988 0.050142
v 0.030547 1.520574 0.049372
v 0.030311 1.519389 0.048376
v 0.030828 1.523615 0.050617
v 0.030230 1.522170 0.050142
v 0.029678 1.520838 0.049372
v 0.029216 1.519721 0.048376
v 0.030547 1.523765 0.050617
v 0.029678 1.522465 0.050142
v 0.028877 1.521266 0.049372
v 0.028206 1.520261 0.048376
v 0.030301 1.523968 0.050617
v 0.029195 1.522862 0.050142
v 0.028175 1.521842 0.049372
v 0.027320 1.520987 0.048376
v 0.030098 1.524214 0.050617
v 0.028798 1.523345 0.050142
v 0.027599 1.522544 0.049372
v 0.026594 1.521873 0.048376
v 0.031451 1.525118 0.050777
v 0.029948 1.524495 0.050617
v 0.028503 1.523897 0.050142
v 0.027171 1.523345 0.049372
v 0.026054 1.522883 0.048376
v 0.029856 1.524801 0.050617
v 0.028321 1.524495 0.050142
v 0.026907 1.524214 0.049372
v 0.025722 1.523978 0.048376
v 0.024430 1.525118 0.047521
v 0.022607 1.525118 0.046071
v 0.021051 1.525118 0.044176
v 0.019895 1.525118 0.042014
v 0.019184 1.525118 0.039667
v 0.018943 1.525118 0.037227
v 0.019184 1.525118 0.034787
v 0.019895 1.525118 0.032441
v 0.021051 1.525118 0.030278
v 0.022607 1.525118 0.028383
v 0.024502 1.525118 0.026827
v 0.026665 1.525118 0.025671
v 0.029011 1.525118 0.024960
v 0.024565 1.526488 0.047521
v 0.022777 1.526843 0.046071
v 0.021251 1.527147 0.044176
v 0.020117 1.527372 0.042014
v 0.019419 1.527511 0.039667
v 0.019184 1.527558 0.037227
v 0.019419 1.527511 0.034787
v 0.020117 1.527372 0.032441
v 0.021251 1.527147 0.030278
v 0.022777 1.526843 0.028383
v 0.024636 1.526474 0.026827
v 0.026756 1.526052 0.025671
v 0.029058 1.525594 0.024960
v 0.024965 1.527805 0.047521
v 0.023280 1.528503 0.046071
v 0.021843 1.529098 0.044176
v 0.020775 1.529540 0.042013
v 0.020117 1.529813 0.039667
v 0.019895 1.529905 0.037227
v 0.020117 1.529813 0.034787
v 0.020775 1.529540 0.032441
v 0.021843 1.529098 0.030278
v 0.023280 1.528503 0.028383
v 0.025031 1.527777 0.026827
v 0.027029 1.526950 0.025671
v 0.029197 1.526052 0.024960
v 0.025613 1.529019 0.047521
v 0.024097 1.530032 0.046071
v 0.022804 1.530896 0.044176
v 0.021843 1.531538 0.042013
v 0.021251 1.531933 0.039667
v 0.021051 1.532067 0.037227
v 0.021251 1.531933 0.034787
v 0.021843 1.531538 0.032441
v 0.022804 1.530896 0.030278
v 0.024097 1.530032 0.028383
v 0.025673 1.528979 0.026827
v 0.027471 1.527777 0.025671
v 0.029422 1.526474 0.024960
v 0.026486 1.530083 0.047521
v 0.025197 1.531372 0.046071
v 0.024097 1.532472 0.044176
v 0.023280 1.533289 0.042013
v 0.022777 1.533792 0.039667
v 0.022607 1.533962 0.037227
v 0.022777 1.533792 0.034787
v 0.023280 1.533289 0.032441
v 0.024097 1.532472 0.030278
v 0.025197 1.531372 0.028383
v 0.026537 1.530032 0.026827
v 0.028066 1.528503 0.025671
v 0.029726 1.526843 0.024960
v 0.027550 1.530956 0.047521
v 0.026537 1.532472 0.046071
v 0.025673 1.533765 0.044176
v 0.025031 1.534726 0.042013
v 0.024636 1.535318 0.039667
v 0.024502 1.535518 0.037227
v 0.024636 1.535318 0.034787
v 0.025031 1.534726 0.032441
v 0.025673 1.533765 0.030278
v 0.026537 1.532472 0.028383
v 0.027590 1.530896 0.026827
v 0.028792 1.529098 0.025671
v 0.030095 1.527147 0.024960
v 0.028764 1.531604 0.047521
v 0.028066 1.533289 0.046071
v 0.027471 1.534726 0.044176
v 0.027029 1.535794 0.042013
v 0.026756 1.536452 0.039667
v 0.026665 1.536674 0.037227
v 0.026756 1.536452 0.034787
v 0.027029 1.535794 0.032441
v 0.027471 1.534726 0.030278
v 0.028066 1.533289 0.028383
v 0.028792 1.531538 0.026827
v 0.029619 1.529540 0.025671
v 0.030517 1.527372 0.024960
v 0.030081 1.532004 0.047521
v 0.029726 1.533792 0.046071
v 0.029422 1.535318 0.044176
v 0.029197 1.536452 0.042013
v 0.029058 1.537150 0.039667
v 0.029011 1.537385 0.037227
v 0.029058 1.537150 0.034787
v 0.029197 1.536452 0.032441
v 0.029422 1.535318 0.030278
v 0.029726 1.533792 0.028383
v 0.030095 1.531933 0.026827
v 0.030517 1.529813 0.025671
v 0.030975 1.527511 0.024960
v 0.031451 1.532139 0.047521
v 0.031451 1.533962 0.046071
v 0.031451 1.535518 0.044176
v 0.031451 1.536674 0.042013
v 0.031451 1.537385 0.039667
v 0.031451 1.537626 0.037227
v 0.031451 1.537385 0.034787
v 0.031451 1.536674 0.032441
v 0.031451 1.535518 0.030278
v 0.031451 1.533962 0.028383
v 0.031451 1.532067 0.026827
v 0.031451 1.529905 0.025671
v 0.031451 1.527558 0.024960
v 0.032821 1.532004 0.047521
v 0.033176 1.533792 0.046071
v 0.033480 1.535318 0.044176
v 0.033705 1.536452 0.042013
v 0.033844 1.537150 0.039667
v 0.033891 1.537385 0.037227
v 0.033844 1.537150 0.034787
v 0.033705 1.536452 0.032441
v 0.033480 1.535318 0.030278
v 0.033176 1.533792 0.028383
v 0.032807 1.531933 0.026827
v 0.032385 1.529813 0.025671
v 0.031927 1.527511 0.024960
v 0.034138 1.531604 0.047521
v 0.034836 1.533289 0.046071
v 0.035431 1.534726 0.044176
v 0.035873 1.535794 0.042013
v 0.036146 1.536452 0.039667
v 0.036238 1.536674 0.037227
v 0.036146 1.536452 0.034787
v 0.035873 1.535794 0.032441
v 0.035431 1.534726 0.030278
v 0.034836 1.533289 0.028383
v 0.034110 1.531538 0.026827
v 0.033283 1.529540 0.025671
v 0.032385 1.527372 0.024960
v 0.035352 1.530956 0.047521
v 0.036365 1.532472 0.046071
v 0.037229 1.533765 0.044176
v 0.037871 1.534726 0.042013
v 0.038266 1.535318 0.039667
v 0.038400 1.535518 0.037227
v 0.038266 1.535318 0.034787
v 0.037871 1.534726 0.032441
v 0.037229 1.533765 0.030278
v 0.036365 1.532472 0.028383
v 0.035312 1.530896 0.026827
v 0.034110 1.529098 0.025671
v 0.032807 1.527147 0.024960
v 0.036416 1.530083 0.047521
v 0.037705 1.531372 0.046071
v 0.038805 1.532472 0.044176
v 0.039622 1.533289 0.042013
v 0.040125 1.533792 0.039667
v 0.040295 1.533962 0.037227
v 0.040125 1.533792 0.034787
v 0.039622 1.533289 0.032441
v 0.038805 1.532472 0.030278
v 0.037705 1.531372 0.028383
v 0.036365 1.530032 0.026827
v 0.034836 1.528503 0.025671
v 0.033176 1.526843 0.024960
v 0.037289 1.529019 0.047521
v 0.038805 1.530032 0.046071
v 0.040098 1.530896 0.044176
v 0.041059 1.531538 0.042013
v 0.041651 1.531933 0.039667
v 0.041851 1.532067 0.037227
v 0.041651 1.531933 0.034787
v 0.041059 1.531538 0.032441
v 0.040098 1.530896 0.030278
v 0.038805 1.530032 0.028383
v 0.037229 1.528979 0.026827
v 0.035431 1.527777 0.025671
v 0.033480 1.526474 0.024960
v 0.037937 1.527805 0.047521
v 0.039622 1.528503 0.046071
v 0.041059 1.529098 0.044176
v 0.042127 1.529540 0.042013
v 0.042785 1.529813 0.039667
v 0.043007 1.529904 0.037227
v 0.042785 1.529813 0.034787
v 0.042127 1.529540 0.032441
v 0.041059 1.529098 0.030278
v 0.039622 1.528503 0.028383
v 0.037871 1.527777 0.026827
v 0.035873 1.526950 0.025671
v 0.033705 1.526052 0.024960
v 0.038337 1.526488 0.047521
v 0.040125 1.526843 0.046071
v 0.041651 1.527147 0.044176
v 0.042785 1.527372 0.042014
v 0.043483 1.527511 0.039667
v 0.043718 1.527558 0.037227
v 0.043483 1.527511 0.034787
v 0.042785 1.527372 0.032441
v 0.041651 1.527147 0.030278
v 0.040125 1.526843 0.028383
v 0.038266 1.526474 0.026827
v 0.036146 1.526052 0.025671
v 0.033844 1.525594 0.024960
v 0.038472 1.525118 0.047521
v 0.040295 1.525118 0.046071
v 0.041851 1.525118 0.044176
v 0.043007 1.525118 0.042014
v 0.043718 1.525118 0.039667
v 0.043959 1.525118 0.037227
v 0.043718 1.525118 0.034787
v 0.043007 1.525118 0.032441
v 0.041851 1.525118 0.030278
v 0.040295 1.525118 0.028383
v 0.038400 1.525118 0.026827
v 0.036238 1.525118 0.025671
v 0.033891 1.525118 0.024960
v 0.038337 1.523748 0.047521
v 0.040125 1.523393 0.046071
v 0.041651 1.523089 0.044176
v 0.042785 1.522864 0.042014
v 0.043483 1.522725 0.039667
v 0.043718 1.522678 0.037227
v 0.043483 1.522725 0.034787
v 0.042785 1.522864 0.032441
v 0.041651 1.523089 0.030278
v 0.040125 1.523393 0.028383
v 0.038266 1.523762 0.026827
v 0.036146 1.524184 0.025671
v 0.033844 1.524642 0.024960
v 0.037937 1.522431 0.047521
v 0.039622 1.521733 0.046071
v 0.041059 1.521138 0.044176
v 0.042127 1.520696 0.042014
v 0.042785 1.520423 0.039667
v 0.043007 1.520331 0.037227
v 0.042785 1.520423 0.034787
v 0.042127 1.520696 0.032441
v 0.041059 1.521138 0.030278
v 0.039622 1.521733 0.028383
v 0.037871 1.522459 0.026827
v 0.035873 1.523286 0.025671
v 0.033705 1.524184 0.024960
v 0.037289 1.521217 0.047521
v 0.038805 1.520204 0.046071
v 0.040098 1.519340 0.044176
v 0.041059 1.518698 0.042014
v 0.041651 1.518303 0.039667
v 0.041851 1.518169 0.037227
v 0.041651 1.518303 0.034787
v 0.041059 1.518698 0.032441
v 0.040098 1.519340 0.030278
v 0.038805 1.520204 0.028383
v 0.037229 1.521257 0.026827
v 0.035431 1.522459 0.025671
v 0.033480 1.523762 0.024960
v 0.036416 1.520153 0.047521
v 0.037705 1.518864 0.046071
v 0.038805 1.517764 0.044176
v 0.039622 1.516947 0.042014
v 0.040125 1.516444 0.039667
v 0.040295 1.516274 0.037227
v 0.040125 1.516444 0.034787
v 0.039622 1.516947 0.032441
v 0.038805 1.517764 0.030278
v 0.037705 1.518864 0.028383
v 0.036365 1.520204 0.026827
v 0.034836 1.521733 0.025671
v 0.033176 1.523393 0.024960
v 0.035352 1.519280 0.047521
v 0.036365 1.517764 0.046071
v 0.037229 1.516471 0.044176
v 0.037871 1.515510 0.042014
v 0.038266 1.514918 0.039667
v 0.038400 1.514718 0.037227
v 0.038266 1.514918 0.034787
v 0.037871 1.515510 0.032441
v 0.037229 1.516471 0.030278
v 0.036365 1.517764 0.028383
v 0.035312 1.519340 0.026827
v 0.034110 1.521138 0.025671
v 0.032807 1.523089 0.024960
v 0.031451 1.525118 0.024719
v 0.034138 1.518632 0.047521
v 0.034836 1.516947 0.046071
v 0.035431 1.515510 0.044176
v 0.035873 1.514442 0.042014
v 0.036146 1.513784 0.039667
v 0.036238 1.513562 0.037227
v 0.036146 1.513784 0.034787
v 0.035873 1.514442 0.032441
v 0.035431 1.515510 0.030278
v 0.034836 1.516947 0.028383
v 0.034110 1.518698 0.026827
v 0.033283 1.520696 0.025671
v 0.032385 1.522864 0.024960
v 0.032821 1.518232 0.047521
v 0.033176 1.516444 0.046071
v 0.033480 1.514918 0.044176
v 0.033705 1.513784 0.042014
v 0.033844 1.513086 0.039667
v 0.033891 1.512851 0.037227
v 0.033844 1.513086 0.034787
v 0.033705 1.513784 0.032441
v 0.033480 1.514918 0.030278
v 0.033176 1.516444 0.028383
v 0.032807 1.518303 0.026827
v 0.032385 1.520423 0.025671
v 0.031927 1.522725 0.024960
v 0.031451 1.518097 0.047521
v 0.031451 1.516274 0.046071
v 0.031451 1.514718 0.044176
v 0.031451 1.513562 0.042014
v 0.031451 1.512851 0.039667
v 0.031451 1.512610 0.037227
v 0.031451 1.512851 0.034787
v 0.031451 1.513562 0.032441
v 0.031451 1.514718 0.030278
v 0.031451 1.516274 0.028383
v 0.031451 1.518169 0.026827
v 0.031451 1.520332 0.025671
v 0.031451 1.522678 0.024960
v 0.030081 1.518232 0.047521
v 0.029726 1.516444 0.046071
v 0.029422 1.514918 0.044176
v 0.029197 1.513784 0.042014
v 0.029058 1.513086 0.039667
v 0.029011 1.512851 0.037227
v 0.029058 1.513086 0.034787
v 0.029197 1.513784 0.032441
v 0.029422 1.514918 0.030278
v 0.029726 1.516444 0.028383
v 0.030095 1.518303 0.026827
v 0.030517 1.520423 0.025671
v 0.030975 1.522725 0.024960
v 0.028764 1.518632 0.047521
v 0.028066 1.516947 0.046071
v 0.027471 1.515510 0.044176
v 0.027029 1.514442 0.042014
v 0.026756 1.513784 0.039667
v 0.026665 1.513562 0.037227
v 0.026756 1.513784 0.034787
v 0.027029 1.514442 0.032441
v 0.027471 1.515510 0.030278
v 0.028066 1.516947 0.028383
v 0.028792 1.518698 0.026827
v 0.029619 1.520696 0.025671
v 0.030517 1.522864 0.024960
v 0.027550 1.519280 0.047521
v 0.026537 1.517764 0.046071
v 0.025673 1.516471 0.044176
v 0.025031 1.515510 0.042014
v 0.024636 1.514918 0.039667
v 0.024502 1.514718 0.037227
v 0.024636 1.514918 0.034787
v 0.025031 1.515510 0.032441
v 0.025673 1.516471 0.030278
v 0.026537 1.517764 0.028383
v 0.027590 1.519340 0.026827
v 0.028792 1.521138 0.025671
v 0.030095 1.523089 0.024960
v 0.026486 1.520153 0.047521
v 0.025197 1.518864 0.046071
v 0.024097 1.517764 0.044176
v 0.023280 1.516947 0.042014
v 0.022777 1.516444 0.039667
v 0.022607 1.516274 0.037227
v 0.022777 1.516444 0.034787
v 0.023280 1.516947 0.032441
v 0.024097 1.517764 0.030278
v 0.025197 1.518864 0.028383
v 0.026537 1.520204 0.026827
v 0.028066 1.521733 0.025671
v 0.029726 1.523393 0.024960
v 0.025613 1.521217 0.047521
v 0.024097 1.520204 0.046071
v 0.022804 1.519340 0.044176
v 0.021843 1.518698 0.042014
v 0.021251 1.518303 0.039667
v 0.021051 1.518169 0.037227
v 0.021251 1.518303 0.034787
v 0.021843 1.518698 0.032441
v 0.022804 1.519340 0.030278
v 0.024097 1.520204 0.028383
v 0.025673 1.521257 0.026827
v 0.027471 1.522459 0.025671
v 0.029422 1.523762 0.024960
v 0.024965 1.522431 0.047521
v 0.023280 1.521733 0.046071
v 0.021843 1.521138 0.044176
v 0.020775 1.520696 0.042014
v 0.020117 1.520423 0.039667
v 0.019895 1.520332 0.037227
v 0.020117 1.520423 0.034787
v 0.020775 1.520696 0.032441
v 0.021843 1.521138 0.030278
v 0.023280 1.521733 0.028383
v 0.025031 1.522459 0.026827
v 0.027029 1.523286 0.025671
v 0.029197 1.524184 0.024960
v 0.024565 1.523748 0.047521
v 0.022777 1.523393 0.046071
v 0.021251 1.523089 0.044176
v 0.020117 1.522864 0.042014
v 0.019419 1.522725 0.039667
v 0.019184 1.522678 0.037227
v 0.019419 1.522725 0.034787
v 0.020117 1.522864 0.032441
v 0.021251 1.523089 0.030278
v 0.022777 1.523393 0.028383
v 0.024636 1.523762 0.026827
v 0.026756 1.524184 0.025671
v 0.029058 1.524642 0.024960
v -0.033078 1.525118 0.050617
v -0.034642 1.525118 0.050142
v -0.036084 1.525118 0.049372
v -0.037293 1.525118 0.048376
v -0.033047 1.525435 0.050617
v -0.034581 1.525741 0.050142
v -0.035995 1.526022 0.049372
v -0.037180 1.526258 0.048376
v -0.032954 1.525741 0.050617
v -0.034399 1.526339 0.050142
v -0.035731 1.526891 0.049372
v -0.036848 1.527353 0.048376
v -0.032804 1.526022 0.050617
v -0.034104 1.526891 0.050142
v -0.035303 1.527692 0.049372
v -0.036308 1.528363 0.048376
v -0.032601 1.526268 0.050617
v -0.033707 1.527374 0.050142
v -0.034727 1.528394 0.049372
v -0.035582 1.529249 0.048376
v -0.032355 1.526471 0.050617
v -0.033224 1.527771 0.050142
v -0.034025 1.528970 0.049372
v -0.034696 1.529975 0.048376
v -0.032074 1.526621 0.050617
v -0.032672 1.528066 0.050142
v -0.033224 1.529398 0.049372
v -0.033686 1.530515 0.048376
v -0.031768 1.526714 0.050617
v -0.032074 1.528248 0.050142
v -0.032355 1.529662 0.049372
v -0.032591 1.530847 0.048376
v -0.031451 1.526745 0.050617
v -0.031451 1.528309 0.050142
v -0.031451 1.529751 0.049372
v -0.031451 1.530960 0.048376
v -0.031134 1.526714 0.050617
v -0.030828 1.528248 0.050142
v -0.030547 1.529662 0.049372
v -0.030311 1.530847 0.048376
v -0.030828 1.526621 0.050617
v -0.030230 1.528066 0.050142
v -0.029678 1.529398 0.049372
v -0.029216 1.530515 0.048376
v -0.030547 1.526471 0.050617
v -0.029678 1.527771 0.050142
v -0.028877 1.528970 0.049372
v -0.028206 1.529975 0.048376
v -0.030301 1.526268 0.050617
v -0.029195 1.527374 0.050142
v -0.028175 1.528394 0.049372
v -0.027320 1.529249 0.048376
v -0.030098 1.526022 0.050617
v -0.028798 1.526891 0.050142
v -0.027599 1.527692 0.049372
v -0.026594 1.528363 0.048376
v -0.029948 1.525741 0.050617
v -0.028503 1.526339 0.050142
v -0.027171 1.526891 0.049372
v -0.026054 1.527353 0.048376
v -0.029856 1.525435 0.050617
v -0.028321 1.525741 0.050142
v -0.026907 1.526022 0.049372
v -0.025722 1.526258 0.048376
v -0.029824 1.525118 0.050617
v -0.028260 1.525118 0.050142
v -0.026818 1.525118 0.049372
v -0.025609 1.525118 0.048376
v -0.029856 1.524801 0.050617
v -0.028321 1.524495 0.050142
v -0.026907 1.524214 0.049372
v -0.025722 1.523978 0.048376
v -0.029948 1.524495 0.050617
v -0.028503 1.523897 0.050142
v -0.027171 1.523345 0.049372
v -0.026054 1.522883 0.048376
v -0.030098 1.524214 0.050617
v -0.028798 1.523345 0.050142
v -0.027599 1.522544 0.049372
v -0.026594 1.521873 0.048376
v -0.030301 1.523968 0.050617
v -0.029195 1.522862 0.050142
v -0.028175 1.521842 0.049372
v -0.027320 1.520987 0.048376
v -0.030547 1.523765 0.050617
v -0.029678 1.522465 0.050142
v -0.028877 1.521266 0.049372
v -0.028206 1.520261 0.048376
v -0.030828 1.523615 0.050617
v -0.030230 1.522170 0.050142
v -0.029678 1.520838 0.049372
v -0.029216 1.519721 0.048376
v -0.031134 1.523522 0.050617
v -0.030828 1.521988 0.050142
v -0.030547 1.520574 0.049372
v -0.030311 1.519389 0.048376
v -0.031451 1.523491 0.050617
v -0.031451 1.521927 0.050142
v -0.031451 1.520485 0.049372
v -0.031451 1.519276 0.048376
v -0.031768 1.523522 0.050617
v -0.032074 1.521988 0.050142
v -0.032355 1.520574 0.049372
v -0.032591 1.519389 0.048376
v -0.032074 1.523615 0.050617
v -0.032672 1.522170 0.050142
v -0.033224 1.520838 0.049372
v -0.033686 1.519721 0.048376
v -0.032355 1.523765 0.050617
v -0.033224 1.522465 0.050142
v -0.034025 1.521266 0.049372
v -0.034696 1.520261 0.048376
v -0.032601 1.523968 0.050617
v -0.033707 1.522862 0.050142
v -0.034727 1.521842 0.049372
v -0.035582 1.520987 0.048376
v -0.032804 1.524214 0.050617
v -0.034104 1.523345 0.050142
v -0.035303 1.522544 0.049372
v -0.036308 1.521873 0.048376
v -0.031451 1.525118 0.050777
v -0.032954 1.524495 0.050617
v -0.034399 1.523897 0.050142
v -0.035731 1.523345 0.049372
v -0.036848 1.522883 0.048376
v -0.033047 1.524801 0.050617
v -0.034581 1.524495 0.050142
v -0.035995 1.524214 0.049372
v -0.037180 1.523978 0.048376
v -0.038472 1.525118 0.047521
v -0.040295 1.525118 0.046071
v -0.041851 1.525118 0.044176
v -0.043007 1.525118 0.042014
v -0.043718 1.525118 0.039667
v -0.043959 1.525118 0.037227
v -0.043718 1.525118 0.034787
v -0.043007 1.525118 0.032441
v -0.041851 1.525118 0.030278
v -0.040295 1.525118 0.028383
v -0.038400 1.525118 0.026827
v -0.036238 1.525118 0.025671
v -0.033891 1.525118 0.024960
v -0.038337 1.526488 0.047521
v -0.040125 1.526843 0.046071
v -0.041651 1.527147 0.044176
v -0.042785 1.527372 0.042014
v -0.043483 1.527511 0.039667
v -0.043718 1.527558 0.037227
v -0.043483 1.527511 0.034787
v -0.042785 1.527372 0.032441
v -0.041651 1.527147 0.030278
v -0.040125 1.526843 0.028383
v -0.038266 1.526474 0.026827
v -0.036146 1.526052 0.025671
v -0.033844 1.525594 0.024960
v -0.037937 1.527805 0.047521
v -0.039622 1.528503 0.046071
v -0.041059 1.529098 0.044176
v -0.042127 1.529540 0.042013
v -0.042785 1.529813 0.039667
v -0.043007 1.529904 0.037227
v -0.042785 1.529813 0.034787
v -0.042127 1.529540 0.032441
v -0.041059 1.529098 0.030278
v -0.039622 1.528503 0.028383
v -0.037871 1.527777 0.026827
v -0.035873 1.526950 0.025671
v -0.033705 1.526052 0.024960
v -0.037289 1.529019 0.047521
v -0.038805 1.530032 0.046071
v -0.040098 1.530896 0.044176
v -0.041059 1.531538 0.042013
v -0.041651 1.531933 0.039667
v -0.041851 1.532067 0.037227
v -0.041651 1.531933 0.034787
v -0.041059 1.531538 0.032441
v -0.040098 1.530896 0.030278
v -0.038805 1.530032 0.028383
v -0.037229 1.528979 0.026827
v -0.035431 1.527777 0.025671
v -0.033480 1.526474 0.024960
v -0.036416 1.530083 0.047521
v -0.037705 1.531372 0.046071
v -0.038805 1.532472 0.044176
v -0.039622 1.533289 0.042013
v -0.040125 1.533792 0.039667
v -0.040295 1.533962 0.037227
v -0.040125 1.533792 0.034787
v -0.039622 1.533289 0.032441
v -0.038805 1.532472 0.030278
v -0.037705 1.531372 0.028383
v -0.036365 1.530032 0.026827
v -0.034836 1.528503 0.025671
v -0.033176 1.526843 0.024960
v -0.035352 1.530956 0.047521
v -0.036365 1.532472 0.046071
v -0.037229 1.533765 0.044176
v -0.037871 1.534726 0.042013
v -0.038266 1.535318 0.039667
v -0.038400 1.535518 0.037227
v -0.038266 1.535318 0.034787
v -0.037871 1.534726 0.032441
v -0.037229 1.533765 0.030278
v -0.036365 1.532472 0.028383
v -0.035312 1.530896 0.026827
v -0.034110 1.529098 0.025671
v -0.032807 1.527147 0.024960
v -0.034138 1.531604 0.047521
v -0.034836 1.533289 0.046071
v -0.035431 1.534726 0.044176
v -0.035873 1.535794 0.042013
v -0.036146 1.536452 0.039667
v -0.036238 1.536674 0.037227
v -0.036146 1.536452 0.034787
v -0.035873 1.535794 0.032441
v -0.035431 1.534726 0.030278
v -0.034836 1.533289 0.028383
v -0.034110 1.531538 0.026827
v -0.033283 1.529540 0.025671
v -0.032385 1.527372 0.024960
v -0.032821 1.532004 0.047521
v -0.033176 1.533792 0.046071
v -0.033480 1.535318 0.044176
v -0.033705 1.536452 0.042013
v -0.033844 1.537150 0.039667
v -0.033891 1.537385 0.037227
v -0.033844 1.537150 0.034787
v -0.033705 1.536452 0.032441
v -0.033480 1.535318 0.030278
v -0.033176 1.533792 0.028383
v -0.032807 1.531933 0.026827
v -0.032385 1.529813 0.025671
v -0.031927 1.527511 0.024960
v -0.031451 1.532139 0.047521
v -0.031451 1.533962 0.046071
v -0.031451 1.535518 0.044176
v -0.031451 1.536674 0.042013
v -0.031451 1.537385 0.039667
v -0.031451 1.537626 0.037227
v -0.031451 1.537385 0.034787
v -0.031451 1.536674 0.032441
v -0.031451 1.535518 0.030278
v -0.031451 1.533962 0.028383
v -0.031451 1.532067 0.026827
v -0.031451 1.529905 0.025671
v -0.031451 1.527558 0.024960
v -0.030081 1.532004 0.047521
v -0.029726 1.533792 0.046071
v -0.029422 1.535318 0.044176
v -0.029197 1.536452 0.042013
v -0.029058 1.537150 0.039667
v -0.029011 1.537385 0.037227
v -0.029058 1.537150 0.034787
v -0.029197 1.536452 0.032441
v -0.029422 1.535318 0.030278
v -0.029726 1.533792 0.028383
v -0.030095 1.531933 0.026827
v -0.030517 1.529813 0.025671
v -0.030975 1.527511 0.024960
v -0.028764 1.531604 0.047521
v -0.028066 1.533289 0.046071
v -0.027471 1.534726 0.044176
v -0.027029 1.535794 0.042013
v -0.026756 1.536452 0.039667
v -0.026665 1.536674 0.037227
v -0.026756 1.536452 0.034787
v -0.027029 1.535794 0.032441
v -0.027471 1.534726 0.030278
v -0.028066 1.533289 0.028383
v -0.028792 1.531538 0.026827
v -0.029619 1.529540 0.025671
v -0.030517 1.527372 0.024960
v -0.027550 1.530956 0.047521
v -0.026537 1.532472 0.046071
v -0.025673 1.533765 0.044176
v -0.025031 1.534726 0.042013
v -0.024636 1.535318 0.039667
v -0.024502 1.535518 0.037227
v -0.024636 1.535318 0.034787
v -0.025031 1.534726 0.032441
v -0.025673 1.533765 0.030278
v -0.026537 1.532472 0.028383
v -0.027590 1.530896 0.026827
v -0.028792 1.529098 0.025671
v -0.030095 1.527147 0.024960
v -0.026486 1.530083 0.047521
v -0.025197 1.531372 0.046071
v -0.024097 1.532472 0.044176
v -0.023280 1.533289 0.042013
v -0.022777 1.533792 0.039667
v -0.022607 1.533962 0.037227
v -0.022777 1.533792 0.034787
v -0.023280 1.533289 0.032441
v -0.024097 1.532472 0.030278
v -0.025197 1.531372 0.028383
v -0.026537 1.530032 0.026827
v -0.028066 1.528503 0.025671
v -0.029726 1.526843 0.024960
v -0.025613 1.529019 0.047521
v -0.024097 1.530032 0.046071
v -0.022804 1.530896 0.044176
v -0.021843 1.531538 0.042013
v -0.021251 1.531933 0.039667
v -0.021051 1.532067 0.037227
v -0.021251 1.531933 0.034787
v -0.021843 1.531538 0.032441
v -0.022804 1.530896 0.030278
v -0.024097 1.530032 0.028383
v -0.025673 1.528979 0.026827
v -0.027471 1.527777 0.025671
v -0.029422 1.526474 0.024960
v -0.024965 1.527805 0.047521
v -0.023280 1.528503 0.046071
v -0.021843 1.529098 0.044176
v -0.020775 1.529540 0.042013
v -0.020117 1.529813 0.039667
v -0.019895 1.529905 0.037227
v -0.020117 1.529813 0.034787
v -0.020775 1.529540 0.032441
v -0.021843 1.529098 0.030278
v -0.023280 1.528503 0.028383
v -0.025031 1.527777 0.026827
v -0.027029 1.526950 0.025671
v -0.029197 1.526052 0.024960
v -0.024565 1.526488 0.047521
v -0.022777 1.526843 0.046071
v -0.021251 1.527147 0.044176
v -0.020117 1.527372 0.042014
v -0.019419 1.527511 0.039667
v -0.019184 1.527558 0.037227
v -0.019419 1.527511 0.034787
v -0.020117 1.527372 0.032441
v -0.021251 1.527147 0.030278
v -0.022777 1.526843 0.028383
v -0.024636 1.526474 0.026827
v -0.026756 1.526052 0.025671
v -0.029058 1.525594 0.024960
v -0.024430 1.525118 0.047521
v -0.022607 1.525118 0.046071
v -0.021051 1.525118 0.044176
v -0.019895 1.525118 0.042014
v -0.019184 1.525118 0.039667
v -0.018943 1.525118 0.037227
v -0.019184 1.525118 0.034787
v -0.019895 1.525118 0.032441
v -0.021051 1.525118 0.030278
v -0.022607 1.525118 0.028383
v -0.024502 1.525118 0.026827
v -0.026665 1.525118 0.025671
v -0.029011 1.525118 0.024960
v -0.024565 1.523748 0.047521
v -0.022777 1.523393 0.046071
v -0.021251 1.523089 0.044176
v -0.020117 1.522864 0.042014
v -0.019419 1.522725 0.039667
v -0.019184 1.522678 0.037227
v -0.019419 1.522725 0.034787
v -0.020117 1.522864 0.032441
v -0.021251 1.523089 0.030278
v -0.022777 1.523393 0.028383
v -0.024636 1.523762 0.026827
v -0.026756 1.524184 0.025671
v -0.029058 1.524642 0.024960
v -0.024965 1.522431 0.047521
v -0.023280 1.521733 0.046071
v -0.021843 1.521138 0.044176
v -0.020775 1.520696 0.042014
v -0.020117 1.520423 0.039667
v -0.019895 1.520332 0.037227
v -0.020117 1.520423 0.034787
v -0.020775 1.520696 0.032441
v -0.021843 1.521138 0.030278
v -0.023280 1.521733 0.028383
v -0.025031 1.522459 0.026827
v -0.027029 1.523286 0.025671
v -0.029197 1.524184 0.024960
v -0.025613 1.521217 0.047521
v -0.024097 1.520204 0.046071
v -0.022804 1.519340 0.044176
v -0.021843 1.518698 0.042014
v -0.021251 1.518303 0.039667
v -0.021051 1.518169 0.037227
v -0.021251 1.518303 0.034787
v -0.021843 1.518698 0.032441
v -0.022804 1.519340 0.030278
v -0.024097 1.520204 0.028383
v -0.025673 1.521257 0.026827
v -0.027471 1.522459 0.025671
v -0.029422 1.523762 0.024960
v -0.026486 1.520153 0.047521
v -0.025197 1.518864 0.046071
v -0.024097 1.517764 0.044176
v -0.023280 1.516947 0.042014
v -0.022777 1.516444 0.039667
v -0.022607 1.516274 0.037227
v -0.022777 1.516444 0.034787
v -0.023280 1.516947 0.032441
v -0.024097 1.517764 0.030278
v -0.025197 1.518864 0.028383
v -0.026537 1.520204 0.026827
v -0.028066 1.521733 0.025671
v -0.029726 1.523393 0.024960
v -0.027550 1.519280 0.047521
v -0.026537 1.517764 0.046071
v -0.025673 1.516471 0.044176
v -0.025031 1.515510 0.042014
v -0.024636 1.514918 0.039667
v -0.024502 1.514718 0.037227
v -0.024636 1.514918 0.034787
v -0.025031 1.515510 0.032441
v -0.025673 1.516471 0.030278
v -0.026537 1.517764 0.028383
v -0.027590 1.519340 0.026827
v -0.028792 1.521138 0.025671
v -0.030095 1.523089 0.024960
v -0.031451 1.525118 0.024719
v -0.028764 1.518632 0.047521
v -0.028066 1.516947 0.046071
v -0.027471 1.515510 0.044176
v -0.027029 1.514442 0.042014
v -0.026756 1.513784 0.039667
v -0.026665 1.513562 0.037227
v -0.026756 1.513784 0.034787
v -0.027029 1.514442 0.032441
v -0.027471 1.515510 0.030278
v -0.028066 1.516947 0.028383
v -0.028792 1.518698 0.026827
v -0.029619 1.520696 0.025671
v -0.030517 1.522864 0.024960
v -0.030081 1.518232 0.047521
v -0.029726 1.516444 0.046071
v -0.029422 1.514918 0.044176
v -0.029197 1.513784 0.042014
v -0.029058 1.513086 0.039667
v -0.029011 1.512851 0.037227
v -0.029058 1.513086 0.034787
v -0.029197 1.513784 0.032441
v -0.029422 1.514918 0.030278
v -0.029726 1.516444 0.028383
v -0.030095 1.518303 0.026827
v -0.030517 1.520423 0.025671
v -0.030975 1.522725 0.024960
v -0.031451 1.518097 0.047521
v -0.031451 1.516274 0.046071
v -0.031451 1.514718 0.044176
v -0.031451 1.513562 0.042014
v -0.031451 1.512851 0.039667
v -0.031451 1.512610 0.037227
v -0.031451 1.512851 0.034787
v -0.031451 1.513562 0.032441
v -0.031451 1.514718 0.030278
v -0.031451 1.516274 0.028383
v -0.031451 1.518169 0.026827
v -0.031451 1.520332 0.025671
v -0.031451 1.522678 0.024960
v -0.032821 1.518232 0.047521
v -0.033176 1.516444 0.046071
v -0.033480 1.514918 0.044176
v -0.033705 1.513784 0.042014
v -0.033844 1.513086 0.039667
v -0.033891 1.512851 0.037227
v -0.033844 1.513086 0.034787
v -0.033705 1.513784 0.032441
v -0.033480 1.514918 0.030278
v -0.033176 1.516444 0.028383
v -0.032807 1.518303 0.026827
v -0.032385 1.520423 0.025671
v -0.031927 1.522725 0.024960
v -0.034138 1.518632 0.047521
v -0.034836 1.516947 0.046071
v -0.035431 1.515510 0.044176
v -0.035873 1.514442 0.042014
v -0.036146 1.513784 0.039667
v -0.036238 1.513562 0.037227
v -0.036146 1.513784 0.034787
v -0.035873 1.514442 0.032441
v -0.035431 1.515510 0.030278
v -0.034836 1.516947 0.028383
v -0.034110 1.518698 0.026827
v -0.033283 1.520696 0.025671
v -0.032385 1.522864 0.024960
v -0.035352 1.519280 0.047521
v -0.036365 1.517764 0.046071
v -0.037229 1.516471 0.044176
v -0.037871 1.515510 0.042014
v -0.038266 1.514918 0.039667
v -0.038400 1.514718 0.037227
v -0.038266 1.514918 0.034787
v -0.037871 1.515510 0.032441
v -0.037229 1.516471 0.030278
v -0.036365 1.517764 0.028383
v -0.035312 1.519340 0.026827
v -0.034110 1.521138 0.025671
v -0.032807 1.523089 0.024960
v -0.036416 1.520153 0.047521
v -0.037705 1.518864 0.046071
v -0.038805 1.517764 0.044176
v -0.039622 1.516947 0.042014
v -0.040125 1.516444 0.039667
v -0.040295 1.516274 0.037227
v -0.040125 1.516444 0.034787
v -0.039622 1.516947 0.032441
v -0.038805 1.517764 0.030278
v -0.037705 1.518864 0.028383
v -0.036365 1.520204 0.026827
v -0.034836 1.521733 0.025671
v -0.033176 1.523393 0.024960
v -0.037289 1.521217 0.047521
v -0.038805 1.520204 0.046071
v -0.040098 1.519340 0.044176
v -0.041059 1.518698 0.042014
v -0.041651 1.518303 0.039667
v -0.041851 1.518169 0.037227
v -0.041651 1.518303 0.034787
v -0.041059 1.518698 0.032441
v -0.040098 1.519340 0.030278
v -0.038805 1.520204 0.028383
v -0.037229 1.521257 0.026827
v -0.035431 1.522459 0.025671
v -0.033480 1.523762 0.024960
v -0.037937 1.522431 0.047521
v -0.039622 1.521733 0.046071
v -0.041059 1.521138 0.044176
v -0.042127 1.520696 0.042014
v -0.042785 1.520423 0.039667
v -0.043007 1.520331 0.037227
v -0.042785 1.520423 0.034787
v -0.042127 1.520696 0.032441
v -0.041059 1.521138 0.030278
v -0.039622 1.521733 0.028383
v -0.037871 1.522459 0.026827
v -0.035873 1.523286 0.025671
v -0.033705 1.524184 0.024960
v -0.038337 1.523748 0.047521
v -0.040125 1.523393 0.046071
v -0.041651 1.523089 0.044176
v -0.042785 1.522864 0.042014
v -0.043483 1.522725 0.039667
v -0.043718 1.522678 0.037227
v -0.043483 1.522725 0.034787
v -0.042785 1.522864 0.032441
v -0.041651 1.523089 0.030278
v -0.040125 1.523393 0.028383
v -0.038266 1.523762 0.026827
v -0.036146 1.524184 0.025671
v -0.033844 1.524642 0.024960
vn 0.2419 0.0965 -0.9655
vn 0.9866 0.1616 0.0209
vn 0.7422 -0.0082 -0.6701
vn 0.5384 0.1828 0.8226
vn 0.9955 0.0946 0.0059
vn 0.0022 0.2270 0.9739
vn 0.5652 0.1809 0.8049
vn -0.2419 0.0965 -0.9655
vn -0.9866 0.1616 0.0209
vn 0.6398 -0.3278 0.6951
vn -0.6331 -0.3870 -0.6704
vn 0.7883 0.1129 0.6049
vn -0.1913 -0.2413 -0.9514
vn 0.9500 0.0379 0.3100
vn 0.4225 0.3647 -0.8297
vn 0.8274 0.2227 0.5155
vn 0.9213 -0.3294 0.2068
vn 0.9214 -0.1762 0.3463
vn 0.8322 0.0105 0.5544
vn -0.4514 -0.8681 0.2066
vn -0.3126 0.2604 -0.9135
vn 0.7121 -0.0908 0.6962
vn 0.8531 0.1377 0.5032
vn -0.3792 -0.4445 -0.8116
vn -0.0035 -0.6281 0.7781
vn 0.5411 -0.3985 0.7406
vn 0.8958 0.1116 0.4302
vn 0.9944 0.0966 -0.0427
vn -0.8902 -0.0794 0.4486
vn 0.8965 -0.4229 0.1318
vn 0.1995 -0.6821 -0.7035
vn 0.6401 0.0368 0.7675
vn 0.3543 -0.8065 -0.4734
vn 0.9708 0.1841 0.1538
vn 0.9981 -0.0618 -0.0040
vn 0.4134 -0.0219 -0.9103
vn 0.8649 0.3115 0.3936
vn 0.1434 -0.4777 -0.8667
vn 0.9929 0.0972 0.0684
vn -0.3483 0.9347 0.0703
vn 0.2744 -0.3262 -0.9046
vn 0.6449 -0.4498 -0.6179
vn 0.4936 0.7157 -0.4941
vn 0.7968 -0.4780 -0.3697
vn 0.9260 -0.3616 0.1089
vn 0.8009 -0.4127 0.4338
vn 0.0237 0.1515 -0.9882
vn 0.9114 -0.0103 0.4115
vn -0.0347 -0.6060 -0.7947
vn 0.3625 -0.8886 0.2811
vn -0.5641 -0.6998 0.4383
vn 0.4091 -0.3694 0.8344
vn 0.7077 -0.2064 0.6757
vn 0.8661 -0.2978 0.4015
vn 0.5117 -0.2516 0.8215
vn 0.9586 -0.2846 -0.0057
vn -0.7906 -0.0925 -0.6053
vn -0.0072 -0.0135 -0.9999
vn 0.9088 -0.3180 0.2700
vn 0.4472 0.0080 0.8944
vn -0.0632 -0.8479 -0.5263
vn 0.3168 -0.9237 0.2153
vn -0.0252 -0.1790 -0.9835
vn -0.0295 -0.9116 -0.4101
vn 0.7758 -0.4500 0.4423
vn 0.9715 0.1773 0.1571
vn -0.5051 0.8631 -0.0040
vn 0.7763 -0.2399 0.5829
vn 0.7733 0.0271 0.6335
vn -0.5785 -0.4134 -0.7032
vn 0.6664 0.4383 0.6031
vn -0.0255 -0.6792 0.7335
vn -0.6249 -0.2596 -0.7363
vn 0.9950 -0.0669 0.0748
vn -0.9098 -0.2669 0.3178
vn 0.8432 -0.2108 0.4946
vn 0.8537 -0.1971 0.4820
vn -0.2729 0.3370 0.9011
vn 0.6770 -0.1136 0.7272
vn 0.3586 -0.2232 -0.9064
vn -0.8636 -0.4515 0.2245
vn 0.8067 -0.1608 0.5686
vn 0.2971 0.1950 0.9347
vn 0.6467 0.0072 0.7627
vn 0.7775 -0.2776 0.5643
vn 0.4435 0.3009 0.8442
vn 0.5567 0.6959 -0.4536
vn 0.1810 -0.0391 -0.9827
vn -0.0923 -0.7787 0.6205
vn 0.1898 0.9795 -0.0673
vn 0.3449 -0.7893 0.5080
vn 0.8640 -0.2173 0.4541
vn 0.1706 -0.1218 -0.9778
vn 0.6140 0.1148 0.7809
vn 0.9884 -0.1467 0.0398
vn 0.9533 -0.1898 -0.2348
vn 0.0955 -0.7237 -0.6835
vn 0.9484 0.0523 0.3128
vn -0.0364 -0.1287 0.9910
vn 0.1122 -0.5746 -0.8107
vn 0.1736 0.4790 -0.8605
vn 0.6910 0.4863 0.5348
vn -0.1812 -0.3575 -0.9162
vn 0.4375 -0.2316 0.8689
vn 0.9494 -0.2858 -0.1303
vn 0.8884 -0.0651 0.4544
vn -0.5281 0.1074 -0.8423
vn -0.5604 -0.4649 -0.6854
vn 0.8890 -0.1474 0.4336
vn 0.9965 0.0416 -0.0722
vn -0.1824 -0.1434 0.9727
vn 0.3978 -0.2155 -0.8918
vn 0.0079 0.9147 0.4040
vn -0.5128 0.4029 -0.7581
vn 0.0526 0.8373 -0.5441
vn -0.2185 -0.2770 -0.9357
vn 0.7882 0.0537 0.6131
vn 0.2747 -0.0196 -0.9613
vn 0.0618 -0.7097 -0.7018
vn 0.6550 -0.1754 0.7350
vn 0.6866 -0.5474 0.4784
vn 0.8278 -0.3581 0.4319
vn -0.5787 -0.6498 -0.4929
vn -0.1206 0.0340 0.9921
vn 0.8607 -0.4368 -0.2616
vn -0.1843 -0.9777 -0.1004
vn -0.6881 -0.1003 0.7186
vn 0.4808 0.6128 0.6271
vn 0.2630 0.3697 0.8912
vn -0.7340 0.0261 -0.6787
vn 0.6586 0.3500 0.6661
vn 0.6364 -0.3873 0.6670
vn 0.3211 -0.1252 0.9387
vn 0.9905 0.0534 -0.1266
vn 0.4444 0.5857 -0.6779
vn 0.8611 0.0401 0.5069
vn 0.9749 0.0005 0.2228
vn 0.9982 -0.0410 0.0436
vn 0.7153 0.0620 0.6961
vn 0.6975 -0.5629 -0.4435
vn 0.7755 0.1540 0.6123
vn -0.0058 -0.8530 0.5219
vn 0.9304 0.1985 0.3081
vn -0.1703 -0.0502 0.9841
vn 0.8480 -0.3432 -0.4039
vn 0.9234 -0.0419 0.3815
vn 0.9697 -0.0246 0.2430
vn 0.5291 -0.1995 0.8248
vn 0.6416 0.1364 0.7549
vn 0.7530 0.3084 0.5813
vn 0.8899 0.0817 0.4487
vn 0.6759 0.5760 0.4598
vn -0.8873 -0.2245 0.4029
vn 0.9515 -0.1958 -0.2372
vn 0.6558 0.1664 0.7364
vn 0.6439 -0.3890 0.6588
vn -0.3347 -0.9341 -0.1240
vn 0.2638 -0.4163 0.8701
vn 0.2218 0.4828 0.8472
vn 0.8971 0.1001 -0.4304
vn -0.1123 -0.1940 0.9745
vn 0.0933 -0.6061 -0.7899
vn 0.7578 0.3270 0.5647
vn 0.2416 0.6411 0.7284
vn 0.9197 -0.2712 -0.2838
vn 0.3038 0.4334 0.8484
vn 0.9793 -0.0127 0.2022
vn -0.9018 -0.3717 -0.2204
vn -0.4490 -0.8437 0.2942
vn 0.5568 0.1632 0.8144
vn -0.8489 -0.5231 0.0762
vn 0.3762 -0.8556 0.3556
vn -0.2115 -0.9772 0.0181
vn 0.8172 -0.4632 -0.3431
vn 0.9235 -0.3398 0.1781
vn -0.3976 -0.7198 -0.5691
vn -0.1383 -0.5505 -0.8233
vn 0.9431 0.1336 0.3044
vn -0.6155 -0.5322 -0.5814
vn -0.3516 -0.3813 0.8550
vn -0.1602 0.0923 0.9828
vn 0.8566 0.0588 0.5127
vn 0.4979 0.3204 0.8059
vn 0.7316 0.0556 0.6795
vn 0.9841 0.0945 0.1505
vn 0.9966 -0.0498 0.0656
vn 0.7373 0.0593 0.6729
vn 0.0919 0.1172 0.9888
vn 0.9747 0.0656 0.2135
vn -0.1912 0.9595 0.2068
vn -0.0696 0.9345 0.3491
vn 0.9862 -0.0671 0.1516
vn 0.1688 0.8962 0.4102
vn 0.1170 0.9021 0.4153
vn 0.2665 0.3475 0.8990
vn 0.8510 -0.2799 -0.4443
vn 0.0578 0.1348 0.9892
vn 0.2249 0.4555 0.8614
vn 0.8898 -0.3916 0.2346
vn -0.1283 0.2935 0.9473
vn 0.5486 -0.1836 -0.8157
vn 0.0761 0.8205 0.5666
vn 0.0487 -0.0120 0.9987
vn -0.0503 0.4045 0.9131
vn 0.7628 -0.0970 0.6393
vn 0.7275 0.4226 0.5404
vn 0.8241 0.0565 0.5637
vn 0.4048 0.6238 0.6686
vn 0.2908 -0.0356 0.9561
vn 0.8541 0.0527 0.5174
vn -0.1916 -0.4184 -0.8878
vn 0.7115 0.2153 0.6689
vn 0.4749 -0.2061 0.8555
vn 0.8120 -0.0125 0.5835
vn 0.2865 0.0787 0.9549
vn 0.7816 0.0950 0.6165
vn -0.7694 0.6342 0.0759
vn 0.8185 -0.1049 0.5649
vn 0.7411 -0.0353 0.6705
vn 0.7071 -0.0000 0.7071
vn 0.6784 -0.3715 0.6339
vn -0.4347 0.0771 0.8973
vn 0.1531 0.9871 0.0467
vn -0.0375 0.9983 0.0456
vn 0.1605 0.8848 0.4374
vn 0.3216 0.9097 0.2625
vn 0.2260 0.8740 0.4301
vn 0.6371 -0.4562 -0.6213
vn 0.3094 -0.2668 0.9127
vn 0.5616 0.3242 0.7612
vn 0.5803 0.3643 0.7284
vn -0.4908 -0.7121 0.5020
vn -0.3727 -0.7735 0.5126
vn 0.5458 0.4922 0.6782
vn 0.1165 0.8523 0.5098
vn -0.0302 0.8409 0.5404
vn 0.0148 -0.6957 0.7181
vn -0.0417 -0.0419 0.9983
vn -0.2990 0.9518 0.0686
vn 0.4203 0.7416 0.5228
vn -0.4638 0.8857 -0.0193
vn -0.5813 0.1282 -0.8035
vn -0.0360 0.8222 0.5681
vn -0.1054 0.9379 0.3306
vn -0.2823 0.9449 0.1660
vn -0.3853 0.3943 0.8343
vn -0.2513 -0.2616 0.9319
vn -0.1551 0.5099 0.8461
vn 0.2328 0.5991 0.7661
vn 0.4962 0.1569 0.8539
vn 0.6898 0.1678 0.7043
vn 0.0668 -0.5831 0.8097
vn -0.5225 -0.2686 0.8092
vn 0.6402 0.0304 0.7676
vn 0.3456 -0.1651 0.9238
vn 0.3154 0.1435 0.9381
vn 0.3206 0.3749 0.8699
vn 0.4284 -0.5256 0.7350
vn 0.5631 -0.5169 0.6447
vn -0.2275 -0.5432 0.8082
vn 0.6134 -0.0369 0.7889
vn 0.5239 -0.0315 0.8512
vn 0.6524 -0.3647 0.6643
vn 0.1430 -0.6047 0.7835
vn -0.0312 -0.8077 0.5887
vn -0.3936 -0.8747 0.2828
vn 0.6535 -0.2253 0.7226
vn 0.3713 -0.6467 0.6663
vn -0.0067 -0.8796 0.4758
vn -0.3841 -0.9083 0.1659
vn -0.4077 -0.9100 0.0751
vn -0.2646 -0.9189 0.2926
vn 0.9132 0.1093 0.3926
vn 0.3248 -0.4022 0.8560
vn 0.4378 -0.4015 0.8044
vn -0.0254 -0.8112 0.5843
vn 0.4976 -0.6846 0.5327
vn 0.0954 -0.9085 0.4068
vn 0.4945 -0.6760 0.5463
vn 0.0315 -0.8006 0.5984
vn 0.2541 -0.7768 0.5762
vn 0.8080 -0.5823 -0.0902
vn 0.2832 0.3632 0.8877
vn 0.3706 0.2973 0.8799
vn -0.5409 0.2195 -0.8119
vn 0.9831 -0.1465 0.1100
vn 0.1258 -0.9076 0.4006
vn -0.0731 -0.8548 0.5138
vn -0.0072 -0.8858 0.4639
vn -0.3892 -0.9188 0.0663
vn 0.4270 -0.6488 0.6299
vn 0.4966 -0.7100 0.4992
vn 0.4628 -0.3793 0.8012
vn 0.2241 -0.3447 0.9116
vn 0.2206 -0.6366 0.7390
vn 0.2387 -0.5970 0.7659
vn -0.1298 -0.4236 0.8965
vn 0.3397 -0.8175 0.4652
vn 0.0900 -0.3829 0.9194
vn -0.3729 0.3946 0.8398
vn 0.1151 -0.9440 0.3091
vn -0.3758 0.4249 0.8235
vn -0.0573 0.5929 0.8033
vn -0.0152 0.4890 0.8721
vn 0.0728 0.6922 0.7180
vn 0.0990 0.5760 0.8115
vn 0.1157 0.9254 0.3610
vn 0.1967 0.8753 0.4417
vn 0.1623 0.8701 0.4654
vn 0.0775 0.7023 0.7076
vn 0.5104 -0.2955 0.8076
vn 0.2335 0.8655 0.4432
vn 0.4187 0.6268 0.6571
vn 0.7529 -0.4044 0.5192
vn 0.3569 0.8105 0.4645
vn -0.1753 0.0978 0.9796
vn -0.4199 0.3342 0.8438
vn -0.4147 0.3012 0.8587
vn -0.1147 0.0260 0.9931
vn -0.9955 0.0946 0.0059
vn -0.0022 0.2270 0.9739
vn 0.1323 0.1166 0.9843
vn -0.6605 0.1539 0.7349
vn -0.3749 0.3249 0.8683
vn 0.1320 0.1283 0.9829
vn 0.3016 -0.1172 0.9462
vn 0.0213 0.1575 0.9873
vn -0.3863 -0.7942 0.4690
vn 0.0197 -0.0066 0.9998
vn 0.0160 0.3777 0.9258
vn -0.0753 0.1394 0.9874
vn 0.0476 0.4596 0.8869
vn 0.3383 -0.2070 0.9180
vn 0.7055 -0.2479 0.6640
vn 0.6476 0.1619 0.7446
vn 0.6331 -0.3870 -0.6704
vn 0.5667 0.3120 0.7626
vn 0.7269 0.0386 0.6857
vn -0.7883 0.1129 0.6049
vn 0.1492 -0.0988 -0.9839
vn 0.7402 -0.1169 0.6621
vn -0.9500 0.0379 0.3100
vn -0.4225 0.3647 -0.8297
vn -0.8274 0.2227 0.5155
vn -0.8225 -0.3242 0.4673
vn -0.9214 -0.1762 0.3463
vn 0.6392 0.1954 0.7438
vn 0.6181 0.0475 0.7846
vn 0.3890 -0.2813 0.8773
vn 0.5015 -0.1845 0.8452
vn -0.8322 0.0105 0.5544
vn 0.4329 0.0758 0.8982
vn 0.5716 -0.8069 0.1488
vn 0.5296 -0.0356 0.8475
vn 0.4648 -0.1330 0.8754
vn 0.2211 0.0014 0.9753
vn 0.4940 -0.2943 0.8181
vn 0.3427 0.2407 -0.9081
vn -0.7188 -0.0727 0.6914
vn -0.8506 0.2571 0.4587
vn 0.2907 -0.9401 -0.1778
vn 0.3792 -0.4445 -0.8116
vn 0.6402 -0.0834 0.7637
vn 0.5645 0.0095 0.8254
vn 0.1454 0.1403 0.9794
vn -0.0132 0.1924 0.9812
vn 0.3723 0.2413 0.8962
vn 0.0744 0.0808 0.9940
vn 0.0035 -0.6281 0.7781
vn 0.0677 0.0950 0.9932
vn 0.0285 0.2793 0.9598
vn -0.6319 -0.3280 0.7022
vn 0.0618 0.2675 0.9616
vn -0.8958 0.1116 0.4302
vn 0.0709 0.3798 0.9223
vn -0.9891 -0.1474 -0.0071
vn 0.5962 -0.1929 0.7793
vn -0.9971 0.0704 0.0293
vn 0.9124 -0.1009 0.3968
vn 0.8351 -0.1072 0.5396
vn -0.9626 0.2368 0.1315
vn 0.3895 0.4123 0.8236
vn 0.5422 -0.1650 0.8239
vn 0.4174 -0.2661 0.8689
vn 0.0727 0.2232 0.9721
vn 0.5012 -0.4983 0.7075
vn 0.4815 -0.5531 0.6799
vn 0.5053 -0.2722 0.8189
vn 0.5836 -0.4016 0.7058
vn -0.9766 -0.1713 0.1305
vn 0.5453 -0.4284 0.7205
vn -0.1995 -0.6821 -0.7035
vn 0.5100 -0.3773 0.7730
vn 0.0519 -0.6263 0.7779
vn 0.0803 -0.6508 0.7550
vn 0.1119 -0.5732 0.8118
vn 0.0996 -0.4514 0.8867
vn 0.2928 -0.4869 0.8229
vn 0.7000 0.5648 0.4371
vn -0.7415 -0.0028 0.6710
vn -0.8497 -0.0045 0.5272
vn 0.3737 -0.0490 0.9262
vn -0.0577 0.5744 0.8166
vn -0.3543 -0.8065 -0.4734
vn -0.9981 -0.0618 -0.0040
vn 0.5813 0.1282 -0.8035
vn 0.5839 0.6621 -0.4698
vn -0.1570 0.1263 0.9795
vn -0.9708 0.1841 0.1538
vn 0.6674 0.5470 0.5054
vn 0.2593 0.5903 0.7644
vn -0.0069 -0.7770 0.6295
vn -0.4029 0.0932 -0.9105
vn 0.6845 0.4354 0.5847
vn -0.8649 0.3115 0.3936
vn 0.4142 -0.5548 0.7216
vn 0.3195 -0.7011 0.6374
vn 0.3622 -0.5383 0.7610
vn -0.1433 -0.4776 -0.8668
vn -0.6467 0.0072 0.7627
vn 0.5065 -0.5322 0.6784
vn 0.0963 -0.6160 0.7819
vn -0.9929 0.0972 0.0684
vn 0.1348 -0.4396 0.8880
vn -0.3887 0.5784 0.7172
vn 0.0280 -0.5814 0.8132
vn 0.3483 0.9347 0.0703
vn -0.2744 -0.3262 -0.9046
vn -0.9306 -0.0210 -0.3653
vn -0.7284 -0.3971 -0.5583
vn 0.0933 -0.7719 0.6288
vn 0.5738 -0.2970 0.7632
vn -0.4868 0.7245 -0.4879
vn -0.9917 0.1193 0.0485
vn 0.3020 -0.4323 0.8496
vn -0.0597 -0.7367 0.6736
vn -0.7967 -0.4745 -0.3743
vn -0.9260 -0.3616 0.1089
vn -0.7574 -0.0515 0.6510
vn -0.0329 -0.8079 0.5884
vn -0.3863 0.1442 -0.9110
vn 0.3467 -0.6633 0.6632
vn 0.0906 0.1082 0.9900
vn -0.7733 -0.5255 0.3548
vn -0.0237 0.1515 -0.9882
vn 0.0394 0.5480 0.8356
vn -0.9114 -0.0103 0.4115
vn 0.5190 -0.5974 0.6114
vn 0.0347 -0.6060 -0.7947
vn 0.9196 -0.1143 0.3760
vn 0.1456 0.1257 -0.9813
vn -0.8898 -0.3916 0.2345
vn -0.7139 -0.1675 0.6799
vn -0.7830 -0.3898 0.4847
vn -0.6653 -0.1914 0.7216
vn 0.8671 0.4007 -0.2958
vn 0.1123 -0.1940 0.9745
vn -0.8956 0.1973 -0.3986
vn 0.0185 0.7413 0.6709
vn -0.0007 0.3770 -0.9262
vn 0.6726 0.3254 0.6646
vn 0.3566 0.6495 0.6716
vn -0.9623 -0.2614 -0.0749
vn 0.6617 -0.4971 0.5613
vn -0.2749 -0.3600 0.8915
vn -0.7860 -0.5466 -0.2888
vn 0.4374 -0.5303 0.7263
vn 0.5033 0.0547 0.8624
vn -0.9142 -0.2644 0.3070
vn 0.6582 0.1948 0.7272
vn 0.9431 0.0850 0.3215
vn -0.9620 -0.2627 0.0745
vn 0.9625 -0.0300 0.2696
vn 0.8910 -0.1080 0.4410
vn -0.6242 -0.1853 -0.7590
vn -0.7002 -0.0641 -0.7110
vn -0.7161 -0.4039 -0.5692
vn 0.4114 -0.2268 0.8828
vn 0.4909 -0.5874 0.6435
vn -0.3625 -0.8886 0.2811
vn -0.6575 -0.1921 0.7286
vn 0.0864 -0.5315 0.8426
vn -0.7273 -0.1840 -0.6612
vn -0.7635 -0.0006 0.6458
vn 0.5561 0.4172 0.7188
vn -0.4032 -0.7409 -0.5371
vn 0.5641 -0.6998 0.4383
vn -0.8674 0.4969 -0.0271
vn 0.3021 0.4548 0.8378
vn -0.4414 -0.6341 -0.6348
vn -0.3550 -0.7564 -0.5495
vn -0.1295 -0.8570 -0.4988
vn -0.4091 -0.3694 0.8344
vn 0.0219 0.1446 -0.9893
vn 0.7269 0.1863 0.6609
vn -0.8667 -0.0290 0.4980
vn 0.9838 -0.1413 -0.1103
vn 0.7800 0.0370 0.6247
vn 0.0435 -0.8566 0.5141
vn 0.8001 -0.5965 -0.0638
vn 0.5788 -0.4134 -0.7029
vn 0.5308 -0.3792 -0.7579
vn -0.3172 0.9476 -0.0372
vn 0.8498 -0.4453 -0.2822
vn -0.2065 0.3209 0.9243
vn -0.4253 -0.8788 0.2165
vn -0.7485 -0.2249 0.6238
vn -0.8661 -0.2978 0.4015
vn -0.5117 -0.2516 0.8215
vn 0.6991 -0.2426 0.6726
vn -0.8715 0.0564 0.4871
vn -0.9310 -0.3138 0.1866
vn 0.7380 -0.0722 -0.6709
vn 0.6683 -0.1801 0.7218
vn 0.5256 0.8292 -0.1901
vn 0.7332 0.2446 0.6345
vn 0.2889 -0.2628 -0.9206
vn 0.0072 -0.0135 -0.9999
vn -0.4472 0.0080 0.8944
vn -0.9240 -0.0050 0.3824
vn -0.9088 -0.3180 0.2700
vn -0.0955 -0.7237 -0.6835
vn 0.0632 -0.8479 -0.5263
vn -0.1998 -0.2351 -0.9512
vn -0.1478 -0.0419 -0.9881
vn -0.2254 -0.3066 -0.9248
vn -0.5826 -0.4237 -0.6936
vn 0.9982 0.0116 0.0589
vn 0.0482 -0.7811 0.6225
vn -0.4460 -0.8692 -0.2134
vn -0.1529 -0.8772 -0.4552
vn -0.8485 -0.4853 0.2109
vn 0.3654 -0.5769 -0.7305
vn 0.7188 -0.5950 -0.3595
vn -0.3167 -0.9237 0.2155
vn -0.2831 0.0242 0.9588
vn 0.0252 -0.1790 -0.9835
vn 0.7860 0.2002 0.5849
vn 0.1401 -0.4242 -0.8947
vn 0.8070 0.0969 0.5826
vn 0.7777 0.2719 0.5668
vn -0.1137 -0.9012 -0.4183
vn -0.8254 -0.3588 0.4359
vn 0.4670 -0.4468 0.7631
vn -0.6371 -0.4562 -0.6213
vn 0.6452 0.2532 0.7209
vn -0.2196 -0.0883 -0.9716
vn 0.9721 -0.0460 0.2301
vn 0.8666 -0.2169 0.4494
vn -0.9715 0.1773 0.1571
vn -0.9078 -0.0369 0.4177
vn 0.7139 0.0535 -0.6982
vn 0.8873 -0.0655 0.4565
vn -0.8113 0.0156 0.5844
vn 0.7067 -0.6204 -0.3401
vn -0.9931 0.0068 0.1170
vn 0.2705 0.3272 0.9054
vn 0.5785 -0.4134 -0.7032
vn 0.5051 0.8631 -0.0039
vn 0.1540 -0.0019 0.9881
vn 0.8195 -0.2359 0.5223
vn -0.4890 0.3100 0.8154
vn 0.8210 0.2163 0.5284
vn 0.3755 0.3378 0.8631
vn -0.8537 0.0472 0.5187
vn 0.7160 0.1875 0.6724
vn 0.2582 0.6542 0.7109
vn -0.7732 0.0271 0.6335
vn 0.7398 0.2362 -0.6300
vn 0.4181 0.0596 -0.9064
vn -0.8558 0.0570 0.5142
vn 0.2516 -0.7984 -0.5470
vn 0.3914 0.5643 0.7269
vn 0.9012 -0.2322 0.3660
vn 0.3135 0.2659 0.9116
vn -0.7763 -0.2399 0.5829
vn -0.8964 -0.3581 0.2613
vn 0.9014 -0.2039 0.3819
vn 0.2414 -0.9125 0.3301
vn 0.0614 -0.5024 0.8624
vn -0.6664 0.4383 0.6031
vn 0.7294 0.0421 0.6828
vn -0.7092 0.3950 0.5840
vn -0.5353 -0.7587 0.3712
vn 0.9187 0.0673 0.3891
vn 0.0029 0.0933 -0.9956
vn 0.3559 -0.2249 -0.9071
vn 0.3773 -0.4328 -0.8187
vn -0.1031 -0.3360 -0.9362
vn 0.5883 0.6165 -0.5233
vn -0.6846 -0.1837 0.7053
vn -0.0089 -0.6834 0.7300
vn 0.8416 0.1537 0.5178
vn 0.5286 0.0466 0.8476
vn 0.6510 -0.0016 0.7591
vn -0.7467 -0.6547 -0.1176
vn -0.0145 0.2939 -0.9557
vn 0.7694 0.6342 0.0759
vn 0.6240 -0.2519 -0.7397
vn -0.1332 -0.2473 -0.9598
vn -0.9484 0.0523 0.3128
vn 0.9897 -0.1324 0.0540
vn -0.9230 -0.3337 -0.1916
vn 0.9041 -0.3801 0.1954
vn -0.6013 -0.5437 0.5855
vn -0.9916 -0.0688 0.1093
vn 0.0473 0.2506 0.9669
vn 0.8964 -0.2912 0.3343
vn -0.7757 -0.4493 0.4432
vn -0.8470 -0.2685 0.4589
vn 0.7234 -0.1666 0.6701
vn 0.2729 0.3370 0.9011
vn -0.0460 -0.3943 0.9178
vn 0.9342 -0.2539 0.2505
vn -0.8506 -0.1759 0.4955
vn -0.1041 -0.0411 -0.9937
vn -0.0628 0.0695 -0.9956
vn 0.0564 -0.9712 -0.2316
vn 0.4662 0.4222 0.7775
vn -0.6770 -0.1136 0.7272
vn -0.3586 -0.2232 -0.9064
vn 0.8275 -0.5094 0.2362
vn 0.7873 0.4924 0.3712
vn -0.8630 -0.0573 0.5019
vn -0.9687 0.2128 0.1279
vn -0.2971 0.1950 0.9347
vn -0.7412 -0.4153 0.5273
vn 0.5168 -0.5908 0.6196
vn -0.9256 -0.1069 0.3631
vn -0.8460 -0.1658 0.5067
vn 0.0824 -0.4801 0.8734
vn -0.4435 0.3009 0.8443
vn 0.9727 -0.1947 0.1260
vn -0.4886 0.6385 -0.5946
vn -0.1810 -0.0391 -0.9827
vn -0.0327 0.1440 0.9890
vn 0.9150 -0.0169 -0.4031
vn 0.1415 -0.0302 0.9895
vn 0.6501 -0.5486 0.5257
vn 0.0890 -0.7726 0.6287
vn -0.1191 0.9824 0.1441
vn -0.8511 0.0101 0.5249
vn 0.8318 -0.4728 -0.2909
vn -0.3449 -0.7893 0.5080
vn 0.8490 0.0702 0.5237
vn 0.7011 0.2478 0.6686
vn 0.8045 -0.1527 0.5740
vn -0.4448 -0.0049 0.8956
vn 0.6506 -0.7302 0.2087
vn -0.8641 -0.2173 0.4541
vn 0.2177 0.9724 -0.0844
vn -0.8562 -0.0776 -0.5108
vn 0.8588 0.2883 0.4235
vn -0.6871 -0.2389 -0.6862
vn -0.8825 -0.1123 0.4567
vn -0.3668 -0.8979 0.2432
vn 0.1411 -0.1044 -0.9845
vn -0.0493 -0.1688 0.9844
vn 0.8986 -0.2246 -0.3768
vn 0.9216 -0.0931 0.3768
vn -0.2766 0.3289 0.9029
vn 0.6912 0.2738 0.6688
vn 0.1313 0.6080 0.7830
vn 0.9726 -0.2312 0.0244
vn 0.0839 -0.3496 -0.9331
vn 0.4448 -0.0049 0.8956
vn 0.4304 0.5089 0.7455
vn 0.0677 -0.4272 -0.9016
vn -0.4050 -0.0671 0.9119
vn 0.2434 -0.0085 -0.9699
vn -0.2038 -0.2399 -0.9492
vn 0.4036 -0.3697 0.8369
vn 0.6215 0.0682 0.7805
vn 0.6574 -0.6633 0.3576
vn -0.4374 -0.2316 0.8689
vn 0.9758 0.1252 0.1793
vn -0.6388 -0.0685 0.7663
vn -0.9884 -0.1467 0.0398
vn 0.4944 -0.0711 -0.8663
vn 0.9598 -0.2805 -0.0142
vn -0.9834 -0.0938 -0.1551
vn -0.3520 -0.7517 0.5577
vn 0.6950 0.1952 0.6920
vn 0.0422 -0.0954 0.9945
vn -0.1122 -0.5746 -0.8107
vn -0.6197 0.2303 0.7503
vn 0.4437 -0.4459 0.7774
vn -0.3946 0.8885 0.2341
vn -0.1736 0.4790 -0.8605
vn 0.7818 0.1608 0.6024
vn 0.9693 -0.2278 -0.0922
vn 0.2211 -0.3660 -0.9040
vn 0.5464 0.4613 0.6990
vn -0.4289 0.1514 -0.8906
vn 0.9898 -0.1170 0.0813
vn 0.7652 -0.0526 0.6416
vn 0.6712 0.4781 0.5664
vn 0.7013 0.6794 0.2158
vn -0.2836 -0.2253 -0.9321
vn -0.2741 -0.0658 -0.9594
vn 0.0433 0.7582 0.6506
vn 0.8838 -0.0156 0.4675
vn 0.1825 -0.1625 -0.9697
vn -0.9781 -0.2028 -0.0475
vn -0.8478 -0.2591 -0.4628
vn -0.8588 0.2883 0.4235
vn 0.1369 0.8487 0.5108
vn 0.8624 -0.0345 0.5051
vn 0.8911 -0.2579 -0.3734
vn 0.5451 0.2892 0.7869
vn -0.7389 -0.4765 -0.4764
vn 0.5158 0.3112 0.7982
vn 0.5687 -0.3803 -0.7294
vn 0.9107 -0.3725 0.1784
vn -0.2044 -0.2920 0.9343
vn 0.1206 0.0340 0.9921
vn -0.1411 -0.1044 -0.9845
vn 0.2722 -0.0108 -0.9622
vn -0.9965 0.0416 -0.0722
vn 0.1489 0.9799 -0.1326
vn 0.4489 0.5566 0.6991
vn -0.2855 0.9582 0.0197
vn 0.1806 -0.1491 0.9722
vn 0.1218 0.8883 0.4428
vn 0.6509 0.5620 0.5104
vn 0.4762 0.6390 0.6041
vn 0.9902 -0.1305 -0.0493
vn -0.3978 -0.2155 -0.8918
vn 0.1134 -0.7075 0.6975
vn -0.5278 0.7012 -0.4793
vn 0.0528 0.8995 0.4338
vn 0.2188 -0.5466 -0.8083
vn 0.9353 -0.0649 0.3477
vn 0.8052 0.0013 0.5931
vn -0.9971 -0.0717 0.0262
vn 0.5174 0.4108 -0.7507
vn -0.0526 0.8373 -0.5441
vn 0.0121 -0.3339 0.9425
vn 0.1916 -0.4184 -0.8878
vn 0.3027 -0.3127 -0.9003
vn 0.4206 0.8561 0.3004
vn 0.6552 -0.0412 0.7543
vn 0.6860 -0.0584 0.7253
vn 0.0762 0.9971 -0.0057
vn 0.1322 -0.5650 0.8144
vn 0.2542 0.8347 0.4886
vn 0.2768 -0.5450 -0.7915
vn 0.6817 -0.3072 0.6641
vn -0.9504 0.0493 -0.3072
vn 0.4670 0.0782 0.8808
vn -0.9676 -0.0933 -0.2347
vn 0.6412 0.3446 0.6856
vn 0.4680 -0.1783 0.8655
vn 0.2995 0.1902 0.9349
vn 0.6719 -0.2737 0.6883
vn -0.8566 -0.1077 -0.5046
vn 0.9954 0.0921 0.0267
vn -0.1059 -0.9926 -0.0601
vn -0.6552 -0.2514 -0.7124
vn 0.0400 -0.9545 0.2956
vn -0.9049 0.3453 -0.2487
vn -0.7792 -0.1941 0.5960
vn 0.8332 0.0840 0.5466
vn 0.7519 0.1260 0.6471
vn -0.5007 -0.6163 -0.6078
vn -0.2026 -0.1267 -0.9710
vn 0.4050 -0.0671 0.9119
vn -0.0658 -0.7126 -0.6985
vn 0.8129 0.4151 0.4085
vn -0.8495 -0.3271 0.4138
vn -0.8387 -0.2562 0.4806
vn 0.8480 0.0320 0.5291
vn -0.6329 -0.5850 0.5072
vn 0.6172 0.6540 0.4375
vn 0.6946 0.5961 0.4028
vn 0.7017 0.5110 0.4965
vn 0.8540 0.0877 0.5128
vn -0.0291 -0.6296 -0.7764
vn -0.2487 0.5847 0.7722
vn -0.2188 -0.5466 -0.8083
vn 0.5738 0.4202 0.7030
vn -0.9328 -0.1663 -0.3196
vn 0.2745 -0.8095 0.5189
vn 0.2533 0.6761 0.6919
vn 0.1761 -0.4896 0.8540
vn -0.1761 -0.4896 0.8540
vn 0.6958 -0.3212 -0.6424
vn 0.9983 0.0549 0.0203
vn 0.9344 0.3072 -0.1806
vn 0.3554 0.0145 0.9346
vn 0.5265 0.3013 0.7950
vn 0.6073 -0.5600 0.5635
vn 0.7930 -0.2518 0.5547
vn 0.1119 0.8958 0.4301
vn 0.5187 0.3634 0.7739
vn -0.1432 -0.9261 -0.3489
vn 0.8424 0.1344 0.5218
vn 0.8554 0.1742 0.4879
vn 0.2161 0.9704 -0.1075
vn 0.9904 -0.1117 -0.0819
vn -0.5796 0.1856 0.7935
vn 0.7696 0.6247 0.1320
vn 0.2733 -0.5052 0.8186
vn 0.2489 0.8846 0.3945
vn -0.1626 -0.0876 0.9828
vn 0.5786 -0.6498 -0.4929
vn -0.1423 -0.1364 -0.9804
vn 0.7695 0.0422 0.6373
vn 0.1461 0.9040 0.4018
vn -0.1625 -0.8756 -0.4549
vn -0.4808 0.6128 0.6271
vn -0.2316 -0.9066 -0.3528
vn 0.1646 -0.8345 0.5259
vn 0.4883 0.0142 0.8725
vn -0.5765 -0.7455 -0.3346
vn 0.6094 0.0871 0.7881
vn 0.5957 -0.5555 0.5801
vn 0.6567 -0.3025 0.6908
vn 0.5170 -0.0675 0.8533
vn 0.8065 0.2492 0.5361
vn 0.5773 -0.3886 -0.7182
vn 0.9736 0.0319 0.2261
vn 0.5848 0.5256 -0.6178
vn 0.9752 0.0090 0.2211
vn 0.1236 0.9291 -0.3485
vn 0.3040 -0.9260 0.2240
vn 0.1689 0.3033 0.9378
vn 0.8429 0.1043 0.5279
vn -0.0810 -0.2141 0.9734
vn 0.9234 -0.3326 0.1918
vn 0.0007 -0.1191 -0.9929
vn -0.2737 0.8300 0.4860
vn 0.3730 0.0289 0.9274
vn 0.5031 0.2431 0.8293
vn 0.2051 -0.4711 0.8579
vn 0.2406 -0.2082 0.9480
vn 0.7024 0.3722 0.6067
vn 0.4127 -0.1779 0.8933
vn 0.6314 -0.0323 0.7748
vn 0.5640 0.2102 0.7986
vn 0.0636 -0.1870 -0.9803
vn 0.0041 0.8599 0.5105
vn 0.8464 0.0699 -0.5280
vn 0.4788 -0.1043 0.8717
vn 0.4523 -0.1558 0.8782
vn 0.4811 -0.0157 0.8765
vn 0.1949 -0.6778 0.7090
vn 0.5172 0.0768 0.8524
vn 0.0613 -0.2565 0.9646
vn 0.3705 -0.6733 0.6398
vn 0.1976 -0.1106 -0.9740
vn -0.1395 -0.9885 -0.0586
vn -0.8492 0.1173 0.5148
vn 0.5444 0.2326 0.8059
vn 0.7460 0.1218 0.6547
vn -0.2115 0.9148 0.3441
vn 0.8515 0.0417 0.5226
vn 0.8793 0.1074 0.4640
vn 0.9234 -0.2816 -0.2609
vn -0.2220 -0.9744 0.0343
vn -0.9876 0.1239 -0.0962
vn -0.9089 -0.4159 -0.0288
vn -0.0649 0.9979 0.0041
vn 0.3336 -0.0637 0.9406
vn -0.0503 -0.8872 0.4586
vn -0.3186 -0.9004 0.2962
vn -0.3430 -0.5113 0.7880
vn 0.0117 -0.9778 0.2092
vn 0.0935 -0.9515 0.2930
vn 0.2161 -0.8288 0.5162
vn 0.4474 -0.4737 0.7586
vn 0.1323 -0.8963 0.4233
vn -0.2564 -0.9352 -0.2442
vn -0.4873 -0.7251 -0.4866
vn 0.3474 -0.6901 0.6349
vn -0.2841 -0.8388 -0.4645
vn -0.4351 -0.8270 -0.3561
vn -0.2866 -0.9253 -0.2483
vn -0.9421 -0.2072 -0.2636
vn -0.8791 -0.1590 -0.4494
vn -0.6421 -0.6162 -0.4561
vn -0.0213 0.5265 0.8499
vn 0.1204 -0.3909 0.9125
vn 0.5571 -0.4775 0.6794
vn -0.4433 -0.8318 -0.3339
vn 0.1881 -0.8923 0.4104
vn -0.6513 -0.5236 -0.5492
vn -0.6251 -0.7323 -0.2700
vn 0.7499 0.2204 0.6237
vn 0.5811 0.3066 0.7539
vn 0.3797 0.5739 0.7256
vn -0.4432 -0.8517 -0.2796
vn -0.0681 -0.9976 -0.0154
vn 0.6785 0.0918 0.7288
vn 0.5968 -0.0577 0.8003
vn -0.4742 -0.5920 0.6517
vn 0.3064 -0.5818 0.7534
vn 0.3048 -0.4294 0.8501
vn 0.4653 -0.4144 0.7822
vn 0.5462 -0.1107 0.8303
vn -0.8626 0.1964 -0.4661
vn -0.0246 0.7371 0.6754
vn 0.4113 0.5607 0.7187
vn 0.5525 -0.0379 0.8326
vn 0.3448 0.1250 0.9303
vn 0.4733 0.4640 0.7488
vn 0.5853 0.3335 0.7391
vn 0.0496 0.8747 0.4821
vn 0.5119 0.1999 0.8355
vn 0.5214 -0.2926 0.8016
vn 0.3447 0.3670 0.8640
vn -0.4608 0.7020 -0.5430
vn 0.4950 -0.1688 0.8523
vn 0.2912 0.9565 -0.0167
vn 0.5002 -0.0478 0.8646
vn 0.4120 0.8508 0.3261
vn 0.5273 -0.0985 0.8440
vn 0.0229 -0.0104 0.9997
vn 0.2519 -0.4084 0.8773
vn 0.3334 0.8455 0.4172
vn 0.5158 0.5480 0.6585
vn 0.3667 0.0515 0.9289
vn 0.0932 0.9955 0.0153
vn 0.5604 -0.0325 0.8276
vn 0.4151 0.0070 0.9098
vn 0.5408 -0.0603 0.8390
vn 0.6075 0.0920 0.7890
vn -0.5229 0.7973 -0.3016
vn 0.5573 -0.1410 0.8183
vn 0.5026 -0.2610 0.8242
vn 0.4941 0.5335 0.6864
vn 0.1236 -0.5959 0.7935
vn 0.8492 -0.3063 0.4302
vn 0.3818 -0.9060 0.1829
vn 0.5174 -0.7914 0.3255
vn 0.9137 -0.3736 0.1601
vn 0.5174 0.1942 0.8334
vn 0.5472 -0.7334 0.4033
vn 0.5887 -0.5814 0.5616
vn 0.7854 -0.3028 0.5400
vn 0.6701 -0.5206 0.5291
vn 0.5397 -0.7345 0.4114
vn 0.6523 -0.7572 0.0322
vn -0.6826 -0.5251 -0.5083
vn 0.3520 -0.7192 0.5990
vn 0.4036 -0.4321 0.8065
vn 0.6187 -0.7083 0.3399
vn 0.6152 -0.6765 0.4049
vn 0.0333 0.0907 0.9953
vn 0.8092 -0.1440 0.5697
vn 0.5488 0.1651 0.8195
vn 0.8814 0.1970 0.4294
vn 0.1829 0.7536 0.6314
vn -0.0834 -0.9687 -0.2336
vn -0.2065 0.8084 -0.5513
vn 0.3371 0.8101 0.4796
vn -0.1747 0.4518 -0.8748
vn 0.1333 0.4951 0.8585
vn 0.6788 -0.2776 0.6798
vn -0.0597 0.4591 -0.8864
vn -0.9998 -0.0221 -0.0032
vn -0.6310 0.2953 -0.7174
vn -0.0537 0.5962 -0.8011
vn -0.7331 0.3666 -0.5729
vn 0.1843 -0.9777 -0.1004
vn -0.7696 0.6247 0.1320
vn 0.5910 0.0466 0.8054
vn -0.1637 0.5885 -0.7918
vn -0.5068 0.3871 -0.7703
vn 0.2825 -0.3700 0.8850
vn -0.3301 0.4567 -0.8261
vn -0.4828 0.5032 -0.7167
vn 0.2567 -0.3266 0.9096
vn 0.8445 0.3232 0.4270
vn 0.8700 0.2867 0.4011
vn 0.7586 -0.2470 0.6029
vn -0.0734 -0.9714 0.2256
vn 0.2919 0.5029 0.8136
vn 0.3370 0.9414 -0.0131
vn 0.1390 0.9421 -0.3051
vn 0.1432 -0.3852 0.9116
vn 0.3012 0.9424 -0.1454
vn 0.2873 0.9494 0.1270
vn 0.2317 0.9514 0.2029
vn 0.1189 0.3169 0.9410
vn 0.1218 0.9867 -0.1077
vn -0.7398 0.6538 0.1587
vn 0.8393 -0.3126 -0.4449
vn 0.4875 0.8672 0.1016
vn -0.0446 -0.9197 -0.3901
vn 0.9018 -0.3536 -0.2486
vn 0.4030 -0.2835 0.8702
vn -0.0531 0.7440 0.6661
vn 0.9768 -0.0518 0.2077
vn -0.3421 0.5663 -0.7499
vn 0.1241 -0.3196 -0.9394
vn -0.1118 0.9499 -0.2918
vn 0.3704 -0.3579 0.8572
vn 0.6157 -0.3265 0.7171
vn 0.3537 0.2845 0.8911
vn -0.0205 -0.8859 -0.4635
vn -0.3244 0.5334 -0.7812
vn 0.1046 -0.9506 -0.2923
vn 0.2636 0.3822 0.8857
vn 0.3600 -0.9077 -0.2156
vn 0.4688 0.4117 0.7815
vn 0.0153 -0.9370 -0.3490
vn 0.3134 -0.2518 0.9156
vn 0.3211 0.7055 0.6318
vn 0.6433 -0.7576 -0.1104
vn 0.9374 -0.3060 0.1664
vn -0.3744 -0.5058 -0.7772
vn -0.3927 -0.4618 -0.7953
vn 0.7992 -0.0222 0.6007
vn 0.9421 -0.3264 0.0771
vn 0.4519 -0.2112 0.8667
vn 0.5717 -0.8108 -0.1259
vn 0.9935 -0.0247 -0.1110
vn 0.8589 -0.2773 0.4305
vn 0.8097 -0.0793 0.5814
vn -0.9768 -0.0744 0.2010
vn 0.6050 -0.2520 -0.7553
vn -0.6260 -0.3878 -0.6765
vn 0.9796 -0.1367 -0.1475
vn -0.6872 -0.2730 -0.6732
vn 0.0477 0.9988 -0.0125
vn 0.5764 -0.0307 0.8166
vn -0.0202 -0.8958 -0.4441
vn 0.9286 -0.2784 -0.2452
vn 0.8252 -0.4058 -0.3930
vn -0.8569 -0.3084 0.4131
vn 0.8625 -0.3794 -0.3349
vn 0.4827 -0.6212 0.6173
vn 0.2035 -0.9350 0.2905
vn 0.9907 -0.0511 -0.1262
vn 0.4880 0.4796 0.7293
vn 0.2823 -0.7937 -0.5388
vn -0.7547 -0.6449 -0.1208
vn 0.0533 0.9986 0.0027
vn 0.7887 -0.2328 0.5690
vn -0.0619 0.5996 0.7979
vn 0.4563 -0.2657 0.8492
vn -0.0798 0.0243 -0.9965
vn 0.8761 -0.0561 0.4789
vn -0.2630 0.3697 0.8912
vn 0.5458 0.0668 0.8352
vn 0.4734 -0.0878 0.8765
vn 0.8794 -0.0455 -0.4738
vn 0.6644 -0.6805 -0.3090
vn 0.8911 -0.4396 -0.1129
vn 0.4935 0.0903 -0.8651
vn -0.9169 0.1152 0.3821
vn 0.5413 0.2200 -0.8115
vn -0.5149 -0.1627 -0.8417
vn -0.9092 0.1009 0.4040
vn -0.4776 0.3903 -0.7871
vn 0.1324 0.5244 -0.8411
vn 0.6672 0.0171 0.7446
vn 0.8360 -0.5430 0.0789
vn 0.9714 -0.1612 0.1743
vn -0.2885 0.5575 0.7785
vn 0.9794 0.1608 -0.1221
vn 0.9672 -0.0670 -0.2452
vn 0.8926 -0.4277 0.1430
vn -0.0027 0.2734 0.9619
vn 0.8449 0.3409 -0.4123
vn 0.9619 -0.2232 0.1579
vn -0.5356 0.3466 -0.7701
vn -0.7570 0.5751 -0.3102
vn -0.8063 0.3701 -0.4614
vn 0.1051 -0.5530 -0.8265
vn -0.7976 0.4448 -0.4073
vn -0.0947 -0.6206 -0.7784
vn 0.8599 0.3600 0.3619
vn 0.7826 0.5132 0.3523
vn 0.9921 0.0343 0.1206
vn 0.3383 0.0649 -0.9388
vn 0.6184 -0.1796 0.7651
vn -0.0190 0.9982 0.0571
vn 0.6088 -0.3421 0.7158
vn -0.9950 0.0393 -0.0914
vn 0.9256 -0.1069 0.3631
vn 0.8652 0.0719 0.4963
vn 0.6846 -0.1837 0.7053
vn 0.9992 -0.0049 -0.0403
vn 0.2401 0.9261 0.2910
vn 0.0748 -0.2240 0.9717
vn 0.9749 0.2154 0.0567
vn 0.9522 0.2546 0.1688
vn 0.8747 0.4756 0.0935
vn 0.7417 0.6708 0.0046
vn 0.7370 0.6607 -0.1425
vn -0.7398 0.2362 -0.6300
vn 0.1063 0.9943 0.0124
vn -0.2370 0.0701 0.9690
vn 0.7354 0.6170 0.2801
vn 0.0232 0.8904 0.4546
vn 0.6749 0.7095 0.2029
vn -0.9260 0.0747 0.3701
vn 0.9628 0.1338 0.2348
vn 0.7680 -0.6394 0.0371
vn 0.7173 0.6915 0.0859
vn 0.8221 0.5402 0.1796
vn -0.5852 0.6181 0.5249
vn -0.4831 -0.1372 0.8647
vn 0.9508 0.1120 0.2889
vn 0.9904 -0.0386 0.1325
vn 0.9669 0.1161 0.2271
vn 0.3409 0.9293 -0.1422
vn 0.2189 -0.6789 0.7008
vn 0.9630 0.0616 0.2625
vn -0.0919 0.1172 0.9888
vn 0.5594 0.3610 0.7462
vn -0.6364 -0.3873 0.6670
vn 0.5876 -0.1870 0.7873
vn -0.7511 -0.1852 0.6337
vn 0.9058 0.4117 -0.1002
vn -0.4444 0.5857 -0.6779
vn 0.2924 0.3318 0.8969
vn 0.3208 0.4913 0.8098
vn -0.0915 0.8628 0.4971
vn -0.8815 0.1071 0.4599
vn 0.8740 -0.0329 -0.4848
vn 0.9651 0.0840 0.2480
vn -0.5773 -0.3886 -0.7182
vn 0.1047 0.3138 0.9437
vn 0.8696 0.2705 0.4131
vn -0.9749 0.0005 0.2228
vn 0.2658 -0.6769 0.6864
vn -0.0708 -0.9698 0.2333
vn -0.7923 0.2187 0.5696
vn 0.8117 0.4796 0.3334
vn -0.5444 0.2326 0.8059
vn -0.4496 -0.1506 -0.8805
vn -0.5353 0.4311 -0.7264
vn 0.7884 0.2185 0.5751
vn 0.3354 0.8954 -0.2929
vn 0.6440 0.0559 0.7630
vn 0.7452 0.6130 -0.2625
vn -0.8762 -0.4201 -0.2364
vn 0.6340 0.7713 0.0566
vn -0.9330 -0.0067 -0.3598
vn -0.7630 -0.6043 0.2292
vn 0.8495 -0.3271 0.4138
vn -0.2073 0.4436 -0.8719
vn -0.1415 -0.0302 0.9895
vn -0.4756 0.2276 0.8497
vn 0.9061 0.0237 0.4223
vn -0.7024 0.3722 0.6067
vn -0.8930 -0.3835 0.2354
vn 0.9768 0.0654 0.2037
vn 0.1381 0.9454 0.2953
vn 0.3864 0.6044 0.6967
vn 0.8661 -0.2487 -0.4336
vn 0.6436 0.7649 -0.0248
vn 0.0254 -0.9343 -0.3556
vn 0.0454 0.9980 -0.0432
vn 0.8432 0.1747 0.5085
vn 0.6051 0.1767 0.7763
vn 0.7028 0.5418 0.4610
vn 0.7254 0.3331 0.6023
vn 0.5666 0.0811 0.8200
vn 0.6467 0.3120 0.6960
vn -0.7165 -0.5388 -0.4431
vn -0.7755 0.1540 0.6123
vn 0.8853 0.1198 0.4494
vn 0.1933 -0.0477 0.9800
vn 0.8498 -0.4516 0.2720
vn 0.6368 0.1576 0.7548
vn 0.8891 -0.0357 0.4563
vn 0.7781 -0.1957 0.5970
vn 0.9468 -0.2688 0.1768
vn 0.1408 -0.1964 -0.9704
vn -0.8480 -0.3432 -0.4039
vn 0.8662 0.4303 -0.2541
vn 0.5931 0.1614 0.7888
vn 0.8862 0.4064 0.2224
vn 0.5252 0.3478 0.7767
vn 0.9574 0.0719 0.2797
vn 0.3944 -0.1195 -0.9111
vn 0.2464 0.9687 0.0305
vn 0.6981 0.4651 0.5444
vn -0.1118 -0.9371 -0.3307
vn 0.2335 -0.8805 0.4126
vn 0.8974 0.1703 0.4069
vn 0.9034 0.3626 0.2288
vn -0.7820 0.3225 -0.5333
vn 0.1102 -0.5143 -0.8505
vn 0.6963 0.4437 0.5642
vn 0.7798 0.1581 0.6057
vn 0.2438 0.1023 0.9644
vn -0.0220 -0.7937 0.6079
vn 0.2693 0.2214 0.9373
vn 0.3903 0.1026 0.9150
vn 0.3161 0.3494 0.8821
vn 0.2046 0.1094 0.9727
vn 0.7909 0.4150 0.4497
vn -0.0571 0.9953 -0.0782
vn 0.6904 0.1814 0.7004
vn 0.6871 -0.2389 -0.6862
vn 0.2609 -0.3548 0.8978
vn -0.9817 -0.1878 -0.0323
vn -0.9304 0.1985 0.3081
vn -0.9311 -0.0595 0.3600
vn -0.0756 -0.9901 -0.1183
vn 0.3856 0.6053 -0.6964
vn 0.9096 -0.2261 0.3486
vn 0.6325 0.0704 0.7714
vn -0.7881 0.0119 -0.6155
vn -0.4437 -0.4459 0.7774
vn -0.5585 -0.2640 0.7864
vn 0.6003 0.7415 0.2996
vn 0.5565 0.0025 0.8309
vn 0.3279 0.3717 0.8686
vn 0.4389 0.0956 0.8934
vn 0.8468 0.2554 0.4666
vn 0.2538 0.3913 0.8846
vn 0.4239 0.2338 0.8750
vn 0.4920 0.1640 0.8550
vn 0.9121 0.1251 0.3903
vn 0.9339 -0.0189 0.3572
vn 0.7371 0.3888 0.5527
vn 0.6757 -0.0008 0.7371
vn 0.3845 0.3902 0.8366
vn 0.6163 0.0837 0.7831
vn 0.6289 0.1535 0.7622
vn 0.3314 0.4042 0.8525
vn 0.2006 0.3295 0.9226
vn 0.3169 0.3247 0.8912
vn 0.3652 0.3288 0.8709
vn 0.2304 0.3665 0.9015
vn 0.2817 0.3793 0.8814
vn 0.5267 0.3950 0.7527
vn 0.5933 0.1396 0.7928
vn 0.6142 0.2695 0.7417
vn -0.9898 -0.1170 0.0813
vn 0.8072 -0.1322 0.5753
vn 0.9122 0.3606 -0.1945
vn 0.4818 0.4262 0.7656
vn 0.4662 0.4440 0.7652
vn 0.9618 -0.1916 0.1958
vn 0.4797 0.3330 0.8118
vn 0.6777 0.3738 0.6332
vn 0.6665 0.4258 0.6119
vn 0.4935 0.4392 0.7507
vn 0.4585 0.3754 0.8055
vn 0.5723 0.2930 0.7659
vn 0.1901 0.3735 0.9080
vn 0.2947 0.5113 0.8073
vn 0.4104 0.5635 0.7170
vn 0.2155 0.4383 0.8726
vn 0.9653 -0.2408 -0.1010
vn 0.7911 0.0791 0.6065
vn -0.7619 0.1040 -0.6393
vn -0.9234 -0.0419 0.3815
vn 0.8876 0.2490 0.3875
vn 0.1622 -0.1790 0.9704
vn 0.6223 0.1009 0.7763
vn 0.3016 -0.7320 0.6109
vn 0.6780 0.5922 0.4354
vn 0.1274 -0.0989 -0.9869
vn 0.1691 0.2905 0.9418
vn -0.2623 0.6574 0.7064
vn 0.7805 0.2917 0.5529
vn 0.7652 -0.0265 0.6433
vn -0.2516 0.8853 0.3911
vn -0.6187 0.1526 0.7707
vn 0.1862 0.0940 0.9780
vn 0.5229 -0.3776 0.7642
vn -0.7530 0.3084 0.5813
vn 0.7091 -0.0992 0.6980
vn 0.2531 0.3099 0.9165
vn 0.7254 0.2497 0.6415
vn 0.5023 -0.1537 0.8509
vn 0.5922 0.4429 0.6731
vn 0.3749 -0.8920 0.2528
vn 0.1800 -0.2750 0.9444
vn 0.4155 0.3032 0.8576
vn 0.5044 -0.4671 0.7262
vn 0.3795 0.8620 -0.3360
vn -0.2352 0.9256 0.2965
vn 0.3802 0.7502 -0.5409
vn 0.5681 0.5662 0.5972
vn -0.8684 0.0594 -0.4923
vn 0.7092 -0.2029 0.6752
vn 0.2622 -0.5894 0.7641
vn 0.7853 -0.0042 0.6191
vn 0.7564 -0.0344 0.6532
vn 0.2164 -0.4293 0.8769
vn 0.6280 -0.3262 0.7066
vn 0.8492 0.1647 0.5017
vn 0.9663 -0.2567 0.0192
vn 0.2606 -0.3333 0.9061
vn 0.7760 -0.2462 0.5807
vn 0.7873 0.0672 0.6129
vn 0.8118 0.2386 0.5330
vn 0.4665 0.1729 0.8675
vn 0.8885 0.1801 0.4221
vn 0.8401 0.2718 0.4694
vn 0.2751 -0.6161 0.7381
vn 0.5989 0.7715 -0.2146
vn 0.5806 0.5672 0.5842
vn -0.0460 0.8190 -0.5719
vn 0.7297 -0.1821 0.6590
vn 0.5400 -0.7649 0.3510
vn 0.7796 -0.3923 0.4881
vn 0.8424 0.2174 0.4931
vn 0.3824 0.3992 0.8333
vn 0.6511 -0.3769 0.6588
vn -0.2288 0.1711 0.9583
vn 0.8779 -0.3215 0.3548
vn 0.1313 0.7393 0.6605
vn 0.7693 0.2483 0.5886
vn 0.7643 0.0925 0.6382
vn 0.3005 -0.5994 0.7419
vn 0.6406 0.1236 0.7579
vn 0.9289 0.0352 0.3685
vn 0.8422 -0.1614 0.5144
vn 0.8336 -0.0237 0.5518
vn 0.2214 -0.5146 0.8284
vn 0.3551 -0.7204 0.5958
vn 0.9075 0.1336 0.3981
vn 0.9174 0.0461 0.3952
vn 0.9283 0.0669 0.3657
vn 0.2016 -0.8612 0.4665
vn 0.9385 0.0656 0.3391
vn 0.8898 0.0883 0.4477
vn 0.8878 0.0916 0.4511
vn 0.9401 0.0966 0.3269
vn 0.9987 -0.0211 -0.0461
vn 0.9226 0.1148 0.3683
vn 0.5918 0.6796 0.4335
vn -0.6978 0.5130 0.5000
vn -0.1689 0.3033 0.9378
vn 0.9291 0.0324 0.3683
vn 0.7118 0.5725 0.4069
vn 0.7349 0.5237 0.4309
vn 0.5481 0.2211 0.8067
vn 0.5549 0.7585 0.3417
vn 0.6883 -0.2451 0.6828
vn 0.3210 0.8655 0.3846
vn 0.2524 0.3207 0.9129
vn 0.6258 0.6447 0.4390
vn 0.5070 0.7096 0.4892
vn 0.7562 0.1658 0.6330
vn 0.3701 -0.5962 0.7125
vn 0.4849 0.7614 0.4302
vn 0.7714 -0.4019 0.4933
vn 0.6554 0.5293 0.5387
vn 0.5058 0.5996 0.6202
vn 0.3155 0.9027 0.2925
vn 0.5832 0.3800 0.7180
vn 0.4462 0.4952 -0.7454
vn 0.9826 -0.0795 -0.1677
vn 0.5962 0.6987 0.3953
vn 0.1437 -0.4115 0.9000
vn 0.8008 0.0469 0.5972
vn 0.3427 0.7713 0.5364
vn 0.4205 0.8583 0.2942
vn 0.6031 0.7367 -0.3058
vn -0.5464 0.4613 0.6990
vn 0.5099 0.6644 0.5464
vn -0.8318 0.0223 -0.5547
vn -0.2022 -0.6866 0.6983
vn 0.5305 0.7874 0.3140
vn -0.2544 0.7239 0.6413
vn -0.2242 0.9698 -0.0957
vn 0.1189 -0.4074 0.9055
vn 0.9448 0.1637 0.2838
vn 0.2241 0.2756 0.9348
vn 0.9879 0.1196 0.0987
vn 0.4696 -0.4960 0.7304
vn 0.4502 0.2721 0.8505
vn 0.5803 0.2673 0.7693
vn 0.4912 0.4435 0.7497
vn -0.1152 -0.4490 -0.8861
vn 0.2929 0.3894 0.8733
vn 0.7056 0.2365 0.6680
vn 0.6266 0.6908 0.3608
vn 0.9614 -0.1309 -0.2420
vn 0.7041 -0.0305 0.7095
vn 0.2851 -0.5848 -0.7595
vn 0.8782 -0.4460 -0.1729
vn 0.8908 0.2634 -0.3703
vn -0.9504 -0.2321 -0.2071
vn 0.7853 0.3599 0.5037
vn 0.7534 -0.4594 0.4705
vn -0.8360 -0.5430 0.0789
vn -0.2919 0.5029 0.8136
vn 0.0393 -0.3699 0.9282
vn 0.0692 -0.2888 0.9549
vn -0.6178 -0.4251 0.6615
vn 0.5738 -0.7744 -0.2667
vn 0.8566 -0.2961 -0.4226
vn 0.8472 0.2796 0.4517
vn 0.8052 -0.3080 0.5067
vn 0.7438 0.4572 0.4876
vn 0.2040 0.3060 0.9299
vn -0.1870 -0.9811 -0.0502
vn -0.0813 -0.0115 -0.9966
vn 0.0091 0.9996 -0.0264
vn 0.1819 -0.6745 -0.7155
vn -0.0622 -0.7109 -0.7005
vn 0.7215 -0.4615 0.5163
vn 0.3921 -0.9174 0.0678
vn -0.0096 -0.8227 -0.5684
vn 0.3999 -0.4417 0.8031
vn -0.8515 0.2347 0.4689
vn 0.5862 -0.0896 0.8052
vn 0.8496 -0.4269 -0.3097
vn 0.6685 0.6311 0.3935
vn 0.8208 0.0368 -0.5700
vn 0.1256 -0.9355 -0.3301
vn 0.3959 -0.1678 -0.9028
vn 0.6691 0.2100 0.7129
vn -0.7791 -0.4065 -0.4773
vn 0.8299 -0.5368 0.1521
vn 0.9923 -0.0700 0.1018
vn 0.9828 -0.1419 0.1185
vn 0.5338 -0.2858 0.7959
vn 0.0146 -0.8602 0.5097
vn 0.6350 0.3921 0.6656
vn 0.8473 -0.1966 0.4934
vn -0.1040 0.0785 0.9915
vn 0.8989 -0.4381 -0.0111
vn -0.2304 -0.9669 0.1093
vn -0.7723 0.1719 0.6115
vn -0.6558 0.1664 0.7364
vn -0.8514 -0.0042 0.5244
vn 0.9834 -0.1001 0.1514
vn 0.9865 -0.1152 0.1165
vn -0.0846 0.5135 0.8539
vn 0.2477 0.8052 0.5388
vn 0.8679 0.3774 0.3231
vn 0.9744 -0.0178 -0.2241
vn 0.8966 -0.0152 -0.4427
vn 0.9449 -0.2328 0.2302
vn 0.9204 0.3867 -0.0575
vn 0.6111 0.4309 -0.6640
vn 0.0927 -0.2194 0.9712
vn 0.3760 0.4893 0.7869
vn -0.2494 0.5012 0.8286
vn -0.9179 0.1467 0.3686
vn -0.7873 0.4924 0.3712
vn -0.7150 0.1502 0.6828
vn -0.5451 0.2892 0.7869
vn 0.9445 0.2535 0.2089
vn 0.6604 -0.0895 0.7456
vn 0.9354 -0.3051 -0.1789
vn 0.7661 0.4912 0.4144
vn -0.0789 0.7319 0.6768
vn -0.2606 0.8378 0.4798
vn 0.3578 0.4269 0.8305
vn -0.4993 -0.1768 0.8482
vn -0.2665 0.3475 0.8990
vn 0.2916 0.9352 0.2008
vn -0.7862 -0.3053 0.5373
vn 0.3347 -0.9341 -0.1240
vn 0.4468 0.3266 0.8329
vn -0.2630 0.7921 0.5508
vn 0.9411 -0.2781 -0.1922
vn -0.0933 -0.6061 -0.7899
vn -0.9209 0.1959 -0.3370
vn -0.9888 0.0286 0.1464
vn -0.9779 -0.0232 0.2078
vn 0.5746 0.2652 0.7743
vn -0.8794 -0.0455 -0.4738
vn 0.3462 0.8381 0.4215
vn 0.4176 0.8971 0.1445
vn -0.3102 -0.0875 -0.9466
vn 0.3847 0.3729 0.8444
vn -0.4048 0.6238 0.6686
vn -0.3038 0.4334 0.8484
vn 0.1967 0.1088 0.9744
vn -0.1305 0.9906 -0.0409
vn -0.9207 -0.3134 -0.2325
vn 0.8400 -0.3540 -0.4112
vn 0.4839 0.3339 0.8089
vn 0.9030 -0.3694 -0.2194
vn 0.5234 -0.3740 0.7656
vn 0.0810 -0.2141 0.9734
vn 0.6639 -0.7453 -0.0611
vn -0.4019 0.1849 0.8968
vn 0.8489 -0.5231 0.0762
vn -0.3762 -0.8556 0.3556
vn 0.2115 -0.9772 0.0181
vn 0.5830 0.2271 0.7801
vn -0.9267 -0.3255 0.1878
vn 0.5492 0.8211 0.1556
vn 0.3560 -0.3820 0.8529
vn 0.2429 0.7007 -0.6708
vn -0.8172 -0.4632 -0.3431
vn 0.3976 -0.7198 -0.5691
vn 0.1383 -0.5505 -0.8233
vn -0.9431 0.1336 0.3043
vn -0.9879 0.1196 0.0987
vn 0.5579 -0.4968 -0.6648
vn 0.1602 0.0923 0.9828
vn 0.4772 0.7039 -0.5261
vn 0.4053 0.4505 0.7955
vn 0.3865 0.7739 0.5017
vn -0.7716 0.0443 0.6346
vn -0.9234 -0.3326 0.1918
vn 0.7002 -0.0365 0.7130
vn 0.7400 0.5238 -0.4219
vn 0.7025 0.4316 -0.5659
vn 0.3955 0.4093 0.8222
vn 0.8021 0.2001 -0.5627
vn 0.9844 -0.1644 0.0629
vn 0.4672 -0.0195 0.8840
vn -0.4977 0.3203 0.8060
vn 0.6067 0.0573 0.7928
vn 0.6190 0.4594 0.6370
vn -0.4421 0.0076 0.8969
vn -0.7316 0.0556 0.6795
vn -0.9542 0.0704 0.2908
vn -0.9518 0.1187 0.2827
vn -0.9754 0.0392 0.2168
vn -0.9736 0.0060 0.2280
vn 0.9441 0.1000 -0.3142
vn -0.9955 0.0095 0.0938
vn -0.9874 -0.0811 0.1358
vn -0.9862 -0.0671 0.1516
vn 0.4601 -0.4239 -0.7802
vn 0.9950 -0.0540 0.0840
vn -0.1688 0.8963 0.4101
vn 0.1912 0.9595 0.2067
vn 0.0696 0.9345 0.3491
vn -0.2517 0.8496 0.4635
vn -0.1119 0.8959 0.4300
vn -0.1071 0.8692 0.4827
vn -0.6535 -0.2253 0.7227
vn -0.5477 0.4747 0.6890
vn -0.0765 0.2632 0.9617
vn -0.0121 -0.3339 0.9425
vn -0.0528 0.1855 0.9812
vn -0.0737 0.5106 0.8566
vn -0.1962 0.5422 0.8170
vn -0.2570 0.1859 0.9484
vn 0.0215 0.4080 0.9127
vn -0.0761 0.8204 0.5667
vn -0.2908 -0.0356 0.9561
vn -0.0487 -0.0120 0.9987
vn -0.0106 0.2956 0.9552
vn 0.1283 0.2935 0.9473
vn 0.0503 0.4045 0.9131
vn -0.0748 -0.2240 0.9717
vn -0.0560 -0.1145 0.9918
vn -0.2844 -0.2780 0.9175
vn -0.3094 -0.2669 0.9127
vn -0.8510 0.0836 0.5185
vn -0.4619 0.2712 0.8445
vn -0.6366 0.3047 0.7084
vn -0.7358 0.4219 0.5298
vn -0.6813 0.5411 0.4930
vn -0.8540 0.0877 0.5128
vn -0.8241 0.0565 0.5636
vn -0.6214 0.0682 0.7805
vn -0.5595 0.3611 0.7461
vn -0.7116 0.2153 0.6688
vn -0.7695 0.0422 0.6373
vn -0.4097 0.2885 0.8654
vn -0.4275 0.0611 0.9020
vn -0.4749 -0.2061 0.8555
vn -0.6456 -0.1424 0.7503
vn -0.7930 -0.2521 0.5546
vn -0.8435 -0.1833 0.5048
vn -0.8952 -0.1202 0.4291
vn -0.7816 0.0950 0.6165
vn -0.8203 -0.1319 0.5565
vn -0.8474 -0.1683 0.5036
vn -0.8268 -0.0905 0.5552
vn -0.7515 -0.0153 0.6596
vn -0.6693 -0.4243 0.6100
vn -0.6758 -0.3480 0.6498
vn -0.7856 -0.2830 0.5503
vn -0.7700 -0.3165 0.5540
vn -0.4618 -0.3919 0.7957
vn -0.4737 -0.3381 0.8132
vn -0.1876 0.9789 -0.0816
vn 0.1067 0.9462 -0.3054
vn 0.0190 0.9982 0.0567
vn -0.1063 0.9943 0.0121
vn 0.1305 0.9906 -0.0409
vn -0.1233 0.8874 0.4442
vn -0.0947 0.8868 0.4523
vn 0.0571 0.9953 -0.0782
vn -0.0533 0.9986 0.0026
vn -0.1470 0.8884 0.4348
vn -0.2464 0.9687 0.0306
vn -0.2260 0.8740 0.4301
vn -0.3216 0.9097 0.2626
vn -0.2915 0.8475 0.4436
vn -0.0148 -0.6957 0.7182
vn -0.5527 -0.0163 0.8333
vn -0.6500 -0.0095 0.7599
vn -0.5855 0.3279 0.7414
vn -0.5732 0.3208 0.7540
vn 0.4908 -0.7121 0.5020
vn 0.3727 -0.7735 0.5127
vn 0.1787 -0.7260 0.6640
vn 0.2159 -0.6536 0.7254
vn -0.7853 -0.0042 0.6191
vn -0.3299 0.8356 0.4392
vn -0.3135 0.8673 0.3867
vn -0.0031 0.9600 0.2798
vn -0.0646 0.9090 0.4118
vn -0.3093 0.7174 0.6242
vn 0.0482 0.8304 0.5550
vn 0.2823 0.9448 0.1661
vn 0.2990 0.9518 0.0687
vn 0.0112 0.8543 0.5197
vn -0.0073 0.8588 0.5122
vn 0.0898 0.9038 0.4184
vn 0.1054 0.9378 0.3307
vn -0.0232 0.8904 0.4546
vn -0.0753 0.8230 0.5630
vn 0.1415 0.8072 0.5731
vn 0.2393 0.0704 0.9684
vn 0.4920 0.2210 0.8420
vn 0.3853 0.3943 0.8343
vn 0.1587 0.5005 0.8511
vn 0.4558 -0.6079 0.6501
vn 0.4557 -0.3818 0.8041
vn 0.2521 -0.2556 0.9333
vn 0.2211 -0.5642 0.7955
vn -0.7499 0.2204 0.6237
vn -0.5810 0.3066 0.7539
vn -0.4963 0.1569 0.8539
vn -0.6897 0.1678 0.7044
vn -0.6402 0.0304 0.7676
vn -0.2359 -0.0311 0.9713
vn -0.3456 -0.1651 0.9237
vn -0.5240 -0.0315 0.8512
vn -0.3206 0.3749 0.8698
vn -0.0816 0.2816 0.9561
vn -0.3154 0.1435 0.9380
vn -0.2686 0.2810 0.9214
vn -0.4696 -0.4960 0.7304
vn -0.4495 -0.4929 0.7450
vn -0.4992 -0.6251 0.6001
vn -0.5250 -0.5513 0.6484
vn -0.5586 -0.4788 0.6772
vn -0.5873 -0.5294 0.6122
vn -0.6356 -0.3587 0.6836
vn -0.5504 -0.2936 0.7816
vn 0.1071 -0.3327 0.9369
vn 0.4951 -0.6093 0.6193
vn -0.0336 -0.8447 0.5342
vn -0.0469 -0.5836 0.8107
vn 0.3936 -0.8747 0.2828
vn 0.4077 -0.9100 0.0750
vn -0.3713 -0.6467 0.6663
vn 0.0067 -0.8796 0.4758
vn 0.3841 -0.9083 0.1659
vn 0.2646 -0.9189 0.2926
vn -0.3248 -0.4022 0.8560
vn -0.4378 -0.4015 0.8045
vn 0.0430 -0.8296 0.5567
vn -0.0954 -0.9085 0.4068
vn -0.4976 -0.6846 0.5326
vn -0.4945 -0.6761 0.5462
vn -0.0315 -0.8006 0.5983
vn -0.2541 -0.7768 0.5762
vn -0.1258 -0.9076 0.4006
vn -0.3920 -0.7996 0.4549
vn -0.3850 -0.8487 0.3625
vn -0.0720 -0.9660 0.2484
vn 0.2769 -0.9608 0.0159
vn 0.3892 -0.9188 0.0664
vn 0.0506 -0.8634 0.5020
vn 0.0225 -0.8839 0.4671
vn -0.4427 -0.7530 0.4868
vn -0.4086 -0.7970 0.4447
vn -0.4270 -0.6488 0.6299
vn -0.6385 -0.6510 0.4106
vn -0.4628 -0.3793 0.8012
vn -0.2241 -0.3446 0.9116
vn -0.2681 -0.6355 0.7241
vn -0.0373 -0.4696 0.8821
vn -0.1428 -0.7038 0.6959
vn -0.0836 -0.7510 0.6550
vn -0.0701 -0.9689 0.2373
vn -0.0942 -0.3508 0.9317
vn 0.3533 0.3650 0.8614
vn 0.3104 0.3466 0.8852
vn 0.0622 0.6017 0.7963
vn 0.0527 0.5659 0.8228
vn -0.0343 0.8189 0.5729
vn 0.0421 0.5575 0.8291
vn -0.0775 0.7024 0.7076
vn -0.1157 0.9254 0.3610
vn -0.1623 0.8701 0.4654
vn -0.1967 0.8753 0.4417
vn -0.4651 -0.3376 0.8183
vn -0.6813 -0.5561 0.4760
vn -0.2335 0.8654 0.4433
vn -0.4187 0.6268 0.6571
vn -0.2477 0.8052 0.5388
vn -0.4304 0.7141 0.5521
vn -0.3569 0.8105 0.4644
vn -0.3076 0.9072 0.2869
vn -0.2165 -0.0086 0.9763
vn 0.1592 0.3301 0.9304
vn 0.2303 0.2547 0.9392
vn 0.1482 0.2208 0.9640
vn 0.4295 0.3177 0.8453
vn 0.3749 0.3248 0.8683
vn -0.1320 0.1283 0.9829
vn -0.1323 0.1166 0.9843
vn 0.1147 0.0260 0.9931
vn -0.3017 -0.1172 0.9462
vn 0.0155 -0.1148 0.9933
vn -0.0145 -0.0407 0.9991
vn -0.0160 0.3777 0.9258
vn 0.0753 0.1394 0.9874
vn -0.0504 0.3851 0.9215
vn -0.0476 0.4596 0.8869
vn -0.3383 -0.2070 0.9180
vn -0.3337 -0.0637 0.9405
vn -0.1862 0.0940 0.9780
vn -0.1540 -0.0019 0.9881
vn -0.7275 -0.1717 0.6643
vn 0.2083 0.7818 0.5877
vn -0.6062 0.1775 0.7752
vn -0.4897 0.3520 0.7977
vn -0.5131 0.3454 0.7858
vn -0.6289 0.1336 0.7659
vn -0.6809 -0.0128 0.7323
vn -0.5438 0.2944 0.7859
vn -0.5428 0.1679 0.8229
vn -0.6361 -0.1735 0.7518
vn -0.3890 -0.2813 0.8773
vn -0.3786 -0.0474 0.9243
vn -0.5349 -0.1654 0.8286
vn -0.5757 -0.0995 0.8116
vn -0.5245 0.1140 0.8437
vn -0.5432 -0.0284 0.8391
vn -0.2211 0.0014 0.9753
vn -0.6402 -0.0834 0.7637
vn -0.4940 -0.2943 0.8181
vn -0.1071 -0.1805 0.9777
vn -0.1454 0.1403 0.9794
vn -0.3723 0.2413 0.8962
vn -0.5645 0.0094 0.8254
vn 0.0132 0.1924 0.9812
vn -0.0744 0.0807 0.9940
vn -0.0677 0.0950 0.9932
vn -0.0285 0.2793 0.9598
vn -0.0618 0.2675 0.9616
vn -0.1839 0.4342 0.8819
vn -0.0709 0.3798 0.9223
vn -0.4174 -0.2661 0.8689
vn -0.5422 -0.1650 0.8239
vn -0.5876 -0.1870 0.7873
vn -0.5053 -0.2722 0.8189
vn -0.4815 -0.5531 0.6799
vn -0.5011 -0.4983 0.7075
vn -0.5100 -0.3773 0.7730
vn -0.5281 -0.4045 0.7467
vn -0.5453 -0.4284 0.7205
vn -0.6364 -0.2723 0.7217
vn -0.5479 -0.4836 0.6827
vn -0.5235 -0.5469 0.6533
vn -0.0519 -0.6262 0.7779
vn -0.1440 -0.6672 0.7309
vn -0.1744 -0.5998 0.7809
vn -0.0864 -0.5315 0.8426
vn -0.0996 -0.4514 0.8867
vn -0.2928 -0.4869 0.8229
vn 0.2736 0.3995 0.8750
vn 0.1466 0.0549 0.9877
vn -0.0245 -0.1725 0.9847
vn 0.0418 0.5263 0.8493
vn 0.1570 0.1263 0.9795
vn -0.5702 0.6578 -0.4921
vn -0.2593 0.5903 0.7644
vn -0.4787 0.2777 0.8329
vn 0.0069 -0.7769 0.6295
vn 0.0162 -0.6948 0.7191
vn -0.3744 -0.0633 0.9251
vn -0.3674 -0.3942 0.8424
vn -0.1226 -0.6997 0.7039
vn -0.3128 -0.6876 0.6552
vn -0.4426 -0.5026 0.7426
vn -0.3031 -0.7051 0.6411
vn -0.3530 -0.5293 0.7715
vn -0.5065 -0.5323 0.6783
vn -0.1533 -0.6379 0.7547
vn -0.1348 -0.4397 0.8880
vn -0.1380 -0.4403 0.8872
vn -0.0280 -0.5814 0.8132
vn -0.0933 -0.7719 0.6288
vn -0.6687 0.2858 0.6864
vn -0.3020 -0.4323 0.8496
vn 0.0597 -0.7367 0.6735
vn 0.0329 -0.8079 0.5884
vn -0.2309 -0.4382 0.8687
vn -0.4920 -0.5196 0.6985
vn -0.5196 -0.5905 0.6175
vn -0.4819 -0.6196 0.6196
vn -0.3278 -0.6383 0.6965
vn -0.5070 -0.5671 0.6491
vn -0.4827 -0.6212 0.6173
vn -0.5190 -0.5973 0.6114
vn 0.4169 -0.0736 0.9060
vn -0.8195 -0.2359 0.5223
vn 0.8404 -0.4881 0.2357
vn 0.8718 0.4248 0.2439
vn -0.2083 0.7819 0.5876
vn -0.9196 -0.1143 0.3760
vn -0.0884 -0.6375 -0.7654
vn 0.9237 -0.2178 0.3153
vn 0.1702 -0.4064 0.8977
vn -0.1456 0.1257 -0.9813
vn -0.8671 0.4007 -0.2958
vn -0.6665 0.4258 0.6119
vn 0.7935 -0.0431 0.6070
vn -0.8448 -0.5138 -0.1495
vn 0.8956 0.1973 -0.3986
vn -0.8048 -0.0097 -0.5934
vn 0.5070 -0.5671 0.6491
vn -0.6672 0.0171 0.7446
vn 0.9282 0.3542 0.1143
vn 0.1687 -0.1160 -0.9788
vn -0.3610 -0.7895 -0.4964
vn 0.4618 0.2712 0.8445
vn -0.2823 -0.7937 -0.5388
vn 0.0007 0.3770 -0.9262
vn -0.6836 0.3033 0.6638
vn -0.9282 0.3542 0.1143
vn -0.8007 0.0469 0.5972
vn 0.4912 -0.7812 0.3853
vn 0.4318 -0.6472 0.6282
vn 0.9397 -0.3403 -0.0348
vn 0.9254 -0.3252 -0.1944
vn 0.4699 0.8565 0.2136
vn -0.2736 0.3994 0.8750
vn -0.6617 -0.4971 0.5613
vn 0.2749 -0.3600 0.8915
vn 0.9142 -0.2644 0.3070
vn 0.9620 -0.2627 0.0745
vn 0.4201 -0.5517 0.7205
vn -0.6582 0.1948 0.7272
vn -0.9329 0.1436 0.3303
vn 0.6207 -0.0580 -0.7819
vn -0.9625 -0.0300 0.2696
vn 0.6823 -0.0658 -0.7281
vn 0.3560 -0.8701 -0.3409
vn 0.5599 0.5587 -0.6119
vn 0.0273 -0.4924 -0.8699
vn -0.8469 0.2267 -0.4810
vn 0.4215 -0.1075 0.9004
vn -0.7797 -0.1662 0.6037
vn -0.9525 0.0103 0.3044
vn 0.6241 -0.1853 -0.7590
vn 0.6212 -0.2254 -0.7505
vn 0.7058 -0.1707 -0.6875
vn 0.6574 -0.1789 -0.7320
vn -0.5561 0.4171 0.7189
vn -0.4726 0.4931 0.7304
vn -0.4422 0.3941 0.8057
vn -0.3021 0.4548 0.8378
vn 0.7210 0.3159 0.6167
vn 0.8976 -0.0908 -0.4313
vn 0.3485 -0.6652 -0.6603
vn 0.3737 -0.6817 -0.6290
vn 0.4980 -0.7374 -0.4563
vn 0.1295 -0.8570 -0.4987
vn 0.1343 0.9387 -0.3175
vn 0.2059 0.2583 -0.9439
vn -0.7819 0.2444 0.5735
vn 0.0884 -0.6375 -0.7654
vn -0.7091 -0.0078 0.7051
vn -0.5347 0.3004 -0.7898
vn -0.9838 -0.1413 -0.1103
vn 0.4726 0.4931 0.7304
vn -0.7058 -0.1707 -0.6875
vn -0.9149 0.0559 0.3999
vn -0.9468 -0.2320 0.2231
vn -0.8001 -0.5965 -0.0640
vn 0.3172 0.9476 -0.0372
vn -0.5788 -0.4134 -0.7029
vn -0.5308 -0.3792 -0.7579
vn 0.0105 -0.1811 0.9834
vn -0.1032 -0.2109 -0.9720
vn 0.3046 0.1436 0.9416
vn -0.6650 -0.6045 -0.4385
vn 0.1332 -0.2473 -0.9598
vn 0.2245 0.9653 0.1332
vn -0.8785 0.0071 0.4776
vn -0.3685 0.0078 -0.9296
vn -0.8498 -0.4453 -0.2822
vn -0.9209 0.2291 -0.3153
vn 0.1049 0.8862 0.4512
vn 0.4253 -0.8788 0.2165
vn -0.7098 0.2164 0.6703
vn -0.5713 -0.1569 0.8056
vn -0.6683 -0.1801 0.7218
vn -0.2695 -0.0728 0.9602
vn 0.0482 0.6469 0.7610
vn 0.7467 -0.6547 -0.1176
vn 0.2669 0.9415 -0.2059
vn 0.8368 0.1008 0.5381
vn 0.8048 -0.0097 -0.5934
vn 0.9359 -0.2547 0.2435
vn 0.9985 -0.0543 0.0106
vn -0.5256 0.8292 -0.1901
vn -0.7332 0.2446 0.6345
vn 0.5555 0.3833 0.7379
vn -0.7459 -0.4839 -0.4577
vn -0.2889 -0.2628 -0.9206
vn -0.9311 -0.1645 0.3256
vn 0.7133 0.0005 0.7008
vn 0.7483 -0.0333 0.6625
vn -0.0885 -0.2927 -0.9521
vn 0.1466 -0.0567 -0.9876
vn 0.1694 -0.0443 -0.9845
vn 0.1972 -0.2396 -0.9506
vn 0.5826 -0.4237 -0.6936
vn 0.1529 -0.8772 -0.4550
vn 0.4460 -0.8692 -0.2134
vn 0.7110 -0.5107 -0.4834
vn -0.0486 -0.7340 0.6774
vn -0.6212 -0.2254 -0.7505
vn -0.9982 0.0116 0.0589
vn 0.2336 -0.3799 -0.8951
vn -0.0273 -0.4923 -0.8700
vn -0.0017 -0.3155 -0.9489
vn -0.3654 -0.5770 -0.7304
vn -0.7188 -0.5950 -0.3595
vn -0.8318 -0.4728 -0.2908
vn -0.4118 -0.3901 -0.8235
vn 0.5196 0.1487 0.8414
vn 0.5479 -0.4836 0.6827
vn 0.7458 -0.6586 0.0999
vn -0.7777 0.2719 0.5668
vn 0.9455 0.1712 0.2768
vn -0.7681 0.2830 -0.5744
vn 0.3034 0.7992 0.5189
vn 0.9933 -0.1129 0.0262
vn 0.5130 0.3453 0.7859
vn 0.7723 0.1719 0.6115
vn -0.6155 0.1278 0.7777
vn -0.6452 0.2532 0.7209
vn -0.7860 0.2002 0.5849
vn -0.8070 0.0969 0.5826
vn -0.2497 -0.4133 -0.8757
vn 0.1210 0.8463 0.5187
vn 0.9702 0.0412 0.2389
vn -0.9412 -0.0663 0.3314
vn 0.0892 -0.3050 -0.9482
vn -0.1453 0.8327 0.5342
vn -0.8666 -0.2169 0.4494
vn -0.8838 -0.0156 0.4675
vn -0.8210 0.2163 0.5284
vn -0.8368 0.1008 0.5381
vn -0.8873 -0.0655 0.4565
vn -0.9920 0.1177 0.0459
vn 0.6552 -0.2514 -0.7124
vn -0.7002 -0.0365 0.7130
vn -0.6999 -0.6254 -0.3449
vn 0.0628 0.0695 -0.9956
vn 0.3048 0.4111 0.8591
vn -0.1774 0.2088 0.9617
vn -0.2705 0.3272 0.9054
vn -0.3755 0.3378 0.8631
vn 0.0706 0.2420 0.9677
vn 0.2514 0.3063 0.9181
vn 0.8974 -0.1362 0.4198
vn 0.7366 -0.4737 0.4828
vn 0.2983 -0.4422 0.8458
vn -0.5258 0.0929 0.8455
vn -0.1446 0.8314 0.5365
vn -0.2582 0.6542 0.7109
vn -0.7160 0.1875 0.6724
vn -0.5359 0.4052 0.7406
vn -0.6834 0.0753 0.7262
vn -0.1881 0.4104 0.8923
vn -0.2741 0.2541 0.9275
vn -0.8436 0.0077 0.5369
vn -0.9058 0.4117 -0.1002
vn -0.2516 -0.7984 -0.5470
vn 0.8701 -0.4068 0.2783
vn -0.9014 -0.2039 0.3819
vn -0.9012 -0.2322 0.3660
vn -0.8779 -0.3215 0.3548
vn -0.9096 -0.2261 0.3486
vn -0.1923 -0.1571 -0.9687
vn -0.4518 0.4847 -0.7490
vn 0.9854 -0.0940 0.1419
vn -0.0162 -0.6948 0.7190
vn -0.9651 0.0840 0.2480
vn -0.3507 -0.1204 -0.9287
vn 0.7072 -0.5115 -0.4880
vn 0.4758 0.3557 0.8044
vn 0.7797 -0.1662 0.6037
vn 0.5768 0.2977 0.7607
vn -0.7935 -0.0431 0.6070
vn -0.6322 -0.1082 0.7672
vn -0.7818 0.1608 0.6024
vn 0.9959 -0.0773 0.0469
vn -0.9187 0.0673 0.3891
vn 0.1031 -0.3360 -0.9362
vn 0.5360 0.4053 0.7406
vn 0.3631 0.5083 0.7809
vn -0.9752 -0.2182 -0.0369
vn -0.7463 0.1387 0.6510
vn -0.4593 0.1376 0.8776
vn -0.3647 -0.0539 0.9296
vn -0.6405 0.0077 0.7679
vn -0.6534 0.1472 0.7426
vn 0.9752 -0.2182 -0.0369
vn -0.6712 0.4781 0.5665
vn 0.0145 0.2939 -0.9557
vn -0.7257 -0.6836 0.0779
vn 0.9064 -0.0730 0.4161
vn 0.8927 0.0342 -0.4493
vn -0.9897 -0.1324 0.0540
vn 0.4149 0.6758 0.6092
vn 0.6650 -0.6045 -0.4386
vn 0.1040 0.3468 -0.9321
vn 0.4421 0.0076 0.8970
vn 0.9626 0.2368 0.1315
vn 0.4786 -0.3127 -0.8204
vn 0.7467 0.0850 0.6597
vn 0.3011 -0.3757 0.8765
vn 0.0595 -0.3841 0.9214
vn -0.8261 -0.5594 0.0678
vn -0.8133 0.0696 0.5776
vn -0.7234 -0.1666 0.6701
vn -0.6624 -0.3628 -0.6555
vn -0.9780 -0.1724 0.1171
vn -0.2722 -0.0108 -0.9622
vn 0.1032 -0.2109 -0.9720
vn 0.9440 0.1364 -0.3006
vn 0.6624 -0.3628 -0.6555
vn -0.7808 -0.4362 0.4474
vn 0.9852 -0.0702 0.1566
vn -0.7110 -0.5107 -0.4834
vn 0.6155 0.1278 0.7777
vn 0.1041 -0.0411 -0.9937
vn -0.7114 0.4640 0.5278
vn 0.8124 0.2188 0.5404
vn -0.4757 -0.6290 0.6148
vn -0.9752 0.0090 0.2211
vn -0.3865 0.7739 0.5017
vn 0.7897 -0.1694 0.5897
vn -0.3666 0.8101 0.4576
vn -0.4290 0.1498 0.8908
vn 0.9049 0.3453 -0.2487
vn -0.4881 0.8726 -0.0185
vn 0.1947 -0.2781 0.9406
vn -0.5051 0.6276 -0.5924
vn -0.9727 -0.1947 0.1260
vn -0.7652 -0.0526 0.6417
vn -0.3113 -0.6011 -0.7360
vn -0.9624 -0.1118 -0.2476
vn -0.3996 0.3623 0.8420
vn 0.3592 -0.1899 0.9138
vn -0.9586 0.2233 0.1766
vn 0.7505 -0.3753 0.5440
vn -0.1489 0.9799 -0.1328
vn -0.9150 -0.0169 -0.4031
vn -0.6458 -0.5630 0.5156
vn -0.0433 0.7582 0.6506
vn 0.3666 0.8101 0.4576
vn -0.2530 0.5945 0.7632
vn -0.5265 0.3013 0.7950
vn -0.6258 0.2014 0.7535
vn -0.4880 0.4796 0.7292
vn -0.7011 0.2478 0.6686
vn -0.7029 0.1407 0.6972
vn -0.8336 0.0961 0.5439
vn -0.7801 0.2019 0.5922
vn -0.7171 0.1119 0.6879
vn -0.7710 0.0342 0.6359
vn 0.7114 0.0964 0.6962
vn -0.1408 -0.1964 -0.9704
vn -0.2003 -0.3448 -0.9171
vn -0.3560 -0.2666 0.8957
vn 0.6258 0.2014 0.7535
vn 0.5005 0.5638 -0.6570
vn 0.2766 0.3289 0.9029
vn -0.8986 -0.2246 -0.3768
vn -0.8621 -0.0414 0.5050
vn 0.0493 -0.1687 0.9844
vn -0.7047 0.4846 0.5182
vn -0.0958 0.4989 0.8614
vn 0.7098 0.2163 0.6703
vn -0.9711 -0.2199 0.0932
vn -0.1779 -0.2461 -0.9528
vn -0.2434 -0.0085 -0.9699
vn -0.5449 0.1521 0.8246
vn 0.3869 0.1016 0.9165
vn -0.0677 -0.4273 -0.9016
vn -0.3383 0.0649 -0.9388
vn -0.6440 0.0559 0.7630
vn -0.6574 -0.6633 0.3576
vn -0.6950 0.1952 0.6920
vn -0.8197 0.3786 0.4298
vn -0.9660 -0.2101 -0.1507
vn -0.5722 -0.4220 0.7032
vn -0.6380 -0.7699 0.0108
vn 0.1774 0.2088 0.9617
vn -0.9791 0.0315 -0.2009
vn 0.9182 -0.0044 0.3962
vn 0.8631 0.0521 -0.5024
vn -0.4766 0.8535 0.2105
vn -0.9344 0.3072 -0.1806
vn 0.1927 -0.1570 -0.9686
vn -0.0382 -0.1478 -0.9883
vn -0.0007 -0.1334 -0.9911
vn 0.1997 -0.1983 -0.9596
vn 0.4881 0.8726 -0.0184
vn 0.7722 -0.5114 0.3770
vn 0.2309 -0.4382 0.8687
vn 0.0478 -0.3171 0.9472
vn 0.4050 0.7396 0.5376
vn 0.0716 -0.2866 -0.9554
vn -0.8353 0.0065 -0.5497
vn 0.1999 0.0692 0.9774
vn -0.1687 -0.1160 -0.9788
vn 0.0405 -0.2204 -0.9746
vn -0.1825 -0.1625 -0.9697
vn -0.1976 -0.1106 -0.9740
vn 0.0578 -0.0374 -0.9976
vn 0.8785 0.0071 0.4777
vn -0.3336 -0.2956 -0.8952
vn -0.2409 0.3313 0.9123
vn -0.8938 0.1126 -0.4341
vn 0.7389 -0.4765 -0.4764
vn -0.0673 -0.2650 -0.9619
vn -0.8085 -0.4563 -0.3717
vn 0.5784 -0.5406 0.6109
vn -0.9107 -0.3725 0.1784
vn -0.6272 0.4515 0.6346
vn -0.5158 0.3112 0.7982
vn -0.4758 0.3557 0.8044
vn -0.4762 0.6389 0.6042
vn -0.4489 0.5566 0.6991
vn -0.6509 0.5620 0.5104
vn -0.4206 0.8561 0.3004
vn -0.1218 0.8883 0.4428
vn 0.7114 0.4640 0.5278
vn -0.0482 0.6469 0.7610
vn -0.2533 0.6761 0.6919
vn -0.4149 0.6758 0.6092
vn -0.2915 0.4491 0.8446
vn 0.7092 0.3951 0.5839
vn 0.5278 0.7012 -0.4793
vn -0.9440 0.1364 -0.3006
vn 0.1343 0.9672 0.2157
vn -0.0750 -0.9823 -0.1718
vn 0.6200 -0.0326 0.7839
vn -0.9463 -0.1362 0.2931
vn 0.9804 0.0525 0.1897
vn -0.4859 -0.2049 0.8497
vn -0.8840 -0.1548 0.4411
vn 0.0740 0.5018 0.8618
vn -0.9373 -0.1225 0.3262
vn -0.8867 -0.1168 0.4474
vn -0.9339 -0.0836 0.3476
vn -0.8052 -0.3080 0.5067
vn 0.3568 0.4298 0.8294
vn 0.9967 -0.0490 0.0641
vn -0.9985 -0.0543 0.0106
vn -0.8551 0.0677 0.5139
vn -0.8704 0.1468 0.4700
vn 0.9222 -0.1762 -0.3442
vn -0.6384 0.0885 0.7646
vn -0.6552 -0.0412 0.7543
vn -0.6860 -0.0584 0.7253
vn 0.0027 0.2734 0.9619
vn -0.0778 0.9969 -0.0121
vn -0.4670 0.1096 0.8774
vn 0.9676 -0.0933 -0.2347
vn 0.9504 0.0493 -0.3072
vn 0.8353 0.0065 -0.5497
vn 0.8566 -0.1077 -0.5046
vn -0.4680 -0.1783 0.8655
vn -0.2995 0.1902 0.9349
vn -0.4018 0.2361 0.8847
vn -0.9954 0.0921 0.0267
vn -0.8404 -0.4881 0.2357
vn -0.2770 -0.8565 0.4356
vn -0.3466 -0.8148 0.4648
vn 0.5007 -0.6163 -0.6078
vn 0.0725 -0.4709 0.8792
vn -0.0400 -0.9544 0.2958
vn -0.5114 -0.6204 0.5946
vn 0.3510 -0.7064 0.6147
vn -0.8911 -0.4396 -0.1129
vn -0.8117 0.4796 0.3334
vn -0.8233 0.3816 0.4203
vn -0.7017 0.5110 0.4964
vn -0.6946 0.5961 0.4028
vn -0.5191 0.6222 0.5861
vn 0.2885 0.5575 0.7784
vn 0.9436 -0.1872 -0.2732
vn -0.2745 -0.8095 0.5189
vn -0.7534 -0.4594 0.4705
vn -0.6074 -0.5600 0.5635
vn -0.7930 -0.2518 0.5548
vn 0.3243 -0.2363 -0.9160
vn -0.2733 -0.5052 0.8186
vn 0.4430 0.0746 0.8934
vn -0.1239 0.9293 -0.3480
vn 0.2744 0.2512 0.9282
vn 0.1432 -0.9261 -0.3490
vn 0.2397 -0.9080 -0.3437
vn 0.1625 -0.8756 -0.4550
vn 0.1352 0.6567 0.7419
vn -0.1410 0.9026 0.4068
vn -0.5195 0.3013 -0.7996
vn -0.1646 -0.8345 0.5259
vn 0.0834 -0.9687 -0.2336
vn -0.5025 0.1990 0.8414
vn -0.4883 0.0142 0.8725
vn -0.6094 0.0871 0.7881
vn -0.6566 -0.3025 0.6909
vn -0.5443 -0.5498 0.6336
vn -0.5957 -0.5555 0.5801
vn -0.5165 0.3257 0.7919
vn -0.5171 -0.0675 0.8533
vn -0.6138 0.2192 0.7584
vn -0.5511 -0.2311 0.8018
vn -0.5593 -0.1635 0.8127
vn -0.6223 0.1009 0.7763
vn 0.7567 -0.5796 -0.3024
vn -0.2744 0.2512 0.9282
vn -0.4755 0.3023 0.8261
vn -0.2051 -0.4711 0.8579
vn -0.6173 -0.2299 0.7524
vn -0.3314 0.1360 0.9337
vn -0.2691 0.4203 0.8666
vn -0.4944 0.2835 0.8217
vn -0.4734 -0.0878 0.8765
vn -0.5640 0.2102 0.7986
vn -0.6276 0.1150 0.7700
vn -0.2811 -0.2537 0.9255
vn -0.3525 -0.3059 0.8844
vn -0.4524 -0.1558 0.8781
vn -0.4528 -0.1592 0.8773
vn -0.4811 -0.0157 0.8765
vn -0.4936 -0.2036 0.8455
vn -0.5240 -0.1176 0.8435
vn 0.0773 -0.4654 0.8817
vn -0.1949 -0.6778 0.7089
vn -0.4399 -0.5687 0.6950
vn -0.2510 -0.4856 0.8374
vn -0.4595 -0.6077 0.6477
vn -0.3336 -0.8009 0.4974
vn -0.4165 -0.6902 0.5917
vn -0.6016 -0.3809 0.7021
vn 0.1395 -0.9885 -0.0585
vn 0.1870 -0.9811 -0.0503
vn 0.8448 -0.5138 -0.1495
vn 0.4121 -0.8718 -0.2647
vn 0.2220 -0.9744 0.0343
vn 0.0455 0.9987 0.0218
vn 0.3644 0.8348 -0.4128
vn 0.9089 -0.4159 -0.0288
vn 0.0649 0.9979 0.0041
vn 0.3186 -0.9004 0.2962
vn 0.0503 -0.8872 0.4587
vn 0.3430 -0.5113 0.7880
vn -0.0117 -0.9778 0.2092
vn -0.0935 -0.9515 0.2930
vn -0.2161 -0.8288 0.5162
vn -0.1323 -0.8963 0.4233
vn -0.3756 -0.6625 0.6481
vn -0.2960 -0.8168 0.4952
vn 0.2840 -0.8388 -0.4645
vn -0.1849 -0.8927 0.4110
vn 0.2102 -0.9272 -0.3099
vn 0.4936 -0.7354 -0.4643
vn 0.4351 -0.8270 -0.3561
vn 0.2866 -0.9253 -0.2483
vn 0.9421 -0.2072 -0.2637
vn 0.8791 -0.1590 -0.4494
vn 0.6421 -0.6162 -0.4561
vn 0.7029 -0.5208 -0.4845
vn 0.5029 -0.7880 -0.3552
vn -0.1386 -0.9497 0.2807
vn 0.4332 -0.8292 -0.3532
vn 0.3798 -0.8585 -0.3447
vn -0.0679 -0.9555 0.2870
vn -0.2239 -0.8296 0.5116
vn -0.0831 -0.9507 0.2988
vn -0.6499 -0.1809 0.7382
vn -0.4742 -0.5501 0.6874
vn -0.6485 0.0930 0.7555
vn -0.5622 -0.2929 0.7734
vn -0.3477 -0.4966 0.7953
vn -0.3115 -0.6978 0.6450
vn -0.2826 -0.5039 0.8162
vn -0.3008 -0.4142 0.8590
vn 0.4954 0.8474 0.1909
vn 0.0478 0.9726 0.2275
vn 0.8759 -0.1461 0.4599
vn -0.1185 0.0269 0.9926
vn -0.3524 -0.1208 0.9280
vn 0.8626 0.1964 -0.4662
vn -0.2789 0.7402 0.6118
vn -0.5462 -0.1107 0.8303
vn -0.4917 -0.1356 0.8602
vn -0.5540 0.1247 0.8231
vn -0.3448 0.1250 0.9303
vn -0.4733 0.4640 0.7488
vn -0.4113 0.5607 0.7187
vn -0.3447 0.3670 0.8640
vn -0.5119 0.1999 0.8355
vn 0.2535 0.7581 -0.6008
vn 0.4608 0.7020 -0.5430
vn -0.0526 0.9976 -0.0455
vn -0.0534 0.9975 -0.0461
vn -0.5715 -0.3418 0.7460
vn -0.1019 0.9853 0.1370
vn -0.3129 0.7733 0.5515
vn -0.4837 0.6539 0.5818
vn -0.2288 0.9523 0.2018
vn 0.4866 0.6499 -0.5838
vn -0.0932 0.9955 0.0153
vn -0.3334 0.8455 0.4172
vn -0.5159 0.5480 0.6585
vn -0.6456 0.2452 0.7233
vn -0.6074 0.0920 0.7890
vn -0.5604 -0.0325 0.8276
vn -0.5326 -0.1136 0.8387
vn -0.4151 0.0070 0.9098
vn 0.4856 0.7993 -0.3540
vn -0.5573 -0.1410 0.8183
vn -0.4942 0.5335 0.6864
vn -0.5026 -0.2610 0.8242
vn 0.2662 0.7328 0.6262
vn -0.0955 -0.5481 0.8309
vn -0.1102 -0.4430 0.8897
vn -0.6152 -0.6765 0.4049
vn -0.8492 -0.3063 0.4302
vn -0.6523 -0.7572 0.0322
vn -0.4612 -0.8383 0.2907
vn -0.8622 -0.4910 0.1248
vn -0.4804 -0.8492 0.2193
vn 0.6826 -0.5251 -0.5083
vn -0.5472 -0.7334 0.4033
vn -0.4463 -0.8097 0.3810
vn -0.5797 -0.6488 0.4930
vn -0.6647 -0.5226 0.5339
vn -0.5887 -0.5814 0.5616
vn -0.6187 -0.7083 0.3399
vn -0.3520 -0.7192 0.5990
vn -0.4036 -0.4321 0.8065
vn -0.0333 0.0907 0.9953
vn -0.1150 0.4828 0.8682
vn 0.0989 -0.1424 0.9849
vn -0.8091 -0.1440 0.5697
vn -0.6549 -0.3038 0.6920
vn -0.4519 -0.2112 0.8667
vn -0.5488 0.1651 0.8195
vn -0.8936 0.2058 0.3990
vn -0.6135 0.4321 0.6611
vn 0.5279 -0.3252 0.7846
vn 0.9432 -0.2781 0.1815
vn 0.5715 -0.3418 0.7460
vn 0.9552 -0.1173 0.2717
vn -0.2598 -0.0546 0.9641
vn -0.0477 0.9988 -0.0125
vn 0.2819 0.4639 -0.8398
vn 0.3173 -0.3910 -0.8640
vn 0.1217 0.8163 -0.5646
vn -0.0209 0.9998 -0.0000
vn 0.6062 -0.2294 0.7615
vn 0.3454 0.1595 0.9248
vn -0.1829 0.7536 0.6313
vn -0.2684 0.5287 0.8052
vn 0.6586 -0.1318 0.7408
vn 0.1744 0.7910 -0.5865
vn -0.5796 0.2901 0.7615
vn -0.3371 0.8101 0.4796
vn 0.1747 0.4518 -0.8748
vn 0.1637 0.5885 -0.7918
vn 0.0537 0.5962 -0.8011
vn 0.0597 0.4591 -0.8864
vn 0.6634 0.2165 -0.7162
vn 0.7331 0.3666 -0.5729
vn 0.4828 0.5032 -0.7167
vn 0.5068 0.3871 -0.7703
vn 0.3421 0.5663 -0.7499
vn 0.3301 0.4567 -0.8261
vn 0.1850 -0.7755 -0.6036
vn -0.2156 0.1247 0.9685
vn 0.7074 0.2811 0.6485
vn 0.9646 -0.0813 0.2510
vn -0.3251 0.1434 0.9347
vn -0.3110 -0.4037 0.8604
vn 0.8315 0.1771 0.5266
vn -0.2469 -0.3154 0.9163
vn 0.8389 0.3434 0.4223
vn -0.1603 -0.0748 0.9842
vn 0.0209 0.9998 -0.0000
vn -0.8445 0.3232 0.4271
vn -0.8245 0.3867 0.4131
vn -0.8977 0.2902 0.3316
vn -0.9021 0.2030 0.3807
vn 0.0957 -0.9356 0.3398
vn -0.3436 0.9389 -0.0192
vn -0.3012 0.9424 -0.1454
vn -0.4333 0.8769 -0.2081
vn -0.4930 0.8698 -0.0194
vn -0.1432 -0.3852 0.9117
vn -0.5124 0.8552 0.0784
vn -0.4954 0.8474 0.1909
vn -0.2965 0.9347 0.1959
vn -0.2999 0.9469 0.1157
vn -0.2269 0.9515 0.2078
vn -0.1234 0.9867 -0.1061
vn -0.2819 0.4639 -0.8398
vn -0.1048 0.3060 0.9462
vn 0.4107 0.2069 0.8880
vn 0.1235 0.0961 0.9877
vn 0.2569 0.7880 0.5595
vn 0.9612 -0.0356 0.2735
vn 0.9453 0.0147 0.3260
vn 0.2530 0.5946 0.7632
vn -0.8450 -0.3578 -0.3975
vn 0.7398 0.6538 0.1587
vn -0.9548 -0.1193 0.2724
vn -0.9016 -0.3545 -0.2478
vn 0.8553 0.4483 0.2598
vn -0.9229 -0.3851 0.0013
vn 0.0446 -0.9197 -0.3902
vn 0.3466 -0.8147 0.4648
vn -0.8874 -0.3184 0.3334
vn 0.0261 0.5686 0.8222
vn -0.9654 -0.1204 0.2313
vn -0.9521 -0.3037 0.0363
vn -0.9257 0.2805 0.2538
vn -0.6146 -0.1211 0.7795
vn -0.8361 0.1746 0.5201
vn -0.6062 -0.2294 0.7615
vn -0.0284 -0.3473 -0.9373
vn 0.1152 -0.4490 -0.8861
vn -0.2851 -0.5848 -0.7595
vn -0.3173 -0.3910 -0.8640
vn 0.6534 -0.0959 -0.7509
vn 0.1625 -0.3291 -0.9302
vn 0.3244 0.5333 -0.7812
vn -0.0784 -0.9578 -0.2767
vn 0.0747 -0.8933 -0.4431
vn 0.3902 -0.7712 -0.5030
vn 0.1412 -0.9463 -0.2907
vn 0.2042 -0.1751 0.9631
vn -0.9917 -0.0422 0.1213
vn -0.9707 -0.2227 0.0898
vn -0.2373 -0.8876 -0.3947
vn -0.3600 -0.9077 -0.2156
vn -0.0153 -0.9370 -0.3490
vn -0.2963 -0.8559 -0.4239
vn -0.5717 -0.8108 -0.1259
vn -0.4816 -0.8348 -0.2667
vn -0.5738 -0.7744 -0.2666
vn -0.5640 -0.8168 -0.1211
vn -0.6543 -0.7478 -0.1121
vn 0.3744 -0.5058 -0.7772
vn -0.1819 -0.6746 -0.7154
vn -0.1630 -0.6927 -0.7025
vn 0.3927 -0.4618 -0.7953
vn 0.5051 0.6276 -0.5924
vn 0.7173 -0.1542 -0.6795
vn 0.6611 -0.2524 -0.7066
vn 0.6919 -0.2429 -0.6799
vn 0.7127 -0.1545 -0.6842
vn 0.8981 0.4390 -0.0269
vn -0.7992 -0.0222 0.6007
vn 0.1839 0.4342 0.8819
vn 0.4680 0.6713 0.5748
vn -0.9904 0.1360 -0.0241
vn 0.7214 0.3610 0.5910
vn -0.8315 0.1771 0.5266
vn 0.3786 -0.0474 0.9243
vn -0.7074 0.2811 0.6485
vn 0.6635 -0.0061 0.7481
vn -0.9646 -0.0813 0.2510
vn -0.1710 -0.3806 -0.9088
vn 0.5235 -0.5469 0.6533
vn 0.9768 -0.0744 0.2010
vn -0.8589 -0.2773 0.4305
vn -0.7917 -0.0616 0.6077
vn -0.7891 -0.0418 0.6128
vn 0.1446 0.8315 0.5364
vn 0.6095 -0.3180 -0.7262
vn 0.9065 0.3566 0.2262
vn -0.9746 -0.1336 -0.1800
vn 0.9167 0.1116 0.3837
vn -0.4786 -0.3127 -0.8205
vn 0.8525 -0.0011 0.5228
vn -0.5203 0.5946 -0.6130
vn -0.4121 -0.8719 -0.2647
vn 0.6239 -0.3721 -0.6872
vn 0.6455 -0.3690 -0.6687
vn 0.7001 -0.2431 -0.6714
vn 0.6872 -0.2730 -0.6732
vn 0.7347 0.2181 -0.6424
vn 0.6190 0.2236 -0.7529
vn -0.9640 0.2613 -0.0492
vn -0.5870 -0.1257 0.7998
vn -0.8625 -0.3794 -0.3349
vn -0.9153 -0.1393 -0.3778
vn -0.8266 -0.3927 -0.4032
vn -0.8399 -0.3484 -0.4162
vn -0.7000 -0.1650 0.6948
vn -0.9934 -0.1132 0.0160
vn -0.9812 -0.1061 -0.1615
vn -0.9783 -0.1508 -0.1420
vn -0.9927 -0.0412 0.1138
vn 0.7547 -0.6449 -0.1208
vn 0.9232 0.1090 0.3684
vn 0.3969 -0.1228 -0.9096
vn 0.7815 0.3257 -0.5321
vn -0.0707 -0.1281 -0.9892
vn 0.0798 0.0243 -0.9965
vn -0.1257 0.0484 -0.9909
vn -0.0754 -0.1281 -0.9889
vn -0.9576 0.1260 0.2592
vn 0.3866 0.2779 0.8794
vn 0.3880 0.3504 0.8524
vn 0.9904 -0.0268 0.1353
vn 0.4727 0.4772 -0.7409
vn -0.6163 0.5036 -0.6055
vn -0.3856 0.6053 -0.6964
vn 0.5099 0.4803 -0.7136
vn -0.8761 -0.0561 0.4789
vn 0.9080 0.1597 -0.3873
vn 0.8895 0.1401 -0.4348
vn 0.8281 0.1847 -0.5293
vn 0.8495 0.3075 -0.4288
vn 0.5467 0.3467 -0.7622
vn 0.8601 0.0989 -0.5005
vn 0.7881 0.0119 -0.6155
vn 0.8318 0.0223 -0.5547
vn 0.8186 0.1181 -0.5621
vn 0.7681 0.2830 -0.5744
vn -0.0254 -0.9343 -0.3557
vn 0.5149 -0.1627 -0.8417
vn 0.4801 0.3872 -0.7871
vn 0.5008 0.4714 -0.7259
vn -0.3668 0.6283 -0.6861
vn 0.0339 0.5760 -0.8167
vn -0.9904 -0.0268 0.1353
vn -0.9831 -0.0980 0.1549
vn -0.9714 -0.1612 0.1743
vn -0.9994 0.0191 -0.0305
vn -0.9791 0.1641 -0.1202
vn -0.9435 0.0907 -0.3187
vn -0.9721 -0.0204 -0.2336
vn 0.9859 0.0733 0.1506
vn -0.1611 -0.0128 -0.9869
vn -0.8926 -0.4277 0.1430
vn -0.9950 -0.0540 0.0840
vn -0.8662 0.4303 -0.2541
vn -0.9967 -0.0490 0.0641
vn -0.9619 -0.2232 0.1579
vn 0.5347 0.3004 -0.7899
vn 0.7205 0.6054 -0.3382
vn 0.6521 0.6135 -0.4454
vn 0.7365 0.4068 -0.5404
vn 0.7373 0.4810 -0.4743
vn -0.1051 -0.5530 -0.8265
vn -0.3560 -0.8701 -0.3409
vn 0.2979 -0.4852 -0.8221
vn -0.5826 -0.4534 0.6746
vn -0.8678 0.3617 0.3407
vn -0.8142 0.4580 0.3568
vn -0.7834 0.5146 0.3485
vn -0.8478 0.4438 0.2904
vn -0.9926 0.0291 0.1179
vn -0.9822 0.0387 0.1840
vn -0.9629 0.2259 0.1476
vn -0.9786 0.2001 0.0475
vn -0.8703 0.4866 0.0759
vn -0.7404 0.6721 0.0018
vn -0.7586 0.6437 -0.1012
vn -0.9016 0.4315 -0.0295
vn -0.7354 0.6170 0.2801
vn -0.6749 0.7095 0.2029
vn -0.7206 0.6869 0.0947
vn -0.8221 0.5402 0.1796
vn -0.9473 0.2505 0.1995
vn -0.9628 0.1338 0.2348
vn -0.9448 0.1637 0.2838
vn -0.9875 0.0065 0.1578
vn -0.9959 -0.0773 0.0469
vn -0.7680 -0.6394 0.0371
vn -0.9933 -0.1129 0.0262
vn 0.9579 -0.2098 0.1961
vn -0.9768 -0.0648 0.2040
vn -0.9745 0.0792 0.2099
vn -0.9944 0.0103 0.1048
vn -0.9863 -0.1041 0.1280
vn -0.9830 0.0354 0.1804
vn -0.9622 0.0656 0.2644
vn -0.9488 -0.0208 0.3151
vn -0.9613 -0.0387 0.2727
vn -0.8556 0.0197 -0.5172
vn -0.8986 -0.0997 -0.4274
vn 0.0708 -0.9698 0.2334
vn -0.0786 0.2903 0.9537
vn -0.1343 0.9387 -0.3175
vn 0.2855 0.9582 0.0197
vn 0.5140 0.5811 0.6310
vn -0.3631 0.5083 0.7809
vn -0.2699 0.9404 -0.2071
vn -0.7778 0.2755 0.5649
vn -0.2302 0.9647 0.1281
vn -0.3697 0.8755 -0.3112
vn -0.7497 0.3685 0.5497
vn -0.2514 0.3063 0.9181
vn -0.6016 0.7942 0.0852
vn -0.7436 0.6138 -0.2653
vn -0.7340 0.5254 -0.4304
vn -0.8855 0.2949 -0.3590
vn -0.9059 0.3799 -0.1873
vn -0.7025 0.4316 -0.5659
vn -0.8013 0.2177 -0.5572
vn -0.5768 0.7953 0.1864
vn -0.7905 0.2660 0.5517
vn 0.5421 0.3341 0.7710
vn -0.4053 0.6347 0.6579
vn 0.9561 -0.1495 0.2519
vn -0.1400 0.9456 0.2936
vn -0.3865 0.6042 0.6968
vn 0.2686 0.2810 0.9213
vn -0.1437 -0.4114 0.9000
vn -0.8690 -0.2628 -0.4193
vn -0.8988 -0.0961 -0.4276
vn -0.6376 0.7701 -0.0185
vn -0.6040 0.7443 0.2849
vn 0.7598 0.2044 0.6172
vn 0.2730 -0.6899 0.6705
vn -0.8072 -0.1322 0.5753
vn -0.6511 -0.3769 0.6588
vn -0.7714 -0.4019 0.4933
vn -0.8973 -0.1362 0.4198
vn -0.5631 0.0758 0.8229
vn -0.6298 -0.1378 0.7644
vn -0.7025 -0.0089 0.7116
vn -0.6517 0.2240 0.7246
vn -0.7909 0.4150 0.4497
vn -0.7486 0.3994 0.5293
vn -0.7512 0.1990 0.6294
vn -0.8468 0.2554 0.4666
vn -0.8081 0.2605 0.5282
vn -0.8853 0.1198 0.4494
vn -0.9892 0.1142 0.0920
vn -0.8480 -0.4225 0.3201
vn -0.8500 -0.4098 0.3311
vn -0.6368 0.1576 0.7548
vn -0.8860 0.3207 0.3348
vn -0.5771 0.3142 0.7538
vn -0.5252 0.3478 0.7767
vn -0.6187 0.1970 0.7605
vn -0.9219 0.3674 0.1229
vn -0.8899 0.4174 0.1838
vn -0.9107 0.1984 0.3623
vn -0.9325 0.0291 0.3601
vn -0.9034 0.3626 0.2288
vn -0.9138 0.2863 0.2882
vn -0.5981 0.5880 0.5445
vn -0.8700 0.4239 0.2519
vn -0.5974 0.5935 0.5393
vn -0.8719 0.4245 0.2441
vn -0.7991 0.2079 0.5641
vn -0.7716 0.2516 0.5842
vn -0.6963 0.4437 0.5642
vn -0.7371 0.3888 0.5527
vn -0.7077 0.2375 0.6654
vn -0.4585 0.3754 0.8055
vn -0.4975 0.5160 0.6973
vn -0.2438 0.1023 0.9644
vn -0.3903 0.1026 0.9150
vn -0.2693 0.2214 0.9373
vn -0.3866 0.2779 0.8794
vn -0.3880 0.3504 0.8524
vn -0.3161 0.3494 0.8821
vn -0.2046 0.1094 0.9727
vn -0.4672 -0.0195 0.8840
vn -0.5565 0.0025 0.8309
vn -0.6325 0.0704 0.7714
vn -0.5113 0.1910 0.8379
vn -0.4435 0.0700 0.8936
vn -0.3067 0.4294 0.8494
vn -0.2538 0.3913 0.8846
vn -0.3632 0.3204 0.8749
vn -0.4433 0.2752 0.8531
vn -0.6277 0.1037 0.7715
vn -0.5438 0.2032 0.8142
vn -0.6135 0.0841 0.7852
vn -0.0245 0.4226 0.9060
vn -0.1565 -0.7255 0.6702
vn 0.8117 -0.2820 0.5115
vn -0.5734 0.2188 0.7895
vn -0.3845 0.3902 0.8366
vn -0.3314 0.4042 0.8525
vn -0.2304 0.3665 0.9015
vn -0.2006 0.3295 0.9226
vn -0.3169 0.3247 0.8912
vn -0.2817 0.3793 0.8814
vn -0.3584 0.3378 0.8703
vn -0.5888 0.5661 0.5769
vn -0.5933 0.1396 0.7928
vn -0.5746 0.2652 0.7743
vn -0.4677 0.4314 0.7714
vn -0.4525 0.4082 0.7929
vn -0.6142 0.2695 0.7417
vn -0.3955 0.4093 0.8222
vn -0.3847 0.3729 0.8444
vn -0.4563 0.3625 0.8127
vn -0.4662 0.4440 0.7652
vn -0.4834 0.4455 0.7536
vn -0.5391 0.3290 0.7753
vn -0.1901 0.3735 0.9080
vn -0.2131 0.4356 0.8745
vn -0.2947 0.5114 0.8073
vn -0.2554 0.4204 0.8706
vn -0.9417 -0.2665 -0.2052
vn -0.9724 -0.1559 -0.1734
vn 0.0789 0.7319 0.6768
vn -0.7731 0.0773 0.6295
vn -0.6114 0.3420 0.7136
vn 0.7925 0.5053 -0.3415
vn 0.7619 0.1040 -0.6393
vn -0.4345 -0.3730 0.8198
vn 0.6493 -0.6280 0.4291
vn 0.4957 0.8682 -0.0224
vn -0.6311 0.4709 0.6164
vn -0.8876 0.2490 0.3875
vn -0.5872 0.5156 0.6240
vn -0.8187 0.3273 0.4719
vn -0.8331 0.2722 0.4815
vn -0.6190 0.4594 0.6370
vn 0.2842 0.3039 0.9093
vn 0.6858 0.4221 0.5928
vn -0.2303 0.2547 0.9392
vn -0.4866 0.6499 -0.5838
vn -0.1307 0.8005 0.5849
vn -0.1322 0.6544 0.7445
vn -0.6039 -0.4926 0.6266
vn -0.6545 -0.3644 0.6624
vn -0.4602 -0.6513 0.6033
vn -0.3814 -0.7597 0.5267
vn 0.8042 0.5025 -0.3172
vn -0.6931 0.5636 0.4494
vn -0.2662 0.5323 0.8036
vn -0.4742 0.5221 0.7089
vn -0.7887 0.0629 0.6115
vn -0.6669 0.4331 0.6063
vn -0.7614 0.4929 0.4210
vn -0.8567 0.0962 0.5068
vn -0.7127 -0.3281 0.6201
vn -0.7902 -0.0772 0.6079
vn -0.8136 -0.0140 0.5812
vn -0.7477 -0.2489 0.6156
vn -0.5023 -0.1537 0.8509
vn -0.7244 0.2755 0.6319
vn -0.2139 0.9768 -0.0115
vn -0.2881 -0.1620 0.9438
vn -0.4155 0.3032 0.8576
vn -0.3546 0.8359 -0.4189
vn 0.8941 0.2450 0.3750
vn -0.1967 0.1088 0.9744
vn -0.2241 0.2756 0.9348
vn -0.4839 0.3339 0.8089
vn -0.4430 0.0746 0.8934
vn -0.3826 -0.5017 0.7758
vn -0.3910 -0.6627 0.6387
vn -0.6427 0.7493 -0.1597
vn -0.5389 0.3107 0.7830
vn -0.2606 -0.3333 0.9061
vn -0.8492 0.1647 0.5017
vn -0.7947 0.2367 0.5589
vn -0.8220 0.2726 0.5000
vn -0.8891 0.1797 0.4209
vn -0.8388 0.2495 0.4840
vn -0.7697 0.0579 0.6358
vn -0.6406 0.1236 0.7579
vn -0.7537 0.3120 0.5785
vn -0.8988 -0.0462 0.4360
vn -0.7773 -0.3381 0.5305
vn -0.8259 -0.1115 0.5528
vn -0.9060 0.1156 0.4072
vn -0.9385 0.0656 0.3391
vn -0.9283 0.0669 0.3657
vn -0.8898 0.0883 0.4477
vn -0.9174 0.0461 0.3952
vn 0.9858 -0.0055 0.1680
vn -0.9226 0.1148 0.3683
vn -0.8878 0.0916 0.4511
vn -0.9291 0.0324 0.3683
vn -0.9401 0.0966 0.3269
vn 0.7720 0.1527 0.6169
vn 0.2917 -0.7743 0.5616
vn 0.6311 0.4709 0.6164
vn 0.6774 -0.6737 -0.2952
vn 0.9939 -0.1077 0.0254
vn -0.7047 0.5625 0.4324
vn -0.7266 0.5167 0.4528
vn -0.7785 0.5201 -0.3513
vn -0.4795 0.3122 0.8201
vn -0.1040 0.3468 -0.9321
vn -0.5305 0.7874 0.3140
vn -0.5549 0.7585 0.3417
vn -0.3289 0.8675 0.3732
vn -0.3053 0.9023 0.3044
vn -0.5962 0.6987 0.3953
vn -0.6258 0.6447 0.4390
vn -0.5070 0.7096 0.4892
vn -0.4849 0.7614 0.4302
vn -0.6424 0.5980 0.4793
vn -0.6554 0.5293 0.5387
vn -0.5058 0.5996 0.6202
vn -0.5099 0.6644 0.5464
vn -0.6826 0.6254 0.3780
vn -0.5816 0.7398 -0.3381
vn -0.6350 0.3921 0.6656
vn -0.5803 0.2673 0.7693
vn -0.4502 0.2721 0.8505
vn -0.4912 0.4435 0.7497
vn -0.9219 0.0306 0.3862
vn -0.6229 0.0683 0.7793
vn 0.5150 -0.5531 0.6549
vn 0.3128 -0.6876 0.6552
vn -0.6326 0.2890 0.7185
vn -0.1483 -0.3944 0.9069
vn 0.3015 -0.7505 0.5882
vn 0.8085 -0.4563 -0.3717
vn -0.6320 0.7030 0.3261
vn -0.9810 -0.0111 0.1936
vn -0.9411 0.0022 -0.3383
vn -0.2731 0.4066 0.8718
vn -0.8974 -0.0649 -0.4365
vn -0.8547 -0.2576 -0.4506
vn -0.7444 0.4575 0.4864
vn -0.4727 0.4772 -0.7408
vn -0.2220 0.3197 0.9212
vn -0.1247 0.2306 0.9650
vn 0.5113 -0.8379 -0.1910
vn 0.4274 0.0611 0.9020
vn -0.9397 -0.2738 -0.2050
vn -0.9676 -0.0482 0.2478
vn 0.0312 0.2235 0.9742
vn -0.4921 0.2210 0.8420
vn 0.0622 -0.7109 -0.7005
vn 0.9101 0.3041 0.2816
vn -0.1318 -0.8062 -0.5768
vn 0.4510 0.7026 0.5504
vn 0.1516 -0.9806 -0.1244
vn 0.2304 -0.9669 0.1093
vn -0.0086 -0.8592 0.5116
vn -0.3921 -0.9174 0.0678
vn -0.7215 -0.4615 0.5162
vn -0.7598 0.2044 0.6173
vn -0.5751 -0.5730 -0.5839
vn -0.8208 0.0368 -0.5700
vn -0.5674 0.7127 0.4123
vn -0.5563 0.2965 0.7763
vn 0.7319 -0.3706 -0.5718
vn -0.1256 -0.9355 -0.3301
vn 0.6272 0.4515 0.6346
vn 0.2915 0.4490 0.8446
vn -0.1797 -0.1797 -0.9672
vn -0.8299 -0.5368 0.1521
vn -0.9828 -0.1419 0.1185
vn -0.9908 -0.0975 0.0939
vn -0.9982 0.0227 0.0560
vn -0.8760 -0.4792 0.0538
vn -0.9784 -0.1856 -0.0914
vn -0.9834 -0.1001 0.1514
vn -0.8495 0.3075 -0.4288
vn -0.9887 -0.0339 0.1460
vn -0.4201 -0.5517 0.7205
vn -0.9865 -0.1152 0.1165
vn 0.2580 0.5808 -0.7721
vn 0.3368 0.2681 0.9026
vn -0.6207 -0.0580 -0.7819
vn -0.8679 0.3774 0.3231
vn 0.6197 0.2303 0.7503
vn -0.9934 -0.1139 0.0129
vn 0.5826 -0.4534 0.6746
vn 0.6348 0.0731 0.7692
vn 0.5129 -0.7940 0.3263
vn -0.9777 -0.0743 -0.1962
vn 0.1611 -0.0128 -0.9869
vn 0.6160 0.4341 0.6573
vn 0.8005 0.4465 0.3998
vn -0.8825 0.0392 -0.4686
vn 0.4321 0.0116 0.9017
vn -0.2869 -0.9578 0.0187
vn -0.9649 -0.1772 0.1938
vn 0.5163 0.8409 0.1624
vn 0.6650 0.1361 0.7343
vn 0.5189 0.0768 0.8514
vn 0.6291 0.7348 -0.2536
vn 0.7186 0.1557 0.6778
vn 0.3649 -0.0737 0.9281
vn 0.2542 -0.1567 0.9544
vn 0.2856 0.4511 0.8456
vn 0.5041 0.7717 -0.3878
vn 0.7324 0.4113 0.5426
vn 0.7674 0.6344 0.0932
vn 0.8468 0.3165 0.4276
vn 0.7399 0.0885 0.6669
vn 0.4657 0.5343 0.7054
vn 0.3389 -0.0216 0.9406
vn 0.1331 0.8115 0.5690
vn 0.0840 0.6823 0.7262
vn 0.2890 0.6616 -0.6920
vn 0.1937 0.6653 -0.7210
vn 0.3283 0.8423 -0.4275
vn 0.3223 -0.1647 0.9322
vn 0.4584 0.7592 -0.4620
vn 0.3173 0.5870 -0.7448
vn -0.2420 0.6252 0.7420
vn -0.1108 -0.1664 0.9798
vn -0.1276 0.7270 0.6747
vn 0.1155 -0.2703 0.9558
vn 0.7939 0.5264 0.3045
vn 0.5971 0.7814 0.1812
vn 0.9320 0.3239 0.1628
vn 0.5856 0.0281 0.8101
vn 0.3762 -0.1388 0.9161
vn 0.1842 0.5332 -0.8257
vn 0.5462 -0.0319 0.8370
vn 0.0430 -0.2915 0.9556
vn -0.1689 0.3408 0.9248
vn 0.0393 -0.2215 0.9744
vn 0.3059 0.7631 0.5693
vn 0.2345 0.7339 0.6375
vn 0.1105 0.7828 0.6123
vn 0.4797 0.7951 -0.3711
vn -0.0162 -0.0911 0.9957
vn 0.8387 0.3340 0.4302
vn -0.1746 0.3233 0.9301
vn 0.9057 0.2279 0.3574
vn 0.9971 -0.0755 -0.0036
vn 0.4680 -0.0436 0.8827
vn 0.9893 -0.0397 0.1404
vn 0.9657 -0.0078 -0.2597
vn -0.2580 0.5808 -0.7721
vn -0.8449 0.3409 -0.4123
vn 0.7140 0.2007 -0.6707
vn 0.8918 0.1936 -0.4090
vn 0.9839 0.1254 -0.1273
vn 0.9940 0.0818 0.0731
vn 0.9450 0.0730 0.3189
vn 0.7350 -0.2600 -0.6263
vn 0.3412 -0.3332 0.8790
vn 0.4322 -0.0563 0.9000
vn 0.5440 -0.1107 0.8317
vn 0.9158 -0.3626 0.1726
vn 0.9412 -0.2961 0.1629
vn 0.7253 -0.5558 0.4063
vn 0.1571 -0.7727 0.6150
vn 0.7233 -0.2368 0.6487
vn 0.3056 -0.8729 0.3802
vn 0.6342 -0.7265 0.2647
vn 0.7651 -0.6092 0.2084
vn 0.8316 -0.5223 0.1889
vn 0.9169 -0.3866 0.0992
vn 0.9337 -0.3471 0.0883
vn 0.3958 0.0744 0.9153
vn 0.8829 -0.4470 0.1437
vn 0.6842 -0.6926 0.2284
vn 0.6283 -0.1553 0.7623
vn 0.6429 -0.2051 0.7380
vn 0.6176 -0.0679 0.7836
vn 0.7137 -0.0918 0.6944
vn 0.7617 -0.0738 0.6437
vn 0.5550 -0.0024 0.8319
vn 0.6555 -0.0545 0.7532
vn 0.7163 -0.0041 0.6977
vn 0.2601 -0.9112 0.3196
vn 0.3945 -0.8839 0.2510
vn 0.6956 -0.6508 0.3043
vn 0.8954 -0.4096 0.1748
vn 0.6061 -0.7485 0.2690
vn 0.9146 -0.4011 0.0508
vn 0.9215 -0.3746 0.1029
vn 0.9046 -0.3944 0.1618
vn 0.7803 -0.5490 0.2995
vn 0.6210 -0.6579 0.4260
vn 0.5853 -0.7711 0.2507
vn 0.0927 -0.1131 0.9892
vn 0.3056 -0.9374 0.1667
vn 0.3879 -0.9111 0.1392
vn 0.7305 -0.6433 0.2291
vn 0.5683 -0.1264 0.8130
vn 0.0317 -0.9492 0.3129
vn 0.0416 -0.8234 0.5659
vn 0.4377 -0.7177 0.5416
vn 0.4413 -0.4524 0.7749
vn 0.3828 -0.8307 0.4043
vn 0.4907 -0.8112 0.3181
vn 0.7746 -0.2648 0.5744
vn 0.6085 -0.6125 0.5045
vn 0.7565 -0.2942 0.5841
vn 0.7547 -0.4051 0.5161
vn 0.8234 -0.2572 0.5059
vn 0.6737 -0.2207 0.7053
vn 0.7869 -0.2106 0.5800
vn 0.7193 -0.1369 0.6810
vn 0.7525 -0.1503 0.6413
vn 0.7999 -0.1551 0.5798
vn 0.8094 -0.1508 0.5675
vn 0.7554 -0.0779 0.6506
vn 0.8473 -0.2554 0.4656
vn 0.7024 -0.0177 0.7116
vn 0.8518 -0.3106 0.4219
vn 0.6487 -0.0941 0.7552
vn 0.5025 -0.2243 0.8349
vn 0.1508 -0.8367 0.5265
vn 0.9631 -0.2691 0.0008
vn 0.3919 -0.7190 0.5740
vn 0.8569 -0.4681 0.2158
vn 0.4682 -0.2711 0.8410
vn 0.8760 -0.4373 0.2034
vn 0.5223 -0.8363 0.1668
vn 0.8119 0.0066 0.5838
vn 0.4933 -0.0134 0.8697
vn 0.8178 -0.1589 0.5532
vn 0.7445 -0.1664 0.6465
vn 0.7507 -0.0740 0.6565
vn 0.6456 0.2452 0.7232
vn 0.4222 -0.8417 0.3367
vn 0.4568 -0.7856 0.4173
vn 0.6385 -0.6510 0.4106
vn 0.9071 -0.2237 0.3566
vn 0.9982 0.0227 0.0560
vn 0.2641 -0.9190 0.2926
vn 0.1879 -0.4998 0.8455
vn 0.2535 -0.9169 0.3083
vn 0.0452 -0.7160 0.6966
vn 0.0521 -0.9763 0.2101
vn 0.0351 0.9300 0.3658
vn 0.5206 -0.4593 -0.7198
vn 0.1918 -0.8307 0.5226
vn 0.4304 0.7141 0.5521
vn 0.3076 0.9072 0.2869
vn 0.5872 0.5156 0.6240
vn 0.8595 0.2915 0.4199
vn 0.5447 -0.4777 0.6893
vn 0.6931 0.5636 0.4494
vn 0.2139 0.9768 -0.0115
vn 0.8769 -0.2941 0.3802
vn 0.3376 0.0345 0.9407
vn 0.9879 -0.0337 0.1514
vn 0.7599 0.1539 0.6316
vn 0.0872 -0.3512 0.9322
vn 0.7788 0.0633 0.6240
vn -0.7925 0.5053 -0.3415
vn 0.8152 -0.1387 -0.5623
vn 0.6146 -0.1211 0.7795
vn 0.3347 0.7804 -0.5282
vn 0.2731 0.4066 0.8718
vn 0.8094 0.5048 0.3002
vn 0.6113 0.0533 0.7896
vn 0.4572 -0.1831 0.8703
vn 0.6624 -0.1748 0.7284
vn 0.1146 -0.9290 0.3518
vn 0.5990 -0.7880 0.1422
vn 0.8139 -0.5205 0.2582
vn 0.2043 -0.9566 0.2079
vn 0.6758 -0.3763 0.6338
vn 0.1459 -0.8971 0.4170
vn 0.8540 -0.1606 0.4949
vn 0.8140 -0.3846 0.4353
vn 0.8296 -0.3556 0.4305
vn 0.3818 -0.8048 0.4544
vn 0.4874 -0.8529 0.1873
vn -0.2814 0.7768 -0.5634
vn 0.2622 0.9470 0.1856
vn 0.9374 0.0702 0.3411
vn 0.7729 -0.5297 0.3493
vn 0.8040 -0.4866 0.3418
vn -0.4274 -0.1488 0.8918
vn -0.9098 0.4145 -0.0207
vn -0.8047 0.4689 -0.3641
vn -0.7687 0.1077 0.6305
vn -0.9057 0.2286 0.3571
vn -0.6500 0.5146 -0.5592
vn -0.1708 -0.1193 0.9781
vn -0.3825 0.4350 0.8151
vn -0.3581 0.4289 0.8294
vn -0.4485 0.8789 0.1624
vn -0.3645 0.8418 -0.3981
vn -0.4950 0.8443 0.2053
vn -0.6082 0.6403 0.4692
vn -0.5286 0.5450 0.6508
vn -0.3543 0.6367 -0.6849
vn -0.4528 0.6142 -0.6463
vn -0.3620 0.7325 0.5765
vn -0.8868 0.2804 0.3673
vn -0.4634 0.8751 0.1397
vn -0.5138 0.2645 0.8161
vn -0.5018 0.0108 0.8649
vn -0.3713 0.0512 0.9271
vn -0.6447 0.6822 -0.3449
vn -0.7980 0.6016 0.0353
vn -0.7692 0.1061 0.6302
vn -0.4122 -0.0662 0.9087
vn -0.3527 -0.0973 0.9307
vn -0.1873 -0.2450 0.9513
vn -0.2731 0.4162 0.8673
vn -0.4053 0.6672 0.6250
vn -0.8877 0.4218 0.1846
vn -0.9485 0.2910 0.1251
vn -0.6526 0.1704 0.7383
vn -0.7266 0.4207 0.5432
vn -0.6185 0.6306 0.4688
vn -0.6318 0.7630 0.1367
vn -0.3347 0.7804 -0.5282
vn -0.5606 0.0145 0.8280
vn -0.5699 -0.0250 0.8213
vn -0.5963 -0.0143 0.8027
vn -0.1842 0.5332 -0.8257
vn -0.4395 0.8693 -0.2261
vn -0.3021 0.7670 0.5660
vn -0.1525 0.7026 0.6951
vn -0.1141 0.8078 0.5783
vn -0.1311 0.7850 0.6055
vn -0.2410 0.7229 0.6475
vn -0.1899 0.6668 -0.7206
vn -0.1699 0.5588 -0.8117
vn -0.4310 0.8076 -0.4025
vn -0.4037 0.7869 -0.4667
vn -0.1961 0.6612 -0.7241
vn -0.2657 -0.2588 0.9287
vn 0.0228 -0.2775 0.9605
vn 0.1268 0.4092 0.9036
vn 0.2156 0.6614 0.7184
vn -0.0556 0.0171 0.9983
vn -0.0857 -0.2514 0.9641
vn -0.0878 -0.3029 0.9490
vn 0.1570 0.3424 0.9264
vn 0.2008 0.6643 0.7200
vn 0.0374 -0.0924 0.9950
vn -0.7528 0.2531 -0.6076
vn -0.8965 0.2103 -0.3900
vn -0.9771 0.1602 -0.1402
vn -0.9933 0.0925 0.0695
vn -0.9440 0.0447 0.3269
vn -0.8155 0.0376 0.5775
vn -0.6487 -0.0941 0.7552
vn -0.5025 -0.2243 0.8349
vn -0.3412 -0.3332 0.8790
vn 0.4498 0.7035 0.5503
vn 0.5768 0.7953 0.1864
vn -0.6151 0.2179 -0.7577
vn 0.9920 0.1177 0.0459
vn 0.9083 -0.0119 0.4182
vn -0.0430 -0.7913 0.6099
vn 0.7819 0.2037 0.5892
vn 0.8133 0.0696 0.5776
vn 0.8330 -0.3689 0.4124
vn 0.2359 -0.0311 0.9713
vn 0.4039 0.0797 -0.9113
vn 0.9452 -0.2819 0.1647
vn -0.3150 -0.0927 0.9446
vn -0.5647 -0.3039 0.7673
vn -0.5533 -0.1041 0.8265
vn -0.9412 -0.2961 0.1629
vn -0.9158 -0.3626 0.1726
vn -0.8760 -0.4373 0.2034
vn -0.8569 -0.4681 0.2158
vn -0.7238 -0.5489 0.4182
vn -0.6138 -0.6311 0.4743
vn -0.3852 -0.7084 0.5914
vn -0.1530 -0.7676 0.6224
vn -0.0927 -0.1131 0.9892
vn -0.4452 -0.1636 0.8803
vn -0.6184 -0.1190 0.7768
vn -0.6720 -0.1682 0.7212
vn -0.7228 -0.2373 0.6491
vn -0.1459 -0.8971 0.4170
vn -0.2966 -0.8664 0.4017
vn -0.4816 -0.7903 0.3789
vn -0.6338 -0.7170 0.2902
vn -0.6842 -0.6926 0.2284
vn -0.7305 -0.6433 0.2291
vn -0.7651 -0.6092 0.2084
vn -0.8316 -0.5223 0.1889
vn -0.8829 -0.4470 0.1437
vn -0.9169 -0.3866 0.0992
vn -0.9444 -0.3278 -0.0254
vn -0.3282 0.1579 0.9313
vn -0.4933 -0.0134 0.8697
vn -0.5683 -0.1264 0.8130
vn -0.5604 -0.1323 0.8176
vn -0.6429 -0.2051 0.7380
vn -0.6341 -0.0341 0.7725
vn -0.7137 -0.0918 0.6944
vn -0.7617 -0.0738 0.6437
vn -0.5654 0.0452 0.8236
vn -0.6555 -0.0545 0.7532
vn -0.7163 -0.0041 0.6977
vn -0.1146 -0.9290 0.3518
vn -0.2642 -0.9138 0.3085
vn -0.3931 -0.8814 0.2618
vn -0.5214 -0.8223 0.2280
vn -0.6053 -0.7488 0.2701
vn -0.6061 -0.7485 0.2690
vn -0.6956 -0.6508 0.3043
vn -0.8139 -0.5205 0.2582
vn -0.8954 -0.4096 0.1747
vn -0.9215 -0.3746 0.1029
vn -0.9631 -0.2691 0.0008
vn -0.9146 -0.4011 0.0507
vn -0.9046 -0.3944 0.1618
vn -0.7803 -0.5490 0.2995
vn -0.6210 -0.6579 0.4260
vn -0.5343 -0.6526 0.5373
vn -0.4457 -0.7850 0.4303
vn -0.3308 -0.8779 0.3463
vn -0.2766 -0.9334 0.2285
vn -0.2043 -0.9566 0.2079
vn -0.0521 -0.9763 0.2101
vn -0.0392 -0.9476 0.3170
vn -0.2641 -0.9190 0.2926
vn -0.2449 -0.7631 0.5980
vn -0.0529 -0.8279 0.5584
vn -0.3689 -0.6530 0.6615
vn -0.1147 -0.7587 0.6413
vn -0.4831 -0.5050 0.7153
vn -0.1546 -0.4432 0.8830
vn -0.4410 -0.4517 0.7755
vn -0.6679 -0.3593 0.6518
vn -0.7279 -0.3423 0.5941
vn -0.7565 -0.2942 0.5841
vn -0.8469 -0.2314 0.4788
vn -0.6805 -0.2614 0.6845
vn -0.7869 -0.2106 0.5800
vn -0.7009 -0.1226 0.7026
vn -0.7525 -0.1503 0.6413
vn -0.7999 -0.1551 0.5798
vn -0.8279 -0.2827 0.4845
vn -0.7996 -0.1701 0.5760
vn -0.7585 -0.0689 0.6480
vn -0.6986 0.0373 0.7146
vn -0.8518 -0.3106 0.4219
vn -0.7927 -0.2056 0.5740
vn -0.7165 -0.1324 0.6848
vn -0.7445 -0.1664 0.6465
vn -0.8252 -0.2166 0.5217
vn -0.8809 -0.2870 0.3763
vn -0.8140 -0.3845 0.4353
vn -0.8296 -0.3556 0.4305
vn -0.8141 -0.4410 0.3778
vn -0.8040 -0.4866 0.3419
vn -0.8330 -0.3689 0.4124
vn -0.8743 -0.3772 0.3054
vn -0.8843 -0.3734 0.2804
vn -0.9446 -0.2645 0.1943
vn -0.8314 -0.1682 0.5296
vn -0.9029 -0.1951 0.3831
vn -0.9434 -0.2222 0.2462
vn -0.9124 -0.1009 0.3968
vn -0.9323 0.0393 0.3595
vn -0.9605 -0.1183 0.2519
vn -0.9415 -0.1805 0.2846
vn -0.9615 -0.1723 0.2141
vn -0.9565 -0.2138 0.1987
vn -0.9374 -0.3060 0.1664
vn -0.9547 -0.1083 0.2772
vn -0.9579 -0.2098 0.1961
vn -0.9937 -0.0742 0.0843
vn -0.9726 -0.2322 0.0088
vn -0.0804 0.0593 0.9950
vn -0.3970 0.0645 0.9155
vn -0.5407 0.0382 0.8404
vn -0.5962 -0.0458 0.8015
vn -0.6267 -0.1526 0.7641
vn -0.7092 -0.2029 0.6752
vn -0.6876 -0.0363 0.7251
vn -0.6057 0.0301 0.7952
vn -0.5962 -0.1929 0.7793
vn -0.6586 -0.1318 0.7408
vn -0.0903 0.1213 0.9885
vn -0.1669 -0.4079 0.8977
vn 0.2963 -0.8559 -0.4239
vn 0.5867 -0.2916 0.7555
vn -0.5099 0.4803 -0.7136
vn 0.2991 -0.5845 0.7542
vn 0.6344 0.2638 0.7266
vn 0.3461 -0.0077 0.9382
vn 0.8116 0.0664 0.5804
vn 0.3559 -0.6657 0.6558
vn 0.3506 -0.4138 0.8401
vn 0.6769 0.2976 0.6732
vn 0.0911 0.0399 0.9950
vn 0.1185 0.0269 0.9926
vn 0.3358 -0.0736 0.9391
vn -0.6809 0.2436 -0.6906
vn 0.9662 0.2141 -0.1437
vn 0.9576 0.1259 0.2592
vn -0.0898 0.9038 0.4184
vn -0.1625 -0.3291 -0.9302
vn -0.6534 -0.0959 -0.7509
vn 0.9829 -0.0878 0.1618
vn 0.5982 0.5931 0.5389
vn 0.8641 0.4208 0.2763
vn 0.3435 -0.4407 0.8293
vn 0.2915 0.8475 0.4437
vn 0.6162 0.5036 -0.6055
vn 0.6543 -0.7478 -0.1121
vn -0.7173 -0.1542 -0.6795
vn -0.7127 -0.1545 -0.6842
vn -0.6454 -0.3690 -0.6688
vn 0.2568 0.2401 0.9362
vn -0.0177 -0.0142 -0.9997
vn 0.8779 0.3911 0.2762
vn 0.5981 0.5880 0.5445
vn -0.6239 -0.3721 -0.6872
vn 0.8245 0.3867 0.4131
vn 0.2334 -0.8239 0.5165
vn 0.0534 0.9975 -0.0461
vn -0.3401 -0.7713 -0.5381
vn 0.0707 -0.1281 -0.9892
vn 0.0526 0.9976 -0.0454
vn 0.6618 -0.3719 0.6510
vn 0.0538 0.9979 -0.0369
vn -0.6067 0.7947 0.0206
vn 0.9713 0.2364 0.0255
vn 0.8801 -0.2298 0.4154
vn -0.6611 -0.2525 -0.7066
vn -0.7088 0.3362 -0.6201
vn 0.1225 -0.6996 0.7039
vn -0.9614 -0.2751 -0.0087
vn -0.9663 -0.2567 0.0192
vn -0.7749 -0.6320 -0.0105
vn -0.9665 -0.2442 0.0794
vn -0.7921 -0.6071 -0.0641
vn -0.4134 0.0599 0.9086
vn -0.3999 0.1968 0.8952
vn -0.5853 0.3334 0.7391
vn -0.2787 0.3084 0.9095
vn -0.3376 0.0345 0.9407
vn -0.3521 -0.0879 0.9318
vn -0.3420 -0.4153 0.8429
vn -0.3704 -0.3579 0.8571
vn 0.1118 0.9499 -0.2919
vn 0.0181 0.9988 0.0462
vn -0.0496 0.8747 0.4821
vn 0.2372 0.9715 -0.0021
vn -0.5087 -0.3211 0.7988
vn -0.4812 -0.0274 0.8762
vn -0.3454 0.1595 0.9248
vn -0.3309 -0.0016 0.9437
vn -0.3537 0.2845 0.8911
vn -0.2666 0.1771 0.9474
vn -0.3145 0.3336 0.8887
vn -0.3538 0.3091 0.8828
vn -0.2739 0.3558 0.8935
vn -0.3453 0.4034 0.8474
vn -0.2847 0.4179 0.8627
vn -0.3832 0.2710 0.8830
vn -0.5676 0.2950 0.7687
vn 0.7121 0.1299 0.6900
vn 0.7635 -0.0006 0.6458
vn 0.8674 0.4969 -0.0272
vn 0.4150 0.0270 -0.9094
vn -0.7139 0.0535 -0.6982
vn -0.0030 0.2439 -0.9698
vn 0.0044 -0.6760 -0.7369
vn 0.6013 -0.5437 0.5855
vn 0.6172 -0.0676 0.7839
vn 0.8590 -0.1222 0.4973
vn 0.9306 -0.0210 -0.3653
vn -0.2769 -0.9608 0.0159
vn 0.0720 -0.9660 0.2484
vn 0.2517 0.8496 0.4635
vn 0.0848 -0.6998 0.7093
vn 0.6500 0.0153 0.7598
vn 0.6424 0.5980 0.4793
vn 0.5776 0.5859 0.5684
vn 0.9927 -0.0412 0.1138
vn 0.6742 0.6089 0.4180
vn 0.6697 0.3218 0.6693
vn 0.1483 -0.3944 0.9069
vn 0.6644 0.1578 0.7305
vn 0.6549 -0.3039 0.6919
vn 0.4507 -0.5491 0.7038
vn 0.1258 -0.6963 0.7066
vn 0.4936 -0.2036 0.8455
vn -0.0773 -0.4655 0.8817
vn 0.2532 -0.5012 0.8275
vn 0.7378 -0.2224 0.6373
vn 0.0655 0.9093 0.4110
vn -0.3737 -0.0490 0.9262
vn -0.4114 -0.2268 0.8828
vn -0.7726 -0.0951 0.6277
vn -0.6354 -0.4381 0.6359
vn -0.3994 -0.1895 0.8970
vn -0.1582 -0.9353 0.3165
vn -0.6280 -0.3262 0.7066
vn -0.5721 0.4159 0.7069
vn -0.6945 0.6839 0.2234
vn -0.8170 0.2469 0.5212
vn -0.6774 -0.1623 0.7175
vn -0.5555 0.3833 0.7379
vn -0.5473 0.3368 0.7662
vn -0.2274 -0.8764 0.4244
vn -0.1478 0.8539 0.4991
vn -0.3134 -0.2518 0.9156
vn -0.1352 0.9908 -0.0084
vn 0.4998 0.6562 0.5653
vn 0.0336 -0.8447 0.5342
vn -0.4688 0.4117 0.7815
vn -0.2332 -0.8113 0.5361
vn 0.4905 0.2544 0.8335
vn 0.9880 0.0118 -0.1540
vn -0.3797 0.5739 0.7256
vn 0.0231 -0.9262 -0.3764
vn -0.1158 -0.4534 0.8838
vn 0.0504 0.3850 0.9215
vn -0.2586 0.0593 0.9642
vn -0.3159 0.3240 0.8917
vn -0.0277 0.0929 0.9953
vn -0.1430 -0.3571 0.9231
vn 0.0923 0.1707 0.9810
vn 0.0754 0.3929 0.9165
vn -0.2366 -0.7284 0.6430
vn -0.2588 -0.5977 0.7588
vn 0.0750 -0.9823 -0.1719
vn 0.2684 0.5287 0.8052
vn -0.0435 -0.8566 0.5141
vn -0.1208 0.8664 -0.4845
vn -0.8998 0.2139 -0.3803
vn 0.9931 0.0068 0.1170
vn -0.2406 -0.9021 0.3583
vn -0.2461 -0.9103 0.3328
vn -0.3600 0.1692 0.9175
vn -0.7001 -0.2431 -0.6714
vn 0.7918 -0.0616 0.6077
vn 0.4365 0.8738 -0.2144
vn -0.0783 0.2783 0.9573
vn -0.3914 0.5643 0.7269
vn -0.8186 0.1181 -0.5621
vn -0.1355 0.7422 0.6564
vn 0.1456 0.2544 0.9561
vn 0.0202 -0.8957 -0.4441
vn 0.0423 0.8175 -0.5744
vn -0.0137 0.9992 -0.0365
vn 0.6962 0.3072 0.6488
vn -0.0436 -0.2049 0.9778
vn 0.9660 -0.0662 0.2497
vn 0.5796 0.2901 0.7615
vn -0.0185 0.7413 0.6709
vn -0.0394 0.5480 0.8356
vn -0.0732 -0.4283 0.9007
vn -0.0815 0.0521 0.9953
vn -0.0807 -0.4739 0.8769
vn -0.3654 0.6546 0.6619
vn -0.3889 0.6395 0.6632
vn 0.6417 0.3102 0.7015
vn -0.0906 0.1082 0.9900
vn -0.6919 -0.2429 -0.6799
vn -0.1422 0.9806 0.1346
vn -0.1403 0.9675 0.2104
vn 0.2926 -0.8670 -0.4034
vn 0.7574 -0.0514 0.6510
vn -0.1160 0.8145 -0.5685
vn -0.8281 0.1847 -0.5293
vn 0.9240 -0.0050 0.3824
vn -0.1758 -0.4809 0.8590
vn -0.2984 -0.4422 0.8458
vn -0.5163 -0.1976 0.8333
vn 0.9700 -0.2432 -0.0068
vn 0.3521 -0.0879 0.9318
vn 0.6035 -0.0421 0.7962
vn -0.8945 0.1705 0.4134
vn -0.7866 0.0815 0.6121
vn -0.6674 0.5470 0.5054
vn -0.6845 0.4354 0.5847
vn -0.6981 0.4651 0.5444
vn -0.6788 0.4550 0.5765
vn -0.6311 0.6082 0.4815
vn -0.6328 0.6001 0.4893
vn 0.9546 -0.1219 0.2718
vn 0.9891 -0.1466 0.0114
vn 0.0903 0.1213 0.9885
vn 0.3309 -0.0016 0.9437
vn -0.5840 0.4373 0.6839
vn -0.5365 0.1190 0.8355
vn -0.4563 -0.2657 0.8492
vn -0.3801 -0.5793 0.7211
vn -0.3701 -0.5962 0.7124
vn -0.4026 -0.4462 0.7993
vn -0.3551 -0.7204 0.5958
vn -0.5814 -0.6338 0.5102
vn -0.7591 -0.4390 0.4808
vn -0.6543 -0.5739 0.4926
vn -0.4617 -0.8392 0.2873
vn -0.4724 -0.8376 0.2743
vn -0.5400 -0.7649 0.3510
vn -0.5335 -0.2928 0.7935
vn -0.5229 -0.3776 0.7642
vn -0.7631 -0.2904 0.5774
vn -0.7796 -0.3923 0.4881
vn -0.6078 0.6082 0.5106
vn -0.5806 0.5672 0.5842
vn -0.3481 -0.7599 0.5489
vn -0.2016 -0.8613 0.4665
vn 0.2588 -0.5977 0.7588
vn 0.5473 0.3368 0.7662
vn 0.0356 0.1657 0.9855
vn -0.6500 0.0153 0.7598
vn -0.3019 -0.1492 0.9416
vn 0.2288 0.1712 0.9583
vn -0.7363 0.2594 0.6249
vn -0.4666 0.1730 0.8674
vn 0.0059 -0.0272 0.9996
vn -0.6603 0.0233 0.7506
vn -0.3679 -0.8481 0.3812
vn 0.6615 -0.1215 0.7400
vn 0.5409 -0.3256 0.7755
vn 0.7907 -0.6115 -0.0286
vn 0.1309 -0.9366 0.3251
vn 0.7008 -0.1840 0.6893
vn 0.9615 -0.1723 0.2141
vn 0.8186 -0.1420 0.5565
vn 0.3145 0.3336 0.8887
vn 0.9413 -0.2161 0.2594
vn 0.1352 0.9908 -0.0084
vn 0.2332 -0.8113 0.5361
vn 0.2529 -0.8952 0.3669
vn 0.4807 0.2439 0.8423
vn 0.2666 0.1771 0.9474
vn -0.0285 0.9996 -0.0000
vn 0.3420 -0.4153 0.8430
vn 0.5074 0.0390 0.8608
vn -0.2372 0.9715 -0.0021
vn 0.2767 0.4597 0.8439
vn -0.0231 -0.9262 -0.3764
vn -0.0810 0.2068 0.9750
vn 0.2366 -0.7283 0.6431
vn 0.2274 -0.8764 0.4244
vn 0.1350 0.8792 -0.4570
vn 0.3994 -0.1895 0.8970
vn 0.6825 -0.2214 0.6965
vn 0.3999 0.1968 0.8952
vn 0.5018 0.3539 0.7893
vn 0.6911 0.6696 0.2720
vn 0.1158 -0.4534 0.8838
vn 0.2586 0.0593 0.9642
vn 0.9323 0.0393 0.3595
vn 0.5802 -0.0627 0.8121
vn 0.3538 0.3092 0.8828
vn 0.9674 -0.2456 0.0619
vn 0.9614 -0.2751 -0.0087
vn -0.3265 -0.5906 0.7380
vn -0.2971 -0.4553 0.8393
vn -0.1836 -0.1697 0.9682
vn -0.1002 -0.0861 0.9912
vn 0.4320 -0.4127 0.8019
vn 0.1474 -0.5171 0.8431
vn -0.0896 -0.7113 0.6971
vn -0.0555 -0.6789 0.7322
vn 0.0544 0.5750 0.8163
vn -0.0848 -0.6999 0.7092
vn -0.1189 -0.4074 0.9055
vn -0.1985 -0.3225 0.9255
vn 0.0245 0.4226 0.9060
vn 0.0606 0.5918 0.8038
vn -0.0813 -0.4020 0.9120
vn -0.1163 -0.9000 0.4201
vn -0.2035 -0.9350 0.2904
vn -0.2335 -0.8805 0.4126
vn 0.3425 0.5865 0.7340
vn 0.0137 0.9992 -0.0366
vn 0.0450 0.1152 0.9923
vn 0.3600 0.1692 0.9175
vn 0.3689 0.6277 0.6855
vn 0.0436 -0.2049 0.9778
vn 0.0732 -0.4283 0.9007
vn 0.1360 0.9809 0.1393
vn 0.7871 0.0806 0.6116
vn 0.8033 0.3291 0.4964
vn 0.5199 0.3610 0.7742
vn -0.2313 -0.2970 0.9264
vn 0.6821 0.6057 0.4098
vn -0.8227 0.4058 0.3982
vn -0.0472 0.2390 0.9699
vn 0.2336 -0.2336 0.9439
vn 0.0896 -0.7113 0.6971
vn -0.2642 0.3674 0.8918
vn 0.6328 0.6001 0.4893
vn -0.0486 0.5678 0.8217
vn 0.2762 0.3810 0.8824
vn -0.1456 0.2668 0.9527
vn 0.7363 0.2595 0.6249
vn -0.3058 0.4870 0.8181
vn -0.2842 0.3039 0.9093
vn -0.3381 0.7146 0.6123
vn -0.3219 0.6427 0.6952
vn -0.3325 0.8183 0.4688
vn -0.3427 0.7713 0.5364
vn -0.3862 0.8591 0.3359
vn -0.4396 0.8182 0.3705
vn -0.9074 0.0813 0.4123
vn -0.8877 -0.1261 0.4427
vn -0.7196 0.2974 0.6275
vn -0.8340 0.2512 0.4913
vn -0.5885 0.3049 0.7488
vn -0.3439 -0.3160 0.8842
vn -0.5421 0.3341 0.7710
vn -0.2531 0.3099 0.9165
vn -0.4145 0.3154 0.8537
vn -0.3706 0.2973 0.8799
vn -0.3242 0.0861 0.9421
vn -0.2524 0.3207 0.9129
vn -0.7563 -0.0937 0.6475
vn -0.8118 0.0776 0.5787
vn -0.8053 0.3242 0.4963
vn -0.7683 0.4996 0.4001
vn -0.6827 0.6057 0.4087
vn -0.5097 -0.4405 0.7390
vn -0.6653 -0.1759 0.7255
vn 0.3058 0.4870 0.8181
vn -0.4065 0.5534 0.7270
vn -0.2237 0.4641 0.8571
vn -0.5199 0.3610 0.7742
vn -0.4500 0.3842 0.8062
vn -0.3824 0.3992 0.8333
vn -0.5724 0.3132 0.7578
vn -0.5249 0.3299 0.7846
vn -0.2921 0.3753 0.8797
vn -0.2145 0.3825 0.8987
vn 0.7122 -0.4628 0.5278
vn 0.1163 -0.9000 0.4201
vn -0.6938 0.2625 0.6706
vn -0.7406 0.0859 0.6664
vn -0.8801 -0.2298 0.4154
vn -0.7586 -0.2470 0.6029
vn 0.6314 0.3503 0.6918
vn -0.2641 0.9432 -0.2014
vn -0.1390 0.9421 -0.3051
vn 0.3679 -0.8481 0.3812
vn -0.3626 0.9265 0.1004
vn -0.3571 0.9129 0.1979
vn -0.3168 0.9339 -0.1658
vn -0.2846 0.9586 -0.0103
vn -0.6755 0.2921 0.6771
vn 0.1985 -0.3225 0.9255
vn 0.3325 0.8183 0.4688
vn 0.3220 0.6427 0.6952
vn 0.4026 -0.4462 0.7993
vn 0.6826 0.0678 0.7276
vn 0.7327 0.4264 0.5304
vn 0.4500 0.3842 0.8062
vn -0.0356 0.1656 0.9855
vn 0.5815 -0.6338 0.5101
vn 0.1023 -0.2557 0.9613
vn 0.0396 -0.1533 0.9874
vn 0.5249 0.3299 0.7846
vn 0.2921 0.3753 0.8797
vn 0.5724 0.3132 0.7578
vn 0.6078 0.6082 0.5106
vn 0.5607 -0.2181 0.7988
vn 0.6901 -0.6260 0.3632
vn 0.7637 0.5008 0.4074
vn 0.8350 0.2421 0.4940
vn 0.4919 -0.8221 0.2865
vn 0.5365 0.1190 0.8355
vn 0.4145 0.3154 0.8537
vn 0.7631 -0.2904 0.5774
vn 0.3381 0.7146 0.6123
vn 0.7195 0.2974 0.6275
vn 0.4517 0.8203 0.3507
vn 0.1428 -0.3814 0.9133
vn 0.6787 0.4550 0.5765
vn 0.3800 -0.5793 0.7211
vn 0.0555 -0.6789 0.7322
vn 0.7408 0.4765 0.4734
vn -0.0061 -0.0268 0.9996
vn 0.3242 0.0861 0.9421
vn 0.8856 -0.3595 0.2941
vn 0.8844 -0.3731 0.2802
vn 0.9299 -0.1178 0.3483
vn 0.9446 -0.2645 0.1943
vn 0.8314 -0.1682 0.5295
vn 0.9434 -0.2222 0.2462
vn -0.5973 0.1961 0.7777
vn -0.5174 0.1942 0.8334
vn -0.3667 0.0515 0.9289
vn -0.3325 0.0591 0.9412
vn 0.0274 -0.0931 0.9953
vn 0.0626 -0.0855 0.9944
vn -0.0606 -0.3354 0.9401
vn 0.2145 0.3824 0.8987
vn 0.0627 0.2031 0.9772
vn 0.6739 0.2413 0.6983
vn 0.3629 0.9117 0.1926
vn -0.2859 -0.4480 0.8471
vn -0.5684 -0.3168 0.7593
vn -0.5273 -0.0985 0.8440
vn -0.4353 0.0436 0.8992
vn -0.5002 -0.0478 0.8646
vn -0.2532 -0.0566 0.9658
vn -0.5736 -0.2480 0.7807
vn -0.4767 -0.0828 0.8751
vn -0.3099 -0.4801 0.8206
vn -0.3397 -0.2002 0.9190
vn -0.5731 0.2124 0.7915
vn -0.5990 0.1136 0.7926
vn -0.4658 0.2901 0.8360
vn -0.2692 0.2692 0.9247
vn 0.3161 -0.1756 0.9323
vn 0.5684 -0.3168 0.7593
vn 0.4767 -0.0828 0.8751
vn 0.5990 0.1136 0.7926
vn 0.2878 0.9337 -0.2130
vn 0.3439 0.9319 0.1155
vn 0.5972 0.1961 0.7777
vn 0.3325 0.0591 0.9412
vn -0.0627 0.2031 0.9772
vn -0.0351 -0.0281 0.9990
vn 0.2532 -0.0566 0.9658
vn 0.4513 -0.1020 0.8865
vn 0.3168 0.9339 -0.1658
vn 0.4732 0.2720 0.8379
vn 0.2692 0.2692 0.9247
vn -0.0445 0.8464 0.5307
vn -0.1162 -0.8787 0.4630
vn 0.7015 -0.5460 0.4581
vn 0.8164 0.0927 0.5700
vn -0.0092 0.8688 0.4951
vn -0.0624 0.8275 0.5579
vn 0.3060 0.8708 0.3849
vn 0.1242 -0.9383 0.3228
vn 0.6320 -0.6506 0.4211
vn -0.0461 -0.9158 0.3990
vn -0.2558 -0.7062 0.6602
vn 0.0367 0.8881 0.4582
vn 0.0555 -0.9383 0.3412
vn 0.2395 -0.9166 0.3201
vn 0.4023 -0.8480 0.3451
vn 0.6503 0.5613 0.5120
vn 0.7831 -0.3468 0.5162
vn -0.0368 0.8526 0.5213
vn -0.2282 -0.7580 0.6111
vn -0.2286 0.5210 0.8223
vn 0.1564 0.9047 0.3964
vn 0.2299 0.8948 0.3827
vn 0.0964 0.9019 0.4211
vn -0.3399 -0.2742 0.8996
vn 0.3793 0.8339 0.4009
vn 0.4792 0.7608 0.4377
vn 0.5445 -0.7450 0.3853
vn -0.1269 0.7409 0.6595
vn -0.3212 0.1209 0.9393
vn -0.3024 -0.5625 0.7695
vn 0.0092 0.8688 0.4951
vn 0.0445 0.8464 0.5307
vn -0.7831 -0.3468 0.5162
vn 0.2558 -0.7062 0.6602
vn 0.3024 -0.5625 0.7695
vn -0.6503 0.5613 0.5120
vn -0.3793 0.8339 0.4009
vn 0.2286 0.5210 0.8223
vn -0.6320 -0.6506 0.4211
vn 0.3399 -0.2742 0.8996
vn -0.4023 -0.8480 0.3451
vn 0.1269 0.7409 0.6595
vn 0.1162 -0.8787 0.4630
vn 0.0461 -0.9158 0.3990
vn -0.3060 0.8708 0.3849
vn -0.0555 -0.9383 0.3413
vn 0.0368 0.8526 0.5213
vn 0.0624 0.8275 0.5579
vn -0.0964 0.9019 0.4210
vn -0.8164 0.0927 0.5700
vn -0.5445 -0.7450 0.3853
vn -0.2395 -0.9166 0.3201
vn -0.7015 -0.5460 0.4581
vn -0.0367 0.8881 0.4582
vn 0.2282 -0.7580 0.6111
vn -0.1564 0.9047 0.3964
vn 0.3212 0.1209 0.9393
vn -0.4792 0.7608 0.4377
vn -0.1242 -0.9383 0.3228
vn -0.2299 0.8948 0.3827
vn -0.4706 0.0463 0.8811
vn -0.6346 0.0629 0.7703
vn -0.2905 0.0284 0.9565
vn -0.6105 0.1851 0.7701
vn -0.2792 0.0850 0.9565
vn -0.4526 0.1375 0.8810
vn -0.5624 0.3007 0.7702
vn -0.2574 0.1376 0.9565
vn -0.4170 0.2228 0.8812
vn -0.4933 0.4042 0.7703
vn -0.2256 0.1854 0.9564
vn -0.3655 0.2999 0.8812
vn -0.4042 0.4932 0.7703
vn -0.1853 0.2255 0.9565
vn -0.3000 0.3656 0.8811
vn -0.3006 0.5623 0.7703
vn -0.1376 0.2574 0.9565
vn -0.2228 0.4170 0.8812
vn -0.1851 0.6104 0.7702
vn -0.0849 0.2792 0.9565
vn -0.1375 0.4524 0.8812
vn -0.0629 0.6348 0.7701
vn -0.0285 0.2905 0.9564
vn -0.0463 0.4706 0.8811
vn 0.0629 0.6346 0.7703
vn 0.0285 0.2905 0.9565
vn 0.0463 0.4706 0.8811
vn 0.1851 0.6105 0.7701
vn 0.0849 0.2792 0.9565
vn 0.1375 0.4524 0.8812
vn 0.3006 0.5623 0.7704
vn 0.1376 0.2575 0.9564
vn 0.2228 0.4170 0.8812
vn 0.4042 0.4932 0.7703
vn 0.1853 0.2254 0.9565
vn 0.2999 0.3655 0.8812
vn 0.4932 0.4042 0.7703
vn 0.2256 0.1854 0.9564
vn 0.3655 0.2999 0.8812
vn 0.5624 0.3007 0.7703
vn 0.2575 0.1376 0.9564
vn 0.4170 0.2228 0.8812
vn 0.6104 0.1851 0.7701
vn 0.2793 0.0850 0.9564
vn 0.4525 0.1375 0.8811
vn 0.6346 0.0629 0.7703
vn 0.2904 0.0284 0.9565
vn 0.4707 0.0463 0.8811
vn 0.6346 -0.0629 0.7703
vn 0.2904 -0.0284 0.9565
vn 0.4706 -0.0463 0.8811
vn 0.6105 -0.1851 0.7701
vn 0.2791 -0.0850 0.9565
vn 0.4526 -0.1375 0.8810
vn 0.5624 -0.3007 0.7702
vn 0.2576 -0.1376 0.9564
vn 0.4169 -0.2228 0.8812
vn 0.4932 -0.4041 0.7704
vn 0.2255 -0.1853 0.9564
vn 0.3656 -0.2999 0.8811
vn 0.4042 -0.4932 0.7703
vn 0.1853 -0.2255 0.9565
vn 0.3000 -0.3656 0.8811
vn 0.3007 -0.5624 0.7702
vn 0.1376 -0.2575 0.9564
vn 0.2228 -0.4170 0.8812
vn 0.1851 -0.6104 0.7701
vn 0.0849 -0.2792 0.9565
vn 0.1375 -0.4524 0.8812
vn 0.0629 -0.6346 0.7703
vn 0.0285 -0.2905 0.9565
vn 0.0463 -0.4706 0.8811
vn -0.0629 -0.6348 0.7701
vn -0.0285 -0.2905 0.9565
vn -0.0463 -0.4706 0.8811
vn -0.1851 -0.6104 0.7702
vn -0.0849 -0.2792 0.9565
vn -0.1375 -0.4524 0.8811
vn -0.3007 -0.5624 0.7702
vn -0.1376 -0.2575 0.9564
vn -0.2228 -0.4170 0.8812
vn -0.4041 -0.4932 0.7704
vn -0.1853 -0.2255 0.9565
vn -0.2999 -0.3655 0.8812
vn -0.4932 -0.4042 0.7703
vn -0.2256 -0.1854 0.9564
vn -0.3655 -0.2999 0.8812
vn -0.5624 -0.3007 0.7703
vn -0.2576 -0.1377 0.9564
vn -0.4170 -0.2228 0.8812
vn -0.6104 -0.1851 0.7701
vn -0.2792 -0.0850 0.9565
vn -0.4525 -0.1375 0.8811
vn -0.0979 0.0099 0.9951
vn -0.0942 0.0283 0.9952
vn -0.0868 0.0463 0.9951
vn -0.0759 0.0626 0.9952
vn -0.0626 0.0758 0.9952
vn -0.0463 0.0867 0.9952
vn -0.0286 0.0941 0.9952
vn -0.0096 0.0979 0.9952
vn 0.0096 0.0979 0.9952
vn 0.0286 0.0941 0.9952
vn 0.0463 0.0868 0.9952
vn 0.0626 0.0758 0.9952
vn 0.0759 0.0626 0.9952
vn 0.0868 0.0463 0.9951
vn 0.0940 0.0286 0.9952
vn 0.0979 0.0096 0.9951
vn 0.0979 -0.0096 0.9951
vn 0.0940 -0.0286 0.9952
vn 0.0868 -0.0463 0.9951
vn 0.0758 -0.0626 0.9952
vn 0.0626 -0.0758 0.9952
vn 0.0463 -0.0868 0.9952
vn 0.0286 -0.0941 0.9952
vn 0.0096 -0.0979 0.9952
vn -0.0096 -0.0979 0.9952
vn -0.0286 -0.0941 0.9952
vn -0.0463 -0.0867 0.9952
vn -0.0626 -0.0758 0.9952
vn -0.0759 -0.0626 0.9952
vn -0.0868 -0.0463 0.9951
vn -0.0941 -0.0283 0.9952
vn -0.6346 -0.0629 0.7703
vn -0.2904 -0.0284 0.9565
vn -0.4707 -0.0463 0.8811
vn -0.0978 -0.0099 0.9952
vn -0.8786 0.0866 -0.4696
vn -0.9904 0.0973 -0.0978
vn -0.9528 0.0936 0.2889
vn -0.7706 0.0760 0.6328
vn -0.4709 0.0459 -0.8810
vn -0.7706 0.0759 -0.6327
vn -0.9528 0.0938 -0.2887
vn -0.9904 0.0978 0.0973
vn -0.8785 0.0865 0.4698
vn -0.6214 0.0612 0.7811
vn -0.2899 0.0286 -0.9566
vn -0.6332 0.0626 -0.7714
vn -0.8447 0.2566 0.4697
vn -0.5975 0.1811 0.7811
vn -0.2789 0.0846 -0.9566
vn -0.6091 0.1846 -0.7713
vn -0.8449 0.2564 -0.4696
vn -0.9524 0.2888 -0.0973
vn -0.9161 0.2778 0.2892
vn -0.7411 0.2249 0.6326
vn -0.4526 0.1376 -0.8810
vn -0.7410 0.2245 -0.6328
vn -0.9160 0.2780 -0.2891
vn -0.9525 0.2885 0.0975
vn -0.7787 0.4162 0.4695
vn -0.5506 0.2942 0.7812
vn -0.2570 0.1370 -0.9566
vn -0.5613 0.2998 -0.7714
vn -0.7787 0.4162 -0.4695
vn -0.8776 0.4694 -0.0975
vn -0.8441 0.4515 0.2893
vn -0.6831 0.3651 0.6325
vn -0.4174 0.2231 -0.8809
vn -0.6831 0.3650 -0.6326
vn -0.8443 0.4513 -0.2890
vn -0.8776 0.4693 0.0977
vn -0.6825 0.5602 0.4694
vn -0.4825 0.3961 0.7812
vn -0.2246 0.1850 -0.9567
vn -0.4921 0.4037 -0.7713
vn -0.6826 0.5600 -0.4696
vn -0.7693 0.6314 -0.0977
vn -0.7400 0.6074 0.2889
vn -0.5988 0.4913 0.6325
vn -0.3660 0.2999 -0.8810
vn -0.5985 0.4914 -0.6327
vn -0.7400 0.6073 -0.2889
vn -0.7692 0.6315 0.0977
vn -0.5602 0.6826 0.4694
vn -0.3961 0.4825 0.7812
vn -0.1851 0.2247 -0.9567
vn -0.4036 0.4919 -0.7714
vn -0.5601 0.6827 -0.4693
vn -0.6314 0.7692 -0.0978
vn -0.6074 0.7400 0.2890
vn -0.4912 0.5987 0.6327
vn -0.3000 0.3659 -0.8810
vn -0.4915 0.5987 -0.6325
vn -0.6074 0.7400 -0.2889
vn -0.6316 0.7692 0.0975
vn -0.4162 0.7787 0.4695
vn -0.2942 0.5506 0.7812
vn -0.1370 0.2570 -0.9567
vn -0.2998 0.5613 -0.7714
vn -0.4162 0.7787 -0.4695
vn -0.4694 0.8776 -0.0976
vn -0.4515 0.8441 0.2893
vn -0.3651 0.6831 0.6326
vn -0.2230 0.4174 -0.8810
vn -0.3650 0.6831 -0.6326
vn -0.4513 0.8443 -0.2891
vn -0.4691 0.8778 0.0974
vn -0.2564 0.8448 0.4696
vn -0.1811 0.5975 0.7812
vn -0.0846 0.2788 -0.9566
vn -0.1846 0.6089 -0.7714
vn -0.2564 0.8449 -0.4696
vn -0.2888 0.9524 -0.0974
vn -0.2778 0.9161 0.2893
vn -0.2249 0.7411 0.6327
vn -0.1377 0.4527 -0.8810
vn -0.2246 0.7411 -0.6327
vn -0.2780 0.9160 -0.2891
vn -0.2887 0.9525 0.0973
vn -0.0865 0.8786 0.4696
vn -0.0612 0.6213 0.7812
vn -0.0286 0.2897 -0.9567
vn -0.0626 0.6333 -0.7714
vn -0.0866 0.8786 -0.4697
vn -0.0972 0.9904 -0.0979
vn -0.0935 0.9527 0.2890
vn -0.0760 0.7706 0.6328
vn -0.0464 0.4710 -0.8809
vn -0.0759 0.7706 -0.6328
vn -0.0938 0.9528 -0.2887
vn -0.0978 0.9904 0.0972
vn 0.0865 0.8786 0.4696
vn 0.0612 0.6213 0.7812
vn 0.0286 0.2898 -0.9567
vn 0.0626 0.6333 -0.7714
vn 0.0866 0.8786 -0.4696
vn 0.0972 0.9904 -0.0979
vn 0.0936 0.9528 0.2889
vn 0.0760 0.7706 0.6328
vn 0.0464 0.4710 -0.8809
vn 0.0759 0.7706 -0.6328
vn 0.0938 0.9528 -0.2888
vn 0.0978 0.9904 0.0972
vn 0.2564 0.8448 0.4696
vn 0.1811 0.5975 0.7812
vn 0.0846 0.2788 -0.9566
vn 0.1846 0.6089 -0.7715
vn 0.2564 0.8449 -0.4695
vn 0.2888 0.9524 -0.0972
vn 0.2778 0.9161 0.2893
vn 0.2249 0.7411 0.6326
vn 0.1377 0.4527 -0.8810
vn 0.2246 0.7411 -0.6328
vn 0.2780 0.9160 -0.2891
vn 0.2885 0.9525 0.0976
vn 0.4162 0.7787 0.4695
vn 0.2942 0.5506 0.7812
vn 0.1370 0.2570 -0.9567
vn 0.2998 0.5613 -0.7714
vn 0.4162 0.7787 -0.4695
vn 0.4694 0.8776 -0.0974
vn 0.4515 0.8441 0.2893
vn 0.3651 0.6831 0.6326
vn 0.2230 0.4174 -0.8809
vn 0.3650 0.6831 -0.6326
vn 0.4513 0.8443 -0.2891
vn 0.4693 0.8776 0.0978
vn 0.5602 0.6825 0.4694
vn 0.3961 0.4825 0.7812
vn 0.1852 0.2247 -0.9567
vn 0.4036 0.4919 -0.7714
vn 0.5600 0.6826 -0.4695
vn 0.6314 0.7692 -0.0978
vn 0.6074 0.7400 0.2889
vn 0.4913 0.5988 0.6325
vn 0.2999 0.3659 -0.8810
vn 0.4914 0.5985 -0.6327
vn 0.6073 0.7400 -0.2889
vn 0.6316 0.7692 0.0975
vn 0.6826 0.5602 0.4694
vn 0.4825 0.3961 0.7812
vn 0.2246 0.1850 -0.9567
vn 0.4920 0.4037 -0.7713
vn 0.6826 0.5600 -0.4696
vn 0.7693 0.6314 -0.0977
vn 0.7400 0.6074 0.2889
vn 0.5987 0.4912 0.6326
vn 0.3660 0.3000 -0.8809
vn 0.5986 0.4914 -0.6326
vn 0.7400 0.6073 -0.2889
vn 0.7692 0.6315 0.0977
vn 0.7787 0.4162 0.4695
vn 0.5506 0.2942 0.7813
vn 0.2570 0.1371 -0.9566
vn 0.5613 0.2998 -0.7714
vn 0.7787 0.4162 -0.4695
vn 0.8775 0.4694 -0.0977
vn 0.8441 0.4515 0.2893
vn 0.6831 0.3651 0.6325
vn 0.4174 0.2231 -0.8809
vn 0.6830 0.3649 -0.6327
vn 0.8443 0.4513 -0.2890
vn 0.8778 0.4691 0.0973
vn 0.8447 0.2566 0.4698
vn 0.5975 0.1811 0.7811
vn 0.2788 0.0846 -0.9566
vn 0.6091 0.1847 -0.7713
vn 0.8449 0.2564 -0.4696
vn 0.9524 0.2888 -0.0974
vn 0.9161 0.2778 0.2892
vn 0.7411 0.2249 0.6326
vn 0.4527 0.1376 -0.8810
vn 0.7411 0.2246 -0.6328
vn 0.9161 0.2780 -0.2890
vn 0.9525 0.2887 0.0973
vn 0.8786 0.0865 0.4697
vn 0.6213 0.0612 0.7812
vn 0.2897 0.0286 -0.9567
vn 0.6333 0.0626 -0.7714
vn 0.8786 0.0866 -0.4696
vn 0.9904 0.0973 -0.0978
vn 0.9528 0.0936 0.2889
vn 0.7706 0.0760 0.6327
vn 0.4711 0.0464 -0.8809
vn 0.7707 0.0760 -0.6327
vn 0.9528 0.0938 -0.2888
vn 0.9904 0.0978 0.0973
vn 0.8786 -0.0865 0.4697
vn 0.6213 -0.0612 0.7812
vn 0.2897 -0.0286 -0.9567
vn 0.6332 -0.0626 -0.7714
vn 0.8786 -0.0866 -0.4697
vn 0.9904 -0.0973 -0.0978
vn 0.9528 -0.0936 0.2889
vn 0.7706 -0.0760 0.6328
vn 0.4711 -0.0464 -0.8809
vn 0.7706 -0.0759 -0.6328
vn 0.9528 -0.0938 -0.2888
vn 0.9904 -0.0978 0.0973
vn 0.8447 -0.2564 0.4698
vn 0.5975 -0.1811 0.7812
vn 0.2789 -0.0846 -0.9566
vn 0.6090 -0.1846 -0.7714
vn 0.8449 -0.2563 -0.4696
vn 0.9524 -0.2888 -0.0973
vn 0.9161 -0.2778 0.2891
vn 0.7411 -0.2249 0.6326
vn 0.4526 -0.1376 -0.8810
vn 0.7411 -0.2246 -0.6327
vn 0.9161 -0.2780 -0.2890
vn 0.9525 -0.2885 0.0976
vn 0.7786 -0.4162 0.4697
vn 0.5505 -0.2941 0.7813
vn 0.2570 -0.1370 -0.9567
vn 0.5613 -0.2998 -0.7714
vn 0.7787 -0.4162 -0.4695
vn 0.8776 -0.4694 -0.0975
vn 0.8441 -0.4515 0.2892
vn 0.6831 -0.3651 0.6325
vn 0.4174 -0.2231 -0.8809
vn 0.6832 -0.3650 -0.6325
vn 0.8443 -0.4513 -0.2890
vn 0.8776 -0.4693 0.0977
vn 0.6824 -0.5601 0.4697
vn 0.4825 -0.3961 0.7812
vn 0.2247 -0.1851 -0.9567
vn 0.4920 -0.4037 -0.7714
vn 0.6826 -0.5600 -0.4694
vn 0.7692 -0.6314 -0.0978
vn 0.7400 -0.6074 0.2889
vn 0.5987 -0.4912 0.6327
vn 0.3660 -0.3000 -0.8809
vn 0.5987 -0.4915 -0.6325
vn 0.7400 -0.6073 -0.2889
vn 0.7692 -0.6315 0.0978
vn 0.5601 -0.6825 0.4696
vn 0.3961 -0.4825 0.7812
vn 0.1852 -0.2248 -0.9566
vn 0.4037 -0.4921 -0.7713
vn 0.5600 -0.6826 -0.4695
vn 0.6314 -0.7692 -0.0977
vn 0.6075 -0.7400 0.2888
vn 0.4912 -0.5987 0.6327
vn 0.2999 -0.3659 -0.8810
vn 0.4914 -0.5986 -0.6325
vn 0.6074 -0.7400 -0.2889
vn 0.6315 -0.7692 0.0976
vn 0.4162 -0.7786 0.4697
vn 0.2942 -0.5506 0.7812
vn 0.1371 -0.2570 -0.9566
vn 0.2998 -0.5613 -0.7714
vn 0.4162 -0.7787 -0.4695
vn 0.4694 -0.8776 -0.0976
vn 0.4515 -0.8441 0.2891
vn 0.3651 -0.6831 0.6326
vn 0.2230 -0.4174 -0.8809
vn 0.3650 -0.6831 -0.6326
vn 0.4513 -0.8443 -0.2891
vn 0.4693 -0.8776 0.0977
vn 0.2564 -0.8448 0.4697
vn 0.1811 -0.5975 0.7812
vn 0.0846 -0.2787 -0.9567
vn 0.1846 -0.6090 -0.7714
vn 0.2564 -0.8449 -0.4696
vn 0.2888 -0.9524 -0.0972
vn 0.2778 -0.9161 0.2891
vn 0.2249 -0.7411 0.6327
vn 0.1377 -0.4528 -0.8809
vn 0.2246 -0.7411 -0.6327
vn 0.2780 -0.9160 -0.2891
vn 0.2885 -0.9525 0.0977
vn 0.0866 -0.8786 0.4697
vn 0.0612 -0.6213 0.7812
vn 0.0286 -0.2899 -0.9566
vn 0.0626 -0.6332 -0.7714
vn 0.0866 -0.8786 -0.4696
vn 0.0972 -0.9904 -0.0979
vn 0.0935 -0.9528 0.2890
vn 0.0759 -0.7706 0.6328
vn 0.0459 -0.4709 -0.8810
vn 0.0759 -0.7706 -0.6328
vn 0.0939 -0.9528 -0.2887
vn 0.0978 -0.9904 0.0972
vn -0.0866 -0.8786 0.4697
vn -0.0612 -0.6213 0.7812
vn -0.0286 -0.2899 -0.9566
vn -0.0626 -0.6333 -0.7714
vn -0.0866 -0.8786 -0.4696
vn -0.0972 -0.9904 -0.0979
vn -0.0936 -0.9528 0.2889
vn -0.0759 -0.7706 0.6328
vn -0.0459 -0.4708 -0.8810
vn -0.0759 -0.7706 -0.6328
vn -0.0939 -0.9528 -0.2887
vn -0.0978 -0.9904 0.0972
vn -0.2564 -0.8448 0.4697
vn -0.1811 -0.5975 0.7811
vn -0.0846 -0.2786 -0.9567
vn -0.1846 -0.6089 -0.7715
vn -0.2564 -0.8448 -0.4696
vn -0.2888 -0.9524 -0.0974
vn -0.2778 -0.9161 0.2891
vn -0.2249 -0.7411 0.6326
vn -0.1377 -0.4528 -0.8809
vn -0.2246 -0.7411 -0.6328
vn -0.2780 -0.9160 -0.2891
vn -0.2887 -0.9525 0.0973
vn -0.4162 -0.7786 0.4697
vn -0.2942 -0.5506 0.7812
vn -0.1371 -0.2570 -0.9566
vn -0.2998 -0.5613 -0.7714
vn -0.4162 -0.7787 -0.4695
vn -0.4694 -0.8776 -0.0977
vn -0.4515 -0.8441 0.2891
vn -0.3651 -0.6831 0.6326
vn -0.2230 -0.4174 -0.8810
vn -0.3650 -0.6831 -0.6326
vn -0.4513 -0.8443 -0.2891
vn -0.4691 -0.8777 0.0973
vn -0.5601 -0.6825 0.4696
vn -0.3961 -0.4825 0.7812
vn -0.1852 -0.2248 -0.9567
vn -0.4037 -0.4921 -0.7713
vn -0.5601 -0.6827 -0.4693
vn -0.6314 -0.7692 -0.0978
vn -0.6075 -0.7400 0.2888
vn -0.4912 -0.5987 0.6327
vn -0.3000 -0.3659 -0.8810
vn -0.4914 -0.5986 -0.6325
vn -0.6073 -0.7400 -0.2890
vn -0.6315 -0.7692 0.0976
vn -0.6825 -0.5601 0.4695
vn -0.4825 -0.3961 0.7812
vn -0.2246 -0.1851 -0.9567
vn -0.4920 -0.4037 -0.7713
vn -0.6826 -0.5600 -0.4696
vn -0.7693 -0.6314 -0.0977
vn -0.7400 -0.6074 0.2889
vn -0.5987 -0.4912 0.6327
vn -0.3661 -0.3000 -0.8809
vn -0.5987 -0.4915 -0.6324
vn -0.7400 -0.6073 -0.2889
vn -0.7692 -0.6315 0.0978
vn -0.7786 -0.4162 0.4697
vn -0.5506 -0.2942 0.7812
vn -0.2569 -0.1370 -0.9567
vn -0.5614 -0.2998 -0.7714
vn -0.7787 -0.4162 -0.4695
vn -0.8776 -0.4694 -0.0977
vn -0.8441 -0.4515 0.2892
vn -0.6831 -0.3651 0.6325
vn -0.4174 -0.2231 -0.8809
vn -0.6832 -0.3650 -0.6325
vn -0.8443 -0.4513 -0.2890
vn -0.8778 -0.4691 0.0974
vn -0.8447 -0.2564 0.4698
vn -0.5975 -0.1810 0.7812
vn -0.2789 -0.0846 -0.9566
vn -0.6091 -0.1847 -0.7713
vn -0.8449 -0.2563 -0.4696
vn -0.9524 -0.2888 -0.0974
vn -0.9161 -0.2778 0.2892
vn -0.7411 -0.2249 0.6326
vn -0.4526 -0.1376 -0.8810
vn -0.7411 -0.2246 -0.6328
vn -0.9161 -0.2780 -0.2890
vn -0.9525 -0.2887 0.0973
vn -0.0983 0.0097 -0.9951
vn -0.0946 0.0287 -0.9951
vn -0.0871 0.0464 -0.9951
vn -0.0762 0.0628 -0.9951
vn -0.0628 0.0762 -0.9951
vn -0.0465 0.0872 -0.9951
vn -0.0287 0.0945 -0.9951
vn -0.0097 0.0983 -0.9951
vn 0.0097 0.0983 -0.9951
vn 0.0287 0.0945 -0.9951
vn 0.0465 0.0871 -0.9951
vn 0.0628 0.0762 -0.9951
vn 0.0762 0.0628 -0.9951
vn 0.0872 0.0465 -0.9951
vn 0.0946 0.0287 -0.9951
vn 0.0982 0.0097 -0.9951
vn 0.0983 -0.0097 -0.9951
vn 0.0946 -0.0287 -0.9951
vn 0.0871 -0.0465 -0.9951
vn 0.0762 -0.0628 -0.9951
vn 0.0628 -0.0762 -0.9951
vn 0.0465 -0.0871 -0.9951
vn 0.0287 -0.0945 -0.9951
vn 0.0097 -0.0983 -0.9951
vn -0.0097 -0.0983 -0.9951
vn -0.0287 -0.0945 -0.9951
vn -0.0465 -0.0871 -0.9951
vn -0.0628 -0.0762 -0.9951
vn -0.0762 -0.0628 -0.9951
vn -0.0872 -0.0465 -0.9951
vn -0.0945 -0.0287 -0.9951
vn -0.8786 -0.0865 0.4697
vn -0.6213 -0.0612 0.7812
vn -0.2898 -0.0286 -0.9567
vn -0.6332 -0.0626 -0.7715
vn -0.8786 -0.0866 -0.4696
vn -0.9904 -0.0973 -0.0978
vn -0.9528 -0.0936 0.2889
vn -0.7706 -0.0760 0.6327
vn -0.0983 -0.0097 -0.9951
vn -0.4708 -0.0459 -0.8810
vn -0.7706 -0.0759 -0.6328
vn -0.9528 -0.0938 -0.2888
vn -0.9904 -0.0978 0.0973
vn -0.5859 -0.0581 0.8083
vn -0.5634 -0.1708 0.8084
vn -0.5193 -0.2776 0.8083
vn -0.4552 -0.3730 0.8085
vn -0.3730 -0.4552 0.8085
vn -0.2776 -0.5193 0.8082
vn -0.1708 -0.5633 0.8084
vn -0.0581 -0.5858 0.8084
vn 0.0581 -0.5858 0.8084
vn 0.1708 -0.5633 0.8084
vn 0.2776 -0.5193 0.8083
vn 0.3730 -0.4552 0.8085
vn 0.4552 -0.3730 0.8085
vn 0.5192 -0.2776 0.8083
vn 0.5634 -0.1708 0.8083
vn 0.5859 -0.0581 0.8083
vn 0.5859 0.0581 0.8083
vn 0.5634 0.1708 0.8084
vn 0.5193 0.2777 0.8082
vn 0.4551 0.3730 0.8086
vn 0.3730 0.4552 0.8085
vn 0.2776 0.5193 0.8083
vn 0.1708 0.5633 0.8084
vn 0.0581 0.5858 0.8084
vn -0.0581 0.5857 0.8084
vn -0.1708 0.5633 0.8084
vn -0.2776 0.5193 0.8083
vn -0.3731 0.4552 0.8084
vn -0.4552 0.3730 0.8085
vn -0.5193 0.2777 0.8082
vn -0.5633 0.1708 0.8084
vn -0.5858 0.0581 0.8084
vn -0.4707 0.0463 0.8811
vn -0.2904 0.0284 0.9565
vn -0.6104 0.1851 0.7701
vn -0.2793 0.0850 0.9564
vn -0.4525 0.1375 0.8811
vn -0.2575 0.1376 0.9564
vn -0.4932 0.4042 0.7703
vn -0.2999 0.3655 0.8812
vn -0.1376 0.2575 0.9564
vn -0.1851 0.6105 0.7701
vn -0.0629 0.6346 0.7703
vn -0.0285 0.2905 0.9565
vn 0.0629 0.6348 0.7701
vn 0.0285 0.2905 0.9564
vn 0.1851 0.6104 0.7702
vn 0.1376 0.2574 0.9565
vn 0.1853 0.2255 0.9565
vn 0.3000 0.3656 0.8811
vn 0.4933 0.4042 0.7703
vn 0.2574 0.1376 0.9564
vn 0.6105 0.1851 0.7701
vn 0.2792 0.0850 0.9565
vn 0.4526 0.1375 0.8810
vn 0.2905 0.0284 0.9564
vn 0.4705 0.0463 0.8812
vn 0.4707 -0.0463 0.8811
vn 0.2793 -0.0850 0.9564
vn 0.4525 -0.1375 0.8811
vn 0.4170 -0.2228 0.8812
vn 0.4932 -0.4042 0.7703
vn 0.2256 -0.1854 0.9564
vn 0.3655 -0.2999 0.8812
vn 0.4041 -0.4932 0.7704
vn 0.1853 -0.2255 0.9564
vn 0.2999 -0.3655 0.8812
vn 0.1375 -0.4525 0.8811
vn 0.0629 -0.6348 0.7701
vn -0.0629 -0.6346 0.7703
vn -0.0463 -0.4706 0.8812
vn -0.0849 -0.2793 0.9565
vn -0.1375 -0.4524 0.8812
vn -0.4042 -0.4932 0.7703
vn -0.3000 -0.3656 0.8811
vn -0.4932 -0.4041 0.7704
vn -0.2255 -0.1853 0.9565
vn -0.3656 -0.2999 0.8811
vn -0.5624 -0.3007 0.7702
vn -0.2576 -0.1376 0.9564
vn -0.4169 -0.2228 0.8812
vn -0.2791 -0.0850 0.9565
vn -0.4526 -0.1375 0.8810
vn -0.0979 0.0096 0.9951
vn -0.0940 0.0286 0.9952
vn -0.0463 0.0868 0.9952
vn 0.0463 0.0867 0.9952
vn 0.0942 0.0283 0.9952
vn 0.0979 0.0099 0.9951
vn 0.0978 -0.0099 0.9952
vn 0.0941 -0.0283 0.9952
vn 0.0759 -0.0626 0.9952
vn 0.0463 -0.0867 0.9952
vn -0.0463 -0.0868 0.9952
vn -0.0940 -0.0286 0.9952
vn -0.4705 -0.0463 0.8812
vn -0.0979 -0.0096 0.9951
vn -0.4711 0.0464 -0.8808
vn -0.7706 0.0760 -0.6327
vn -0.9528 0.0938 -0.2888
vn -0.6213 0.0612 0.7812
vn -0.2897 0.0286 -0.9567
vn -0.6333 0.0626 -0.7714
vn -0.8447 0.2566 0.4698
vn -0.6091 0.1847 -0.7713
vn -0.9524 0.2888 -0.0974
vn -0.9161 0.2778 0.2893
vn -0.7411 0.2246 -0.6328
vn -0.9161 0.2780 -0.2890
vn -0.9525 0.2887 0.0973
vn -0.8775 0.4694 -0.0977
vn -0.6832 0.3650 -0.6325
vn -0.8778 0.4691 0.0973
vn -0.6825 0.5601 0.4695
vn -0.4920 0.4037 -0.7713
vn -0.5987 0.4912 0.6327
vn -0.5986 0.4915 -0.6325
vn -0.5602 0.6825 0.4694
vn -0.1852 0.2247 -0.9567
vn -0.4037 0.4920 -0.7713
vn -0.5600 0.6826 -0.4695
vn -0.6074 0.7400 0.2889
vn -0.4913 0.5988 0.6325
vn -0.2999 0.3659 -0.8810
vn -0.4913 0.5985 -0.6327
vn -0.2942 0.5506 0.7813
vn -0.4694 0.8776 -0.0974
vn -0.2230 0.4174 -0.8809
vn -0.4692 0.8776 0.0978
vn -0.1846 0.6090 -0.7714
vn -0.2888 0.9524 -0.0972
vn -0.2777 0.9160 0.2893
vn -0.2249 0.7411 0.6326
vn -0.2246 0.7411 -0.6328
vn -0.2885 0.9525 0.0976
vn -0.0286 0.2898 -0.9567
vn -0.0866 0.8786 -0.4696
vn -0.0936 0.9528 0.2889
vn -0.0938 0.9528 -0.2888
vn 0.0286 0.2897 -0.9567
vn 0.0935 0.9528 0.2890
vn 0.0760 0.7706 0.6327
vn 0.0938 0.9528 -0.2887
vn 0.2564 0.8448 -0.4696
vn 0.2888 0.9524 -0.0973
vn 0.2778 0.9161 0.2892
vn 0.2887 0.9525 0.0973
vn 0.4694 0.8776 -0.0976
vn 0.2230 0.4174 -0.8810
vn 0.4691 0.8778 0.0973
vn 0.5602 0.6826 0.4694
vn 0.5601 0.6827 -0.4693
vn 0.4912 0.5987 0.6327
vn 0.3000 0.3659 -0.8810
vn 0.4914 0.5986 -0.6325
vn 0.6074 0.7400 -0.2889
vn 0.6825 0.5602 0.4694
vn 0.2246 0.1851 -0.9567
vn 0.5988 0.4913 0.6325
vn 0.5985 0.4914 -0.6327
vn 0.2570 0.1370 -0.9566
vn 0.8776 0.4694 -0.0975
vn 0.6831 0.3650 -0.6326
vn 0.8776 0.4693 0.0978
vn 0.8447 0.2566 0.4697
vn 0.2789 0.0846 -0.9566
vn 0.9524 0.2888 -0.0973
vn 0.7410 0.2245 -0.6328
vn 0.9160 0.2780 -0.2891
vn 0.9525 0.2885 0.0975
vn 0.2898 0.0286 -0.9567
vn 0.6332 0.0626 -0.7714
vn 0.4710 0.0459 -0.8810
vn 0.8785 -0.0865 0.4698
vn 0.2898 -0.0286 -0.9567
vn 0.6332 -0.0626 -0.7715
vn 0.7706 -0.0760 0.6327
vn 0.4708 -0.0459 -0.8810
vn 0.6091 -0.1847 -0.7713
vn 0.9524 -0.2888 -0.0974
vn 0.9161 -0.2778 0.2892
vn 0.7411 -0.2246 -0.6328
vn 0.9525 -0.2887 0.0973
vn 0.5506 -0.2942 0.7812
vn 0.8776 -0.4694 -0.0977
vn 0.6831 -0.3650 -0.6326
vn 0.8778 -0.4691 0.0974
vn 0.6825 -0.5601 0.4695
vn 0.4826 -0.3962 0.7812
vn 0.7693 -0.6314 -0.0977
vn 0.7400 -0.6074 -0.2889
vn 0.7692 -0.6315 0.0977
vn 0.1851 -0.2247 -0.9567
vn 0.4036 -0.4919 -0.7714
vn 0.5601 -0.6827 -0.4693
vn 0.6314 -0.7692 -0.0978
vn 0.3000 -0.3659 -0.8810
vn 0.4915 -0.5987 -0.6325
vn 0.2998 -0.5612 -0.7715
vn 0.4694 -0.8776 -0.0977
vn 0.2230 -0.4174 -0.8810
vn 0.4691 -0.8777 0.0973
vn 0.1811 -0.5975 0.7811
vn 0.1846 -0.6089 -0.7714
vn 0.2888 -0.9524 -0.0974
vn 0.2887 -0.9525 0.0973
vn 0.0626 -0.6333 -0.7714
vn 0.0459 -0.4708 -0.8810
vn -0.0935 -0.9528 0.2889
vn -0.0459 -0.4709 -0.8810
vn -0.1811 -0.5975 0.7812
vn -0.1846 -0.6090 -0.7714
vn -0.2564 -0.8449 -0.4696
vn -0.2888 -0.9524 -0.0972
vn -0.2885 -0.9525 0.0976
vn -0.2998 -0.5612 -0.7715
vn -0.4694 -0.8776 -0.0976
vn -0.3651 -0.6831 0.6325
vn -0.2230 -0.4174 -0.8809
vn -0.4693 -0.8776 0.0977
vn -0.4036 -0.4919 -0.7714
vn -0.5600 -0.6826 -0.4695
vn -0.4912 -0.5988 0.6326
vn -0.2999 -0.3659 -0.8810
vn -0.6824 -0.5601 0.4697
vn -0.4920 -0.4037 -0.7714
vn -0.6826 -0.5600 -0.4694
vn -0.7692 -0.6314 -0.0977
vn -0.7692 -0.6315 0.0977
vn -0.5505 -0.2941 0.7813
vn -0.8776 -0.4694 -0.0975
vn -0.6831 -0.3650 -0.6326
vn -0.8776 -0.4693 0.0977
vn -0.6090 -0.1846 -0.7713
vn -0.9524 -0.2888 -0.0973
vn -0.7411 -0.2246 -0.6327
vn -0.9525 -0.2885 0.0975
vn -0.0982 0.0097 -0.9951
vn -0.0872 0.0465 -0.9951
vn -0.0465 0.0871 -0.9951
vn 0.0465 0.0872 -0.9951
vn 0.0871 0.0464 -0.9951
vn 0.0983 0.0097 -0.9951
vn 0.0945 -0.0287 -0.9951
vn 0.0872 -0.0465 -0.9951
vn -0.0871 -0.0465 -0.9951
vn -0.0946 -0.0287 -0.9951
vn -0.2897 -0.0286 -0.9567
vn -0.6332 -0.0626 -0.7714
vn -0.7706 -0.0760 0.6328
vn -0.4710 -0.0464 -0.8809
vn -0.0581 -0.5857 0.8084
vn 0.5858 0.0581 0.8084
vn 0.5633 0.1708 0.8084
vn 0.4552 0.3730 0.8085
vn 0.3731 0.4552 0.8084
vn 0.1708 0.5634 0.8084
vn 0.0581 0.5857 0.8084
vn -0.0581 0.5858 0.8084
vn -0.3730 0.4552 0.8085
vn -0.4551 0.3730 0.8086
vn -0.5634 0.1708 0.8084
vn -0.5859 0.0581 0.8083
vn 0.1914 0.0108 -0.9814
vn 0.9590 0.2554 0.1229
vn 0.7340 0.0261 -0.6787
vn 0.4347 0.0771 0.8973
vn 0.9901 0.1400 -0.0114
vn -0.0424 0.3688 0.9285
vn 0.6605 0.1539 0.7349
vn -0.1915 0.0108 -0.9814
vn -0.9590 0.2554 0.1229
vn 0.3863 -0.7942 0.4690
vn -0.6114 -0.3177 -0.7247
vn 0.7668 0.0565 0.6394
vn -0.1492 -0.0988 -0.9839
vn 0.9296 0.0643 0.3628
vn 0.4350 0.3423 -0.8328
vn 0.8670 0.0417 0.4966
vn 0.8225 -0.3242 0.4673
vn 0.9214 -0.1825 0.3430
vn 0.9011 -0.0103 0.4335
vn -0.5716 -0.8069 0.1488
vn -0.3427 0.2407 -0.9081
vn 0.7188 -0.0727 0.6914
vn 0.8506 0.2571 0.4587
vn 0.0279 -0.5789 -0.8149
vn -0.0349 -0.6064 0.7944
vn 0.6319 -0.3280 0.7022
vn 0.8855 0.0880 0.4563
vn 0.9971 0.0704 0.0293
vn -0.8351 -0.1072 0.5396
vn 0.9766 -0.1713 0.1305
vn 0.3419 -0.8339 -0.4332
vn 0.7415 -0.0028 0.6710
vn 0.1319 -0.8597 -0.4935
vn 0.9693 0.1863 0.1607
vn 0.9490 0.3133 0.0347
vn 0.4029 0.0932 -0.9105
vn 0.8652 0.3050 0.3979
vn 0.2307 -0.5203 -0.8222
vn 0.9839 0.0807 0.1596
vn -0.2704 0.9430 -0.1940
vn 0.3447 -0.5225 -0.7799
vn 0.7284 -0.3971 -0.5583
vn 0.4868 0.7245 -0.4879
vn 0.7967 -0.4745 -0.3743
vn 0.8089 -0.5671 0.1550
vn 0.7733 -0.5255 0.3548
vn 0.0557 -0.0427 -0.9975
vn 0.8745 0.1627 0.4569
vn 0.0676 -0.6532 -0.7541
vn 0.6533 -0.7310 0.1969
vn -0.5653 -0.6985 0.4387
vn 0.2746 -0.7112 0.6471
vn 0.7485 -0.2249 0.6238
vn 0.8974 -0.1353 0.4200
vn 0.4765 -0.0910 0.8745
vn 0.9310 -0.3138 0.1866
vn -0.7380 -0.0722 -0.6709
vn -0.1511 -0.0931 -0.9841
vn 0.8941 -0.3470 0.2832
vn 0.4327 0.1072 0.8951
vn -0.1730 -0.9243 -0.3401
vn 0.4191 -0.7643 0.4901
vn 0.3561 -0.1064 -0.9284
vn 0.1137 -0.9012 -0.4183
vn 0.8254 -0.3588 0.4359
vn 0.9711 0.2068 0.1194
vn -0.4342 0.8935 -0.1148
vn 0.8240 0.1698 0.5405
vn 0.7043 -0.1429 0.6954
vn -0.5772 -0.3868 -0.7192
vn 0.6334 0.4549 0.6260
vn 0.0089 -0.6834 0.7300
vn -0.6240 -0.2519 -0.7397
vn 0.9916 -0.0688 0.1093
vn -0.8964 -0.2912 0.3343
vn 0.8470 -0.2685 0.4589
vn 0.8506 -0.1759 0.4955
vn -0.3224 0.6162 0.7186
vn 0.7348 -0.1442 0.6627
vn -0.8275 -0.5094 0.2362
vn 0.8630 -0.0573 0.5019
vn 0.3058 0.1387 0.9419
vn 0.5917 -0.0376 0.8053
vn 0.7412 -0.4153 0.5273
vn 0.4684 0.1824 0.8645
vn 0.4886 0.6385 -0.5946
vn 0.1399 -0.1106 -0.9840
vn -0.0890 -0.7726 0.6287
vn 0.1191 0.9824 0.1441
vn 0.0546 -0.6910 0.7207
vn 0.7890 -0.3818 0.4814
vn 0.2038 -0.2399 -0.9492
vn 0.6388 -0.0685 0.7663
vn 0.9978 -0.0600 0.0293
vn 0.9834 -0.0938 -0.1551
vn 0.2216 -0.8019 -0.5548
vn 0.9629 0.0090 0.2697
vn -0.0422 -0.0954 0.9945
vn 0.2042 -0.7958 -0.5701
vn 0.2290 0.3286 -0.9163
vn 0.3946 0.8885 0.2341
vn -0.2211 -0.3660 -0.9040
vn 0.4830 -0.2526 0.8384
vn 0.9781 -0.2028 -0.0475
vn 0.8511 0.0101 0.5249
vn -0.4181 0.0596 -0.9064
vn -0.5687 -0.3803 -0.7294
vn 0.8825 -0.1123 0.4567
vn 0.9837 -0.0206 -0.1785
vn -0.1806 -0.1491 0.9722
vn 0.3802 -0.0803 -0.9214
vn -0.0528 0.8995 0.4338
vn -0.5174 0.4108 -0.7507
vn -0.3027 -0.3127 -0.9003
vn 0.7139 -0.1675 0.6799
vn 0.2026 -0.1267 -0.9710
vn 0.0658 -0.7126 -0.6985
vn 0.8387 -0.2562 0.4806
vn 0.6329 -0.5850 0.5072
vn 0.8485 -0.4853 0.2109
vn -0.5742 -0.6468 -0.5020
vn -0.1873 0.3159 0.9301
vn 0.9998 -0.0221 -0.0032
vn -0.1204 -0.9866 -0.1097
vn -0.5910 0.0466 0.8054
vn 0.5888 0.7059 0.3937
vn 0.2461 0.3558 0.9016
vn -0.7422 -0.0082 -0.6701
vn 0.5852 0.6181 0.5249
vn 0.6460 -0.3883 0.6573
vn 0.4831 -0.1372 0.8647
vn 0.9950 0.0393 -0.0914
vn 0.4627 0.5540 -0.6921
vn 0.8815 0.1071 0.4599
vn 0.8780 -0.1485 0.4550
vn 0.9971 -0.0717 0.0262
vn 0.4756 0.2276 0.8497
vn 0.7165 -0.5388 -0.4431
vn 0.8153 0.2189 0.5361
vn 0.0220 -0.7937 0.6079
vn 0.9530 0.1153 0.2803
vn -0.1933 -0.0477 0.9800
vn 0.8575 0.0325 0.5134
vn 0.9311 -0.0595 0.3600
vn 0.5585 -0.2640 0.7864
vn 0.6187 0.1526 0.7707
vn 0.7126 0.3502 0.6079
vn 0.9169 0.1152 0.3821
vn 0.6978 0.5130 0.5000
vn -0.6788 -0.2776 0.6798
vn 0.9504 -0.2321 -0.2071
vn 0.6388 0.1357 0.7573
vn 0.6178 -0.4251 0.6615
vn -0.8112 -0.3739 -0.4497
vn 0.4993 -0.1768 0.8482
vn 0.2494 0.5012 0.8286
vn 0.9209 0.1959 -0.3370
vn -0.1995 -0.1493 0.9684
vn 0.1644 -0.6685 -0.7253
vn 0.7150 0.1502 0.6828
vn 0.2623 0.6574 0.7064
vn 0.9330 -0.0067 -0.3598
vn 0.4246 0.5389 0.7275
vn 0.9779 -0.0232 0.2078
vn -0.9030 -0.3694 -0.2194
vn -0.6639 -0.7453 -0.0611
vn 0.4019 0.1849 0.8968
vn -0.7736 -0.6312 -0.0564
vn 0.3316 -0.8749 0.3529
vn -0.3386 -0.9401 0.0401
vn 0.7208 -0.4803 -0.4999
vn 0.9267 -0.3255 0.1878
vn -0.2856 -0.7161 -0.6369
vn -0.1555 -0.5652 -0.8101
vn 0.8877 -0.1071 0.4477
vn -0.5579 -0.4968 -0.6648
vn -0.3560 -0.3820 0.8529
vn -0.0175 0.0511 0.9985
vn 0.7716 0.0443 0.6346
vn 0.5002 0.1514 0.8526
vn 0.7424 -0.1063 0.6614
vn 0.9687 0.2128 0.1279
vn 0.9955 0.0095 0.0938
vn 0.8113 0.0156 0.5844
vn -0.1276 0.1681 0.9775
vn 0.9754 0.0392 0.2168
vn -0.2368 0.9710 0.0320
vn -0.1359 0.9768 0.1656
vn 0.9859 -0.0605 0.1562
vn 0.1920 0.8782 0.4381
vn 0.1071 0.8692 0.4827
vn 0.3341 0.4197 0.8439
vn 0.8478 -0.2591 -0.4628
vn 0.0528 0.1855 0.9812
vn 0.1962 0.5422 0.8170
vn 0.9008 -0.2093 0.3805
vn -0.0178 0.4083 0.9127
vn 0.4496 -0.1506 -0.8805
vn 0.0066 0.4824 0.8759
vn 0.0556 -0.1202 0.9912
vn 0.7511 -0.1852 0.6337
vn 0.6813 0.5411 0.4930
vn 0.8207 0.0623 0.5679
vn 0.3887 0.6445 0.6584
vn 0.2880 -0.0226 0.9574
vn 0.8558 0.0570 0.5142
vn -0.1682 -0.4385 -0.8828
vn 0.6870 0.3650 0.6283
vn 0.4378 -0.0695 0.8964
vn 0.8952 -0.1202 0.4291
vn 0.2570 0.1859 0.9484
vn 0.8514 0.0826 0.5180
vn -0.6883 0.7182 0.1020
vn 0.8474 -0.1683 0.5036
vn 0.8203 -0.1319 0.5565
vn 0.7515 -0.0153 0.6596
vn 0.6758 -0.3480 0.6498
vn -0.5384 0.1828 0.8226
vn 0.1876 0.9789 -0.0816
vn 0.1233 0.8874 0.4442
vn 0.1470 0.8884 0.4348
vn 0.3072 0.9075 0.2864
vn 0.2274 0.8740 0.4295
vn 0.6097 -0.4865 -0.6257
vn 0.3176 -0.2410 0.9171
vn 0.5527 -0.0163 0.8333
vn 0.5855 0.3279 0.7414
vn -0.5153 -0.8483 0.1216
vn -0.3930 -0.8189 0.4182
vn 0.5732 0.3208 0.7540
vn 0.0646 0.9090 0.4118
vn -0.0482 0.8304 0.5550
vn -0.0290 -0.7854 0.6183
vn 0.0106 0.2956 0.9552
vn -0.2901 0.9413 0.1724
vn 0.3299 0.8356 0.4392
vn -0.3409 0.9293 -0.1422
vn -0.6508 0.1286 -0.7482
vn 0.0073 0.8588 0.5122
vn -0.0876 0.9055 0.4153
vn -0.2205 0.8669 0.4471
vn -0.4114 0.5277 0.7432
vn -0.2521 -0.2556 0.9333
vn -0.1587 0.5005 0.8511
vn 0.0753 0.8230 0.5630
vn 0.6706 0.2791 0.6873
vn 0.7885 0.1737 0.5900
vn 0.1669 -0.4079 0.8977
vn -0.4557 -0.3818 0.8041
vn 0.7747 0.0890 0.6260
vn 0.5197 -0.0789 0.8507
vn 0.2631 0.2829 0.9224
vn 0.2311 0.5734 0.7860
vn 0.4495 -0.4929 0.7450
vn 0.4992 -0.6251 0.6001
vn -0.2211 -0.5642 0.7955
vn 0.5504 -0.2936 0.7816
vn 0.6308 0.0363 0.7751
vn 0.5873 -0.5294 0.6122
vn 0.0469 -0.5836 0.8107
vn -0.4951 -0.6093 0.6193
vn -0.3339 -0.8209 0.4632
vn 0.6240 -0.3531 0.6971
vn 0.1099 -0.9166 0.3844
vn 0.0383 -0.8476 0.5293
vn -0.3894 -0.9186 0.0673
vn -0.3729 -0.8875 0.2708
vn -0.2574 -0.9594 0.1152
vn 0.9179 0.1467 0.3686
vn 0.3268 -0.3951 0.8585
vn 0.3251 -0.6412 0.6951
vn -0.0430 -0.8296 0.5567
vn 0.5526 -0.6192 0.5579
vn 0.0782 -0.9110 0.4050
vn 0.5916 -0.5237 0.6129
vn 0.3256 -0.6306 0.7045
vn 0.4994 -0.6853 0.5301
vn 0.7921 -0.6071 -0.0641
vn 0.2739 0.3558 0.8935
vn 0.3207 0.2338 0.9179
vn -0.5413 0.2200 -0.8115
vn 0.8930 -0.3835 0.2354
vn 0.1404 -0.9091 0.3922
vn -0.0506 -0.8634 0.5020
vn -0.0225 -0.8839 0.4671
vn -0.3891 -0.9187 0.0677
vn 0.2035 -0.7381 0.6433
vn 0.4427 -0.7530 0.4868
vn 0.2288 -0.3285 0.9164
vn 0.0845 -0.2809 0.9560
vn 0.2681 -0.6355 0.7241
vn 0.0373 -0.4696 0.8821
vn 0.1428 -0.7038 0.6959
vn 0.0836 -0.7510 0.6550
vn 0.0942 -0.3508 0.9317
vn -0.3533 0.3650 0.8614
vn 0.0701 -0.9689 0.2373
vn -0.3104 0.3466 0.8852
vn -0.0622 0.6017 0.7963
vn -0.0527 0.5659 0.8228
vn 0.0343 0.8189 0.5729
vn -0.0421 0.5575 0.8291
vn 0.1333 0.9250 0.3559
vn 0.0761 0.7037 0.7064
vn 0.1981 0.8802 0.4313
vn 0.1464 0.8119 0.5652
vn 0.4651 -0.3376 0.8183
vn 0.4897 0.7125 0.5025
vn 0.3026 0.6098 0.7325
vn 0.6813 -0.5561 0.4760
vn 0.2749 0.8547 0.4403
vn 0.2165 -0.0086 0.9763
vn -0.1482 0.2208 0.9640
vn -0.4295 0.3177 0.8453
vn 0.1324 -0.1641 0.9775
vn -0.9901 0.1400 -0.0114
vn 0.0424 0.3688 0.9285
vn 0.1217 0.1183 0.9855
vn -0.5652 0.1809 0.8049
vn -0.3684 0.1895 0.9102
vn 0.0542 0.1793 0.9823
vn 0.1392 0.0563 0.9887
vn -0.0155 -0.1148 0.9933
vn -0.6398 -0.3278 0.6951
vn 0.0145 -0.0407 0.9991
vn -0.1236 0.2031 0.9713
vn -0.1376 0.0459 0.9894
vn -0.0118 0.4125 0.9109
vn 0.3157 -0.2721 0.9090
vn 0.7275 -0.1717 0.6643
vn 0.6062 0.1775 0.7752
vn 0.6114 -0.3177 -0.7247
vn 0.5131 0.3454 0.7858
vn 0.6289 0.1336 0.7659
vn -0.7668 0.0565 0.6394
vn 0.1913 -0.2413 -0.9514
vn 0.6809 -0.0128 0.7323
vn -0.9296 0.0643 0.3628
vn -0.4350 0.3422 -0.8329
vn -0.8670 0.0417 0.4966
vn -0.9213 -0.3294 0.2068
vn -0.9214 -0.1825 0.3430
vn 0.5438 0.2944 0.7859
vn 0.5428 0.1679 0.8229
vn 0.3730 -0.3280 0.8679
vn 0.5349 -0.1654 0.8286
vn -0.9011 -0.0103 0.4335
vn 0.5245 0.1140 0.8437
vn 0.4514 -0.8681 0.2066
vn 0.5432 -0.0284 0.8391
vn 0.5757 -0.0995 0.8116
vn 0.0092 0.2648 0.9643
vn 0.5222 -0.3553 0.7752
vn 0.3126 0.2604 -0.9135
vn -0.7121 -0.0908 0.6962
vn -0.8531 0.1377 0.5032
vn 0.0756 -0.9901 -0.1183
vn -0.0279 -0.5789 -0.8149
vn 0.6321 -0.0718 0.7716
vn 0.3713 0.2600 0.8914
vn 0.1597 0.1384 0.9774
vn 0.1449 0.0602 0.9876
vn 0.3108 0.2563 0.9152
vn 0.0382 0.0239 0.9990
vn 0.0349 -0.6064 0.7944
vn 0.0961 0.1358 0.9861
vn -0.0656 0.1598 0.9850
vn -0.5411 -0.3985 0.7406
vn -0.0414 0.1490 0.9880
vn -0.8855 0.0880 0.4563
vn -0.0030 0.3070 0.9517
vn -0.9902 -0.1305 -0.0493
vn 0.6041 -0.2526 0.7558
vn -0.9944 0.0966 -0.0427
vn 0.9178 -0.0689 0.3910
vn 0.8902 -0.0794 0.4486
vn -0.9743 0.0903 -0.2065
vn 0.3159 0.3240 0.8917
vn 0.4417 -0.2187 0.8701
vn 0.3285 -0.3091 0.8925
vn 0.0277 0.0929 0.9953
vn 0.5427 -0.5321 0.6499
vn 0.5194 -0.5788 0.6287
vn 0.4413 -0.2886 0.8497
vn 0.6364 -0.2723 0.7217
vn -0.8965 -0.4229 0.1318
vn 0.5963 -0.4285 0.6788
vn -0.3419 -0.8339 -0.4332
vn 0.5286 -0.4045 0.7463
vn 0.0281 -0.5332 0.8456
vn 0.1440 -0.6672 0.7309
vn 0.1744 -0.5998 0.7809
vn 0.0513 -0.3722 0.9267
vn 0.3224 -0.5613 0.7622
vn 0.5721 0.4159 0.7069
vn -0.6401 0.0368 0.7675
vn -0.8652 0.0719 0.4963
vn 0.3989 -0.0843 0.9131
vn -0.0418 0.5263 0.8493
vn -0.1319 -0.8597 -0.4935
vn -0.9490 0.3133 0.0347
vn 0.6508 0.1286 -0.7482
vn 0.5702 0.6578 -0.4921
vn -0.2957 0.1379 0.9453
vn -0.9693 0.1863 0.1607
vn 0.7549 0.4729 0.4544
vn 0.2749 0.5340 0.7995
vn -0.0234 -0.7883 0.6149
vn -0.4134 -0.0219 -0.9103
vn 0.6934 0.4175 0.5872
vn -0.8652 0.3050 0.3979
vn 0.4426 -0.5026 0.7426
vn 0.3031 -0.7051 0.6411
vn 0.3530 -0.5293 0.7715
vn -0.2307 -0.5203 -0.8223
vn -0.5917 -0.0376 0.8053
vn 0.4802 -0.5869 0.6519
vn 0.1533 -0.6379 0.7547
vn -0.9839 0.0807 0.1596
vn 0.1810 -0.6895 0.7013
vn -0.5187 0.3634 0.7739
vn 0.0683 -0.5114 0.8566
vn 0.2704 0.9430 -0.1940
vn -0.3447 -0.5225 -0.7799
vn -0.9260 0.2939 -0.2368
vn -0.6449 -0.4498 -0.6179
vn 0.0641 -0.8538 0.5166
vn 0.6173 -0.2299 0.7524
vn -0.4936 0.7157 -0.4941
vn -0.9983 0.0549 0.0203
vn 0.3484 -0.4181 0.8389
vn 0.0926 -0.6893 0.7185
vn -0.7968 -0.4780 -0.3697
vn -0.8089 -0.5671 0.1550
vn -0.5812 0.1604 0.7978
vn 0.0195 -0.7860 0.6179
vn -0.4935 0.0903 -0.8651
vn 0.4819 -0.6196 0.6196
vn 0.0201 0.2031 0.9789
vn -0.8009 -0.4127 0.4338
vn -0.0557 -0.0427 -0.9975
vn 0.0355 0.5538 0.8319
vn -0.8745 0.1627 0.4569
vn 0.4916 -0.5887 0.6417
vn -0.0676 -0.6532 -0.7541
vn 0.9368 -0.0936 0.3372
vn -0.0679 0.1402 -0.9878
vn -0.9008 -0.2093 0.3805
vn -0.7882 0.0537 0.6131
vn -0.7366 -0.4737 0.4828
vn -0.7121 0.1299 0.6900
vn 0.8803 -0.0182 -0.4741
vn 0.1995 -0.1493 0.9684
vn -0.7804 0.2967 -0.5504
vn 0.0480 0.6928 0.7195
vn -0.1372 0.2899 -0.9472
vn 0.6836 0.3033 0.6638
vn 0.3654 0.6546 0.6619
vn -0.9397 -0.3403 -0.0348
vn 0.6535 -0.5028 0.5657
vn -0.2400 -0.3713 0.8969
vn -0.7567 -0.5796 -0.3024
vn 0.4920 -0.5196 0.6985
vn 0.4134 0.0599 0.9086
vn -0.8591 -0.3355 0.3866
vn 0.4721 0.1371 0.8708
vn 0.9329 0.1436 0.3303
vn -0.9026 -0.3966 0.1676
vn 0.9525 0.0103 0.3044
vn -0.6748 -0.1634 -0.7197
vn -0.6823 -0.0658 -0.7281
vn -0.6958 -0.3212 -0.6424
vn 0.3998 -0.1942 0.8958
vn 0.6354 -0.4381 0.6359
vn -0.6533 -0.7310 0.1969
vn -0.6172 -0.0676 0.7839
vn 0.0856 -0.6152 0.7837
vn -0.6574 -0.1789 -0.7320
vn -0.7840 0.0007 0.6207
vn 0.6435 0.3177 0.6964
vn -0.3485 -0.6652 -0.6603
vn 0.5653 -0.6985 0.4387
vn -0.8628 0.3978 -0.3119
vn 0.4647 0.3486 0.8140
vn -0.3737 -0.6817 -0.6290
vn -0.4980 -0.7374 -0.4563
vn -0.0607 -0.9292 -0.3646
vn -0.2746 -0.7112 0.6471
vn -0.2059 0.2583 -0.9439
vn 0.7819 0.2444 0.5735
vn -0.8624 -0.0345 0.5051
vn 0.9891 -0.1219 -0.0831
vn 0.7091 -0.0078 0.7051
vn 0.0759 -0.8900 0.4496
vn 0.8571 -0.4870 0.1677
vn -0.5289 0.8016 0.2787
vn 0.8699 -0.3672 -0.3293
vn -0.3046 0.1436 0.9416
vn -0.4742 -0.8515 0.2236
vn -0.7077 -0.2064 0.6757
vn -0.8974 -0.1353 0.4200
vn -0.4765 -0.0910 0.8745
vn 0.5713 -0.1569 0.8056
vn -0.8525 -0.0011 0.5228
vn -0.9586 -0.2846 -0.0057
vn 0.7906 -0.0925 -0.6053
vn 0.6907 -0.1878 0.6983
vn 0.5131 0.8371 -0.1899
vn 0.7406 0.2245 0.6333
vn 0.1511 -0.0931 -0.9841
vn -0.4327 0.1072 0.8951
vn -0.9445 0.0936 0.3148
vn -0.8941 -0.3470 0.2832
vn -0.2216 -0.8019 -0.5548
vn 0.1730 -0.9243 -0.3402
vn -0.1694 -0.0443 -0.9845
vn -0.1466 -0.0567 -0.9876
vn -0.1972 -0.2396 -0.9506
vn -0.5746 -0.4318 -0.6953
vn 0.9897 0.0518 0.1338
vn 0.0486 -0.7340 0.6774
vn -0.1675 -0.9774 -0.1290
vn -0.0369 -0.9113 -0.4101
vn -0.8278 -0.3581 0.4319
vn -0.0213 -0.4567 -0.8894
vn 0.4944 -0.6206 -0.6086
vn -0.4192 -0.7643 0.4900
vn -0.3554 0.0145 0.9346
vn -0.3561 -0.1064 -0.9284
vn 0.7887 0.2049 0.5797
vn 0.2497 -0.4133 -0.8757
vn 0.8111 0.1029 0.5758
vn 0.7144 0.3495 0.6062
vn 0.0295 -0.9116 -0.4101
vn -0.7758 -0.4500 0.4423
vn 0.5281 -0.4045 0.7467
vn -0.6097 -0.4865 -0.6257
vn 0.5976 0.2173 0.7718
vn -0.4150 0.0270 -0.9094
vn 0.9412 -0.0663 0.3314
vn -0.9711 0.2068 0.1194
vn -0.8759 -0.1461 0.4599
vn 0.7969 0.0430 -0.6026
vn 0.9112 -0.0534 0.4084
vn -0.7373 0.0593 0.6729
vn 0.6999 -0.6254 -0.3449
vn -0.9962 0.0139 0.0862
vn 0.1903 0.3444 0.9193
vn 0.5772 -0.3869 -0.7192
vn 0.4342 0.8935 -0.1148
vn 0.1098 -0.1631 0.9805
vn 0.8295 -0.1213 0.5452
vn -0.0706 0.2420 0.9677
vn 0.8305 0.2433 0.5011
vn -0.1015 0.4299 0.8972
vn -0.9182 -0.0044 0.3962
vn 0.4958 0.3377 0.8001
vn 0.0795 0.6918 0.7177
vn -0.7043 -0.1429 0.6954
vn 0.6773 0.4165 -0.6064
vn 0.5281 0.1074 -0.8423
vn -0.8541 0.0527 0.5174
vn 0.0277 -0.9347 -0.3544
vn 0.3798 0.5766 0.7234
vn 0.9069 -0.2114 0.3644
vn 0.2741 0.2541 0.9275
vn -0.8240 0.1698 0.5405
vn -0.8701 -0.4068 0.2783
vn 0.9342 0.0436 0.3542
vn 0.2461 -0.9103 0.3328
vn 0.0807 -0.4739 0.8769
vn -0.6334 0.4549 0.6260
vn 0.6322 -0.1082 0.7672
vn -0.6967 0.4147 0.5853
vn -0.4912 -0.7812 0.3853
vn 0.8793 0.1643 0.4471
vn 0.0030 0.2439 -0.9698
vn 0.3507 -0.1204 -0.9287
vn -0.0044 -0.6760 -0.7369
vn -0.0035 -0.5988 -0.8009
vn 0.9209 0.2291 -0.3153
vn 0.0255 -0.6792 0.7335
vn 0.7463 0.1387 0.6510
vn 0.4593 0.1376 0.8776
vn 0.6405 0.0077 0.7679
vn -0.7415 -0.6623 -0.1070
vn -0.0028 0.2443 -0.9697
vn 0.6883 0.7182 0.1019
vn 0.6249 -0.2596 -0.7363
vn -0.9629 0.0090 0.2697
vn 0.9482 -0.2913 0.1264
vn -0.9254 -0.3252 -0.1944
vn 0.9311 -0.1645 0.3256
vn -0.9950 -0.0669 0.0748
vn 0.0783 0.2783 0.9573
vn 0.9098 -0.2669 0.3178
vn -0.6493 -0.6280 0.4291
vn -0.8432 -0.2108 0.4946
vn 0.6801 -0.0214 0.7328
vn 0.3224 0.6162 0.7186
vn -0.0595 -0.3841 0.9214
vn 0.7808 -0.4362 0.4474
vn -0.8537 -0.1971 0.4820
vn 0.1233 -0.2550 -0.9590
vn -0.2771 0.0547 -0.9593
vn 0.1059 -0.9926 -0.0601
vn 0.4290 0.1498 0.8908
vn -0.7349 -0.1442 0.6627
vn 0.8636 -0.4515 0.2245
vn 0.7630 0.4917 0.4196
vn -0.8067 -0.1608 0.5686
vn -0.9841 0.0945 0.1505
vn -0.3058 0.1387 0.9419
vn -0.7775 -0.2776 0.5643
vn 0.5196 -0.5905 0.6175
vn -0.9605 -0.0259 0.2771
vn -0.8590 -0.1222 0.4973
vn 0.0245 -0.1725 0.9847
vn -0.4684 0.1824 0.8645
vn 0.9270 -0.3149 0.2038
vn -0.5567 0.6959 -0.4536
vn -0.1399 -0.1106 -0.9840
vn -0.0215 0.4080 0.9127
vn 0.5499 0.4499 -0.7037
vn 0.0989 -0.2548 0.9619
vn 0.6458 -0.5630 0.5156
vn 0.0923 -0.7787 0.6205
vn -0.1898 0.9795 -0.0673
vn -0.8884 -0.0651 0.4544
vn 0.7788 -0.4919 -0.3894
vn -0.0546 -0.6910 0.7208
vn 0.8336 0.0961 0.5439
vn 0.7426 0.2590 0.6177
vn 0.7710 0.0342 0.6359
vn -0.4641 0.1996 0.8630
vn 0.8261 -0.5594 0.0678
vn -0.7890 -0.3818 0.4814
vn 0.2115 0.9148 0.3441
vn -0.8464 0.0699 -0.5280
vn 0.9285 0.1090 0.3550
vn -0.6822 -0.2475 -0.6880
vn -0.8890 -0.1474 0.4336
vn -0.3040 -0.9260 0.2240
vn 0.0996 -0.1915 -0.9764
vn -0.0527 -0.1495 0.9874
vn 0.8043 -0.3604 -0.4725
vn 0.8621 -0.0414 0.5050
vn -0.2299 -0.0186 0.9730
vn 0.7047 0.4846 0.5182
vn 0.0958 0.4989 0.8614
vn 0.9711 -0.2199 0.0932
vn 0.1779 -0.2461 -0.9528
vn 0.4640 0.1996 0.8630
vn 0.5449 0.1521 0.8246
vn 0.1318 -0.2424 -0.9612
vn -0.3923 -0.2181 0.8936
vn 0.1713 -0.1012 -0.9800
vn -0.1706 -0.1218 -0.9778
vn 0.3560 -0.2666 0.8957
vn 0.6235 0.0891 0.7767
vn 0.6935 -0.6292 0.3510
vn -0.4830 -0.2526 0.8384
vn 0.9586 0.2233 0.1766
vn -0.6140 0.1148 0.7809
vn -0.9978 -0.0600 0.0293
vn 0.4289 0.1514 -0.8906
vn 0.9780 -0.1724 0.1171
vn -0.9533 -0.1898 -0.2348
vn -0.2189 -0.6789 0.7008
vn 0.0364 -0.1287 0.9910
vn -0.2042 -0.7957 -0.5702
vn -0.5966 0.2583 0.7598
vn 0.4530 -0.4294 0.7813
vn -0.6910 0.4863 0.5348
vn -0.2290 0.3286 -0.9163
vn 0.7428 0.1670 0.6484
vn 0.9660 -0.2101 -0.1507
vn 0.1812 -0.3575 -0.9162
vn 0.6652 0.5394 0.5163
vn -0.4944 -0.0711 -0.8663
vn 0.9900 -0.1044 0.0947
vn 0.7565 -0.0727 0.6499
vn 0.6176 0.5287 0.5824
vn 0.6067 0.7947 0.0206
vn -0.2336 -0.3799 -0.8951
vn -0.4039 0.0797 -0.9113
vn 0.4361 0.8211 0.3682
vn 0.8628 -0.0485 0.5031
vn 0.0566 -0.2346 -0.9704
vn -0.9494 -0.2858 -0.1303
vn -0.8510 -0.2799 -0.4443
vn -0.9285 0.1090 0.3550
vn 0.1478 0.8539 0.4991
vn 0.8667 -0.0290 0.4980
vn 0.9624 -0.1118 -0.2476
vn 0.5785 0.3221 0.7494
vn -0.4029 -0.5171 -0.7551
vn 0.5865 0.3288 0.7402
vn 0.5604 -0.4649 -0.6854
vn 0.9041 -0.4255 0.0405
vn -0.1947 -0.2781 0.9406
vn 0.1873 0.3159 0.9301
vn -0.0997 -0.1915 -0.9764
vn -0.9837 -0.0206 -0.1784
vn 0.7923 0.5716 -0.2132
vn 0.4349 0.5627 0.7030
vn -0.2821 0.9591 0.0226
vn 0.1824 -0.1434 0.9727
vn 0.0554 0.8989 0.4346
vn 0.4946 0.6155 0.6136
vn 0.3521 0.6516 0.6718
vn 0.9891 -0.1474 -0.0071
vn -0.3802 -0.0803 -0.9214
vn 0.3278 -0.6383 0.6965
vn -0.5001 0.7041 -0.5041
vn -0.0079 0.9147 0.4040
vn 0.2451 -0.5202 -0.8181
vn 0.8840 -0.1548 0.4411
vn 0.8867 -0.1168 0.4474
vn -0.9982 -0.0410 0.0436
vn 0.5128 0.4029 -0.7581
vn 0.0505 -0.1897 0.9805
vn 0.1682 -0.4385 -0.8828
vn 0.2185 -0.2770 -0.9357
vn 0.1678 0.9227 0.3471
vn 0.6940 0.0007 0.7200
vn 0.7112 -0.0223 0.7026
vn 0.0778 0.9969 -0.0121
vn -0.1071 -0.3327 0.9369
vn 0.2606 0.8378 0.4798
vn 0.2003 -0.3448 -0.9171
vn 0.6456 -0.1424 0.7503
vn -0.9397 0.1861 -0.2870
vn 0.4670 0.1096 0.8774
vn -0.9297 -0.2592 -0.2617
vn 0.6366 0.3047 0.7084
vn 0.4543 -0.1461 0.8788
vn 0.2993 0.1989 0.9332
vn 0.6361 -0.1735 0.7518
vn -0.8957 -0.0170 -0.4444
vn 0.9832 -0.1127 0.1436
vn -0.0564 -0.9712 -0.2316
vn -0.5688 -0.3765 -0.7312
vn -0.0698 -0.4262 0.9019
vn -0.8947 0.4168 -0.1607
vn -0.7897 -0.1694 0.5897
vn 0.7801 0.2019 0.5922
vn 0.8514 -0.0042 0.5244
vn -0.4589 -0.6110 -0.6450
vn -0.2747 -0.0196 -0.9613
vn 0.3923 -0.2181 0.8936
vn -0.0618 -0.7097 -0.7018
vn 0.8233 0.3816 0.4203
vn -0.8557 -0.1890 0.4818
vn -0.6550 -0.1754 0.7350
vn 0.6834 0.0753 0.7262
vn -0.6866 -0.5474 0.4784
vn 0.5191 0.6222 0.5861
vn 0.6945 0.5961 0.4030
vn 0.6973 0.5082 0.5054
vn 0.8561 0.0851 0.5097
vn -0.1102 -0.5143 -0.8505
vn -0.3208 0.4913 0.8098
vn -0.2451 -0.5202 -0.8181
vn 0.5477 0.4747 0.6890
vn -0.9436 -0.1872 -0.2732
vn 0.6053 -0.7033 0.3727
vn 0.0496 0.6618 0.7481
vn 0.1771 -0.4884 0.8545
vn -0.1771 -0.4884 0.8545
vn 0.7161 -0.4039 -0.5692
vn 0.9917 0.1193 0.0485
vn 0.9383 0.3008 -0.1705
vn 0.2831 0.0242 0.9588
vn 0.7143 0.4593 0.5281
vn 0.6071 -0.5602 0.5636
vn 0.8561 -0.1259 0.5013
vn 0.3301 0.9322 0.1485
vn 0.3887 0.5784 0.7172
vn -0.1180 -0.9170 -0.3809
vn 0.9092 0.1009 0.4040
vn 0.8515 0.2347 0.4689
vn 0.2242 0.9698 -0.0957
vn 0.9817 -0.1878 -0.0323
vn -0.8124 0.2188 0.5404
vn 0.8160 0.4927 0.3023
vn 0.2051 -0.3647 0.9083
vn 0.2516 0.8853 0.3911
vn -0.1999 0.0692 0.9774
vn 0.5742 -0.6468 -0.5020
vn -0.0405 -0.2204 -0.9746
vn 0.7750 0.0900 0.6256
vn 0.1410 0.9026 0.4068
vn -0.1669 -0.8812 -0.4424
vn -0.5888 0.7059 0.3937
vn -0.2397 -0.9080 -0.3437
vn 0.1668 -0.8428 0.5118
vn 0.5207 -0.0043 0.8537
vn -0.6644 -0.6805 -0.3090
vn 0.6382 0.0524 0.7680
vn 0.5814 -0.3501 0.7345
vn 0.6139 -0.1397 0.7769
vn 0.5373 -0.2250 0.8128
vn 0.7923 0.2187 0.5696
vn 0.9736 0.0060 0.2280
vn 0.5356 0.3466 -0.7701
vn 0.9062 0.3029 0.2951
vn 0.1239 0.9293 -0.3480
vn 0.3668 -0.8979 0.2432
vn 0.2034 0.3343 0.9203
vn 0.8492 0.1173 0.5148
vn 0.0089 -0.1267 0.9919
vn 0.9421 -0.3253 0.0821
vn 0.0382 -0.1478 -0.9883
vn 0.0915 0.8628 0.4971
vn 0.3314 0.1360 0.9337
vn 0.4944 0.2835 0.8217
vn 0.1329 -0.3096 0.9415
vn 0.2811 -0.2537 0.9255
vn 0.7319 0.3446 0.5878
vn 0.3525 -0.3059 0.8844
vn 0.6276 0.1150 0.7700
vn 0.5425 0.2934 0.7871
vn 0.0007 -0.1334 -0.9911
vn -0.0112 0.8543 0.5197
vn 0.8562 -0.0776 -0.5108
vn 0.4528 -0.1592 0.8773
vn 0.4524 -0.1558 0.8781
vn 0.4703 -0.0887 0.8780
vn 0.0941 -0.8592 0.5029
vn 0.5240 -0.1176 0.8435
vn 0.2510 -0.4856 0.8374
vn 0.3336 -0.8009 0.4974
vn 0.1932 -0.1126 -0.9747
vn -0.1460 -0.9892 -0.0081
vn -0.8429 0.1043 0.5279
vn 0.5593 0.0730 0.8258
vn 0.6384 0.0885 0.7646
vn -0.2177 0.9724 -0.0844
vn 0.8551 0.0677 0.5139
vn 0.8704 0.1468 0.4700
vn 0.9207 -0.3134 -0.2325
vn -0.1754 -0.9832 -0.0502
vn -0.3644 0.8348 -0.4128
vn -0.3940 -0.9133 -0.1030
vn 0.3406 -0.0442 0.9392
vn -0.0473 -0.9190 0.3915
vn -0.0962 -0.9954 0.0029
vn 0.0390 -0.9924 0.1167
vn 0.0850 -0.9816 0.1712
vn 0.2009 -0.9088 0.3657
vn 0.3756 -0.6625 0.6481
vn 0.1370 -0.9486 0.2855
vn -0.2102 -0.9272 -0.3099
vn -0.4936 -0.7354 -0.4643
vn 0.2960 -0.8168 0.4952
vn -0.2868 -0.8426 -0.4558
vn -0.4390 -0.8272 -0.3506
vn -0.3936 -0.8878 -0.2387
vn -0.8927 -0.3299 -0.3071
vn -0.9204 -0.0983 -0.3783
vn -0.4265 -0.6986 -0.5745
vn -0.0754 0.3929 0.9165
vn 0.1430 -0.3571 0.9231
vn 0.5250 -0.5513 0.6484
vn -0.4332 -0.8292 -0.3532
vn 0.1386 -0.9497 0.2807
vn -0.7029 -0.5208 -0.4845
vn -0.5029 -0.7880 -0.3552
vn 0.6849 0.3700 0.6277
vn 0.3839 0.5692 0.7270
vn -0.3798 -0.8585 -0.3447
vn 0.0679 -0.9555 0.2870
vn 0.6499 -0.1809 0.7382
vn 0.5622 -0.2929 0.7734
vn -0.4558 -0.6079 0.6501
vn 0.2826 -0.5039 0.8162
vn 0.3008 -0.4142 0.8590
vn 0.4618 -0.3919 0.7957
vn 0.5388 -0.1089 0.8353
vn -0.7603 0.4283 -0.4883
vn 0.2789 0.7402 0.6118
vn 0.5205 0.5074 0.6868
vn 0.5540 0.1247 0.8231
vn 0.5569 0.1280 0.8207
vn 0.6729 0.2671 0.6898
vn 0.5757 0.3476 0.7401
vn 0.0270 0.8708 0.4909
vn 0.6347 0.1123 0.7646
vn 0.5087 -0.3211 0.7988
vn 0.5971 0.3172 0.7368
vn -0.4174 0.6814 -0.6012
vn 0.4917 -0.1356 0.8602
vn 0.2846 0.9586 -0.0103
vn 0.5715 -0.0702 0.8176
vn 0.2288 0.9523 0.2018
vn 0.5948 -0.1574 0.7883
vn -0.0274 -0.0931 0.9953
vn 0.2859 -0.4480 0.8471
vn 0.3694 0.8131 0.4500
vn 0.5215 0.5410 0.6598
vn 0.3299 0.0935 0.9394
vn 0.0941 0.9954 -0.0181
vn 0.6620 -0.1477 0.7348
vn 0.5058 -0.0740 0.8594
vn 0.5326 -0.1136 0.8387
vn 0.7093 -0.0656 0.7019
vn -0.4856 0.7993 -0.3540
vn 0.6323 -0.2713 0.7257
vn 0.4613 -0.2173 0.8602
vn 0.4835 0.5465 0.6838
vn 0.0955 -0.5481 0.8309
vn 0.8005 -0.3862 0.4584
vn 0.4804 -0.8492 0.2193
vn 0.4612 -0.8383 0.2907
vn 0.8622 -0.4910 0.1248
vn 0.4658 0.2661 0.8439
vn 0.5488 -0.5694 0.6121
vn 0.5921 -0.5773 0.5622
vn 0.6647 -0.5226 0.5339
vn 0.5797 -0.6488 0.4930
vn 0.4463 -0.8097 0.3810
vn 0.4792 -0.8663 0.1407
vn -0.6445 -0.5069 -0.5724
vn 0.3583 -0.7129 0.6028
vn 0.3640 -0.4798 0.7983
vn 0.5033 -0.8030 0.3192
vn 0.4799 -0.7080 0.5181
vn 0.0290 0.0871 0.9958
vn 0.8172 -0.1464 0.5575
vn 0.6083 0.2171 0.7635
vn 0.8936 0.2058 0.3990
vn 0.1776 0.7598 0.6254
vn -0.1234 -0.9769 -0.1746
vn -0.1744 0.7910 -0.5865
vn 0.3766 0.7742 0.5087
vn -0.1980 0.4665 -0.8621
vn 0.1150 0.4828 0.8682
vn 0.8873 -0.2245 0.4029
vn -0.0602 0.4595 -0.8861
vn -0.8607 -0.4368 -0.2616
vn -0.6634 0.2165 -0.7162
vn -0.0475 0.5933 -0.8036
vn -0.7194 0.3727 -0.5862
vn 0.1204 -0.9866 -0.1097
vn -0.8160 0.4927 0.3023
vn 0.6881 -0.1003 0.7186
vn -0.1639 0.5886 -0.7917
vn -0.4820 0.3643 -0.7969
vn 0.3110 -0.4037 0.8604
vn -0.3172 0.4435 -0.8383
vn -0.4976 0.5097 -0.7018
vn 0.2469 -0.3154 0.9163
vn 0.8493 0.3244 0.4165
vn 0.8977 0.2902 0.3316
vn 0.6400 -0.1159 0.7596
vn -0.0957 -0.9356 0.3398
vn 0.1785 0.4463 0.8769
vn 0.3436 0.9389 -0.0192
vn 0.1311 0.9458 -0.2972
vn 0.1434 -0.3787 0.9143
vn 0.2806 0.9535 -0.1100
vn 0.2999 0.9469 0.1157
vn 0.2269 0.9515 0.2078
vn 0.1048 0.3060 0.9462
vn 0.1234 0.9867 -0.1061
vn -0.5733 0.7983 0.1844
vn 0.8450 -0.3578 -0.3975
vn 0.5124 0.8552 0.0784
vn -0.2636 -0.7862 -0.5589
vn 0.9016 -0.3545 -0.2478
vn 0.3099 -0.4801 0.8206
vn -0.0261 0.5686 0.8222
vn 0.9654 -0.1204 0.2313
vn -0.3105 0.5480 -0.7767
vn 0.0284 -0.3473 -0.9373
vn -0.1181 0.9463 -0.3009
vn 0.3528 -0.2682 0.8964
vn 0.5586 -0.4788 0.6772
vn 0.3495 0.3017 0.8870
vn -0.0747 -0.8933 -0.4431
vn -0.4039 0.8151 -0.4153
vn 0.0784 -0.9578 -0.2767
vn 0.2847 0.4179 0.8627
vn 0.3568 -0.9293 -0.0951
vn 0.3763 0.5247 0.7636
vn 0.0270 -0.9825 -0.1845
vn 0.3007 -0.2711 0.9144
vn 0.3093 0.7174 0.6242
vn 0.4816 -0.8348 -0.2667
vn 0.9394 -0.2996 0.1667
vn -0.4470 -0.5108 -0.7343
vn -0.3670 -0.4597 -0.8087
vn 0.8162 -0.1296 0.5631
vn 0.9521 -0.3037 0.0363
vn 0.5161 -0.1539 0.8426
vn 0.6169 -0.7866 0.0247
vn 0.9904 0.1360 -0.0241
vn 0.7614 -0.2851 0.5822
vn 0.7891 -0.0418 0.6128
vn -0.8984 -0.1601 0.4089
vn 0.1710 -0.3806 -0.9088
vn -0.6095 -0.3180 -0.7262
vn 0.9746 -0.1336 -0.1800
vn -0.6917 -0.2497 -0.6777
vn 0.0471 0.9988 -0.0132
vn 0.5736 -0.2480 0.7807
vn -0.0282 -0.9053 -0.4238
vn 0.9153 -0.1393 -0.3778
vn 0.8266 -0.3927 -0.4032
vn -0.9071 -0.2237 0.3566
vn 0.8535 -0.3073 -0.4207
vn 0.5145 -0.5731 0.6378
vn 0.2256 -0.9399 0.2563
vn 0.9783 -0.1508 -0.1420
vn 0.6895 0.4748 0.5470
vn 0.3683 -0.8180 -0.4419
vn -0.9019 -0.3529 -0.2492
vn 0.0726 0.9927 -0.0965
vn 0.7930 -0.2521 0.5546
vn -0.0544 0.5750 0.8163
vn 0.4903 -0.2267 0.8416
vn 0.1163 -0.0057 -0.9932
vn 0.8641 -0.0904 0.4952
vn -0.2461 0.3558 0.9016
vn 0.6138 0.2192 0.7584
vn 0.4622 0.0454 0.8856
vn 0.8082 0.0871 -0.5824
vn 0.5765 -0.7455 -0.3346
vn 0.5998 -0.7807 -0.1754
vn 0.3863 0.1442 -0.9110
vn -0.8899 0.0817 0.4487
vn 0.5409 0.2195 -0.8119
vn -0.1804 -0.3396 -0.9231
vn -0.8424 0.1344 0.5218
vn -0.4801 0.3872 -0.7871
vn 0.3668 0.6283 -0.6861
vn 0.6834 0.0345 0.7292
vn 0.7872 -0.6107 0.0856
vn 0.9799 -0.0815 0.1821
vn -0.1925 0.5079 0.8396
vn 0.9791 0.1641 -0.1202
vn 0.9721 -0.0204 -0.2336
vn 0.8481 -0.5166 0.1176
vn 0.2762 0.3156 0.9078
vn 0.7859 0.3891 -0.4807
vn 0.9591 -0.2708 0.0821
vn -0.5848 0.5256 -0.6178
vn -0.7205 0.6054 -0.3382
vn -0.7365 0.4068 -0.5404
vn 0.3339 -0.6913 -0.6408
vn -0.7373 0.4810 -0.4743
vn -0.2979 -0.4852 -0.8221
vn 0.8678 0.3617 0.3407
vn 0.7834 0.5146 0.3485
vn 0.9926 0.0291 0.1179
vn 0.2769 0.2760 -0.9204
vn 0.6016 -0.3809 0.7021
vn -0.0288 0.9996 -0.0000
vn 0.5593 -0.1635 0.8127
vn -0.9905 0.0534 -0.1266
vn 0.9605 -0.0259 0.2771
vn 0.8497 -0.0045 0.5272
vn 0.9994 0.0191 -0.0305
vn 0.2352 0.9256 0.2965
vn 0.1182 -0.0536 0.9915
vn 0.9786 0.2001 0.0475
vn 0.9629 0.2259 0.1476
vn 0.8703 0.4866 0.0759
vn 0.7404 0.6721 0.0018
vn 0.7586 0.6437 -0.1012
vn -0.6773 0.4165 -0.6064
vn 0.1307 0.8658 0.4830
vn -0.2354 0.1172 0.9648
vn 0.7354 0.6208 0.2715
vn -0.0128 0.8469 0.5315
vn 0.6773 0.7038 0.2142
vn -0.9232 0.1090 0.3684
vn 0.9748 0.0659 0.2131
vn 0.8273 -0.5381 0.1614
vn 0.7206 0.6869 0.0947
vn 0.8227 0.5365 0.1880
vn -0.6586 0.3500 0.6661
vn -0.3211 -0.1252 0.9387
vn 0.9542 0.0704 0.2908
vn 0.9888 0.0286 0.1464
vn 0.9745 0.0792 0.2099
vn 0.4638 0.8857 -0.0193
vn 0.3520 -0.7517 0.5577
vn 0.9622 0.0656 0.2644
vn 0.1276 0.1681 0.9775
vn 0.5794 0.2575 0.7733
vn -0.6459 -0.3883 0.6573
vn 0.5634 -0.1891 0.8043
vn -0.7628 -0.0970 0.6393
vn -0.4627 0.5540 -0.6921
vn 0.3453 0.4034 0.8474
vn 0.2487 0.5847 0.7722
vn 0.2737 0.8300 0.4860
vn -0.8611 0.0401 0.5069
vn 0.8986 -0.0997 -0.4274
vn 0.9546 0.1736 0.2422
vn 0.0786 0.2903 0.9537
vn 0.8170 0.2469 0.5212
vn -0.8780 -0.1485 0.4550
vn 0.2770 -0.8565 0.4356
vn -0.0228 -0.9996 0.0140
vn -0.8065 0.2492 0.5361
vn 0.7874 0.4679 0.4013
vn -0.5593 0.0730 0.8258
vn -0.5486 -0.1836 -0.8157
vn -0.5008 0.4714 -0.7259
vn 0.7778 0.2755 0.5649
vn 0.3697 0.8755 -0.3112
vn 0.7664 0.0512 0.6403
vn 0.7436 0.6138 -0.2653
vn -0.8782 -0.4460 -0.1729
vn 0.6016 0.7942 0.0852
vn -0.9197 -0.2712 -0.2838
vn -0.5129 -0.7940 0.3263
vn 0.8557 -0.1890 0.4818
vn -0.0339 0.5760 -0.8167
vn -0.0989 -0.2548 0.9619
vn -0.7153 0.0620 0.6961
vn 0.8436 0.0077 0.5369
vn -0.7319 0.3446 0.5879
vn -0.9831 -0.1465 0.1100
vn 0.9822 0.0387 0.1840
vn 0.1400 0.9456 0.2936
vn 0.3865 0.6042 0.6968
vn 0.8690 -0.2628 -0.4193
vn 0.6376 0.7701 -0.0185
vn 0.0471 -0.9410 -0.3352
vn -0.1067 0.9462 -0.3054
vn 0.8510 0.0836 0.5185
vn 0.7025 -0.0089 0.7116
vn 0.7486 0.3994 0.5293
vn 0.7512 0.1990 0.6294
vn 0.6298 -0.1378 0.7644
vn 0.6517 0.2240 0.7246
vn -0.6975 -0.5629 -0.4435
vn -0.8153 0.2189 0.5361
vn 0.8503 0.2904 0.4390
vn 0.1703 -0.0502 0.9841
vn 0.8480 -0.4225 0.3201
vn 0.6937 -0.2603 0.6716
vn 0.8860 0.3207 0.3348
vn 0.8500 -0.4098 0.3311
vn 0.9463 -0.1362 0.2931
vn 0.1704 -0.1316 -0.9766
vn 0.7639 0.2675 -0.5873
vn 0.5771 0.3142 0.7538
vn 0.8899 0.4174 0.1838
vn 0.5472 0.2567 0.7967
vn 0.9325 0.0291 0.3601
vn 0.3685 0.0078 -0.9296
vn 0.1863 0.9652 0.1835
vn 0.7020 0.4561 0.5469
vn -0.1412 -0.9463 -0.2907
vn 0.2451 -0.8784 0.4103
vn 0.9107 0.1984 0.3623
vn 0.8863 0.4034 0.2275
vn -0.7815 0.3257 -0.5321
vn 0.0291 -0.6296 -0.7764
vn 0.6458 0.4103 0.6438
vn 0.7716 0.2516 0.5842
vn 0.2464 0.0783 0.9660
vn 0.0058 -0.8530 0.5219
vn 0.2877 0.1603 0.9442
vn 0.4005 -0.0207 0.9161
vn 0.3275 0.3128 0.8915
vn 0.2061 0.1003 0.9734
vn 0.7451 0.3813 0.5472
vn -0.0571 0.9953 -0.0779
vn 0.7077 0.2375 0.6654
vn 0.6822 -0.2475 -0.6880
vn 0.3744 -0.0633 0.9251
vn -0.9904 -0.1117 -0.0819
vn -0.9530 0.1153 0.2803
vn -0.9697 -0.0246 0.2430
vn -0.2907 -0.9401 -0.1778
vn 0.5468 0.6453 -0.5334
vn 0.9232 -0.1606 0.3491
vn 0.6325 0.0703 0.7713
vn -0.8374 0.0199 -0.5462
vn -0.4530 -0.4294 0.7813
vn -0.5291 -0.1995 0.8248
vn 0.6040 0.7443 0.2849
vn 0.5581 0.0535 0.8281
vn 0.3067 0.4294 0.8494
vn 0.4435 0.0700 0.8936
vn 0.7991 0.2222 0.5586
vn 0.3023 0.4173 0.8570
vn 0.3632 0.3204 0.8749
vn 0.4433 0.2752 0.8531
vn 0.9074 0.0813 0.4123
vn 0.8877 -0.1261 0.4427
vn 0.6776 0.3498 0.6469
vn 0.6135 0.0841 0.7852
vn 0.4108 0.4043 0.8172
vn 0.5438 0.2032 0.8142
vn 0.5734 0.2188 0.7895
vn 0.3998 0.4533 0.7967
vn 0.2120 0.3507 0.9122
vn 0.2945 0.2925 0.9098
vn 0.3584 0.3378 0.8703
vn 0.2791 0.4417 0.8526
vn 0.2611 0.3542 0.8980
vn 0.4525 0.4082 0.7929
vn 0.5762 0.1356 0.8060
vn 0.6171 0.2762 0.7368
vn -0.9900 -0.1044 0.0947
vn 0.7084 0.0204 0.7056
vn 0.9059 0.3799 -0.1873
vn 0.4677 0.4314 0.7714
vn 0.4445 0.4050 0.7990
vn 0.9565 -0.2138 0.1987
vn 0.4563 0.3625 0.8127
vn 0.5888 0.5661 0.5769
vn 0.6554 0.4354 0.6172
vn 0.4834 0.4455 0.7536
vn 0.5558 0.4383 0.7064
vn 0.5391 0.3290 0.7753
vn 0.1785 0.3623 0.9148
vn 0.1329 0.4012 0.9063
vn 0.2554 0.4204 0.8706
vn 0.2131 0.4356 0.8745
vn 0.9724 -0.1559 -0.1734
vn 0.7731 0.0773 0.6295
vn -0.7593 0.1661 -0.6292
vn -0.8575 0.0325 0.5134
vn 0.8596 0.3318 0.3885
vn 0.2598 -0.0546 0.9641
vn 0.6246 0.0987 0.7747
vn 0.4602 -0.6513 0.6033
vn 0.4742 0.5221 0.7089
vn 0.0754 -0.1281 -0.9889
vn 0.1456 0.2668 0.9527
vn -0.2416 0.6411 0.7284
vn 0.8567 0.0962 0.5068
vn 0.7902 -0.0772 0.6079
vn -0.2489 0.8846 0.3945
vn -0.6416 0.1364 0.7549
vn 0.1532 -0.0146 0.9881
vn 0.5066 -0.2874 0.8129
vn -0.7126 0.3502 0.6079
vn 0.7477 -0.2489 0.6156
vn 0.2241 0.2767 0.9345
vn 0.7244 0.2755 0.6319
vn 0.6220 0.0110 0.7830
vn 0.5840 0.4373 0.6839
vn 0.4617 -0.8392 0.2873
vn 0.2881 -0.1620 0.9438
vn 0.4458 0.3371 0.8292
vn 0.4737 -0.3381 0.8132
vn 0.3546 0.8359 -0.4189
vn -0.2401 0.9261 0.2910
vn 0.4837 0.6539 0.5818
vn -0.8601 0.0989 -0.5005
vn 0.7079 -0.2008 0.6772
vn 0.3826 -0.5017 0.7758
vn 0.7786 -0.0183 0.6273
vn 0.8268 -0.0905 0.5552
vn 0.3439 -0.3160 0.8842
vn 0.5396 -0.2411 0.8067
vn 0.8703 0.1543 0.4677
vn 0.9652 -0.2592 0.0333
vn 0.3927 -0.1997 0.8977
vn 0.7856 -0.2830 0.5503
vn 0.7887 0.0629 0.6115
vn 0.7947 0.2367 0.5589
vn 0.4472 0.1850 0.8751
vn 0.8891 0.1797 0.4209
vn 0.8220 0.2726 0.5000
vn 0.5097 -0.4405 0.7390
vn 0.6427 0.7493 -0.1597
vn 0.6080 0.5765 0.5459
vn -0.0423 0.8175 -0.5744
vn 0.7000 -0.1650 0.6948
vn 0.4769 -0.7862 0.3929
vn 0.8699 -0.2904 0.3987
vn 0.8388 0.2495 0.4840
vn 0.3833 0.4005 0.8323
vn 0.5840 -0.2389 0.7758
vn -0.1260 -0.0198 0.9918
vn 0.9066 -0.2216 0.3591
vn 0.1355 0.7422 0.6564
vn 0.7537 0.3120 0.5785
vn 0.7697 0.0579 0.6358
vn 0.3265 -0.5906 0.7380
vn 0.6854 0.1495 0.7127
vn 0.8988 -0.0462 0.4360
vn 0.7773 -0.3381 0.5305
vn 0.8259 -0.1115 0.5528
vn 0.2971 -0.4553 0.8393
vn 0.3564 -0.7192 0.5965
vn 0.9060 0.1156 0.4072
vn 0.9376 0.0145 0.3475
vn 0.9300 0.0646 0.3618
vn 0.1584 -0.5628 0.8113
vn 0.9378 0.0669 0.3406
vn 0.9296 0.0544 0.3645
vn 0.8673 0.1378 0.4783
vn 0.9252 0.1299 0.3567
vn 0.9229 -0.3851 0.0013
vn 0.9387 0.0602 0.3394
vn 0.4065 0.5534 0.7270
vn -0.6759 0.5760 0.4598
vn -0.2034 0.3343 0.9203
vn 0.8898 0.1034 0.4446
vn 0.7047 0.5625 0.4324
vn 0.7266 0.5167 0.4528
vn 0.4795 0.3122 0.8201
vn 0.5467 0.7539 0.3642
vn 0.7127 -0.3281 0.6201
vn 0.3289 0.8675 0.3732
vn 0.2829 0.3509 0.8927
vn 0.6193 0.6375 0.4584
vn 0.5042 0.7074 0.4952
vn 0.8118 0.0776 0.5787
vn 0.3836 -0.5797 0.7189
vn 0.4789 0.7584 0.4421
vn 0.6741 -0.2921 0.6784
vn 0.6571 0.5307 0.5354
vn 0.5219 0.6114 0.5948
vn 0.3053 0.9023 0.3044
vn 0.5389 0.3107 0.7830
vn 0.4518 0.4847 -0.7490
vn 0.9812 -0.1061 -0.1615
vn 0.5866 0.6886 0.4263
vn 0.2714 -0.2804 0.9207
vn 0.7529 0.2952 0.5882
vn 0.3449 0.7728 0.5327
vn 0.3862 0.8591 0.3359
vn 0.5816 0.7398 -0.3381
vn -0.6652 0.5394 0.5163
vn 0.5184 0.6709 0.5302
vn -0.7933 0.0067 -0.6087
vn -0.1787 -0.7260 0.6640
vn 0.5240 0.7869 0.3258
vn -0.2662 0.7328 0.6262
vn -0.2161 0.9704 -0.1075
vn 0.0732 -0.5326 0.8432
vn 0.9394 0.2215 0.2616
vn 0.1955 0.2419 0.9504
vn 0.9746 0.1017 0.1993
vn 0.3762 -0.5114 0.7726
vn 0.4984 0.3098 0.8097
vn 0.6381 0.3090 0.7052
vn 0.5242 0.4617 0.7156
vn 0.0022 -0.5260 -0.8505
vn 0.0816 0.2816 0.9561
vn 0.6229 0.0683 0.7793
vn 0.6320 0.7030 0.3261
vn 0.9411 0.0022 -0.3383
vn 0.6356 -0.3587 0.6836
vn 0.2052 -0.5355 -0.8192
vn 0.8762 -0.4201 -0.2364
vn 0.8855 0.2949 -0.3590
vn -0.9515 -0.1958 -0.2372
vn 0.8081 0.2605 0.5282
vn 0.8430 -0.3750 0.3855
vn -0.7872 -0.6107 0.0856
vn -0.1785 0.4463 0.8769
vn 0.0606 -0.3354 0.9401
vn 0.0560 -0.1145 0.9918
vn -0.6439 -0.3890 0.6588
vn 0.5349 -0.8074 -0.2490
vn 0.8547 -0.2576 -0.4506
vn 0.8197 0.3786 0.4298
vn 0.9152 -0.3526 0.1953
vn 0.7444 0.4575 0.4864
vn 0.2220 0.3197 0.9212
vn -0.1825 -0.9816 -0.0555
vn -0.0578 -0.0374 -0.9976
vn -0.0455 0.9987 0.0218
vn -0.0429 -0.6853 -0.7270
vn -0.0632 -0.7111 -0.7002
vn 0.5848 -0.3295 0.7412
vn 0.2649 -0.9548 0.1346
vn 0.1318 -0.8062 -0.5768
vn 0.4345 -0.3730 0.8198
vn -0.8554 0.1742 0.4879
vn 0.5870 -0.1257 0.7998
vn 0.5751 -0.5730 -0.5839
vn 0.5674 0.7127 0.4123
vn 0.9013 0.0008 -0.4332
vn 0.0359 -0.9422 -0.3330
vn 0.1797 -0.1797 -0.9672
vn 0.5563 0.2965 0.7763
vn -0.7319 -0.3706 -0.5718
vn 0.9277 -0.3660 0.0742
vn 0.9908 -0.0975 0.0939
vn 0.9128 -0.3147 0.2603
vn 0.5511 -0.2311 0.8018
vn 0.0086 -0.8592 0.5116
vn 0.6700 0.4085 0.6198
vn 0.8435 -0.1833 0.5048
vn -0.1235 0.0961 0.9877
vn 0.8760 -0.4792 0.0538
vn -0.7214 0.2714 0.6371
vn -0.6388 0.1357 0.7573
vn -0.7519 0.1260 0.6471
vn 0.9835 -0.0983 0.1516
vn 0.0765 0.2632 0.9617
vn -0.0248 0.8134 0.5811
vn 0.9777 -0.0743 -0.1962
vn 0.8825 0.0392 -0.4686
vn 0.9649 -0.1772 0.1938
vn 0.9098 0.4145 -0.0207
vn 0.6500 0.5146 -0.5592
vn 0.1708 -0.1193 0.9781
vn 0.3825 0.4350 0.8151
vn -0.2218 0.4828 0.8472
vn -0.9132 0.1093 0.3926
vn -0.7630 0.4917 0.4196
vn -0.7578 0.3270 0.5647
vn -0.5785 0.3221 0.7494
vn 0.9473 0.2505 0.1995
vn 0.6876 -0.0363 0.7251
vn 0.9397 -0.2738 -0.2050
vn 0.7614 0.4929 0.4210
vn -0.0609 0.7568 0.6508
vn -0.2542 0.8347 0.4886
vn 0.3581 0.4289 0.8294
vn -0.2638 -0.4163 0.8701
vn -0.3341 0.4197 0.8439
vn 0.2965 0.9347 0.1959
vn -0.7505 -0.3753 0.5440
vn 0.8112 -0.3739 -0.4497
vn 0.6114 0.3420 0.7136
vn -0.2569 0.7880 0.5595
vn 0.9417 -0.2665 -0.2052
vn -0.1644 -0.6685 -0.7253
vn -0.8971 0.1001 -0.4304
vn -0.9904 -0.0386 0.1325
vn -0.9793 -0.0127 0.2022
vn 0.5900 0.2944 0.7518
vn -0.8083 0.0871 -0.5824
vn 0.3135 0.8673 0.3867
vn 0.4485 0.8789 0.1624
vn -0.3969 -0.1228 -0.9096
vn 0.3590 0.3480 0.8660
vn -0.3887 0.6445 0.6584
vn -0.4246 0.5389 0.7275
vn 0.1668 0.0822 0.9826
vn -0.2925 0.9429 -0.1589
vn -0.9234 -0.2816 -0.2609
vn 0.8399 -0.3484 -0.4162
vn 0.4364 0.2639 0.8602
vn 0.9018 -0.3717 -0.2204
vn 0.5443 -0.5498 0.6336
vn -0.0089 -0.1267 0.9919
vn 0.4490 -0.8437 0.2942
vn -0.5568 0.1632 0.8144
vn 0.7736 -0.6312 -0.0564
vn -0.3316 -0.8749 0.3529
vn 0.3386 -0.9401 0.0401
vn 0.5165 0.3257 0.7919
vn -0.9235 -0.3398 0.1781
vn 0.4950 0.8443 0.2053
vn 0.3516 -0.3813 0.8550
vn 0.3543 0.6367 -0.6849
vn -0.7208 -0.4803 -0.4998
vn 0.2856 -0.7161 -0.6369
vn 0.1556 -0.5652 -0.8101
vn -0.8877 -0.1071 0.4477
vn -0.9746 0.1017 0.1993
vn 0.6155 -0.5322 -0.5814
vn 0.0175 0.0511 0.9985
vn 0.4528 0.6142 -0.6463
vn 0.4975 0.5160 0.6973
vn 0.5177 0.7311 0.4444
vn -0.8566 0.0588 0.5127
vn -0.9421 -0.3253 0.0821
vn 0.7706 -0.0429 0.6359
vn 0.7340 0.5254 -0.4304
vn 0.7171 0.3761 -0.5868
vn 0.3832 0.3941 0.8354
vn 0.8013 0.2177 -0.5572
vn 0.9831 -0.0980 0.1549
vn 0.4717 0.0819 0.8780
vn -0.5002 0.1514 0.8525
vn 0.5731 0.2124 0.7915
vn 0.5871 0.5042 0.6333
vn -0.4502 -0.0149 0.8928
vn -0.7424 -0.1063 0.6615
vn -0.9508 0.1120 0.2889
vn -0.9455 0.1712 0.2768
vn -0.9747 0.0656 0.2135
vn -0.9736 0.0319 0.2261
vn 0.9435 0.0907 -0.3187
vn -0.9966 -0.0498 0.0656
vn -0.9854 -0.0940 0.1419
vn -0.9859 -0.0605 0.1562
vn 0.3113 -0.6011 -0.7360
vn 0.9967 -0.0665 0.0472
vn -0.1920 0.8782 0.4381
vn 0.2368 0.9710 0.0320
vn 0.1359 0.9768 0.1655
vn -0.1898 0.9019 0.3880
vn -0.3301 0.9322 0.1484
vn -0.1170 0.9021 0.4153
vn -0.6241 -0.3532 0.6970
vn -0.5738 0.4202 0.7030
vn 0.0846 0.5135 0.8539
vn -0.0505 -0.1897 0.9805
vn -0.0578 0.1348 0.9892
vn -0.0740 0.5018 0.8618
vn -0.2249 0.4555 0.8614
vn -0.2865 0.0787 0.9549
vn 0.0327 0.1440 0.9890
vn -0.0066 0.4823 0.8760
vn -0.2880 -0.0226 0.9574
vn -0.0556 -0.1202 0.9912
vn 0.0417 -0.0419 0.9983
vn 0.0178 0.4083 0.9127
vn -0.1182 -0.0536 0.9915
vn -0.0692 -0.2888 0.9549
vn -0.3011 -0.3757 0.8765
vn -0.3176 -0.2410 0.9171
vn -0.8432 0.1747 0.5085
vn -0.4903 0.2770 0.8263
vn -0.6412 0.3446 0.6856
vn -0.7819 0.2037 0.5892
vn -0.7275 0.4226 0.5404
vn -0.8561 0.0851 0.5098
vn -0.8207 0.0623 0.5679
vn -0.6235 0.0891 0.7768
vn -0.5794 0.2575 0.7733
vn -0.6870 0.3650 0.6283
vn -0.7749 0.0900 0.6256
vn -0.4107 0.2069 0.8880
vn -0.4326 0.0482 0.9003
vn -0.4379 -0.0695 0.8964
vn -0.6817 -0.3072 0.6641
vn -0.7887 -0.2328 0.5690
vn -0.8473 -0.1966 0.4934
vn -0.8120 -0.0125 0.5835
vn -0.8514 0.0826 0.5180
vn -0.7411 -0.0353 0.6705
vn -0.8185 -0.1049 0.5649
vn -0.7564 -0.0344 0.6532
vn -0.7071 -0.0000 0.7071
vn -0.6618 -0.3719 0.6510
vn -0.6784 -0.3715 0.6339
vn -0.7760 -0.2462 0.5807
vn -0.7378 -0.2224 0.6373
vn -0.4653 -0.4144 0.7822
vn -0.5044 -0.4671 0.7262
vn -0.1531 0.9871 0.0467
vn -0.0454 0.9980 -0.0432
vn 0.0288 0.9996 -0.0000
vn -0.1307 0.8658 0.4829
vn 0.2925 0.9429 -0.1590
vn 0.0375 0.9983 0.0456
vn -0.1049 0.8862 0.4512
vn 0.0571 0.9953 -0.0778
vn -0.0726 0.9927 -0.0965
vn -0.1605 0.8848 0.4374
vn -0.1863 0.9652 0.1835
vn -0.2274 0.8739 0.4296
vn -0.3072 0.9075 0.2865
vn -0.3118 0.8407 0.4428
vn 0.0290 -0.7855 0.6182
vn -0.5616 0.3242 0.7612
vn -0.6417 0.3102 0.7015
vn -0.5803 0.3643 0.7284
vn -0.5458 0.4922 0.6782
vn 0.5153 -0.8483 0.1216
vn 0.3930 -0.8189 0.4182
vn 0.2022 -0.6866 0.6983
vn 0.1565 -0.7255 0.6702
vn -0.7786 -0.0183 0.6273
vn -0.4203 0.7416 0.5228
vn -0.3462 0.8381 0.4215
vn -0.0655 0.9093 0.4110
vn -0.1165 0.8523 0.5098
vn -0.3211 0.7055 0.6318
vn 0.0302 0.8409 0.5404
vn 0.2205 0.8669 0.4471
vn 0.2901 0.9413 0.1725
vn -0.0041 0.8599 0.5105
vn 0.0360 0.8222 0.5681
vn 0.0765 0.8784 0.4717
vn 0.0876 0.9055 0.4153
vn 0.0128 0.8469 0.5316
vn -0.2328 0.5991 0.7661
vn 0.1307 0.8005 0.5849
vn 0.2310 0.1169 0.9659
vn 0.4591 0.0978 0.8830
vn 0.4113 0.5277 0.7432
vn 0.1551 0.5099 0.8461
vn 0.4742 -0.5920 0.6517
vn 0.5225 -0.2686 0.8092
vn 0.2513 -0.2616 0.9319
vn 0.2275 -0.5432 0.8082
vn -0.6849 0.3700 0.6277
vn -0.6707 0.2792 0.6872
vn -0.7884 0.1737 0.5901
vn -0.7748 0.0890 0.6259
vn -0.6377 0.1309 0.7591
vn -0.5197 -0.0789 0.8507
vn -0.6308 0.0363 0.7751
vn -0.2311 0.5734 0.7860
vn -0.2929 0.3894 0.8733
vn -0.2630 0.2829 0.9224
vn -0.2415 0.3199 0.9161
vn -0.3762 -0.5114 0.7726
vn -0.4284 -0.5256 0.7350
vn -0.5631 -0.5169 0.6447
vn -0.5571 -0.4775 0.6794
vn -0.6157 -0.3265 0.7171
vn -0.6524 -0.3647 0.6643
vn -0.7041 -0.0305 0.7095
vn -0.6134 -0.0369 0.7889
vn -0.1322 -0.5650 0.8144
vn 0.0312 -0.8077 0.5887
vn -0.1481 -0.7531 0.6410
vn -0.1430 -0.6047 0.7835
vn 0.3339 -0.8209 0.4632
vn 0.3729 -0.8875 0.2708
vn -0.1099 -0.9166 0.3844
vn -0.0383 -0.8476 0.5292
vn 0.3894 -0.9186 0.0673
vn 0.2574 -0.9594 0.1152
vn -0.3268 -0.3951 0.8586
vn -0.3251 -0.6412 0.6951
vn 0.0254 -0.8112 0.5843
vn -0.0782 -0.9110 0.4049
vn -0.5526 -0.6192 0.5579
vn -0.5917 -0.5238 0.6128
vn -0.3256 -0.6306 0.7045
vn -0.4994 -0.6853 0.5301
vn -0.1404 -0.9091 0.3922
vn -0.3818 -0.8048 0.4544
vn -0.4222 -0.8417 0.3367
vn -0.0835 -0.9724 0.2178
vn 0.2807 -0.9572 0.0714
vn 0.3891 -0.9187 0.0677
vn 0.0731 -0.8548 0.5138
vn 0.0072 -0.8858 0.4639
vn -0.4966 -0.7100 0.4992
vn -0.4568 -0.7856 0.4173
vn -0.2035 -0.7381 0.6433
vn -0.2869 -0.8925 0.3480
vn -0.2287 -0.3285 0.9164
vn -0.0845 -0.2808 0.9560
vn -0.2206 -0.6366 0.7390
vn -0.2387 -0.5970 0.7659
vn 0.1298 -0.4236 0.8965
vn -0.3397 -0.8175 0.4652
vn -0.1151 -0.9440 0.3091
vn -0.0900 -0.3829 0.9194
vn 0.3729 0.3946 0.8398
vn 0.3758 0.4249 0.8235
vn 0.0573 0.5929 0.8033
vn 0.0152 0.4890 0.8721
vn -0.0728 0.6922 0.7180
vn -0.0990 0.5760 0.8115
vn -0.1464 0.8118 0.5654
vn -0.1333 0.9250 0.3559
vn -0.1981 0.8802 0.4313
vn -0.0761 0.7038 0.7063
vn -0.5104 -0.2955 0.8076
vn -0.7529 -0.4044 0.5192
vn -0.4897 0.7125 0.5025
vn -0.3026 0.6098 0.7325
vn 0.0248 0.8134 0.5811
vn -0.2924 0.8303 0.4745
vn -0.2749 0.8548 0.4403
vn -0.1710 0.8816 0.4399
vn 0.1753 0.0978 0.9796
vn 0.2409 0.3313 0.9123
vn 0.2521 0.3124 0.9159
vn 0.4199 0.3342 0.8438
vn 0.4147 0.3012 0.8587
vn 0.3684 0.1895 0.9102
vn -0.0542 0.1793 0.9823
vn -0.1217 0.1183 0.9855
vn -0.1324 -0.1641 0.9775
vn -0.1392 0.0563 0.9887
vn -0.0213 0.1575 0.9873
vn -0.0197 -0.0066 0.9998
vn 0.1236 0.2032 0.9713
vn 0.1376 0.0459 0.9894
vn 0.1172 0.1932 0.9741
vn 0.0118 0.4124 0.9109
vn -0.3157 -0.2721 0.9090
vn -0.3405 -0.0442 0.9392
vn -0.1532 -0.0146 0.9881
vn -0.1098 -0.1631 0.9805
vn -0.7055 -0.2479 0.6640
vn 0.1910 0.7399 0.6451
vn -0.6476 0.1619 0.7446
vn -0.5130 0.3453 0.7859
vn -0.5667 0.3120 0.7626
vn -0.7269 0.0386 0.6857
vn -0.7402 -0.1169 0.6621
vn -0.6392 0.1954 0.7438
vn -0.6181 0.0475 0.7846
vn -0.6719 -0.2737 0.6883
vn -0.3730 -0.3280 0.8679
vn -0.3912 -0.0125 0.9202
vn -0.5015 -0.1845 0.8452
vn -0.4648 -0.1330 0.8754
vn -0.4329 0.0758 0.8982
vn -0.5296 -0.0356 0.8475
vn -0.0092 0.2648 0.9643
vn -0.6321 -0.0718 0.7716
vn -0.5222 -0.3553 0.7752
vn -0.2042 -0.1751 0.9631
vn -0.1597 0.1384 0.9774
vn -0.3109 0.2564 0.9152
vn -0.3713 0.2600 0.8914
vn -0.1450 0.0602 0.9876
vn -0.0382 0.0239 0.9990
vn -0.0961 0.1358 0.9861
vn 0.0656 0.1598 0.9850
vn 0.0414 0.1490 0.9880
vn -0.0181 0.3098 0.9506
vn 0.0030 0.3070 0.9517
vn -0.3285 -0.3091 0.8925
vn -0.4417 -0.2187 0.8701
vn -0.5634 -0.1891 0.8043
vn -0.4413 -0.2886 0.8497
vn -0.5194 -0.5788 0.6287
vn -0.5427 -0.5321 0.6499
vn -0.5286 -0.4045 0.7463
vn -0.4670 -0.4468 0.7631
vn -0.5963 -0.4285 0.6788
vn -0.5836 -0.4016 0.7058
vn -0.5990 -0.5015 0.6243
vn -0.5721 -0.5526 0.6061
vn -0.0281 -0.5332 0.8456
vn -0.0803 -0.6508 0.7550
vn -0.1119 -0.5732 0.8118
vn -0.0856 -0.6152 0.7837
vn -0.0513 -0.3722 0.9267
vn -0.3224 -0.5613 0.7622
vn 0.2370 0.1822 0.9543
vn -0.0105 -0.1811 0.9834
vn -0.0824 -0.4801 0.8734
vn 0.0577 0.5744 0.8166
vn 0.2957 0.1379 0.9453
vn -0.5839 0.6621 -0.4698
vn -0.2749 0.5340 0.7995
vn -0.4169 -0.0736 0.9060
vn 0.0234 -0.7883 0.6148
vn 0.0802 -0.7292 0.6796
vn -0.2609 -0.3548 0.8978
vn -0.3435 -0.4407 0.8293
vn -0.0392 -0.7353 0.6766
vn -0.1673 -0.7394 0.6521
vn -0.4142 -0.5548 0.7216
vn -0.3195 -0.7011 0.6374
vn -0.3622 -0.5383 0.7610
vn -0.4802 -0.5869 0.6519
vn -0.0963 -0.6160 0.7819
vn -0.1809 -0.6895 0.7014
vn -0.1702 -0.4064 0.8977
vn -0.0683 -0.5114 0.8566
vn -0.0641 -0.8538 0.5166
vn -0.7210 0.3159 0.6167
vn -0.3484 -0.4181 0.8389
vn -0.0926 -0.6893 0.7185
vn -0.0195 -0.7860 0.6179
vn -0.2789 -0.4137 0.8666
vn -0.4374 -0.5303 0.7263
vn -0.5168 -0.5908 0.6196
vn -0.3467 -0.6633 0.6632
vn -0.1134 -0.7075 0.6975
vn -0.5202 -0.4586 0.7205
vn -0.5145 -0.5732 0.6378
vn -0.4916 -0.5887 0.6417
vn 0.4787 0.2777 0.8329
vn -0.8295 -0.1213 0.5452
vn 0.9837 -0.1059 0.1454
vn 0.8700 0.4239 0.2519
vn -0.1910 0.7399 0.6450
vn -0.9368 -0.0936 0.3372
vn -0.2104 -0.4849 -0.8489
vn 0.9892 0.1142 0.0920
vn 0.1380 -0.4403 0.8872
vn 0.0679 0.1402 -0.9878
vn -0.8803 -0.0182 -0.4741
vn -0.6554 0.4354 0.6172
vn 0.7705 -0.0693 0.6337
vn -0.4133 -0.8712 -0.2649
vn 0.7804 0.2967 -0.5504
vn -0.8246 -0.0099 -0.5657
vn 0.5202 -0.4586 0.7205
vn -0.6834 0.0345 0.7292
vn 0.9436 0.1772 0.2798
vn 0.1450 -0.1551 -0.9772
vn -0.6774 -0.6737 -0.2952
vn 0.4903 0.2770 0.8264
vn -0.3684 -0.8180 -0.4418
vn 0.1372 0.2899 -0.9472
vn -0.6726 0.3254 0.6646
vn -0.9436 0.1772 0.2798
vn -0.7530 0.2952 0.5881
vn 0.5353 -0.7587 0.3712
vn 0.4757 -0.6290 0.6148
vn 0.9623 -0.2614 -0.0749
vn 0.9230 -0.3337 -0.1916
vn 0.4766 0.8535 0.2105
vn -0.2370 0.1822 0.9543
vn -0.6535 -0.5028 0.5657
vn 0.2400 -0.3713 0.8969
vn 0.8591 -0.3355 0.3866
vn 0.9026 -0.3966 0.1675
vn 0.3104 -0.5911 0.7445
vn -0.4721 0.1371 0.8708
vn -0.9431 0.0850 0.3215
vn 0.6499 -0.0536 -0.7581
vn 0.7002 -0.0641 -0.7110
vn 0.1648 -0.9095 -0.3817
vn -0.2691 -0.3426 -0.9001
vn -0.8927 0.0342 -0.4493
vn 0.3647 -0.0539 0.9296
vn -0.7458 -0.0981 0.6590
vn -0.8910 -0.1080 0.4410
vn 0.6748 -0.1634 -0.7197
vn 0.6293 -0.2203 -0.7453
vn 0.6596 -0.2079 -0.7223
vn 0.7273 -0.1840 -0.6612
vn -0.6435 0.3177 0.6964
vn -0.5576 0.4158 0.7185
vn -0.3568 0.4298 0.8294
vn -0.4647 0.3486 0.8140
vn 0.6687 0.2858 0.6864
vn 0.8988 -0.0961 -0.4276
vn 0.4032 -0.7409 -0.5371
vn 0.4414 -0.6341 -0.6348
vn 0.3550 -0.7564 -0.5495
vn 0.0607 -0.9292 -0.3646
vn 0.1162 0.9497 -0.2909
vn -0.0219 0.1446 -0.9893
vn -0.7269 0.1863 0.6609
vn 0.2104 -0.4849 -0.8489
vn -0.7800 0.0370 0.6247
vn -0.5502 0.6064 -0.5741
vn -0.9891 -0.1219 -0.0831
vn 0.5577 0.4158 0.7184
vn -0.6596 -0.2079 -0.7223
vn -0.9167 0.1116 0.3837
vn -0.9359 -0.2547 0.2435
vn -0.8571 -0.4870 0.1677
vn 0.5289 0.8016 0.2787
vn -0.1466 0.0549 0.9877
vn 0.2065 0.3209 0.9243
vn -0.7273 -0.3503 -0.5901
vn 0.2302 0.9647 0.1281
vn -0.7611 0.1188 0.6377
vn -0.3944 -0.1195 -0.9111
vn -0.8698 -0.3672 -0.3295
vn -0.5883 0.6165 -0.5233
vn 0.0947 0.8868 0.4523
vn 0.4742 -0.8515 0.2236
vn -0.6746 0.2844 0.6812
vn -0.6991 -0.2426 0.6726
vn -0.6907 -0.1878 0.6983
vn -0.0725 -0.4709 0.8792
vn 0.1680 0.6376 0.7518
vn 0.7415 -0.6623 -0.1070
vn 0.2699 0.9404 -0.2071
vn 0.9051 0.1576 0.3950
vn 0.8246 -0.0099 -0.5657
vn 0.9468 -0.2320 0.2231
vn 0.9963 -0.0855 -0.0119
vn -0.5131 0.8371 -0.1898
vn -0.7406 0.2245 0.6333
vn 0.5970 0.3353 0.7288
vn -0.7072 -0.5115 -0.4880
vn -0.9041 -0.3801 0.1954
vn 0.5258 0.0929 0.8455
vn 0.7171 0.1119 0.6879
vn -0.0892 -0.3050 -0.9482
vn 0.1478 -0.0419 -0.9881
vn 0.1998 -0.2351 -0.9512
vn 0.2254 -0.3066 -0.9248
vn 0.5746 -0.4318 -0.6952
vn 0.0369 -0.9113 -0.4101
vn 0.1675 -0.9774 -0.1290
vn 0.6048 -0.6223 -0.4970
vn -0.0482 -0.7811 0.6225
vn -0.6293 -0.2203 -0.7453
vn -0.9897 0.0518 0.1338
vn 0.2836 -0.2253 -0.9321
vn 0.2690 -0.3425 -0.9002
vn -0.0716 -0.2866 -0.9554
vn 0.0213 -0.4567 -0.8894
vn -0.4944 -0.6205 -0.6087
vn -0.7788 -0.4919 -0.3894
vn -0.5206 -0.4593 -0.7198
vn 0.5113 0.1910 0.8379
vn 0.5990 -0.5015 0.6242
vn 0.7257 -0.6836 0.0779
vn -0.7144 0.3495 0.6062
vn 0.9518 0.1187 0.2827
vn -0.7663 0.2957 -0.5704
vn -0.0351 0.9300 0.3658
vn 0.9819 -0.1612 0.0991
vn 0.4897 0.3520 0.7977
vn 0.7214 0.2714 0.6371
vn -0.5734 0.0990 0.8132
vn -0.5976 0.2173 0.7718
vn -0.7887 0.2049 0.5797
vn -0.8111 0.1029 0.5758
vn -0.1401 -0.4242 -0.8947
vn 0.1453 0.8327 0.5342
vn 0.9768 -0.0648 0.2040
vn -0.9721 -0.0460 0.2301
vn 0.0885 -0.2927 -0.9521
vn -0.1210 0.8463 0.5187
vn -0.8628 -0.0485 0.5032
vn -0.8305 0.2433 0.5011
vn -0.9051 0.1576 0.3950
vn -0.9112 -0.0534 0.4084
vn -0.9808 0.1139 0.1582
vn 0.5688 -0.3765 -0.7312
vn -0.7706 -0.0429 0.6359
vn -0.7067 -0.6204 -0.3401
vn 0.2771 0.0547 -0.9593
vn 0.1881 0.4104 0.8923
vn -0.1086 0.2094 0.9718
vn -0.1903 0.3444 0.9193
vn 0.1015 0.4299 0.8972
vn 0.4890 0.3100 0.8154
vn 0.2376 0.5823 0.7775
vn 0.8254 -0.0544 0.5620
vn 0.7830 -0.3898 0.4847
vn 0.2697 -0.4847 0.8321
vn -0.7133 0.0005 0.7008
vn -0.0216 0.8610 0.5081
vn -0.0795 0.6918 0.7177
vn -0.4958 0.3377 0.8001
vn -0.3983 0.5093 0.7629
vn -0.8480 0.0320 0.5291
vn -0.3048 0.4111 0.8591
vn -0.3135 0.2659 0.9116
vn -0.9061 0.0237 0.4223
vn -0.0277 -0.9347 -0.3545
vn 0.8964 -0.3581 0.2613
vn -0.9342 0.0436 0.3541
vn -0.9069 -0.2114 0.3644
vn -0.9066 -0.2216 0.3591
vn -0.9232 -0.1606 0.3491
vn -0.1927 -0.1570 -0.9686
vn -0.4462 0.4952 -0.7454
vn 0.9874 -0.0811 0.1358
vn -0.0802 -0.7293 0.6795
vn -0.9546 0.1736 0.2422
vn -0.3559 -0.2249 -0.9071
vn 0.7459 -0.4839 -0.4577
vn 0.4341 0.3432 0.8329
vn 0.7457 -0.0981 0.6590
vn 0.5631 0.0758 0.8229
vn -0.7705 -0.0693 0.6337
vn -0.7294 0.0421 0.6828
vn -0.7428 0.1670 0.6484
vn 0.9969 -0.0520 0.0594
vn -0.8793 0.1643 0.4471
vn 0.0035 -0.5988 -0.8009
vn 0.3983 0.5092 0.7629
vn 0.3640 0.5091 0.7800
vn -0.9657 -0.2178 -0.1410
vn -0.8416 0.1537 0.5178
vn -0.5286 0.0466 0.8476
vn -0.4215 -0.1075 0.9004
vn -0.6510 -0.0016 0.7591
vn -0.7467 0.0850 0.6597
vn 0.9657 -0.2178 -0.1410
vn -0.6175 0.5286 0.5825
vn 0.0028 0.2443 -0.9697
vn -0.7458 -0.6586 0.0999
vn 0.9373 -0.1225 0.3262
vn 0.8469 0.2267 -0.4810
vn -0.9482 -0.2913 0.1264
vn 0.2902 0.6614 0.6916
vn 0.7273 -0.3503 -0.5901
vn -0.5248 0.5906 -0.6130
vn 0.4502 -0.0149 0.8928
vn 0.9743 0.0903 -0.2065
vn 0.3461 -0.4374 -0.8300
vn 0.6534 0.1472 0.7426
vn 0.2844 -0.2780 0.9175
vn 0.0460 -0.3943 0.9178
vn -0.6506 -0.7302 0.2087
vn -0.8540 0.0641 0.5164
vn -0.6801 -0.0214 0.7328
vn -0.5291 -0.3188 -0.7864
vn -0.9598 -0.2805 -0.0142
vn 0.9785 0.2063 -0.0063
vn 0.5291 -0.3188 -0.7864
vn -0.9342 -0.2539 0.2505
vn 0.9863 -0.1041 0.1280
vn -0.6048 -0.6223 -0.4969
vn 0.5734 0.0990 0.8133
vn -0.1233 -0.2550 -0.9590
vn -0.7114 0.4523 0.5379
vn 0.5796 0.1856 0.7935
vn -0.4318 -0.6472 0.6282
vn -0.9062 0.3029 0.2951
vn -0.5177 0.7311 0.4444
vn 0.7792 -0.1941 0.5960
vn -0.1477 0.9694 0.1961
vn -0.4662 0.4222 0.7775
vn 0.8947 0.4168 -0.1607
vn -0.4050 0.9111 0.0764
vn 0.2044 -0.2920 0.9343
vn -0.5615 0.6924 -0.4532
vn -0.9270 -0.3150 0.2038
vn -0.7565 -0.0727 0.6499
vn -0.4601 -0.4239 -0.7802
vn -0.8911 -0.2579 -0.3734
vn -0.4050 0.7396 0.5376
vn 0.4859 -0.2049 0.8497
vn -0.9758 0.1252 0.1793
vn 0.7862 -0.3053 0.5373
vn -0.7923 0.5716 -0.2133
vn -0.5499 0.4499 -0.7037
vn -0.6501 -0.5486 0.5257
vn -0.4361 0.8212 0.3682
vn 0.1477 0.9694 0.1961
vn -0.3558 0.7699 0.5297
vn -0.7143 0.4593 0.5281
vn -0.7844 0.2364 0.5735
vn -0.6894 0.4747 0.5471
vn -0.7426 0.2590 0.6176
vn -0.7114 0.0964 0.6962
vn -0.8490 0.0702 0.5237
vn -0.8332 0.0840 0.5466
vn -0.7484 -0.0333 0.6625
vn -0.8045 -0.1527 0.5740
vn 0.7029 0.1407 0.6972
vn -0.1704 -0.1316 -0.9766
vn -0.2768 -0.5450 -0.7915
vn -0.4036 -0.3697 0.8369
vn 0.7844 0.2364 0.5735
vn 0.5203 0.5946 -0.6130
vn 0.2299 -0.0186 0.9730
vn -0.8043 -0.3604 -0.4725
vn -0.9216 -0.0931 0.3768
vn 0.0527 -0.1495 0.9874
vn -0.6912 0.2738 0.6688
vn -0.1313 0.6080 0.7830
vn 0.6746 0.2844 0.6812
vn -0.9726 -0.2312 0.0244
vn -0.0839 -0.3496 -0.9331
vn -0.1713 -0.1012 -0.9800
vn -0.4304 0.5089 0.7455
vn 0.4018 0.2361 0.8847
vn -0.1318 -0.2424 -0.9612
vn -0.2768 0.2759 -0.9204
vn -0.7664 0.0512 0.6403
vn -0.6935 -0.6292 0.3510
vn -0.8472 0.2796 0.4517
vn -0.9693 -0.2278 -0.0922
vn -0.5784 -0.5406 0.6109
vn -0.1258 -0.6963 0.7066
vn 0.1086 0.2094 0.9718
vn -0.9880 0.0118 -0.1540
vn 0.8537 0.0472 0.5187
vn 0.8556 0.0197 -0.5172
vn -0.4699 0.8565 0.2136
vn -0.9383 0.3008 -0.1705
vn 0.1923 -0.1571 -0.9687
vn -0.0007 -0.1191 -0.9929
vn -0.0636 -0.1870 -0.9803
vn 0.0673 -0.2650 -0.9619
vn 0.4050 0.9111 0.0764
vn 0.5114 -0.6204 0.5946
vn 0.2789 -0.4137 0.8666
vn 0.1102 -0.4430 0.8897
vn 0.3996 0.3623 0.8420
vn 0.0017 -0.3155 -0.9489
vn -0.8442 0.0345 -0.5349
vn 0.1626 -0.0876 0.9828
vn -0.1450 -0.1551 -0.9772
vn 0.1423 -0.1364 -0.9804
vn -0.0566 -0.2346 -0.9704
vn -0.1932 -0.1126 -0.9747
vn 0.0813 -0.0115 -0.9966
vn 0.7611 0.1188 0.6377
vn -0.3243 -0.2363 -0.9160
vn -0.1592 0.3301 0.9304
vn -0.8895 0.1401 -0.4348
vn 0.4029 -0.5171 -0.7551
vn -0.1997 -0.1983 -0.9596
vn -0.8391 -0.4430 -0.3157
vn 0.5722 -0.4220 0.7032
vn -0.9041 -0.4255 0.0405
vn -0.5821 0.4591 0.6712
vn -0.5865 0.3288 0.7402
vn -0.4341 0.3432 0.8329
vn -0.3522 0.6517 0.6718
vn -0.4349 0.5627 0.7030
vn -0.4946 0.6155 0.6137
vn -0.1678 0.9227 0.3471
vn -0.0554 0.8989 0.4346
vn 0.7114 0.4523 0.5379
vn -0.1680 0.6376 0.7518
vn -0.0496 0.6618 0.7481
vn -0.2902 0.6614 0.6916
vn -0.3929 0.4473 0.8035
vn 0.6967 0.4147 0.5854
vn 0.5001 0.7041 -0.5041
vn -0.9785 0.2063 -0.0063
vn 0.1403 0.9675 0.2104
vn -0.0011 -0.9620 -0.2732
vn 0.6187 0.1970 0.7605
vn -0.9468 -0.2688 0.1768
vn 0.9830 0.0354 0.1804
vn -0.3592 -0.1899 0.9138
vn -0.9353 -0.0649 0.3477
vn 0.0737 0.5106 0.8566
vn -0.9064 -0.0730 0.4161
vn -0.8052 0.0013 0.5931
vn -0.9083 -0.0119 0.4182
vn -0.9152 -0.3526 0.1954
vn 0.4422 0.3941 0.8057
vn 0.9847 -0.1431 -0.0992
vn -0.9963 -0.0855 -0.0119
vn -0.8515 0.0417 0.5226
vn -0.8793 0.1074 0.4640
vn 0.8974 -0.0649 -0.4365
vn -0.7460 0.1218 0.6547
vn -0.6940 0.0006 0.7200
vn -0.7112 -0.0223 0.7026
vn -0.2762 0.3156 0.9078
vn -0.0762 0.9971 -0.0057
vn -0.4670 0.0782 0.8808
vn 0.9297 -0.2592 -0.2617
vn 0.9397 0.1861 -0.2870
vn 0.8442 0.0345 -0.5349
vn 0.8957 -0.0170 -0.4444
vn -0.4543 -0.1461 0.8788
vn -0.2993 0.1989 0.9332
vn -0.3869 0.1016 0.9165
vn -0.9832 -0.1127 0.1436
vn -0.9837 -0.1059 0.1454
vn -0.2658 -0.6769 0.6864
vn -0.3490 -0.7006 0.6224
vn 0.4590 -0.6110 -0.6450
vn 0.2695 -0.0728 0.9602
vn 0.0698 -0.4262 0.9020
vn -0.7722 -0.5114 0.3770
vn -0.3015 -0.7505 0.5882
vn -0.5998 -0.7807 -0.1754
vn -0.7874 0.4680 0.4013
vn -0.8129 0.4151 0.4085
vn -0.6973 0.5082 0.5054
vn -0.6945 0.5961 0.4030
vn -0.6172 0.6540 0.4375
vn 0.1925 0.5079 0.8396
vn 0.9328 -0.1663 -0.3196
vn -0.6053 -0.7033 0.3727
vn -0.8430 -0.3750 0.3855
vn -0.6071 -0.5602 0.5636
vn -0.8561 -0.1259 0.5013
vn 0.3336 -0.2956 -0.8952
vn -0.2051 -0.3647 0.9083
vn 0.4106 0.0298 0.9113
vn -0.1236 0.9291 -0.3485
vn 0.2882 0.2237 0.9311
vn 0.1180 -0.9170 -0.3809
vn 0.2316 -0.9066 -0.3528
vn 0.1669 -0.8811 -0.4424
vn 0.1322 0.6544 0.7445
vn -0.1461 0.9040 0.4018
vn -0.5467 0.3467 -0.7622
vn -0.1668 -0.8428 0.5118
vn 0.1234 -0.9769 -0.1746
vn -0.6644 0.1578 0.7305
vn -0.5207 -0.0043 0.8537
vn -0.6382 0.0524 0.7680
vn -0.6139 -0.1397 0.7769
vn -0.5234 -0.3740 0.7656
vn -0.5814 -0.3501 0.7345
vn -0.5830 0.2271 0.7801
vn -0.5373 -0.2249 0.8128
vn -0.5458 0.0668 0.8352
vn -0.5338 -0.2858 0.7959
vn -0.6088 -0.3421 0.7158
vn -0.6246 0.0987 0.7747
vn 0.7860 -0.5466 -0.2888
vn -0.2882 0.2237 0.9311
vn -0.4905 0.2544 0.8335
vn -0.1329 -0.3096 0.9415
vn -0.5738 -0.2970 0.7632
vn -0.3730 0.0289 0.9274
vn -0.3368 0.2681 0.9026
vn -0.5031 0.2431 0.8293
vn -0.4622 0.0454 0.8856
vn -0.5425 0.2934 0.7871
vn -0.6314 -0.0323 0.7748
vn -0.2406 -0.2082 0.9480
vn -0.4127 -0.1779 0.8933
vn -0.4523 -0.1558 0.8782
vn -0.4788 -0.1043 0.8717
vn -0.4703 -0.0887 0.8780
vn -0.4624 -0.3806 0.8009
vn -0.5172 0.0768 0.8524
vn 0.1556 -0.5605 0.8134
vn -0.0941 -0.8592 0.5030
vn -0.2532 -0.5012 0.8275
vn -0.0613 -0.2565 0.9646
vn -0.5279 -0.3252 0.7846
vn -0.3705 -0.6733 0.6398
vn -0.4507 -0.5491 0.7038
vn -0.6184 -0.1796 0.7651
vn 0.1460 -0.9892 -0.0081
vn 0.1825 -0.9816 -0.0555
vn 0.4133 -0.8712 -0.2649
vn 0.3763 -0.8847 -0.2753
vn 0.1753 -0.9832 -0.0502
vn -0.0091 0.9996 -0.0264
vn 0.9876 0.1239 -0.0962
vn 0.3940 -0.9133 -0.1030
vn 0.0962 -0.9954 0.0029
vn 0.0473 -0.9190 0.3915
vn -0.0390 -0.9924 0.1167
vn -0.0850 -0.9816 0.1712
vn -0.2009 -0.9088 0.3657
vn -0.1370 -0.9486 0.2855
vn -0.4474 -0.4737 0.7586
vn -0.3474 -0.6901 0.6349
vn 0.2868 -0.8426 -0.4558
vn -0.1918 -0.8307 0.5226
vn 0.2564 -0.9352 -0.2442
vn 0.4873 -0.7251 -0.4866
vn 0.4390 -0.8272 -0.3506
vn 0.3936 -0.8878 -0.2387
vn 0.8927 -0.3299 -0.3071
vn 0.9204 -0.0983 -0.3783
vn 0.4265 -0.6986 -0.5745
vn 0.6513 -0.5236 -0.5492
vn 0.6251 -0.7323 -0.2700
vn -0.1881 -0.8923 0.4104
vn 0.4433 -0.8318 -0.3339
vn 0.4432 -0.8517 -0.2796
vn 0.0681 -0.9976 -0.0154
vn -0.3559 -0.6657 0.6558
vn -0.2334 -0.8239 0.5165
vn -0.6785 0.0918 0.7288
vn -0.5867 -0.2916 0.7555
vn -0.6344 0.2638 0.7266
vn -0.5968 -0.0577 0.8003
vn -0.3506 -0.4138 0.8401
vn -0.2991 -0.5845 0.7542
vn -0.3064 -0.5818 0.7534
vn -0.3048 -0.4294 0.8501
vn 0.5014 0.8452 0.1849
vn -0.0538 0.9979 -0.0369
vn 0.9078 -0.0369 0.4177
vn -0.2088 0.0692 0.9755
vn -0.3358 -0.0736 0.9391
vn 0.7603 0.4283 -0.4883
vn 0.0246 0.7371 0.6754
vn -0.5388 -0.1089 0.8353
vn -0.4950 -0.1688 0.8523
vn -0.5525 -0.0379 0.8326
vn -0.5569 0.1280 0.8207
vn -0.6729 0.2671 0.6898
vn -0.5205 0.5074 0.6868
vn -0.5971 0.3172 0.7368
vn -0.6347 0.1123 0.7646
vn 0.2814 0.7768 -0.5634
vn 0.4174 0.6814 -0.6012
vn -0.0882 0.9960 0.0166
vn -0.0751 0.9969 -0.0243
vn -0.5987 -0.2660 0.7555
vn -0.2622 0.9470 0.1856
vn -0.4998 0.6562 0.5653
vn -0.5681 0.5662 0.5972
vn -0.4120 0.8508 0.3261
vn 0.6833 0.5632 -0.4647
vn -0.0941 0.9954 -0.0181
vn -0.3694 0.8131 0.4500
vn -0.5215 0.5410 0.6598
vn -0.6098 0.3013 0.7331
vn -0.7093 -0.0656 0.7019
vn -0.6620 -0.1477 0.7348
vn -0.5408 -0.0603 0.8390
vn -0.5058 -0.0740 0.8594
vn 0.5229 0.7973 -0.3016
vn -0.6323 -0.2713 0.7257
vn -0.4835 0.5465 0.6838
vn -0.4613 -0.2173 0.8602
vn 0.2544 0.7239 0.6413
vn -0.1236 -0.5959 0.7935
vn -0.0478 -0.3171 0.9472
vn -0.4799 -0.7080 0.5182
vn -0.8005 -0.3862 0.4584
vn -0.4792 -0.8663 0.1408
vn -0.5174 -0.7914 0.3255
vn -0.9137 -0.3736 0.1601
vn -0.3818 -0.9060 0.1829
vn 0.6445 -0.5069 -0.5724
vn -0.5488 -0.5694 0.6120
vn -0.5397 -0.7345 0.4114
vn -0.6701 -0.5206 0.5291
vn -0.7854 -0.3028 0.5400
vn -0.5921 -0.5773 0.5623
vn -0.5033 -0.8030 0.3193
vn -0.3583 -0.7129 0.6028
vn -0.3640 -0.4798 0.7983
vn -0.0290 0.0871 0.9958
vn -0.1333 0.4951 0.8585
vn 0.1603 -0.0748 0.9842
vn -0.8172 -0.1464 0.5575
vn -0.7233 -0.3028 0.6206
vn -0.5161 -0.1539 0.8426
vn -0.6083 0.2171 0.7634
vn -0.8814 0.1970 0.4294
vn -0.6160 0.4341 0.6573
vn 0.4595 -0.6077 0.6477
vn 0.8874 -0.3184 0.3334
vn 0.5987 -0.2660 0.7555
vn 0.9548 -0.1193 0.2724
vn -0.1622 -0.1790 0.9704
vn -0.0471 0.9988 -0.0132
vn 0.2759 0.4582 -0.8449
vn 0.1464 -0.3214 -0.9356
vn 0.1160 0.8145 -0.5685
vn 0.0070 0.9994 -0.0341
vn 0.6817 -0.2519 0.6868
vn 0.3400 0.2036 0.9181
vn -0.1776 0.7599 0.6253
vn -0.2335 0.5714 0.7867
vn 0.6448 -0.1195 0.7550
vn 0.2065 0.8084 -0.5513
vn -0.5658 0.3111 0.7636
vn -0.3766 0.7743 0.5086
vn 0.1980 0.4665 -0.8621
vn 0.1639 0.5886 -0.7917
vn 0.0475 0.5933 -0.8036
vn 0.0602 0.4595 -0.8861
vn 0.6310 0.2953 -0.7174
vn 0.7194 0.3727 -0.5862
vn 0.4976 0.5097 -0.7018
vn 0.4819 0.3643 -0.7969
vn 0.3105 0.5480 -0.7767
vn 0.3172 0.4435 -0.8383
vn 0.1630 -0.6927 -0.7025
vn -0.3461 -0.0077 0.9382
vn 0.8249 0.2609 0.5016
vn 0.9727 -0.1084 0.2053
vn -0.2568 0.2401 0.9362
vn -0.2825 -0.3700 0.8850
vn 0.7986 0.4493 0.4004
vn -0.2567 -0.3266 0.9096
vn 0.8187 0.3273 0.4719
vn -0.0989 -0.1424 0.9849
vn -0.0070 0.9994 -0.0341
vn -0.8493 0.3244 0.4165
vn -0.8438 0.3946 0.3638
vn -0.8700 0.2867 0.4011
vn -0.8941 0.2450 0.3750
vn 0.0734 -0.9714 0.2256
vn -0.3370 0.9414 -0.0131
vn -0.2806 0.9535 -0.1100
vn -0.4365 0.8738 -0.2144
vn -0.4957 0.8682 -0.0224
vn -0.1434 -0.3787 0.9143
vn -0.4875 0.8672 0.1016
vn -0.5014 0.8452 0.1849
vn -0.2916 0.9352 0.2008
vn -0.2873 0.9494 0.1270
vn -0.2317 0.9514 0.2029
vn -0.1218 0.9867 -0.1077
vn -0.2759 0.4582 -0.8449
vn -0.1189 0.3169 0.9410
vn 0.4097 0.2885 0.8654
vn 0.1040 0.0785 0.9915
vn 0.2630 0.7921 0.5508
vn 0.9613 -0.0387 0.2727
vn 0.9488 -0.0208 0.3151
vn 0.3558 0.7700 0.5297
vn -0.8393 -0.3126 -0.4449
vn 0.5733 0.7983 0.1844
vn -0.9552 -0.1173 0.2717
vn -0.9018 -0.3536 -0.2486
vn 0.8478 0.4438 0.2904
vn -0.9987 -0.0211 -0.0461
vn 0.2636 -0.7862 -0.5589
vn 0.3490 -0.7006 0.6224
vn -0.9432 -0.2781 0.1815
vn 0.0531 0.7440 0.6661
vn -0.9768 -0.0518 0.2077
vn -0.9421 -0.3264 0.0771
vn -0.9713 0.2364 0.0255
vn -0.6104 -0.1195 0.7830
vn -0.7599 0.1539 0.6316
vn -0.6817 -0.2519 0.6868
vn -0.1241 -0.3196 -0.9394
vn -0.0022 -0.5260 -0.8505
vn -0.2052 -0.5355 -0.8192
vn -0.1464 -0.3214 -0.9356
vn 0.5191 -0.1738 -0.8369
vn -0.2233 -0.5160 -0.8269
vn 0.4039 0.8151 -0.4154
vn -0.1046 -0.9506 -0.2923
vn 0.0205 -0.8859 -0.4635
vn 0.3401 -0.7713 -0.5381
vn 0.1118 -0.9371 -0.3307
vn 0.1071 -0.1805 0.9777
vn -0.9829 -0.0878 0.1618
vn -0.9452 -0.2819 0.1647
vn -0.2926 -0.8670 -0.4034
vn -0.3568 -0.9293 -0.0951
vn -0.0270 -0.9825 -0.1845
vn -0.1856 -0.9615 -0.2025
vn -0.6169 -0.7866 0.0247
vn -0.6433 -0.7576 -0.1104
vn -0.5349 -0.8074 -0.2489
vn -0.5113 -0.8379 -0.1910
vn 0.4470 -0.5108 -0.7344
vn 0.0429 -0.6854 -0.7269
vn -0.1850 -0.7755 -0.6036
vn 0.3669 -0.4597 -0.8087
vn 0.5615 0.6924 -0.4531
vn 0.6303 -0.2368 -0.7393
vn 0.7288 -0.1587 -0.6661
vn 0.7315 -0.1809 -0.6574
vn 0.7039 -0.1650 -0.6909
vn 0.9016 0.4315 -0.0295
vn -0.8162 -0.1296 0.5631
vn 0.0181 0.3098 0.9506
vn 0.4053 0.6347 0.6579
vn -0.9935 -0.0247 -0.1110
vn 0.7497 0.3685 0.5497
vn -0.7986 0.4493 0.4004
vn 0.3912 -0.0125 0.9202
vn -0.8249 0.2609 0.5016
vn 0.6603 0.0233 0.7506
vn -0.9727 -0.1084 0.2053
vn -0.6050 -0.2520 -0.7553
vn 0.5721 -0.5526 0.6061
vn 0.8984 -0.1601 0.4089
vn -0.7614 -0.2851 0.5822
vn -0.6919 -0.1969 0.6946
vn -0.8097 -0.0793 0.5814
vn 0.0216 0.8610 0.5082
vn 0.6260 -0.3878 -0.6765
vn 0.9219 0.3674 0.1229
vn -0.9796 -0.1367 -0.1475
vn 0.9149 0.0559 0.3999
vn -0.3461 -0.4374 -0.8300
vn 0.8715 0.0564 0.4871
vn -0.5005 0.5638 -0.6570
vn -0.3763 -0.8847 -0.2753
vn 0.6168 -0.3928 -0.6821
vn 0.6418 -0.3828 -0.6645
vn 0.6984 -0.2744 -0.6610
vn 0.6917 -0.2497 -0.6777
vn 0.7088 0.3362 -0.6201
vn 0.6809 0.2436 -0.6906
vn -0.9662 0.2141 -0.1437
vn -0.5862 -0.0896 0.8052
vn -0.8535 -0.3073 -0.4207
vn -0.9286 -0.2784 -0.2452
vn -0.8252 -0.4058 -0.3930
vn -0.8400 -0.3540 -0.4112
vn -0.7297 -0.1821 0.6590
vn -0.9939 -0.1077 0.0254
vn -0.9826 -0.0795 -0.1677
vn -0.9907 -0.0511 -0.1262
vn -0.9862 -0.0672 0.1511
vn 0.9019 -0.3529 -0.2492
vn 0.9260 0.0747 0.3701
vn 0.3102 -0.0875 -0.9466
vn 0.7820 0.3225 -0.5333
vn -0.2057 -0.1643 -0.9647
vn -0.1163 -0.0057 -0.9932
vn 0.0177 -0.0142 -0.9997
vn -0.1274 -0.0989 -0.9869
vn -0.8811 0.2678 0.3899
vn 0.4166 0.1296 0.8998
vn 0.4009 0.3082 0.8627
vn 0.9826 -0.1184 0.1434
vn 0.3862 0.5777 -0.7191
vn -0.7826 0.4864 -0.3885
vn -0.5468 0.6453 -0.5334
vn 0.4944 0.4995 -0.7114
vn -0.8640 -0.0904 0.4952
vn 0.8998 0.2139 -0.3803
vn 0.8938 0.1126 -0.4341
vn 0.8342 0.1875 -0.5186
vn 0.8404 0.3049 -0.4480
vn 0.5195 0.3013 -0.7996
vn 0.8684 0.0594 -0.4923
vn 0.8374 0.0199 -0.5462
vn 0.7933 0.0067 -0.6087
vn 0.8137 0.1158 -0.5696
vn 0.7663 0.2957 -0.5704
vn -0.0471 -0.9410 -0.3351
vn 0.1804 -0.3396 -0.9231
vn 0.4776 0.3903 -0.7871
vn 0.5353 0.4311 -0.7264
vn -0.1324 0.5244 -0.8411
vn 0.2073 0.4436 -0.8719
vn -0.9826 -0.1184 0.1433
vn -0.9844 -0.1644 0.0629
vn -0.9799 -0.0815 0.1821
vn -0.9992 -0.0049 -0.0403
vn -0.9794 0.1608 -0.1221
vn -0.9441 0.1000 -0.3142
vn -0.9672 -0.0670 -0.2452
vn 0.9944 0.0103 0.1048
vn -0.1453 -0.0563 -0.9878
vn -0.8481 -0.5166 0.1176
vn -0.9967 -0.0665 0.0472
vn -0.7639 0.2675 -0.5873
vn -0.9847 -0.1431 -0.0992
vn -0.9591 -0.2708 0.0822
vn 0.5502 0.6064 -0.5741
vn 0.7570 0.5751 -0.3102
vn 0.7785 0.5201 -0.3513
vn 0.8063 0.3701 -0.4614
vn 0.7976 0.4448 -0.4073
vn -0.3339 -0.6913 -0.6408
vn -0.1648 -0.9095 -0.3817
vn 0.0947 -0.6206 -0.7784
vn -0.7383 -0.4115 0.5344
vn -0.8599 0.3600 0.3619
vn -0.8005 0.4465 0.3998
vn -0.7826 0.5132 0.3523
vn -0.8553 0.4483 0.2598
vn -0.9921 0.0343 0.1206
vn -0.9768 0.0654 0.2037
vn -0.9522 0.2546 0.1688
vn -0.9749 0.2154 0.0567
vn -0.8747 0.4756 0.0935
vn -0.7417 0.6708 0.0046
vn -0.7370 0.6607 -0.1425
vn -0.8981 0.4390 -0.0269
vn -0.7354 0.6208 0.2715
vn -0.6773 0.7038 0.2142
vn -0.7173 0.6915 0.0859
vn -0.8227 0.5365 0.1880
vn -0.9445 0.2535 0.2089
vn -0.9748 0.0659 0.2131
vn -0.9394 0.2215 0.2616
vn -0.9858 -0.0055 0.1680
vn -0.9969 -0.0520 0.0594
vn -0.8273 -0.5381 0.1614
vn -0.9819 -0.1612 0.0991
vn 0.9582 -0.2101 0.1940
vn -0.9702 0.0412 0.2389
vn -0.9669 0.1161 0.2271
vn -0.9859 0.0733 0.1506
vn -0.9852 -0.0702 0.1566
vn -0.9804 0.0525 0.1897
vn -0.9630 0.0616 0.2625
vn -0.9453 0.0147 0.3260
vn -0.9612 -0.0356 0.2735
vn -0.8631 0.0521 -0.5024
vn -0.8740 -0.0329 -0.4848
vn 0.0228 -0.9996 0.0141
vn -0.1047 0.3138 0.9437
vn -0.1162 0.9497 -0.2909
vn 0.2821 0.9591 0.0225
vn 0.2662 0.5323 0.8036
vn -0.3640 0.5091 0.7800
vn -0.2669 0.9415 -0.2059
vn -0.7884 0.2185 0.5751
vn -0.2245 0.9653 0.1332
vn -0.3354 0.8954 -0.2929
vn -0.7214 0.3610 0.5910
vn -0.2376 0.5823 0.7775
vn -0.5599 0.5587 -0.6119
vn -0.6340 0.7713 0.0566
vn -0.7452 0.6130 -0.2625
vn -0.7400 0.5238 -0.4219
vn -0.8908 0.2634 -0.3703
vn -0.9122 0.3606 -0.1945
vn -0.7171 0.3761 -0.5868
vn -0.8021 0.2001 -0.5627
vn -0.5987 0.7838 0.1652
vn -0.9101 0.3041 0.2816
vn 0.4870 0.2790 0.8277
vn -0.4680 0.6713 0.5748
vn 0.9605 -0.1183 0.2519
vn -0.1381 0.9454 0.2953
vn -0.3864 0.6044 0.6967
vn 0.2416 0.3199 0.9161
vn -0.2714 -0.2804 0.9207
vn -0.8661 -0.2487 -0.4336
vn -0.8976 -0.0908 -0.4313
vn -0.6436 0.7649 -0.0248
vn -0.6003 0.7415 0.2996
vn 0.8399 0.3305 0.4305
vn 0.3910 -0.6627 0.6387
vn -0.7084 0.0204 0.7056
vn -0.5840 -0.2389 0.7758
vn -0.6741 -0.2921 0.6784
vn -0.8254 -0.0544 0.5620
vn -0.5768 0.2977 0.7607
vn -0.5666 0.0811 0.8200
vn -0.6051 0.1767 0.7763
vn -0.6467 0.3120 0.6960
vn -0.7451 0.3813 0.5472
vn -0.7028 0.5418 0.4610
vn -0.7254 0.3331 0.6023
vn -0.7991 0.2222 0.5585
vn -0.7853 0.3599 0.5037
vn -0.8503 0.2904 0.4390
vn -0.9237 -0.2178 0.3153
vn -0.8498 -0.4516 0.2720
vn -0.7781 -0.1957 0.5970
vn -0.6937 -0.2603 0.6716
vn -0.8891 -0.0357 0.4563
vn -0.5931 0.1614 0.7888
vn -0.5471 0.2567 0.7967
vn -0.6200 -0.0326 0.7839
vn -0.9065 0.3566 0.2262
vn -0.8862 0.4064 0.2224
vn -0.8974 0.1703 0.4069
vn -0.9574 0.0719 0.2797
vn -0.8863 0.4034 0.2275
vn -0.8779 0.3911 0.2762
vn -0.6224 0.5605 0.5463
vn -0.8718 0.4248 0.2439
vn -0.5776 0.5859 0.5684
vn -0.8641 0.4208 0.2763
vn -0.8116 0.0664 0.5804
vn -0.7798 0.1581 0.6057
vn -0.6458 0.4103 0.6438
vn -0.6776 0.3498 0.6469
vn -0.6904 0.1814 0.7004
vn -0.5558 0.4383 0.7064
vn -0.4053 0.4505 0.7955
vn -0.2464 0.0783 0.9660
vn -0.4005 -0.0207 0.9161
vn -0.2877 0.1603 0.9442
vn -0.4166 0.1296 0.8998
vn -0.4009 0.3082 0.8627
vn -0.3275 0.3128 0.8915
vn -0.2061 0.1003 0.9734
vn -0.4717 0.0819 0.8780
vn -0.5581 0.0535 0.8281
vn -0.6325 0.0703 0.7713
vn -0.5196 0.1487 0.8414
vn -0.4389 0.0956 0.8934
vn -0.3279 0.3717 0.8686
vn -0.3023 0.4173 0.8570
vn -0.4239 0.2338 0.8750
vn -0.4920 0.1640 0.8550
vn -0.6348 0.0731 0.7692
vn -0.6163 0.0837 0.7831
vn -0.6757 -0.0008 0.7371
vn -0.0158 0.4891 0.8721
vn -0.2159 -0.6536 0.7254
vn 0.7591 -0.4390 0.4808
vn -0.6289 0.1535 0.7622
vn -0.4108 0.4043 0.8172
vn -0.3998 0.4533 0.7967
vn -0.2791 0.4417 0.8526
vn -0.2120 0.3507 0.9122
vn -0.2945 0.2925 0.9098
vn -0.2610 0.3542 0.8980
vn -0.3652 0.3288 0.8709
vn -0.6777 0.3738 0.6332
vn -0.5762 0.1356 0.8060
vn -0.5900 0.2944 0.7518
vn -0.4818 0.4262 0.7656
vn -0.5267 0.3950 0.7527
vn -0.6171 0.2762 0.7368
vn -0.3832 0.3941 0.8354
vn -0.3590 0.3480 0.8660
vn -0.4797 0.3330 0.8118
vn -0.4445 0.4050 0.7990
vn -0.4935 0.4392 0.7507
vn -0.5723 0.2930 0.7659
vn -0.1785 0.3623 0.9148
vn -0.2155 0.4383 0.8726
vn -0.1329 0.4012 0.9063
vn -0.4104 0.5635 0.7170
vn -0.9411 -0.2781 -0.1922
vn -0.9653 -0.2408 -0.1010
vn 0.0609 0.7568 0.6508
vn -0.7911 0.0791 0.6065
vn -0.4468 0.3266 0.8329
vn 0.4091 0.7384 -0.5362
vn 0.7593 0.1661 -0.6292
vn -0.3999 -0.4417 0.8031
vn 0.7757 -0.4493 0.4432
vn 0.4930 0.8698 -0.0194
vn -0.6198 0.4862 0.6160
vn -0.8596 0.3318 0.3885
vn -0.5787 0.5286 0.6210
vn -0.8389 0.3434 0.4223
vn -0.8595 0.2915 0.4199
vn -0.5871 0.5042 0.6333
vn 0.3121 0.3249 0.8928
vn 0.6669 0.4331 0.6063
vn -0.2522 0.3124 0.9159
vn -0.6833 0.5632 -0.4647
vn -0.1415 0.8072 0.5731
vn -0.1352 0.6567 0.7419
vn -0.5150 -0.5531 0.6549
vn -0.5447 -0.4777 0.6893
vn -0.3016 -0.7320 0.6109
vn -0.2917 -0.7743 0.5616
vn 0.8047 0.4689 -0.3641
vn -0.7527 0.5374 0.3803
vn -0.5140 0.5811 0.6310
vn -0.6780 0.5922 0.4354
vn -0.7873 0.0672 0.6129
vn -0.6858 0.4221 0.5928
vn -0.7661 0.4912 0.4144
vn -0.7805 0.2917 0.5529
vn -0.6883 -0.2451 0.6828
vn -0.7652 -0.0265 0.6433
vn -0.7788 0.0633 0.6240
vn -0.7091 -0.0992 0.6980
vn -0.6220 0.0110 0.7830
vn -0.7254 0.2497 0.6415
vn -0.2189 0.9757 -0.0078
vn -0.1800 -0.2750 0.9444
vn -0.4458 0.3371 0.8292
vn -0.3795 0.8620 -0.3360
vn -0.3802 0.7502 -0.5409
vn 0.9021 0.2030 0.3807
vn -0.1668 0.0822 0.9826
vn -0.1955 0.2419 0.9504
vn -0.4364 0.2639 0.8602
vn -0.4106 0.0298 0.9113
vn -0.2622 -0.5894 0.7641
vn -0.2730 -0.6899 0.6705
vn -0.5989 0.7715 -0.2146
vn -0.5832 0.3800 0.7180
vn -0.3927 -0.1997 0.8977
vn -0.8703 0.1543 0.4677
vn -0.8118 0.2386 0.5330
vn -0.8401 0.2718 0.4694
vn -0.8885 0.1801 0.4221
vn -0.8424 0.2174 0.4931
vn -0.7643 0.0925 0.6382
vn -0.6854 0.1495 0.7127
vn -0.7693 0.2483 0.5886
vn -0.9289 0.0352 0.3685
vn -0.8422 -0.1614 0.5144
vn -0.8336 -0.0237 0.5518
vn -0.9075 0.1336 0.3981
vn -0.9378 0.0669 0.3406
vn -0.9300 0.0646 0.3618
vn -0.9296 0.0544 0.3645
vn -0.9376 0.0145 0.3475
vn 0.9875 0.0065 0.1578
vn -0.9387 0.0602 0.3394
vn -0.8673 0.1378 0.4783
vn -0.8898 0.1034 0.4446
vn -0.9252 0.1299 0.3567
vn 0.7687 0.1077 0.6305
vn 0.3814 -0.7597 0.5267
vn 0.6198 0.4862 0.6160
vn 0.3610 -0.7895 -0.4964
vn 0.9934 -0.1132 0.0160
vn -0.7118 0.5725 0.4069
vn -0.7349 0.5237 0.4309
vn -0.6521 0.6135 -0.4454
vn -0.5481 0.2211 0.8067
vn 0.5248 0.5907 -0.6130
vn -0.5240 0.7869 0.3259
vn -0.5467 0.7539 0.3642
vn -0.3210 0.8655 0.3846
vn -0.3155 0.9027 0.2925
vn -0.5866 0.6886 0.4263
vn -0.6193 0.6375 0.4584
vn -0.5042 0.7074 0.4953
vn -0.4789 0.7585 0.4420
vn -0.6404 0.5963 0.4840
vn -0.6571 0.5307 0.5354
vn -0.5219 0.6114 0.5948
vn -0.5184 0.6709 0.5302
vn -0.6742 0.6089 0.4180
vn -0.6031 0.7367 -0.3058
vn -0.6700 0.4085 0.6198
vn -0.6381 0.3090 0.7052
vn -0.4984 0.3098 0.8097
vn -0.5242 0.4617 0.7156
vn -0.9374 0.0702 0.3411
vn -0.7056 0.2365 0.6680
vn 0.6039 -0.4926 0.6266
vn 0.1673 -0.7394 0.6522
vn -0.6697 0.3218 0.6693
vn -0.0318 -0.5026 0.8640
vn -0.3510 -0.7064 0.6147
vn 0.8391 -0.4431 -0.3155
vn -0.6266 0.6908 0.3608
vn -0.9879 -0.0337 0.1514
vn -0.9614 -0.1309 -0.2420
vn -0.2677 0.4308 0.8618
vn -0.8152 -0.1387 -0.5623
vn -0.9222 -0.1762 -0.3442
vn -0.8566 -0.2961 -0.4226
vn -0.7438 0.4572 0.4876
vn -0.3862 0.5777 -0.7191
vn -0.2040 0.3060 0.9299
vn -0.1456 0.2544 0.9561
vn 0.5640 -0.8168 -0.1211
vn 0.4326 0.0482 0.9003
vn -0.9354 -0.3051 -0.1789
vn -0.9660 -0.0662 0.2497
vn 0.0472 0.2390 0.9699
vn -0.4591 0.0979 0.8830
vn 0.0632 -0.7111 -0.7002
vn 0.7905 0.2660 0.5517
vn 0.0096 -0.8227 -0.5684
vn 0.6082 0.6403 0.4692
vn 0.1625 -0.9858 0.0425
vn -0.0060 -0.9988 -0.0488
vn 0.2869 -0.9578 0.0187
vn -0.0146 -0.8602 0.5097
vn -0.2649 -0.9548 0.1346
vn -0.5848 -0.3295 0.7412
vn -0.8399 0.3305 0.4305
vn -0.8496 -0.4269 -0.3097
vn -0.9013 0.0008 -0.4332
vn -0.6685 0.6311 0.3935
vn -0.6691 0.2100 0.7129
vn 0.7791 -0.4065 -0.4773
vn -0.0359 -0.9422 -0.3330
vn 0.5821 0.4591 0.6712
vn 0.3929 0.4473 0.8035
vn -0.3959 -0.1678 -0.9028
vn -0.9277 -0.3660 0.0742
vn -0.9128 -0.3147 0.2603
vn -0.9923 -0.0700 0.1018
vn -0.9912 -0.1036 -0.0825
vn -0.8989 -0.4381 -0.0111
vn -0.9657 -0.0078 -0.2597
vn -0.9835 -0.0983 0.1516
vn -0.8404 0.3049 -0.4480
vn -0.9893 -0.0397 0.1404
vn -0.3104 -0.5911 0.7445
vn 0.2543 0.5790 -0.7747
vn 0.2691 0.4203 0.8666
vn -0.6499 -0.0536 -0.7581
vn 0.5966 0.2583 0.7598
vn -0.9971 -0.0755 -0.0036
vn 0.7382 -0.4115 0.5345
vn 0.6277 0.1037 0.7715
vn 0.7630 -0.6043 0.2292
vn -0.9744 -0.0178 -0.2241
vn 0.1453 -0.0563 -0.9878
vn 0.6135 0.4321 0.6611
vn 0.8142 0.4580 0.3568
vn -0.8966 -0.0152 -0.4427
vn 0.3970 0.0645 0.9155
vn -0.1625 -0.9858 0.0425
vn -0.1516 -0.9806 -0.1244
vn 0.0060 -0.9988 -0.0490
vn -0.9449 -0.2328 0.2302
vn 0.4634 0.8751 0.1397
vn 0.5138 0.2645 0.8161
vn 0.5018 0.0108 0.8649
vn 0.6447 0.6822 -0.3449
vn 0.7692 0.1061 0.6302
vn 0.3527 -0.0973 0.9307
vn 0.1873 -0.2450 0.9513
vn 0.2731 0.4162 0.8673
vn 0.3645 0.8418 -0.3981
vn 0.5286 0.5450 0.6508
vn 0.7980 0.6016 0.0353
vn 0.7266 0.4207 0.5432
vn 0.6526 0.1704 0.7383
vn 0.4053 0.6672 0.6250
vn 0.3713 0.0512 0.9271
vn 0.1525 0.7026 0.6951
vn 0.1311 0.7850 0.6055
vn 0.1899 0.6668 -0.7206
vn 0.1699 0.5588 -0.8117
vn 0.4310 0.8076 -0.4025
vn 0.2657 -0.2588 0.9287
vn 0.4037 0.7869 -0.4667
vn 0.1961 0.6612 -0.7241
vn -0.2156 0.6614 0.7184
vn -0.0374 -0.0924 0.9950
vn -0.2008 0.6643 0.7200
vn 0.0878 -0.3029 0.9490
vn 0.6185 0.6306 0.4688
vn 0.6318 0.7630 0.1367
vn 0.9485 0.2910 0.1251
vn 0.5699 -0.0250 0.8213
vn 0.4122 -0.0662 0.9087
vn 0.1110 0.5735 -0.8116
vn 0.5606 0.0145 0.8280
vn 0.0857 -0.2514 0.9641
vn -0.1268 0.4092 0.9036
vn -0.0228 -0.2775 0.9605
vn 0.3021 0.7670 0.5660
vn 0.2410 0.7229 0.6475
vn 0.1141 0.8078 0.5783
vn 0.4395 0.8693 -0.2261
vn 0.0556 0.0171 0.9983
vn 0.8868 0.2804 0.3673
vn -0.1570 0.3424 0.9264
vn 0.9057 0.2286 0.3571
vn 0.9934 -0.1139 0.0129
vn 0.4274 -0.1488 0.8918
vn 0.9887 -0.0339 0.1460
vn 0.9784 -0.1856 -0.0914
vn -0.2543 0.5790 -0.7747
vn -0.7859 0.3891 -0.4807
vn 0.7528 0.2531 -0.6076
vn 0.8965 0.2103 -0.3900
vn 0.9771 0.1602 -0.1402
vn 0.9933 0.0925 0.0695
vn 0.9440 0.0447 0.3269
vn 0.6151 0.2179 -0.7577
vn 0.3800 -0.2468 0.8915
vn 0.3150 -0.0927 0.9446
vn 0.5533 -0.1041 0.8265
vn 0.8906 -0.4219 0.1697
vn 0.9260 -0.3455 0.1522
vn 0.7238 -0.5489 0.4182
vn 0.1530 -0.7676 0.6224
vn 0.6720 -0.1682 0.7212
vn 0.2966 -0.8664 0.4017
vn 0.6338 -0.7170 0.2902
vn 0.8307 -0.5228 0.1911
vn 0.8574 -0.4754 0.1971
vn 0.9220 -0.3721 0.1066
vn 0.9444 -0.3278 -0.0254
vn 0.3282 0.1579 0.9313
vn 0.8874 -0.4366 0.1478
vn 0.7304 -0.6434 0.2294
vn 0.5604 -0.1323 0.8176
vn 0.6369 -0.1930 0.7464
vn 0.6341 -0.0341 0.7725
vn 0.7306 -0.0571 0.6805
vn 0.7658 -0.0628 0.6400
vn 0.5654 0.0452 0.8236
vn 0.6681 -0.0087 0.7440
vn 0.7152 -0.0115 0.6988
vn 0.2642 -0.9138 0.3085
vn 0.3931 -0.8814 0.2618
vn 0.8112 -0.5217 0.2642
vn 0.8866 -0.4326 0.1635
vn 0.7333 -0.6384 0.2338
vn 0.9142 -0.4024 0.0493
vn 0.9162 -0.3898 0.0933
vn 0.8853 -0.4523 0.1080
vn 0.8283 -0.4669 0.3099
vn 0.7406 -0.5595 0.3721
vn 0.5343 -0.6526 0.5373
vn 0.1482 -0.2046 0.9676
vn 0.2766 -0.9334 0.2285
vn 0.3308 -0.8779 0.3463
vn 0.7604 -0.6108 0.2207
vn 0.5727 0.0110 0.8197
vn 0.0392 -0.9476 0.3170
vn 0.0529 -0.8279 0.5584
vn 0.4831 -0.5050 0.7153
vn 0.4410 -0.4517 0.7755
vn 0.3689 -0.6530 0.6615
vn 0.4816 -0.7903 0.3789
vn 0.7228 -0.2373 0.6491
vn 0.6138 -0.6311 0.4743
vn 0.7616 -0.2931 0.5780
vn 0.7279 -0.3423 0.5941
vn 0.8469 -0.2314 0.4788
vn 0.6805 -0.2614 0.6845
vn 0.7683 -0.2258 0.5989
vn 0.7009 -0.1226 0.7026
vn 0.7720 -0.1233 0.6235
vn 0.8148 -0.1293 0.5651
vn 0.7996 -0.1701 0.5760
vn 0.7585 -0.0689 0.6480
vn 0.8279 -0.2827 0.4845
vn 0.6986 0.0373 0.7146
vn 0.8790 -0.2651 0.3964
vn 0.6612 -0.0253 0.7498
vn 0.5329 -0.1171 0.8380
vn 0.0430 -0.7913 0.6099
vn 0.9386 -0.3399 -0.0588
vn 0.3852 -0.7084 0.5914
vn 0.8504 -0.4778 0.2203
vn 0.5647 -0.3039 0.7673
vn 0.8602 -0.4660 0.2073
vn 0.5214 -0.8223 0.2280
vn 0.8155 0.0376 0.5775
vn 0.5224 0.1061 0.8461
vn 0.7927 -0.2056 0.5740
vn 0.7866 -0.0894 0.6110
vn 0.7165 -0.1324 0.6848
vn 0.6098 0.3013 0.7331
vn 0.3850 -0.8487 0.3625
vn 0.4086 -0.7970 0.4447
vn 0.2869 -0.8925 0.3480
vn 0.8569 -0.3084 0.4131
vn 0.9912 -0.1036 -0.0825
vn 0.2086 -0.9597 0.1882
vn 0.1546 -0.4432 0.8830
vn 0.2449 -0.7631 0.5980
vn 0.1147 -0.7587 0.6413
vn 0.0953 -0.9698 0.2246
vn -0.3034 0.7992 0.5189
vn 0.4118 -0.3901 -0.8235
vn 0.1849 -0.8927 0.4110
vn 0.2924 0.8302 0.4746
vn 0.1710 0.8816 0.4399
vn 0.5787 0.5286 0.6210
vn 0.8331 0.2722 0.4815
vn 0.6545 -0.3644 0.6624
vn 0.7527 0.5374 0.3803
vn 0.2189 0.9757 -0.0078
vn 0.8809 -0.2870 0.3763
vn 0.3236 0.0841 0.9424
vn 0.9810 -0.0111 0.1936
vn 0.8361 0.1746 0.5201
vn 0.0813 -0.4020 0.9120
vn 0.8136 -0.0140 0.5812
vn -0.4091 0.7384 -0.5362
vn 0.6105 -0.1195 0.7830
vn 0.3278 0.6768 -0.6592
vn 0.2677 0.4308 0.8618
vn 0.8877 0.4218 0.1846
vn 0.5963 -0.0143 0.8027
vn 0.4452 -0.1636 0.8803
vn 0.6184 -0.1190 0.7768
vn 0.1242 -0.9333 0.3370
vn 0.6053 -0.7488 0.2701
vn 0.8547 -0.4460 0.2656
vn 0.2113 -0.9548 0.2089
vn 0.6679 -0.3593 0.6518
vn 0.1269 -0.8837 0.4506
vn 0.8252 -0.2166 0.5217
vn 0.8019 -0.3717 0.4678
vn 0.8194 -0.3605 0.4456
vn 0.3920 -0.7996 0.4549
vn 0.4457 -0.7850 0.4303
vn -0.2535 0.7581 -0.6008
vn 0.1019 0.9853 0.1370
vn 0.9219 0.0306 0.3862
vn 0.8141 -0.4410 0.3778
vn 0.8413 -0.4311 0.3260
vn -0.4680 -0.0436 0.8827
vn -0.9204 0.3867 -0.0575
vn -0.8042 0.5025 -0.3172
vn -0.7720 0.1527 0.6169
vn -0.9057 0.2279 0.3574
vn -0.6111 0.4309 -0.6640
vn -0.0927 -0.2194 0.9712
vn -0.3760 0.4893 0.7869
vn -0.3578 0.4269 0.8305
vn -0.4176 0.8971 0.1445
vn -0.5041 0.7717 -0.3878
vn -0.5492 0.8211 0.1556
vn -0.4510 0.7026 0.5504
vn -0.7324 0.4113 0.5426
vn -0.2429 0.7007 -0.6708
vn -0.4772 0.7039 -0.5261
vn -0.4498 0.7035 0.5503
vn -0.8387 0.3340 0.4302
vn -0.5163 0.8409 0.1624
vn -0.6650 0.1361 0.7343
vn -0.5189 0.0768 0.8514
vn -0.3389 -0.0216 0.9406
vn -0.6291 0.7348 -0.2536
vn -0.7674 0.6344 0.0932
vn -0.7186 0.1557 0.6778
vn -0.3762 -0.1388 0.9161
vn -0.3649 -0.0737 0.9281
vn -0.2542 -0.1567 0.9544
vn -0.2856 0.4511 0.8456
vn -0.4657 0.5343 0.7054
vn -0.8094 0.5048 0.3002
vn -0.9320 0.3239 0.1628
vn -0.7399 0.0885 0.6669
vn -0.8468 0.3165 0.4276
vn -0.7939 0.5264 0.3045
vn -0.5971 0.7814 0.1812
vn -0.3278 0.6768 -0.6592
vn -0.5462 -0.0319 0.8370
vn -0.5856 0.0281 0.8101
vn -0.6113 0.0533 0.7896
vn -0.1110 0.5735 -0.8116
vn -0.4797 0.7951 -0.3711
vn -0.3059 0.7631 0.5693
vn -0.1331 0.8115 0.5690
vn -0.1105 0.7828 0.6123
vn -0.0840 0.6823 0.7262
vn -0.2345 0.7339 0.6375
vn -0.2890 0.6616 -0.6920
vn -0.1937 0.6653 -0.7210
vn -0.3283 0.8423 -0.4275
vn -0.4584 0.7592 -0.4620
vn -0.3173 0.5870 -0.7448
vn -0.3223 -0.1647 0.9322
vn -0.0393 -0.2215 0.9744
vn 0.1689 0.3408 0.9248
vn 0.2420 0.6252 0.7420
vn 0.0162 -0.0911 0.9957
vn -0.0430 -0.2915 0.9556
vn -0.1155 -0.2703 0.9558
vn 0.1746 0.3233 0.9301
vn 0.1276 0.7270 0.6747
vn 0.1108 -0.1664 0.9798
vn -0.7140 0.2007 -0.6707
vn -0.8918 0.1936 -0.4090
vn -0.9839 0.1254 -0.1273
vn -0.9940 0.0818 0.0731
vn -0.9450 0.0730 0.3189
vn -0.8119 0.0066 0.5838
vn -0.6612 -0.0253 0.7498
vn -0.5329 -0.1171 0.8380
vn -0.3800 -0.2468 0.8915
vn 0.3620 0.7325 0.5765
vn 0.5987 0.7838 0.1652
vn -0.7350 -0.2600 -0.6263
vn 0.9808 0.1139 0.1582
vn 0.9339 -0.0836 0.3476
vn -0.1508 -0.8367 0.5265
vn 0.7358 0.4219 0.5298
vn 0.8540 0.0641 0.5164
vn 0.8363 -0.3648 0.4093
vn 0.6377 0.1309 0.7591
vn 0.2741 -0.0658 -0.9594
vn 0.9707 -0.2227 0.0898
vn -0.4322 -0.0563 0.9000
vn -0.4682 -0.2711 0.8410
vn -0.5440 -0.1107 0.8317
vn -0.9260 -0.3455 0.1522
vn -0.8906 -0.4219 0.1697
vn -0.8602 -0.4660 0.2073
vn -0.8504 -0.4778 0.2203
vn -0.7253 -0.5558 0.4063
vn -0.6085 -0.6125 0.5045
vn -0.3919 -0.7190 0.5740
vn -0.1571 -0.7727 0.6150
vn -0.1482 -0.2046 0.9675
vn -0.4572 -0.1831 0.8703
vn -0.6624 -0.1748 0.7284
vn -0.7233 -0.2368 0.6487
vn -0.7746 -0.2648 0.5744
vn -0.1269 -0.8837 0.4506
vn -0.3056 -0.8729 0.3802
vn -0.4907 -0.8112 0.3181
vn -0.6342 -0.7265 0.2647
vn -0.7304 -0.6434 0.2294
vn -0.7604 -0.6108 0.2207
vn -0.8307 -0.5228 0.1911
vn -0.8574 -0.4754 0.1971
vn -0.8874 -0.4366 0.1478
vn -0.9220 -0.3721 0.1066
vn -0.9337 -0.3471 0.0883
vn -0.3958 0.0744 0.9153
vn -0.5224 0.1061 0.8461
vn -0.5727 0.0110 0.8197
vn -0.6283 -0.1553 0.7623
vn -0.6369 -0.1930 0.7464
vn -0.6176 -0.0679 0.7836
vn -0.7306 -0.0571 0.6805
vn -0.7658 -0.0628 0.6400
vn -0.5550 -0.0024 0.8319
vn -0.6681 -0.0087 0.7440
vn -0.7152 -0.0115 0.6988
vn -0.1242 -0.9333 0.3370
vn -0.2601 -0.9112 0.3196
vn -0.3945 -0.8839 0.2510
vn -0.5223 -0.8363 0.1668
vn -0.5990 -0.7880 0.1422
vn -0.7333 -0.6384 0.2338
vn -0.8112 -0.5217 0.2642
vn -0.8547 -0.4460 0.2656
vn -0.8866 -0.4326 0.1635
vn -0.9162 -0.3898 0.0933
vn -0.9386 -0.3399 -0.0588
vn -0.9142 -0.4024 0.0493
vn -0.8853 -0.4523 0.1080
vn -0.8283 -0.4669 0.3099
vn -0.7406 -0.5595 0.3721
vn -0.5853 -0.7711 0.2507
vn -0.4874 -0.8529 0.1873
vn -0.3879 -0.9111 0.1392
vn -0.3056 -0.9374 0.1667
vn -0.2113 -0.9548 0.2089
vn -0.0953 -0.9698 0.2246
vn -0.0317 -0.9492 0.3129
vn -0.2086 -0.9597 0.1882
vn -0.2535 -0.9169 0.3083
vn -0.0416 -0.8234 0.5659
vn -0.3828 -0.8307 0.4043
vn -0.0452 -0.7160 0.6966
vn -0.4377 -0.7177 0.5416
vn -0.1879 -0.4998 0.8455
vn -0.4413 -0.4524 0.7749
vn -0.6758 -0.3763 0.6338
vn -0.7547 -0.4051 0.5161
vn -0.7616 -0.2931 0.5780
vn -0.8234 -0.2572 0.5059
vn -0.6737 -0.2207 0.7053
vn -0.7684 -0.2258 0.5989
vn -0.7193 -0.1369 0.6810
vn -0.7720 -0.1233 0.6235
vn -0.8148 -0.1293 0.5651
vn -0.8473 -0.2554 0.4656
vn -0.8094 -0.1508 0.5675
vn -0.7554 -0.0779 0.6506
vn -0.7024 -0.0177 0.7116
vn -0.8790 -0.2651 0.3964
vn -0.8178 -0.1589 0.5532
vn -0.7507 -0.0740 0.6565
vn -0.7866 -0.0894 0.6110
vn -0.8540 -0.1606 0.4949
vn -0.8769 -0.2941 0.3802
vn -0.8019 -0.3717 0.4678
vn -0.8194 -0.3605 0.4456
vn -0.7729 -0.5297 0.3493
vn -0.8413 -0.4311 0.3260
vn -0.8363 -0.3648 0.4093
vn -0.8856 -0.3595 0.2941
vn -0.8844 -0.3731 0.2802
vn -0.9175 -0.3395 0.2071
vn -0.8705 -0.0673 0.4875
vn -0.9299 -0.1178 0.3483
vn -0.9439 -0.2208 0.2457
vn -0.9178 -0.0689 0.3910
vn -0.9379 -0.0550 0.3426
vn -0.9561 -0.1495 0.2519
vn -0.9546 -0.1219 0.2718
vn -0.9421 -0.2691 0.2003
vn -0.9618 -0.1916 0.1958
vn -0.9394 -0.2996 0.1668
vn -0.9413 -0.2161 0.2594
vn -0.9582 -0.2101 0.1940
vn -0.9891 -0.1466 0.0114
vn -0.9700 -0.2432 -0.0068
vn -0.0911 0.0399 0.9950
vn -0.4321 0.0116 0.9017
vn -0.6035 -0.0421 0.7962
vn -0.6615 -0.1215 0.7400
vn -0.7008 -0.1840 0.6893
vn -0.7079 -0.2008 0.6772
vn -0.6604 -0.0895 0.7456
vn -0.5802 -0.0627 0.8121
vn -0.6041 -0.2526 0.7558
vn -0.6448 -0.1195 0.7550
vn -0.0789 0.1394 0.9871
vn -0.0668 -0.5831 0.8097
vn 0.1856 -0.9615 -0.2025
vn 0.4742 -0.5501 0.6874
vn -0.4944 0.4994 -0.7114
vn 0.3115 -0.6978 0.6450
vn 0.6485 0.0930 0.7555
vn 0.2156 0.1247 0.9685
vn 0.7991 0.2079 0.5641
vn 0.2239 -0.8296 0.5116
vn 0.3477 -0.4966 0.7953
vn 0.6755 0.2921 0.6771
vn 0.0804 0.0593 0.9950
vn 0.2087 0.0692 0.9755
vn 0.3524 -0.1208 0.9280
vn -0.6190 0.2236 -0.7529
vn 0.9640 0.2613 -0.0492
vn 0.8811 0.2678 0.3899
vn -0.0765 0.8784 0.4717
vn 0.2233 -0.5160 -0.8269
vn -0.5191 -0.1738 -0.8369
vn 0.9917 -0.0422 0.1213
vn 0.6311 0.6082 0.4815
vn 0.8719 0.4245 0.2441
vn 0.3674 -0.3942 0.8424
vn 0.3118 0.8407 0.4428
vn 0.7826 0.4863 -0.3886
vn -0.6303 -0.2368 -0.7393
vn -0.7039 -0.1650 -0.6909
vn -0.6418 -0.3828 -0.6645
vn 0.3251 0.1434 0.9347
vn 0.1257 0.0484 -0.9909
vn 0.9138 0.2863 0.2882
vn 0.6224 0.5605 0.5463
vn -0.6169 -0.3928 -0.6821
vn 0.8438 0.3946 0.3638
vn 0.0831 -0.9507 0.2988
vn 0.0751 0.9969 -0.0243
vn -0.3902 -0.7712 -0.5030
vn 0.2057 -0.1643 -0.9647
vn 0.0882 0.9960 0.0166
vn 0.6693 -0.4243 0.6100
vn -0.0478 0.9726 0.2275
vn -0.7013 0.6794 0.2158
vn 0.9257 0.2805 0.2538
vn 0.7850 -0.1644 0.5973
vn -0.7288 -0.1587 -0.6661
vn -0.7347 0.2181 -0.6424
vn 0.0392 -0.7353 0.6766
vn -0.9610 -0.2759 -0.0183
vn -0.9652 -0.2592 0.0333
vn -0.7907 -0.6115 -0.0286
vn -0.9674 -0.2456 0.0619
vn -0.8080 -0.5823 -0.0902
vn -0.5033 0.0547 0.8624
vn -0.3987 0.2485 0.8828
vn -0.5757 0.3476 0.7401
vn -0.2767 0.4597 0.8439
vn -0.3237 0.0841 0.9424
vn -0.3391 -0.0226 0.9405
vn -0.3362 -0.3710 0.8657
vn -0.3528 -0.2682 0.8965
vn 0.1181 0.9463 -0.3009
vn 0.0285 0.9996 -0.0000
vn -0.0270 0.8708 0.4909
vn 0.2114 0.9773 0.0162
vn -0.5214 -0.2926 0.8016
vn -0.5074 0.0390 0.8608
vn -0.3400 0.2036 0.9181
vn -0.3137 0.1315 0.9404
vn -0.3495 0.3017 0.8870
vn -0.2688 0.1694 0.9482
vn -0.2868 0.3809 0.8790
vn -0.3295 0.3709 0.8683
vn -0.2832 0.3632 0.8877
vn -0.2924 0.3318 0.8969
vn -0.2636 0.3822 0.8857
vn -0.4807 0.2439 0.8423
vn -0.5018 0.3539 0.7893
vn 0.6653 -0.1914 0.7216
vn 0.7840 0.0007 0.6207
vn 0.8628 0.3978 -0.3120
vn 0.2196 -0.0883 -0.9716
vn -0.7969 0.0430 -0.6026
vn -0.0029 0.0933 -0.9956
vn -0.3773 -0.4328 -0.8187
vn 0.6575 -0.1921 0.7286
vn 0.8460 -0.1658 0.5067
vn 0.9260 0.2939 -0.2368
vn -0.2807 -0.9571 0.0714
vn 0.0835 -0.9724 0.2178
vn 0.1898 0.9018 0.3881
vn 0.0792 -0.4809 0.8732
vn 0.5763 0.1821 0.7967
vn 0.6404 0.5963 0.4840
vn 0.5974 0.5935 0.5393
vn 0.9862 -0.0672 0.1511
vn 0.6826 0.6254 0.3780
vn 0.6326 0.2890 0.7185
vn 0.0318 -0.5025 0.8640
vn 0.5025 0.1990 0.8414
vn 0.7233 -0.3028 0.6206
vn 0.4165 -0.6902 0.5917
vn 0.6380 -0.7699 0.0108
vn 0.4624 -0.3806 0.8009
vn -0.1556 -0.5606 0.8134
vn 0.4399 -0.5687 0.6950
vn 0.7700 -0.3165 0.5540
vn 0.0031 0.9600 0.2798
vn -0.3988 -0.0843 0.9131
vn -0.3998 -0.1942 0.8958
vn -0.6825 -0.2214 0.6965
vn -0.4909 -0.5874 0.6435
vn -0.4282 -0.2750 0.8608
vn -0.1309 -0.9366 0.3251
vn -0.5396 -0.2411 0.8067
vn -0.7000 0.5648 0.4371
vn -0.6911 0.6696 0.2720
vn -0.8696 0.2705 0.4131
vn -0.8186 -0.1420 0.5565
vn -0.5971 0.3353 0.7288
vn -0.5620 0.3149 0.7649
vn -0.2413 -0.8694 0.4311
vn -0.1369 0.8487 0.5108
vn -0.3007 -0.2711 0.9144
vn -0.1199 0.9926 -0.0181
vn 0.3129 0.7733 0.5515
vn 0.1481 -0.7531 0.6410
vn -0.3763 0.5247 0.7636
vn -0.2456 -0.8160 0.5232
vn 0.4755 0.3023 0.8261
vn 0.9791 0.0315 -0.2009
vn -0.3839 0.5692 0.7270
vn 0.0837 -0.9563 -0.2801
vn -0.1286 -0.4755 0.8702
vn -0.1173 0.1932 0.9741
vn -0.3234 0.1512 0.9341
vn -0.3895 0.4123 0.8236
vn -0.0727 0.2232 0.9721
vn -0.1204 -0.3909 0.9125
vn 0.0810 0.2068 0.9750
vn 0.0213 0.5265 0.8499
vn -0.2236 -0.7428 0.6311
vn -0.2414 -0.6219 0.7449
vn 0.0011 -0.9620 -0.2732
vn 0.2335 0.5714 0.7867
vn -0.0759 -0.8900 0.4496
vn -0.1350 0.8792 -0.4570
vn -0.9080 0.1597 -0.3873
vn 0.9962 0.0139 0.0862
vn -0.2529 -0.8952 0.3669
vn -0.2414 -0.9125 0.3301
vn -0.3463 0.1531 0.9255
vn -0.6984 -0.2744 -0.6610
vn 0.6919 -0.1969 0.6946
vn 0.4333 0.8769 -0.2081
vn -0.0473 0.2506 0.9669
vn -0.3798 0.5766 0.7234
vn -0.8137 0.1158 -0.5696
vn -0.1313 0.7393 0.6605
vn 0.1247 0.2306 0.9650
vn 0.0282 -0.9053 -0.4238
vn 0.0460 0.8190 -0.5719
vn -0.0065 0.9987 -0.0503
vn 0.6938 0.2625 0.6706
vn -0.1330 -0.3141 0.9400
vn 0.9676 -0.0482 0.2478
vn 0.5658 0.3111 0.7636
vn -0.0480 0.6928 0.7195
vn -0.0355 0.5538 0.8319
vn -0.0828 -0.4134 0.9068
vn -0.0450 0.1152 0.9923
vn -0.0614 -0.5024 0.8624
vn -0.3566 0.6495 0.6716
vn -0.3689 0.6277 0.6855
vn 0.6500 -0.0095 0.7599
vn -0.0201 0.2031 0.9789
vn -0.7315 -0.1809 -0.6574
vn -0.1360 0.9809 0.1393
vn -0.1343 0.9672 0.2157
vn 0.2373 -0.8876 -0.3947
vn 0.5812 0.1604 0.7978
vn -0.1217 0.8163 -0.5646
vn -0.8342 0.1875 -0.5186
vn 0.9445 0.0936 0.3148
vn -0.1474 -0.5171 0.8431
vn -0.2697 -0.4847 0.8321
vn -0.4320 -0.4127 0.8019
vn 0.9726 -0.2322 0.0088
vn 0.3391 -0.0226 0.9405
vn 0.5407 0.0382 0.8404
vn -0.8033 0.3291 0.4964
vn -0.7871 0.0806 0.6116
vn -0.7549 0.4729 0.4544
vn -0.6934 0.4175 0.5872
vn -0.7020 0.4561 0.5469
vn -0.6845 0.4452 0.5772
vn -0.5982 0.5931 0.5389
vn -0.6682 0.5576 0.4925
vn 0.9415 -0.1805 0.2846
vn 0.9937 -0.0742 0.0843
vn 0.0789 0.1394 0.9871
vn 0.3137 0.1315 0.9404
vn -0.5922 0.4429 0.6731
vn -0.5727 0.1508 0.8058
vn -0.4903 -0.2267 0.8416
vn -0.3844 -0.5740 0.7230
vn -0.3836 -0.5797 0.7188
vn -0.4135 -0.4345 0.8001
vn -0.3564 -0.7192 0.5965
vn -0.5655 -0.6505 0.5070
vn -0.8117 -0.2820 0.5115
vn -0.7122 -0.4628 0.5278
vn -0.3749 -0.8920 0.2528
vn -0.4919 -0.8221 0.2865
vn -0.4769 -0.7862 0.3929
vn -0.5607 -0.2181 0.7988
vn -0.5066 -0.2875 0.8128
vn -0.8053 -0.2202 0.5505
vn -0.8699 -0.2904 0.3987
vn -0.6645 0.6222 0.4139
vn -0.6080 0.5766 0.5459
vn -0.6901 -0.6260 0.3632
vn -0.1584 -0.5628 0.8113
vn 0.2414 -0.6219 0.7449
vn 0.5620 0.3149 0.7649
vn 0.0254 0.1455 0.9890
vn -0.5763 0.1821 0.7967
vn -0.2336 -0.2336 0.9439
vn 0.1260 -0.0198 0.9918
vn -0.6812 0.3581 0.6385
vn -0.4472 0.1850 0.8751
vn 0.0061 -0.0268 0.9996
vn -0.6635 -0.0061 0.7481
vn -0.3389 -0.8625 0.3758
vn 0.5962 -0.0458 0.8015
vn 0.6653 -0.1759 0.7255
vn 0.7749 -0.6320 -0.0105
vn 0.1582 -0.9353 0.3165
vn 0.6267 -0.1526 0.7641
vn 0.9421 -0.2691 0.2003
vn 0.6774 -0.1623 0.7175
vn 0.2869 0.3809 0.8790
vn 0.9547 -0.1083 0.2772
vn 0.1199 0.9926 -0.0181
vn 0.2456 -0.8160 0.5232
vn 0.2406 -0.9021 0.3583
vn 0.3832 0.2710 0.8830
vn 0.2688 0.1694 0.9482
vn -0.0181 0.9988 0.0462
vn 0.3362 -0.3710 0.8657
vn 0.4812 -0.0274 0.8762
vn -0.2114 0.9773 0.0162
vn 0.2787 0.3084 0.9095
vn -0.0837 -0.9563 -0.2801
vn -0.0923 0.1707 0.9810
vn 0.2236 -0.7428 0.6311
vn 0.2413 -0.8694 0.4311
vn 0.1208 0.8664 -0.4845
vn 0.4282 -0.2750 0.8608
vn 0.7726 -0.0951 0.6277
vn 0.3987 0.2485 0.8828
vn 0.5676 0.2950 0.7687
vn 0.6945 0.6839 0.2234
vn 0.1286 -0.4755 0.8702
vn 0.3234 0.1512 0.9341
vn 0.9379 -0.0550 0.3426
vn 0.6057 0.0301 0.7952
vn 0.3295 0.3709 0.8683
vn 0.9665 -0.2442 0.0794
vn 0.9610 -0.2759 -0.0183
vn -0.3005 -0.5994 0.7419
vn -0.2214 -0.5146 0.8284
vn -0.1023 -0.2557 0.9613
vn -0.0396 -0.1533 0.9874
vn 0.5163 -0.1976 0.8333
vn 0.1758 -0.4809 0.8590
vn -0.0855 -0.7716 0.6303
vn -0.0684 -0.5819 0.8104
vn 0.0619 0.5996 0.7979
vn -0.0792 -0.4808 0.8732
vn -0.0732 -0.5326 0.8432
vn -0.1564 -0.5449 0.8238
vn 0.0158 0.4891 0.8721
vn 0.0486 0.5678 0.8217
vn -0.0872 -0.3512 0.9322
vn -0.1979 -0.9543 0.2240
vn -0.2256 -0.9399 0.2564
vn -0.2451 -0.8784 0.4104
vn 0.2237 0.4641 0.8571
vn 0.0065 0.9987 -0.0503
vn 0.0815 0.0521 0.9953
vn 0.3463 0.1531 0.9255
vn 0.3889 0.6395 0.6632
vn 0.1330 -0.3141 0.9400
vn 0.0828 -0.4134 0.9068
vn 0.1422 0.9806 0.1346
vn 0.7866 0.0815 0.6121
vn 0.8945 0.1705 0.4134
vn 0.5293 0.3795 0.7588
vn -0.1428 -0.3814 0.9133
vn 0.6827 0.6057 0.4087
vn -0.7408 0.4765 0.4734
vn -0.0312 0.2235 0.9742
vn 0.3019 -0.1492 0.9416
vn 0.0855 -0.7716 0.6303
vn -0.2762 0.3810 0.8824
vn 0.6682 0.5576 0.4925
vn -0.0606 0.5918 0.8038
vn 0.2642 0.3674 0.8918
vn -0.1691 0.2905 0.9418
vn 0.6813 0.3582 0.6384
vn -0.3357 0.5059 0.7946
vn -0.3121 0.3249 0.8928
vn -0.3530 0.7261 0.5901
vn -0.3472 0.6624 0.6639
vn -0.3358 0.8201 0.4634
vn -0.3449 0.7728 0.5327
vn -0.4205 0.8583 0.2942
vn -0.4517 0.8203 0.3507
vn -0.9121 0.1251 0.3903
vn -0.9339 -0.0189 0.3572
vn -0.7555 0.3209 0.5712
vn -0.8350 0.2421 0.4940
vn -0.6314 0.3503 0.6918
vn -0.2164 -0.4293 0.8769
vn -0.4870 0.2790 0.8277
vn -0.2241 0.2767 0.9345
vn -0.3729 0.2660 0.8889
vn -0.3207 0.2338 0.9179
vn -0.2954 0.0595 0.9535
vn -0.2829 0.3509 0.8927
vn -0.6826 0.0678 0.7276
vn -0.7562 0.1658 0.6330
vn -0.7327 0.4264 0.5304
vn -0.7637 0.5008 0.4074
vn -0.6821 0.6057 0.4098
vn -0.2751 -0.6161 0.7381
vn -0.5409 -0.3256 0.7755
vn 0.3357 0.5059 0.7946
vn -0.5918 0.6796 0.4335
vn -0.3425 0.5865 0.7340
vn -0.5293 0.3795 0.7588
vn -0.4525 0.3888 0.8026
vn -0.3833 0.4005 0.8323
vn -0.5799 0.3445 0.7382
vn -0.5360 0.3624 0.7624
vn -0.2807 0.3557 0.8915
vn -0.2363 0.4266 0.8730
vn 0.6543 -0.5739 0.4926
vn 0.1979 -0.9543 0.2241
vn -0.6962 0.3072 0.6488
vn -0.6739 0.2413 0.6983
vn -0.7850 -0.1644 0.5973
vn -0.6400 -0.1159 0.7596
vn 0.5885 0.3049 0.7488
vn -0.2878 0.9337 -0.2130
vn -0.1311 0.9458 -0.2972
vn 0.3389 -0.8625 0.3758
vn -0.3439 0.9319 0.1155
vn -0.3629 0.9117 0.1926
vn -0.3054 0.9408 -0.1469
vn -0.2912 0.9565 -0.0167
vn -0.6769 0.2976 0.6732
vn 0.1564 -0.5449 0.8238
vn 0.3358 0.8201 0.4634
vn 0.3472 0.6624 0.6639
vn 0.4135 -0.4345 0.8001
vn 0.7563 -0.0937 0.6475
vn 0.8053 0.3242 0.4963
vn 0.4525 0.3888 0.8026
vn -0.0254 0.1454 0.9890
vn 0.5655 -0.6506 0.5069
vn 0.1836 -0.1697 0.9682
vn 0.1002 -0.0861 0.9912
vn 0.5360 0.3624 0.7624
vn 0.2807 0.3557 0.8915
vn 0.5799 0.3445 0.7382
vn 0.6645 0.6222 0.4139
vn 0.5335 -0.2928 0.7935
vn 0.3481 -0.7599 0.5489
vn 0.7683 0.4996 0.4001
vn 0.8340 0.2512 0.4913
vn 0.4724 -0.8376 0.2743
vn 0.5727 0.1508 0.8058
vn 0.3729 0.2660 0.8889
vn 0.8053 -0.2202 0.5505
vn 0.3530 0.7261 0.5901
vn 0.7555 0.3209 0.5712
vn 0.4396 0.8182 0.3705
vn 0.2313 -0.2970 0.9264
vn 0.6845 0.4452 0.5773
vn 0.3844 -0.5740 0.7230
vn 0.0684 -0.5819 0.8104
vn 0.8227 0.4058 0.3982
vn -0.0059 -0.0272 0.9996
vn 0.2954 0.0595 0.9535
vn 0.8743 -0.3772 0.3054
vn 0.8843 -0.3734 0.2804
vn 0.9029 -0.1951 0.3831
vn 0.9175 -0.3395 0.2071
vn 0.8705 -0.0673 0.4875
vn 0.9439 -0.2208 0.2457
vn -0.5104 0.2942 0.8080
vn -0.4658 0.2661 0.8439
vn -0.3299 0.0935 0.9394
vn -0.2937 0.1106 0.9495
vn -0.0229 -0.0104 0.9997
vn 0.0351 -0.0281 0.9990
vn -0.0393 -0.3699 0.9282
vn 0.2363 0.4266 0.8730
vn 0.0842 0.2439 0.9661
vn 0.7406 0.0859 0.6664
vn 0.3571 0.9129 0.1979
vn -0.2519 -0.4084 0.8773
vn -0.4987 -0.2259 0.8368
vn -0.5948 -0.1574 0.7883
vn -0.4513 -0.1020 0.8865
vn -0.5715 -0.0702 0.8176
vn -0.2691 -0.0471 0.9620
vn -0.5764 -0.0307 0.8166
vn -0.4507 -0.2424 0.8591
vn -0.4030 -0.2835 0.8702
vn -0.3161 -0.1756 0.9323
vn -0.6067 0.0573 0.7928
vn -0.5757 0.2675 0.7726
vn -0.4732 0.2720 0.8379
vn -0.2742 0.2588 0.9262
vn 0.3397 -0.2002 0.9190
vn 0.4987 -0.2259 0.8368
vn 0.4507 -0.2424 0.8591
vn 0.5757 0.2675 0.7727
vn 0.2641 0.9432 -0.2014
vn 0.3626 0.9265 0.1004
vn 0.5104 0.2942 0.8080
vn 0.2937 0.1105 0.9495
vn -0.0842 0.2439 0.9661
vn -0.0626 -0.0855 0.9944
vn 0.2691 -0.0471 0.9620
vn 0.4353 0.0436 0.8992
vn 0.3054 0.9408 -0.1469
vn 0.4658 0.2901 0.8360
vn 0.2741 0.2588 0.9262
vn -0.4704 0.0461 0.8812
vn -0.6348 0.0625 0.7701
vn -0.2901 0.0293 0.9565
vn -0.6102 0.1854 0.7703
vn -0.2792 0.0840 0.9565
vn -0.4522 0.1376 0.8812
vn -0.5626 0.3006 0.7701
vn -0.2577 0.1375 0.9564
vn -0.4170 0.2229 0.8811
vn -0.4931 0.4046 0.7702
vn -0.2251 0.1857 0.9565
vn -0.3652 0.3001 0.8812
vn -0.4046 0.4931 0.7702
vn -0.1859 0.2252 0.9564
vn -0.3001 0.3652 0.8812
vn -0.3006 0.5627 0.7700
vn -0.1375 0.2576 0.9564
vn -0.2229 0.4170 0.8812
vn -0.1855 0.6104 0.7701
vn -0.0849 0.2794 0.9564
vn -0.1376 0.4524 0.8811
vn -0.0624 0.6346 0.7703
vn -0.0284 0.2905 0.9565
vn -0.0461 0.4705 0.8812
vn 0.0624 0.6348 0.7701
vn 0.0284 0.2905 0.9565
vn 0.0461 0.4706 0.8812
vn 0.1854 0.6102 0.7703
vn 0.0849 0.2793 0.9564
vn 0.1376 0.4525 0.8811
vn 0.3006 0.5627 0.7700
vn 0.1374 0.2575 0.9565
vn 0.2229 0.4170 0.8812
vn 0.4046 0.4931 0.7701
vn 0.1859 0.2252 0.9564
vn 0.3001 0.3651 0.8813
vn 0.4932 0.4047 0.7701
vn 0.2250 0.1856 0.9565
vn 0.3652 0.3001 0.8812
vn 0.5625 0.3006 0.7702
vn 0.2576 0.1375 0.9564
vn 0.4171 0.2229 0.8811
vn 0.6102 0.1854 0.7702
vn 0.2790 0.0848 0.9565
vn 0.4522 0.1376 0.8812
vn 0.6348 0.0625 0.7701
vn 0.2906 0.0284 0.9564
vn 0.4704 0.0461 0.8813
vn 0.6348 -0.0625 0.7701
vn 0.2906 -0.0284 0.9564
vn 0.4706 -0.0461 0.8811
vn 0.6101 -0.1853 0.7703
vn 0.2795 -0.0850 0.9564
vn 0.4524 -0.1377 0.8811
vn 0.5625 -0.3006 0.7702
vn 0.2574 -0.1374 0.9565
vn 0.4932 -0.4046 0.7701
vn 0.2251 -0.1857 0.9565
vn 0.3652 -0.3001 0.8812
vn 0.4046 -0.4931 0.7702
vn 0.1859 -0.2252 0.9564
vn 0.3001 -0.3652 0.8812
vn 0.3006 -0.5626 0.7702
vn 0.1375 -0.2575 0.9564
vn 0.2229 -0.4170 0.8811
vn 0.1854 -0.6103 0.7702
vn 0.0848 -0.2792 0.9565
vn 0.1376 -0.4525 0.8811
vn 0.0625 -0.6349 0.7700
vn 0.0284 -0.2905 0.9565
vn 0.0461 -0.4706 0.8812
vn -0.0624 -0.6346 0.7703
vn -0.0284 -0.2905 0.9565
vn -0.0461 -0.4705 0.8812
vn -0.1854 -0.6103 0.7702
vn -0.1376 -0.4524 0.8811
vn -0.3006 -0.5626 0.7702
vn -0.1375 -0.2575 0.9564
vn -0.2229 -0.4170 0.8812
vn -0.4047 -0.4932 0.7701
vn -0.1859 -0.2252 0.9564
vn -0.3001 -0.3651 0.8813
vn -0.4932 -0.4047 0.7701
vn -0.2250 -0.1856 0.9565
vn -0.3651 -0.3001 0.8813
vn -0.5625 -0.3006 0.7702
vn -0.2574 -0.1374 0.9565
vn -0.6101 -0.1853 0.7703
vn -0.2795 -0.0840 0.9564
vn -0.4524 -0.1377 0.8811
vn -0.6348 -0.0625 0.7701
vn -0.2900 -0.0293 0.9566
vn -0.4706 -0.0461 0.8812
vn -0.8786 0.0865 -0.4696
vn -0.9904 0.0978 -0.0973
vn -0.9528 0.0938 0.2886
vn -0.7706 0.0759 0.6327
vn -0.4711 0.0465 -0.8809
vn -0.7706 0.0760 -0.6328
vn -0.9527 0.0936 -0.2890
vn -0.9904 0.0973 0.0978
vn -0.8785 0.0866 0.4698
vn -0.2899 0.0282 -0.9566
vn -0.6333 0.0624 -0.7714
vn -0.8449 0.2564 0.4696
vn -0.5972 0.1814 0.7813
vn -0.2785 0.0847 -0.9567
vn -0.6089 0.1845 -0.7714
vn -0.8448 0.2564 -0.4696
vn -0.9525 0.2885 -0.0975
vn -0.9160 0.2782 0.2889
vn -0.7410 0.2245 0.6328
vn -0.4530 0.1373 -0.8809
vn -0.7411 0.2249 -0.6326
vn -0.9161 0.2778 -0.2892
vn -0.9524 0.2888 0.0973
vn -0.5506 0.2939 0.7813
vn -0.2569 0.1373 -0.9566
vn -0.5612 0.2999 -0.7714
vn -0.8776 0.4693 -0.0977
vn -0.8443 0.4513 0.2890
vn -0.6831 0.3650 0.6326
vn -0.4173 0.2229 -0.8810
vn -0.6831 0.3651 -0.6325
vn -0.8441 0.4515 -0.2893
vn -0.8776 0.4694 0.0975
vn -0.6826 0.5600 0.4696
vn -0.4827 0.3961 0.7811
vn -0.2253 0.1846 -0.9566
vn -0.4918 0.4038 -0.7714
vn -0.6825 0.5602 -0.4694
vn -0.7692 0.6315 -0.0977
vn -0.7400 0.6073 0.2889
vn -0.5985 0.4914 0.6327
vn -0.3658 0.3001 -0.8810
vn -0.5988 0.4913 -0.6325
vn -0.7400 0.6074 -0.2889
vn -0.7693 0.6314 0.0977
vn -0.5600 0.6826 0.4695
vn -0.3960 0.4826 0.7812
vn -0.1847 0.2253 -0.9566
vn -0.4038 0.4919 -0.7713
vn -0.5601 0.6825 -0.4695
vn -0.6316 0.7692 -0.0975
vn -0.4915 0.5987 0.6325
vn -0.3002 0.3659 -0.8809
vn -0.4912 0.5987 -0.6327
vn -0.6074 0.7400 -0.2890
vn -0.6314 0.7692 0.0978
vn -0.2939 0.5506 0.7813
vn -0.1373 0.2569 -0.9566
vn -0.2999 0.5612 -0.7714
vn -0.4691 0.8778 -0.0974
vn -0.4513 0.8443 0.2891
vn -0.3650 0.6831 0.6326
vn -0.2229 0.4174 -0.8810
vn -0.3651 0.6831 -0.6326
vn -0.4515 0.8441 -0.2893
vn -0.4694 0.8776 0.0976
vn -0.2564 0.8449 0.4696
vn -0.1814 0.5973 0.7812
vn -0.0847 0.2786 -0.9567
vn -0.2564 0.8448 -0.4696
vn -0.2887 0.9525 -0.0973
vn -0.2780 0.9160 0.2891
vn -0.2246 0.7411 0.6327
vn -0.1373 0.4531 -0.8808
vn -0.2249 0.7411 -0.6327
vn -0.2778 0.9161 -0.2893
vn -0.2888 0.9524 0.0974
vn -0.0866 0.8786 0.4697
vn -0.0612 0.6214 0.7811
vn -0.0285 0.2898 -0.9567
vn -0.0624 0.6333 -0.7714
vn -0.0865 0.8786 -0.4696
vn -0.0978 0.9904 -0.0972
vn -0.0938 0.9528 0.2887
vn -0.0759 0.7706 0.6328
vn -0.0466 0.4711 -0.8808
vn -0.0760 0.7706 -0.6328
vn -0.0935 0.9527 -0.2890
vn -0.0972 0.9904 0.0979
vn 0.0866 0.8786 0.4696
vn 0.0612 0.6214 0.7811
vn 0.0285 0.2898 -0.9567
vn 0.0624 0.6333 -0.7714
vn 0.0865 0.8786 -0.4696
vn 0.0978 0.9904 -0.0972
vn 0.0938 0.9528 0.2888
vn 0.0759 0.7706 0.6328
vn 0.0465 0.4711 -0.8809
vn 0.0760 0.7706 -0.6328
vn 0.0936 0.9528 -0.2889
vn 0.0972 0.9904 0.0979
vn 0.2564 0.8449 0.4695
vn 0.1814 0.5973 0.7812
vn 0.0847 0.2786 -0.9567
vn 0.1846 0.6090 -0.7714
vn 0.2885 0.9525 -0.0976
vn 0.2780 0.9160 0.2891
vn 0.2246 0.7411 0.6328
vn 0.1373 0.4530 -0.8809
vn 0.2249 0.7411 -0.6326
vn 0.2777 0.9161 -0.2893
vn 0.2888 0.9524 0.0972
vn 0.2939 0.5506 0.7813
vn 0.1373 0.2569 -0.9566
vn 0.2999 0.5612 -0.7714
vn 0.4692 0.8776 -0.0978
vn 0.4513 0.8443 0.2891
vn 0.3650 0.6831 0.6326
vn 0.3651 0.6831 -0.6326
vn 0.4515 0.8441 -0.2893
vn 0.4694 0.8776 0.0974
vn 0.5600 0.6826 0.4695
vn 0.3960 0.4826 0.7812
vn 0.1847 0.2253 -0.9566
vn 0.4038 0.4919 -0.7713
vn 0.5602 0.6825 -0.4694
vn 0.6316 0.7692 -0.0975
vn 0.4914 0.5985 0.6327
vn 0.3002 0.3659 -0.8809
vn 0.4913 0.5988 -0.6325
vn 0.6314 0.7692 0.0978
vn 0.6826 0.5600 0.4696
vn 0.4827 0.3961 0.7811
vn 0.2253 0.1847 -0.9566
vn 0.4918 0.4038 -0.7714
vn 0.6826 0.5602 -0.4694
vn 0.7692 0.6315 -0.0977
vn 0.7400 0.6073 0.2889
vn 0.5986 0.4914 0.6326
vn 0.3658 0.3001 -0.8810
vn 0.5987 0.4912 -0.6326
vn 0.7400 0.6074 -0.2889
vn 0.7693 0.6314 0.0977
vn 0.5506 0.2939 0.7813
vn 0.2568 0.1373 -0.9567
vn 0.5612 0.2999 -0.7714
vn 0.8778 0.4691 -0.0973
vn 0.8443 0.4513 0.2890
vn 0.6830 0.3649 0.6327
vn 0.4174 0.2229 -0.8810
vn 0.6831 0.3651 -0.6325
vn 0.8441 0.4515 -0.2893
vn 0.8775 0.4694 0.0977
vn 0.8449 0.2564 0.4696
vn 0.5972 0.1814 0.7813
vn 0.2786 0.0847 -0.9567
vn 0.6089 0.1845 -0.7714
vn 0.8448 0.2564 -0.4696
vn 0.9525 0.2887 -0.0973
vn 0.9161 0.2782 0.2889
vn 0.7411 0.2246 0.6328
vn 0.4530 0.1373 -0.8809
vn 0.7411 0.2249 -0.6326
vn 0.9161 0.2778 -0.2893
vn 0.9524 0.2888 0.0974
vn 0.8785 0.0866 0.4698
vn 0.6214 0.0612 0.7811
vn 0.2898 0.0285 -0.9567
vn 0.6333 0.0624 -0.7714
vn 0.8786 0.0865 -0.4696
vn 0.9904 0.0978 -0.0973
vn 0.9528 0.0938 0.2887
vn 0.7707 0.0760 0.6327
vn 0.4711 0.0465 -0.8809
vn 0.7706 0.0760 -0.6327
vn 0.9527 0.0936 -0.2890
vn 0.9904 0.0973 0.0978
vn 0.8785 -0.0866 0.4698
vn 0.6213 -0.0612 0.7811
vn 0.2898 -0.0285 -0.9567
vn 0.6334 -0.0624 -0.7713
vn 0.8786 -0.0865 -0.4696
vn 0.9904 -0.0978 -0.0973
vn 0.9528 -0.0938 0.2887
vn 0.7706 -0.0759 0.6328
vn 0.4711 -0.0465 -0.8809
vn 0.7706 -0.0760 -0.6328
vn 0.9528 -0.0936 -0.2890
vn 0.9904 -0.0973 0.0978
vn 0.8448 -0.2563 0.4697
vn 0.5972 -0.1814 0.7813
vn 0.2786 -0.0847 -0.9567
vn 0.6089 -0.1845 -0.7714
vn 0.8448 -0.2564 -0.4696
vn 0.9525 -0.2885 -0.0976
vn 0.9161 -0.2780 0.2889
vn 0.7411 -0.2246 0.6327
vn 0.4530 -0.1373 -0.8809
vn 0.7411 -0.2249 -0.6326
vn 0.9161 -0.2778 -0.2893
vn 0.9524 -0.2888 0.0973
vn 0.5506 -0.2939 0.7813
vn 0.2568 -0.1373 -0.9567
vn 0.5612 -0.2998 -0.7715
vn 0.8776 -0.4693 -0.0977
vn 0.8443 -0.4513 0.2889
vn 0.6831 -0.3650 0.6326
vn 0.4173 -0.2229 -0.8810
vn 0.6830 -0.3651 -0.6326
vn 0.8441 -0.4515 -0.2893
vn 0.8776 -0.4694 0.0975
vn 0.6826 -0.5600 0.4696
vn 0.4827 -0.3961 0.7811
vn 0.2253 -0.1847 -0.9566
vn 0.4918 -0.4038 -0.7714
vn 0.6825 -0.5601 -0.4695
vn 0.7692 -0.6315 -0.0976
vn 0.7401 -0.6074 0.2888
vn 0.5987 -0.4915 0.6325
vn 0.3658 -0.3001 -0.8810
vn 0.5987 -0.4912 -0.6327
vn 0.7400 -0.6074 -0.2890
vn 0.7693 -0.6314 0.0977
vn 0.5600 -0.6825 0.4697
vn 0.3960 -0.4826 0.7812
vn 0.1847 -0.2253 -0.9566
vn 0.4037 -0.4918 -0.7714
vn 0.5602 -0.6825 -0.4694
vn 0.6315 -0.7692 -0.0976
vn 0.6074 -0.7401 0.2888
vn 0.4914 -0.5986 0.6325
vn 0.3002 -0.3659 -0.8809
vn 0.4912 -0.5987 -0.6327
vn 0.6314 -0.7692 0.0977
vn 0.2939 -0.5506 0.7813
vn 0.1373 -0.2569 -0.9566
vn 0.2999 -0.5612 -0.7714
vn 0.4693 -0.8776 -0.0977
vn 0.4513 -0.8443 0.2890
vn 0.3650 -0.6831 0.6326
vn 0.3651 -0.6831 -0.6326
vn 0.4515 -0.8441 -0.2892
vn 0.4694 -0.8776 0.0976
vn 0.2563 -0.8448 0.4697
vn 0.1814 -0.5973 0.7812
vn 0.0847 -0.2786 -0.9567
vn 0.2564 -0.8449 -0.4695
vn 0.2885 -0.9525 -0.0977
vn 0.2780 -0.9161 0.2890
vn 0.2246 -0.7411 0.6327
vn 0.1373 -0.4530 -0.8809
vn 0.2249 -0.7411 -0.6327
vn 0.2778 -0.9161 -0.2892
vn 0.2888 -0.9524 0.0972
vn 0.0866 -0.8785 0.4698
vn 0.0283 -0.2898 -0.9567
vn 0.0624 -0.6333 -0.7713
vn 0.0866 -0.8787 -0.4695
vn 0.0978 -0.9904 -0.0972
vn 0.0939 -0.9528 0.2886
vn 0.0465 -0.4710 -0.8809
vn 0.0935 -0.9527 -0.2891
vn 0.0972 -0.9904 0.0979
vn -0.0866 -0.8785 0.4698
vn -0.0612 -0.6214 0.7811
vn -0.0283 -0.2899 -0.9567
vn -0.0624 -0.6333 -0.7713
vn -0.0866 -0.8787 -0.4695
vn -0.0978 -0.9904 -0.0972
vn -0.0939 -0.9528 0.2886
vn -0.0465 -0.4710 -0.8809
vn -0.0935 -0.9527 -0.2891
vn -0.0972 -0.9904 0.0979
vn -0.2563 -0.8448 0.4698
vn -0.1814 -0.5972 0.7813
vn -0.0847 -0.2786 -0.9567
vn -0.2887 -0.9525 -0.0973
vn -0.2780 -0.9161 0.2890
vn -0.2246 -0.7411 0.6328
vn -0.1373 -0.4530 -0.8809
vn -0.2249 -0.7411 -0.6326
vn -0.2778 -0.9161 -0.2892
vn -0.2888 -0.9524 0.0974
vn -0.2939 -0.5506 0.7813
vn -0.1373 -0.2569 -0.9566
vn -0.4691 -0.8777 -0.0973
vn -0.4513 -0.8443 0.2890
vn -0.3650 -0.6831 0.6326
vn -0.2229 -0.4174 -0.8810
vn -0.3651 -0.6831 -0.6326
vn -0.4515 -0.8441 -0.2892
vn -0.4694 -0.8776 0.0977
vn -0.5600 -0.6825 0.4697
vn -0.3961 -0.4827 0.7811
vn -0.1847 -0.2253 -0.9566
vn -0.4037 -0.4918 -0.7715
vn -0.5601 -0.6825 -0.4696
vn -0.6315 -0.7692 -0.0976
vn -0.6074 -0.7401 0.2888
vn -0.4914 -0.5986 0.6325
vn -0.3002 -0.3659 -0.8809
vn -0.4912 -0.5987 -0.6327
vn -0.6074 -0.7400 -0.2889
vn -0.6314 -0.7692 0.0978
vn -0.6825 -0.5599 0.4698
vn -0.4826 -0.3960 0.7812
vn -0.2253 -0.1847 -0.9566
vn -0.4918 -0.4038 -0.7714
vn -0.6826 -0.5602 -0.4694
vn -0.7692 -0.6315 -0.0978
vn -0.7401 -0.6074 0.2888
vn -0.5987 -0.4915 0.6324
vn -0.3658 -0.3001 -0.8810
vn -0.5987 -0.4912 -0.6327
vn -0.7400 -0.6074 -0.2890
vn -0.7693 -0.6314 0.0977
vn -0.7786 -0.4162 0.4696
vn -0.5506 -0.2939 0.7813
vn -0.2569 -0.1373 -0.9566
vn -0.5612 -0.2998 -0.7715
vn -0.8778 -0.4691 -0.0974
vn -0.8443 -0.4513 0.2889
vn -0.6831 -0.3650 0.6326
vn -0.4174 -0.2229 -0.8810
vn -0.6830 -0.3651 -0.6326
vn -0.8441 -0.4515 -0.2893
vn -0.8776 -0.4694 0.0977
vn -0.8448 -0.2563 0.4697
vn -0.5972 -0.1814 0.7813
vn -0.2786 -0.0847 -0.9567
vn -0.6090 -0.1845 -0.7714
vn -0.8448 -0.2564 -0.4696
vn -0.9525 -0.2887 -0.0973
vn -0.9161 -0.2780 0.2889
vn -0.7411 -0.2246 0.6328
vn -0.4530 -0.1373 -0.8809
vn -0.7411 -0.2249 -0.6326
vn -0.9161 -0.2778 -0.2893
vn -0.9524 -0.2888 0.0974
vn -0.8785 -0.0866 0.4698
vn -0.6213 -0.0612 0.7811
vn -0.2899 -0.0282 -0.9566
vn -0.6334 -0.0624 -0.7713
vn -0.8786 -0.0865 -0.4696
vn -0.9904 -0.0978 -0.0973
vn -0.9528 -0.0938 0.2887
vn -0.7706 -0.0759 0.6328
vn -0.4710 -0.0465 -0.8809
vn -0.7706 -0.0760 -0.6327
vn -0.9528 -0.0936 -0.2890
vn -0.9904 -0.0973 0.0978
vn -0.5861 -0.0578 0.8081
vn -0.5635 -0.1711 0.8082
vn -0.5193 -0.2772 0.8084
vn -0.4552 -0.3735 0.8082
vn -0.3735 -0.4551 0.8083
vn -0.2771 -0.5192 0.8085
vn -0.1712 -0.5635 0.8082
vn -0.0577 -0.5861 0.8082
vn 0.0577 -0.5862 0.8081
vn 0.1712 -0.5635 0.8082
vn 0.2771 -0.5192 0.8084
vn 0.3735 -0.4552 0.8083
vn 0.4552 -0.3735 0.8082
vn 0.5193 -0.2772 0.8084
vn 0.5635 -0.1711 0.8082
vn 0.5861 -0.0578 0.8082
vn 0.5861 0.0578 0.8082
vn 0.5635 0.1711 0.8082
vn 0.5193 0.2772 0.8084
vn 0.4552 0.3735 0.8082
vn 0.3735 0.4552 0.8083
vn 0.2772 0.5193 0.8084
vn 0.1711 0.5635 0.8082
vn 0.0577 0.5861 0.8082
vn -0.0577 0.5862 0.8081
vn -0.1711 0.5634 0.8082
vn -0.2772 0.5192 0.8084
vn -0.3735 0.4551 0.8083
vn -0.4552 0.3735 0.8083
vn -0.5193 0.2772 0.8084
vn -0.5636 0.1712 0.8082
vn -0.5861 0.0578 0.8082
vn -0.2907 0.0284 0.9564
vn -0.2790 0.0848 0.9565
vn -0.5625 0.3006 0.7702
vn -0.2576 0.1375 0.9564
vn -0.4170 0.2229 0.8812
vn -0.4932 0.4046 0.7701
vn -0.2250 0.1856 0.9565
vn -0.4046 0.4931 0.7701
vn -0.3001 0.3651 0.8813
vn -0.1374 0.2575 0.9565
vn -0.1854 0.6102 0.7702
vn -0.0849 0.2793 0.9564
vn -0.1376 0.4525 0.8811
vn -0.0625 0.6348 0.7701
vn -0.0461 0.4706 0.8812
vn 0.0624 0.6346 0.7703
vn 0.0461 0.4705 0.8812
vn 0.1855 0.6103 0.7701
vn 0.1376 0.4524 0.8811
vn 0.1375 0.2576 0.9564
vn 0.3001 0.3652 0.8812
vn 0.4931 0.4046 0.7701
vn 0.2250 0.1857 0.9565
vn 0.5626 0.3006 0.7701
vn 0.6101 0.1854 0.7703
vn 0.2793 0.0840 0.9565
vn 0.4523 0.1376 0.8812
vn 0.2901 0.0293 0.9565
vn 0.2901 -0.0293 0.9565
vn 0.4706 -0.0461 0.8812
vn 0.2795 -0.0840 0.9565
vn 0.2573 -0.1374 0.9565
vn 0.2250 -0.1856 0.9565
vn 0.3651 -0.3001 0.8813
vn 0.4047 -0.4932 0.7701
vn 0.3001 -0.3651 0.8813
vn 0.2229 -0.4170 0.8812
vn 0.0849 -0.2793 0.9565
vn 0.1376 -0.4524 0.8811
vn 0.0624 -0.6346 0.7703
vn 0.0461 -0.4705 0.8812
vn -0.0625 -0.6349 0.7701
vn -0.0461 -0.4706 0.8812
vn -0.0848 -0.2792 0.9565
vn -0.1376 -0.4525 0.8811
vn -0.2229 -0.4170 0.8811
vn -0.4046 -0.4931 0.7702
vn -0.3001 -0.3652 0.8812
vn -0.2251 -0.1857 0.9565
vn -0.3652 -0.3001 0.8812
vn -0.2794 -0.0849 0.9564
vn -0.2906 -0.0284 0.9564
vn -0.9528 0.0938 0.2887
vn -0.7706 0.0760 0.6327
vn -0.4710 0.0465 -0.8809
vn -0.6213 0.0612 0.7811
vn -0.2786 0.0847 -0.9567
vn -0.9525 0.2887 -0.0973
vn -0.9161 0.2782 0.2889
vn -0.7411 0.2246 0.6328
vn -0.9161 0.2778 -0.2893
vn -0.9524 0.2888 0.0974
vn -0.2568 0.1373 -0.9567
vn -0.8778 0.4691 -0.0973
vn -0.6830 0.3650 0.6327
vn -0.6830 0.3651 -0.6326
vn -0.8775 0.4694 0.0977
vn -0.6826 0.5600 0.4694
vn -0.2253 0.1847 -0.9566
vn -0.6826 0.5602 -0.4693
vn -0.5986 0.4915 0.6325
vn -0.5987 0.4912 -0.6327
vn -0.4038 0.4918 -0.7714
vn -0.5602 0.6825 -0.4694
vn -0.4913 0.5985 0.6327
vn -0.4913 0.5988 -0.6325
vn -0.4692 0.8776 -0.0978
vn -0.4694 0.8776 0.0974
vn -0.2885 0.9525 -0.0976
vn -0.2246 0.7411 0.6328
vn -0.1373 0.4530 -0.8809
vn -0.2249 0.7411 -0.6326
vn -0.2777 0.9160 -0.2893
vn -0.2888 0.9524 0.0972
vn -0.0866 0.8786 0.4696
vn -0.0938 0.9528 0.2888
vn -0.0465 0.4710 -0.8809
vn -0.0936 0.9528 -0.2889
vn 0.0938 0.9528 0.2887
vn 0.0760 0.7706 -0.6327
vn 0.0935 0.9528 -0.2890
vn 0.2887 0.9525 -0.0973
vn 0.1373 0.4531 -0.8808
vn 0.2778 0.9161 -0.2892
vn 0.2888 0.9524 0.0973
vn 0.2998 0.5612 -0.7715
vn 0.4691 0.8778 -0.0974
vn 0.2229 0.4174 -0.8810
vn 0.4694 0.8776 0.0976
vn 0.5601 0.6825 -0.4695
vn 0.4914 0.5986 0.6325
vn 0.4912 0.5987 -0.6327
vn 0.2253 0.1846 -0.9566
vn 0.4918 0.4037 -0.7714
vn 0.6825 0.5602 -0.4694
vn 0.5985 0.4914 0.6327
vn 0.5988 0.4913 -0.6325
vn 0.2569 0.1373 -0.9566
vn 0.8776 0.4693 -0.0978
vn 0.6831 0.3650 0.6326
vn 0.8776 0.4694 0.0975
vn 0.9525 0.2885 -0.0975
vn 0.9160 0.2782 0.2889
vn 0.7410 0.2245 0.6328
vn 0.9161 0.2778 -0.2892
vn 0.9524 0.2888 0.0973
vn 0.2899 0.0282 -0.9566
vn 0.9528 0.0938 0.2886
vn 0.4710 0.0465 -0.8809
vn 0.2900 -0.0283 -0.9566
vn 0.7706 -0.0760 -0.6327
vn 0.5972 -0.1814 0.7814
vn 0.9525 -0.2887 -0.0973
vn 0.7411 -0.2246 0.6328
vn 0.9524 -0.2888 0.0974
vn 0.7786 -0.4162 0.4696
vn 0.5507 -0.2939 0.7813
vn 0.2569 -0.1373 -0.9566
vn 0.8778 -0.4691 -0.0974
vn 0.6831 -0.3651 -0.6325
vn 0.8776 -0.4694 0.0977
vn 0.6825 -0.5599 0.4698
vn 0.4826 -0.3960 0.7812
vn 0.7692 -0.6315 -0.0977
vn 0.5600 -0.6826 0.4696
vn 0.4038 -0.4919 -0.7713
vn 0.5601 -0.6825 -0.4696
vn 0.4915 -0.5987 0.6325
vn 0.6314 -0.7692 0.0978
vn 0.4691 -0.8777 -0.0973
vn 0.2229 -0.4174 -0.8810
vn 0.4694 -0.8776 0.0977
vn 0.1814 -0.5972 0.7813
vn 0.2887 -0.9525 -0.0973
vn 0.2888 -0.9524 0.0974
vn 0.0866 -0.8785 0.4697
vn 0.0612 -0.6214 0.7811
vn 0.0283 -0.2899 -0.9566
vn 0.0465 -0.4711 -0.8809
vn -0.2563 -0.8448 0.4697
vn -0.1814 -0.5973 0.7812
vn -0.2885 -0.9525 -0.0976
vn -0.1373 -0.4529 -0.8809
vn -0.2888 -0.9524 0.0972
vn -0.1373 -0.2569 -0.9567
vn -0.4693 -0.8776 -0.0977
vn -0.3651 -0.6831 -0.6325
vn -0.4694 -0.8776 0.0976
vn -0.1846 -0.2253 -0.9566
vn -0.4038 -0.4919 -0.7713
vn -0.5602 -0.6825 -0.4694
vn -0.4914 -0.5986 0.6327
vn -0.6826 -0.5600 0.4696
vn -0.4827 -0.3961 0.7811
vn -0.4918 -0.4037 -0.7714
vn -0.6825 -0.5601 -0.4695
vn -0.7692 -0.6315 -0.0977
vn -0.7692 -0.6314 0.0977
vn -0.2569 -0.1373 -0.9567
vn -0.8776 -0.4693 -0.0977
vn -0.6831 -0.3651 -0.6325
vn -0.8776 -0.4694 0.0975
vn -0.5973 -0.1814 0.7813
vn -0.9525 -0.2885 -0.0975
vn -0.7411 -0.2246 0.6327
vn -0.9524 -0.2888 0.0973
vn -0.2898 -0.0285 -0.9567
vn -0.9528 -0.0938 0.2886
vn -0.4711 -0.0465 -0.8809
vn -0.7706 -0.0760 -0.6328
vn -0.5861 -0.0578 0.8082
vn -0.3735 -0.4552 0.8083
vn -0.2771 -0.5192 0.8084
vn -0.0577 -0.5862 0.8081
vn 0.0577 -0.5861 0.8082
vn 0.2771 -0.5192 0.8085
vn 0.3735 -0.4551 0.8083
vn 0.5862 -0.0578 0.8081
vn 0.5636 0.1712 0.8081
vn 0.4552 0.3735 0.8083
vn 0.3735 0.4551 0.8083
vn 0.1711 0.5634 0.8083
vn 0.0577 0.5862 0.8081
vn -0.0577 0.5861 0.8082
vn -0.1711 0.5635 0.8082
vn -0.2772 0.5193 0.8084
vn -0.3735 0.4552 0.8083
vn -0.4552 0.3735 0.8082
vn -0.5634 0.1711 0.8082
vt 0.827841 0.456444
vt 0.826865 0.455402
vt 0.827907 0.456096
vt 0.842058 0.471775
vt 0.837976 0.467212
vt 0.842847 0.461572
vt 0.870015 0.218946
vt 0.894946 0.209010
vt 0.891536 0.243748
vt 0.626067 0.713548
vt 0.646852 0.690397
vt 0.655533 0.703344
vt 0.873927 0.494550
vt 0.876257 0.493740
vt 0.875382 0.496354
vt 0.872019 0.483542
vt 0.870940 0.482536
vt 0.871472 0.470778
vt 0.871509 0.449954
vt 0.872148 0.460940
vt 0.869884 0.450896
vt 0.165800 0.455529
vt 0.164845 0.456567
vt 0.164776 0.456219
vt 0.154869 0.467361
vt 0.150856 0.471940
vt 0.149956 0.461721
vt 0.838315 0.395768
vt 0.844026 0.400208
vt 0.840380 0.402876
vt 0.846600 0.382012
vt 0.849120 0.393760
vt 0.841435 0.384948
vt 0.862553 0.515661
vt 0.863353 0.509890
vt 0.865905 0.512859
vt 0.903197 0.443541
vt 0.890997 0.445717
vt 0.896335 0.420583
vt 0.864481 0.490056
vt 0.865943 0.493748
vt 0.862936 0.493077
vt 0.878909 0.496392
vt 0.877836 0.499308
vt 0.823238 0.423976
vt 0.816272 0.418672
vt 0.824230 0.409451
vt 0.838080 0.460496
vt 0.836168 0.468022
vt 0.870187 0.437303
vt 0.863523 0.429405
vt 0.865693 0.426083
vt 0.863829 0.437613
vt 0.863830 0.440753
vt 0.857959 0.433341
vt 0.867019 0.499853
vt 0.864036 0.505455
vt 0.863152 0.504591
vt 0.897221 0.488439
vt 0.899057 0.503323
vt 0.896823 0.503983
vt 0.866905 0.491780
vt 0.869888 0.490883
vt 0.868763 0.493053
vt 0.844697 0.494535
vt 0.847181 0.492958
vt 0.846961 0.495396
vt 0.888614 0.415091
vt 0.878802 0.397244
vt 0.876764 0.389051
vt 0.836173 0.388504
vt 0.834026 0.395287
vt 0.831825 0.387866
vt 0.850583 0.499869
vt 0.851510 0.496872
vt 0.854041 0.497539
vt 0.866125 0.487052
vt 0.868225 0.489363
vt 0.868953 0.463043
vt 0.862904 0.475192
vt 0.864392 0.461427
vt 0.872170 0.490753
vt 0.873166 0.482859
vt 0.814715 0.439052
vt 0.820247 0.442227
vt 0.815386 0.446010
vt 0.874814 0.407608
vt 0.875562 0.396903
vt 0.879540 0.411076
vt 0.857822 0.497888
vt 0.854636 0.491664
vt 0.857133 0.491101
vt 0.852684 0.402568
vt 0.859029 0.403657
vt 0.857200 0.408243
vt 0.863556 0.485000
vt 0.861944 0.487965
vt 0.817191 0.430877
vt 0.822995 0.435592
vt 0.820870 0.466724
vt 0.824843 0.464314
vt 0.825851 0.465959
vt 0.815771 0.465966
vt 0.817856 0.463741
vt 0.818798 0.467103
vt 0.826902 0.466657
vt 0.826344 0.465087
vt 0.826963 0.465058
vt 0.867416 0.476409
vt 0.870879 0.466015
vt 0.869476 0.479087
vt 0.835489 0.444680
vt 0.839104 0.439991
vt 0.837491 0.446209
vt 0.818719 0.449140
vt 0.824589 0.446916
vt 0.821894 0.452148
vt 0.873450 0.448904
vt 0.878909 0.459689
vt 0.875985 0.460354
vt 0.872027 0.503703
vt 0.875232 0.504611
vt 0.873706 0.507233
vt 0.913942 0.372248
vt 0.910810 0.410742
vt 0.892795 0.368057
vt 0.851839 0.409438
vt 0.855720 0.414436
vt 0.849343 0.501995
vt 0.852223 0.501391
vt 0.855562 0.503813
vt 0.838856 0.492407
vt 0.836210 0.497003
vt 0.835143 0.493577
vt 0.833641 0.524315
vt 0.825758 0.523817
vt 0.824494 0.509354
vt 0.876011 0.382443
vt 0.848993 0.398547
vt 0.841142 0.391893
vt 0.836186 0.380433
vt 0.840694 0.489359
vt 0.844147 0.488818
vt 0.842631 0.492279
vt 0.866551 0.496353
vt 0.867676 0.494849
vt 0.865297 0.497855
vt 0.862330 0.499569
vt 0.864020 0.496699
vt 0.846809 0.489395
vt 0.845915 0.486975
vt 0.863402 0.453967
vt 0.865473 0.447501
vt 0.868216 0.455204
vt 0.885552 0.469190
vt 0.889406 0.487571
vt 0.886308 0.487255
vt 0.893600 0.452797
vt 0.906806 0.470475
vt 0.898399 0.469472
vt 0.840313 0.488493
vt 0.841474 0.486048
vt 0.814942 0.400565
vt 0.861999 0.391729
vt 0.865396 0.386821
vt 0.867006 0.399398
vt 0.827310 0.462459
vt 0.827830 0.464426
vt 0.840662 0.499750
vt 0.839852 0.495550
vt 0.853694 0.398236
vt 0.831159 0.479268
vt 0.822201 0.482616
vt 0.825611 0.471616
vt 0.834363 0.443763
vt 0.835726 0.439241
vt 0.848779 0.405351
vt 0.842170 0.480592
vt 0.846995 0.474293
vt 0.843139 0.481763
vt 0.854377 0.382884
vt 0.856214 0.389598
vt 0.850473 0.382115
vt 0.848576 0.488354
vt 0.850112 0.490893
vt 0.848590 0.490914
vt 0.848141 0.485157
vt 0.853582 0.390914
vt 0.870296 0.457783
vt 0.870133 0.493228
vt 0.871296 0.490781
vt 0.828116 0.456781
vt 0.828338 0.457060
vt 0.828099 0.457058
vt 0.828269 0.456009
vt 0.828574 0.456299
vt 0.828169 0.456406
vt 0.828739 0.454554
vt 0.830826 0.453572
vt 0.829438 0.455268
vt 0.873008 0.490889
vt 0.872106 0.493568
vt 0.867798 0.497175
vt 0.869023 0.495378
vt 0.813626 0.451266
vt 0.817093 0.450008
vt 0.816442 0.452822
vt 0.824350 0.395864
vt 0.829501 0.402016
vt 0.844427 0.472826
vt 0.848408 0.462167
vt 0.848950 0.500912
vt 0.847276 0.525033
vt 0.853080 0.519142
vt 0.854777 0.524826
vt 0.828156 0.455564
vt 0.828349 0.454453
vt 0.828385 0.455468
vt 0.827833 0.456816
vt 0.826692 0.456246
vt 0.829235 0.461455
vt 0.827896 0.458828
vt 0.828578 0.458422
vt 0.827866 0.444228
vt 0.828832 0.437216
vt 0.831484 0.443654
vt 0.842333 0.484020
vt 0.851557 0.433941
vt 0.852536 0.429870
vt 0.827043 0.458047
vt 0.826006 0.461257
vt 0.825145 0.460133
vt 0.831353 0.514392
vt 0.839442 0.512336
vt 0.839093 0.521955
vt 0.901202 0.540443
vt 0.906030 0.547063
vt 0.893380 0.565617
vt 0.876358 0.421251
vt 0.880120 0.426829
vt 0.865041 0.495361
vt 0.829413 0.457025
vt 0.828438 0.456741
vt 0.827875 0.457305
vt 0.827333 0.458555
vt 0.834400 0.484499
vt 0.838510 0.482213
vt 0.838422 0.486832
vt 0.829764 0.434392
vt 0.822729 0.430085
vt 0.883518 0.458053
vt 0.876382 0.447390
vt 0.880796 0.445447
vt 0.849181 0.493012
vt 0.852394 0.492252
vt 0.818204 0.452463
vt 0.828647 0.455809
vt 0.884507 0.499233
vt 0.858140 0.395432
vt 0.863034 0.401494
vt 0.830765 0.459446
vt 0.829107 0.457866
vt 0.818032 0.456219
vt 0.821361 0.455110
vt 0.821563 0.458333
vt 0.846693 0.444503
vt 0.845698 0.453704
vt 0.842916 0.451400
vt 0.880686 0.507364
vt 0.878487 0.510394
vt 0.858323 0.545975
vt 0.863625 0.537467
vt 0.872414 0.538309
vt 0.809760 0.419093
vt 0.813500 0.427367
vt 0.840782 0.491898
vt 0.840360 0.490638
vt 0.883175 0.428313
vt 0.855501 0.437323
vt 0.855438 0.443606
vt 0.850535 0.440915
vt 0.866251 0.507358
vt 0.860721 0.441452
vt 0.512697 0.504195
vt 0.513067 0.504456
vt 0.512684 0.504669
vt 0.828563 0.455379
vt 0.505058 0.505642
vt 0.507875 0.503852
vt 0.507972 0.507293
vt 0.512335 0.508938
vt 0.510077 0.512472
vt 0.510052 0.508717
vt 0.514515 0.503892
vt 0.513301 0.503601
vt 0.514308 0.502955
vt 0.515702 0.499885
vt 0.513324 0.500964
vt 0.513730 0.498908
vt 0.607350 0.540611
vt 0.618975 0.526944
vt 0.620706 0.532580
vt 0.124014 0.218952
vt 0.099625 0.209027
vt 0.132266 0.193780
vt 0.831926 0.429504
vt 0.869474 0.498017
vt 0.870133 0.501385
vt 0.867880 0.500126
vt 0.856221 0.485346
vt 0.854964 0.476579
vt 0.859501 0.475270
vt 0.877449 0.485093
vt 0.874834 0.491952
vt 0.875665 0.483738
vt 0.873360 0.501225
vt 0.876614 0.501958
vt 0.841095 0.479381
vt 0.805414 0.436792
vt 0.810321 0.436713
vt 0.892196 0.594266
vt 0.881916 0.571862
vt 0.836877 0.428859
vt 0.833086 0.413826
vt 0.837725 0.414975
vt 0.848004 0.507703
vt 0.845494 0.509822
vt 0.843622 0.504405
vt 0.844002 0.416461
vt 0.828052 0.457252
vt 0.828261 0.457238
vt 0.838708 0.479561
vt 0.839042 0.477802
vt 0.873821 0.482824
vt 0.841574 0.492499
vt 0.735380 0.595059
vt 0.746723 0.622955
vt 0.734142 0.625525
vt 0.806992 0.474518
vt 0.809147 0.456029
vt 0.813424 0.478681
vt 0.688497 0.515273
vt 0.675381 0.493409
vt 0.689271 0.492812
vt 0.834603 0.403046
vt 0.837606 0.403441
vt 0.816953 0.460105
vt 0.815875 0.463681
vt 0.815165 0.461557
vt 0.545483 0.595339
vt 0.561340 0.585414
vt 0.549221 0.600940
vt 0.518794 0.501766
vt 0.516426 0.504569
vt 0.515620 0.502466
vt 0.922067 0.475564
vt 0.916804 0.515723
vt 0.917837 0.459539
vt 0.702609 0.496283
vt 0.700502 0.518907
vt 0.598305 0.177246
vt 0.631221 0.160647
vt 0.650865 0.188922
vt 0.844660 0.377072
vt 0.829147 0.374883
vt 0.846930 0.370751
vt 0.511030 0.672679
vt 0.524864 0.660104
vt 0.526165 0.675057
vt 0.560268 0.788311
vt 0.530673 0.810853
vt 0.527456 0.791432
vt 0.834077 0.471401
vt 0.837115 0.474679
vt 0.836102 0.477765
vt 0.884644 0.415077
vt 0.529278 0.623530
vt 0.510111 0.632307
vt 0.510484 0.616017
vt 0.566976 0.806985
vt 0.533546 0.828017
vt 0.829741 0.487902
vt 0.834518 0.490395
vt 0.576070 0.568723
vt 0.590032 0.548918
vt 0.591544 0.553315
vt 0.816021 0.598369
vt 0.834984 0.572839
vt 0.828252 0.619165
vt 0.513764 0.505485
vt 0.513358 0.503917
vt 0.514804 0.507870
vt 0.522578 0.506258
vt 0.516757 0.510849
vt 0.512989 0.503347
vt 0.513175 0.502218
vt 0.513552 0.502344
vt 0.512822 0.504016
vt 0.512796 0.504144
vt 0.503668 0.508524
vt 0.502165 0.512866
vt 0.501425 0.507976
vt 0.513190 0.512449
vt 0.510196 0.504111
vt 0.512053 0.504588
vt 0.510245 0.505628
vt 0.511941 0.503989
vt 0.512554 0.503823
vt 0.512570 0.503939
vt 0.512653 0.504160
vt 0.512338 0.504729
vt 0.508944 0.499425
vt 0.510420 0.501562
vt 0.511322 0.506236
vt 0.512772 0.503886
vt 0.849040 0.430210
vt 0.846823 0.438440
vt 0.844002 0.435579
vt 0.852604 0.489893
vt 0.849713 0.491741
vt 0.859490 0.512043
vt 0.872856 0.496911
vt 0.874405 0.498745
vt 0.799000 0.494613
vt 0.783589 0.486921
vt 0.794853 0.465043
vt 0.848561 0.495287
vt 0.872259 0.469466
vt 0.873147 0.469339
vt 0.812520 0.657031
vt 0.843089 0.635107
vt 0.828194 0.673622
vt 0.617074 0.583026
vt 0.620821 0.582710
vt 0.620252 0.584600
vt 0.623581 0.584615
vt 0.622713 0.586620
vt 0.876467 0.554242
vt 0.867701 0.582874
vt 0.617641 0.580805
vt 0.624187 0.578736
vt 0.587850 0.592882
vt 0.593223 0.589141
vt 0.589369 0.594582
vt 0.605344 0.536366
vt 0.840205 0.489942
vt 0.840085 0.487871
vt 0.603224 0.575080
vt 0.593526 0.578528
vt 0.604336 0.570586
vt 0.609685 0.577108
vt 0.611579 0.573168
vt 0.838182 0.501180
vt 0.831447 0.499300
vt 0.583392 0.593640
vt 0.584890 0.585342
vt 0.585676 0.587324
vt 0.880876 0.470091
vt 0.877545 0.470008
vt 0.587059 0.590707
vt 0.592949 0.586449
vt 0.593757 0.574953
vt 0.845884 0.517276
vt 0.850768 0.513058
vt 0.638269 0.582255
vt 0.630538 0.582823
vt 0.634312 0.579590
vt 0.636311 0.572698
vt 0.640405 0.575426
vt 0.496576 0.591923
vt 0.508928 0.602069
vt 0.496593 0.603855
vt 0.605851 0.566318
vt 0.613550 0.568708
vt 0.818097 0.425891
vt 0.877311 0.433336
vt 0.631134 0.577046
vt 0.627535 0.580742
vt 0.627083 0.569172
vt 0.624238 0.563484
vt 0.630966 0.565091
vt 0.644022 0.578574
vt 0.646048 0.572456
vt 0.650388 0.576026
vt 0.646106 0.581556
vt 0.652481 0.581003
vt 0.856279 0.529400
vt 0.863956 0.531768
vt 0.852631 0.530653
vt 0.647358 0.565863
vt 0.653202 0.569565
vt 0.654610 0.562736
vt 0.661953 0.567757
vt 0.658639 0.574156
vt 0.668028 0.573558
vt 0.636508 0.566538
vt 0.635064 0.561020
vt 0.641742 0.562859
vt 0.368060 0.714197
vt 0.347288 0.690679
vt 0.373206 0.699728
vt 0.601030 0.582653
vt 0.595463 0.590613
vt 0.620449 0.577427
vt 0.613824 0.580182
vt 0.616262 0.576571
vt 0.602971 0.587835
vt 0.608858 0.595982
vt 0.606630 0.597002
vt 0.593675 0.595782
vt 0.597853 0.591954
vt 0.604755 0.598589
vt 0.841014 0.505658
vt 0.606845 0.561903
vt 0.618657 0.556448
vt 0.617669 0.559836
vt 0.626720 0.634207
vt 0.636822 0.632162
vt 0.629149 0.638316
vt 0.617384 0.634586
vt 0.618989 0.639365
vt 0.626287 0.612167
vt 0.621924 0.613739
vt 0.623243 0.610213
vt 0.627677 0.607573
vt 0.624237 0.606726
vt 0.620364 0.643831
vt 0.624525 0.589034
vt 0.628073 0.589723
vt 0.626314 0.591851
vt 0.619302 0.586771
vt 0.613726 0.598335
vt 0.613253 0.597093
vt 0.621266 0.646631
vt 0.609782 0.653721
vt 0.609590 0.650317
vt 0.616548 0.585438
vt 0.625786 0.586908
vt 0.633766 0.586250
vt 0.868540 0.523146
vt 0.864092 0.520060
vt 0.867481 0.516529
vt 0.890929 0.502588
vt 0.622033 0.591282
vt 0.613989 0.600950
vt 0.613890 0.599641
vt 0.621140 0.589013
vt 0.628725 0.598126
vt 0.624071 0.596774
vt 0.627851 0.595228
vt 0.613987 0.604688
vt 0.624498 0.603907
vt 0.613902 0.605946
vt 0.614023 0.603477
vt 0.614042 0.602252
vt 0.630655 0.593375
vt 0.639684 0.593254
vt 0.652386 0.587694
vt 0.645961 0.597584
vt 0.645560 0.586568
vt 0.495457 0.167657
vt 0.536350 0.159940
vt 0.536360 0.173776
vt 0.624571 0.601471
vt 0.628661 0.603948
vt 0.661892 0.579842
vt 0.662230 0.587471
vt 0.659032 0.600032
vt 0.673155 0.589137
vt 0.671188 0.601764
vt 0.633314 0.599519
vt 0.629067 0.600946
vt 0.632284 0.596411
vt 0.640880 0.605832
vt 0.649401 0.607973
vt 0.636899 0.612221
vt 0.643092 0.615417
vt 0.613763 0.607310
vt 0.633479 0.628707
vt 0.643130 0.625490
vt 0.671183 0.580956
vt 0.633474 0.618563
vt 0.638340 0.622042
vt 0.630626 0.609444
vt 0.632324 0.604167
vt 0.628621 0.615007
vt 0.602197 0.606482
vt 0.590147 0.610704
vt 0.590076 0.608379
vt 0.626154 0.620744
vt 0.629593 0.624753
vt 0.620183 0.621710
vt 0.621962 0.626056
vt 0.624159 0.616778
vt 0.614824 0.625560
vt 0.616146 0.630314
vt 0.713764 0.682147
vt 0.740827 0.657366
vt 0.727510 0.687880
vt 0.624110 0.630195
vt 0.611706 0.659848
vt 0.623291 0.649980
vt 0.627693 0.656201
vt 0.602283 0.609196
vt 0.592142 0.616797
vt 0.590957 0.613732
vt 0.608369 0.623222
vt 0.610222 0.613525
vt 0.614127 0.621690
vt 0.602190 0.607792
vt 0.586891 0.613965
vt 0.585111 0.609774
vt 0.589288 0.617568
vt 0.861742 0.372864
vt 0.864851 0.355415
vt 0.633635 0.518804
vt 0.572079 0.738226
vt 0.594420 0.720196
vt 0.602804 0.733237
vt 0.882846 0.503671
vt 0.829832 0.493332
vt 0.605852 0.614092
vt 0.602623 0.623295
vt 0.612999 0.610472
vt 0.618467 0.618403
vt 0.611880 0.612203
vt 0.584545 0.618598
vt 0.580865 0.613953
vt 0.595131 0.619368
vt 0.602539 0.610682
vt 0.603082 0.612132
vt 0.578615 0.609968
vt 0.577721 0.617494
vt 0.575111 0.612782
vt 0.581432 0.622873
vt 0.588887 0.622919
vt 0.591747 0.620938
vt 0.586903 0.627316
vt 0.593472 0.633083
vt 0.594078 0.628190
vt 0.595608 0.625378
vt 0.600734 0.634939
vt 0.608236 0.632113
vt 0.608700 0.636571
vt 0.591943 0.638043
vt 0.600910 0.630655
vt 0.608193 0.627519
vt 0.590113 0.643481
vt 0.584901 0.632138
vt 0.599019 0.644959
vt 0.600064 0.639879
vt 0.582085 0.598236
vt 0.579986 0.594846
vt 0.576821 0.602548
vt 0.586195 0.604614
vt 0.584586 0.599055
vt 0.588547 0.600099
vt 0.591525 0.595390
vt 0.579988 0.603322
vt 0.578209 0.607795
vt 0.573368 0.610167
vt 0.584884 0.606497
vt 0.578919 0.605626
vt 0.584495 0.608159
vt 0.602828 0.602238
vt 0.603497 0.600447
vt 0.574563 0.620965
vt 0.578064 0.627607
vt 0.564820 0.611830
vt 0.568107 0.613336
vt 0.565571 0.616286
vt 0.117210 0.493851
vt 0.119524 0.494663
vt 0.118092 0.496461
vt 0.122329 0.482707
vt 0.121284 0.483697
vt 0.121663 0.470888
vt 0.566433 0.606581
vt 0.567821 0.609808
vt 0.121427 0.449965
vt 0.120919 0.460973
vt 0.119208 0.460784
vt 0.574783 0.635192
vt 0.583111 0.638455
vt 0.569461 0.605710
vt 0.573563 0.606920
vt 0.583094 0.583056
vt 0.153804 0.395813
vt 0.148166 0.400258
vt 0.150946 0.391940
vt 0.581892 0.581599
vt 0.593326 0.571358
vt 0.576582 0.594195
vt 0.574286 0.594011
vt 0.619552 0.552929
vt 0.607395 0.558943
vt 0.607740 0.555933
vt 0.671657 0.151136
vt 0.623360 0.140133
vt 0.669444 0.564513
vt 0.143038 0.393787
vt 0.145432 0.382018
vt 0.150594 0.384988
vt 0.667279 0.553935
vt 0.660996 0.559305
vt 0.130139 0.509993
vt 0.130976 0.515745
vt 0.127630 0.512953
vt 0.090000 0.443329
vt 0.102148 0.445512
vt 0.099618 0.452587
vt 0.651873 0.555060
vt 0.646749 0.559214
vt 0.127396 0.493876
vt 0.128806 0.490204
vt 0.130360 0.493207
vt 0.114594 0.496494
vt 0.115676 0.499407
vt 0.175956 0.418777
vt 0.169078 0.424088
vt 0.167946 0.409559
vt 0.154693 0.460640
vt 0.129095 0.429485
vt 0.122591 0.437322
vt 0.126922 0.426147
vt 0.656382 0.549525
vt 0.644927 0.547206
vt 0.641630 0.552313
vt 0.632092 0.551231
vt 0.685811 0.586527
vt 0.128901 0.440913
vt 0.128874 0.437761
vt 0.134637 0.433513
vt 0.692279 0.573440
vt 0.681662 0.578555
vt 0.126395 0.499946
vt 0.129429 0.505565
vt 0.125558 0.500216
vt 0.697529 0.581880
vt 0.688251 0.599122
vt 0.563943 0.624463
vt 0.570513 0.627714
vt 0.564925 0.633617
vt 0.558059 0.638233
vt 0.567246 0.644244
vt 0.559424 0.649226
vt 0.096339 0.488441
vt 0.094686 0.503314
vt 0.095359 0.488082
vt 0.126427 0.491921
vt 0.123469 0.491033
vt 0.125096 0.489518
vt 0.148451 0.494678
vt 0.145972 0.493106
vt 0.147733 0.491278
vt 0.113607 0.397153
vt 0.104166 0.414911
vt 0.115526 0.388903
vt 0.558152 0.628565
vt 0.557708 0.616970
vt 0.562570 0.619754
vt 0.558072 0.623155
vt 0.563594 0.607429
vt 0.561728 0.614173
vt 0.560378 0.607815
vt 0.592682 0.566585
vt 0.580395 0.580325
vt 0.158063 0.395356
vt 0.155868 0.388546
vt 0.160195 0.387914
vt 0.591798 0.564591
vt 0.578990 0.578766
vt 0.572042 0.593431
vt 0.142643 0.499990
vt 0.141702 0.497001
vt 0.144338 0.498530
vt 0.569248 0.592983
vt 0.127148 0.487213
vt 0.128552 0.461564
vt 0.124693 0.455365
vt 0.129459 0.454116
vt 0.621501 0.346150
vt 0.598586 0.340764
vt 0.608331 0.329450
vt 0.124040 0.463188
vt 0.130206 0.475357
vt 0.125735 0.476585
vt 0.718346 0.475276
vt 0.740050 0.463946
vt 0.732541 0.489889
vt 0.121226 0.490893
vt 0.122083 0.490930
vt 0.087872 0.524952
vt 0.094456 0.509046
vt 0.097096 0.517213
vt 0.496638 0.645071
vt 0.496625 0.631456
vt 0.657002 0.667209
vt 0.668154 0.675497
vt 0.640877 0.678015
vt 0.647816 0.658559
vt 0.510348 0.455822
vt 0.496196 0.459443
vt 0.496203 0.455843
vt 0.697171 0.627110
vt 0.688575 0.612696
vt 0.700980 0.611010
vt 0.685173 0.626475
vt 0.677179 0.613209
vt 0.659318 0.648863
vt 0.669998 0.654597
vt 0.690573 0.643419
vt 0.678244 0.640655
vt 0.177725 0.439167
vt 0.172244 0.442356
vt 0.169441 0.435719
vt 0.667601 0.637631
vt 0.116806 0.396831
vt 0.117675 0.407504
vt 0.113061 0.410951
vt 0.701389 0.596194
vt 0.569947 0.656791
vt 0.583353 0.662647
vt 0.579974 0.670936
vt 0.574124 0.677771
vt 0.590610 0.692187
vt 0.597881 0.681450
vt 0.575217 0.651355
vt 0.562593 0.661933
vt 0.512004 0.500921
vt 0.135470 0.498002
vt 0.138567 0.491801
vt 0.139203 0.497657
vt 0.151168 0.432110
vt 0.143474 0.430336
vt 0.145449 0.425274
vt 0.516445 0.488326
vt 0.507223 0.483405
vt 0.519424 0.482924
vt 0.598283 0.649077
vt 0.133217 0.403715
vt 0.139551 0.402627
vt 0.135087 0.408336
vt 0.175168 0.430982
vt 0.102728 0.502646
vt 0.096889 0.504015
vt 0.912058 0.689267
vt 0.907357 0.733069
vt 0.894950 0.709852
vt 0.582130 0.645108
vt 0.584139 0.644258
vt 0.129668 0.485163
vt 0.131294 0.488114
vt 0.524213 0.609833
vt 0.609219 0.641580
vt 0.609321 0.646571
vt 0.630774 0.640755
vt 0.634069 0.644000
vt 0.171893 0.466849
vt 0.167908 0.464449
vt 0.173095 0.463698
vt 0.529130 0.575825
vt 0.516811 0.567236
vt 0.528800 0.565557
vt 0.174863 0.463852
vt 0.176972 0.466065
vt 0.173963 0.467224
vt 0.654247 0.621616
vt 0.649736 0.618365
vt 0.659657 0.615772
vt 0.659121 0.622906
vt 0.657806 0.611827
vt 0.665029 0.615081
vt 0.166425 0.465229
vt 0.165882 0.466799
vt 0.165807 0.465197
vt 0.144454 0.462305
vt 0.148523 0.472982
vt 0.146000 0.474440
vt 0.581755 0.650305
vt 0.122175 0.466145
vt 0.123731 0.479260
vt 0.588053 0.650969
vt 0.138723 0.524964
vt 0.129487 0.520137
vt 0.598879 0.670340
vt 0.597802 0.658869
vt 0.153467 0.440115
vt 0.157117 0.444812
vt 0.155139 0.446345
vt 0.167973 0.447048
vt 0.173838 0.449263
vt 0.170707 0.452281
vt 0.167236 0.471755
vt 0.173202 0.470992
vt 0.170725 0.482753
vt 0.119500 0.448893
vt 0.114219 0.459663
vt 0.116584 0.447365
vt 0.597704 0.652690
vt 0.167717 0.395948
vt 0.162728 0.374933
vt 0.177105 0.400674
vt 0.121480 0.503791
vt 0.118301 0.504705
vt 0.120134 0.501321
vt 0.152498 0.482205
vt 0.154490 0.482386
vt 0.152980 0.484696
vt 0.650134 0.641770
vt 0.639670 0.649566
vt 0.643468 0.637218
vt 0.079885 0.372002
vt 0.082758 0.410666
vt 0.071206 0.415476
vt 0.140460 0.409517
vt 0.136635 0.414551
vt 0.168691 0.509508
vt 0.161920 0.514516
vt 0.167555 0.503813
vt 0.112781 0.486667
vt 0.658855 0.633603
vt 0.652118 0.630403
vt 0.516556 0.320179
vt 0.495554 0.309736
vt 0.518283 0.310595
vt 0.143891 0.502148
vt 0.141036 0.501496
vt 0.144269 0.501055
vt 0.156920 0.497164
vt 0.154239 0.492572
vt 0.157942 0.493738
vt 0.505405 0.363885
vt 0.495616 0.354825
vt 0.507392 0.356351
vt 0.167559 0.524009
vt 0.159730 0.524467
vt 0.670031 0.618552
vt 0.675006 0.626496
vt 0.665770 0.625329
vt 0.116235 0.382230
vt 0.096574 0.420337
vt 0.810210 0.446784
vt 0.806560 0.452759
vt 0.807268 0.445544
vt 0.898225 0.488134
vt 0.895254 0.468654
vt 0.161685 0.499450
vt 0.155004 0.501350
vt 0.182428 0.419200
vt 0.145511 0.499814
vt 0.146806 0.498153
vt 0.150486 0.492425
vt 0.148954 0.488973
vt 0.901599 0.500491
vt 0.909515 0.504110
vt 0.899334 0.509068
vt 0.138086 0.476747
vt 0.881500 0.520433
vt 0.873447 0.523940
vt 0.878700 0.516993
vt 0.503805 0.369681
vt 0.495608 0.363008
vt 0.862380 0.433351
vt 0.855370 0.427298
vt 0.854376 0.422465
vt 0.504671 0.536218
vt 0.496478 0.546108
vt 0.496452 0.536719
vt 0.868671 0.497700
vt 0.871113 0.493388
vt 0.091285 0.405461
vt 0.127450 0.355243
vt 0.591853 0.421981
vt 0.595072 0.441683
vt 0.579286 0.440476
vt 0.815461 0.468621
vt 0.869930 0.495686
vt 0.863322 0.495722
vt 0.861071 0.499198
vt 0.886046 0.457249
vt 0.887309 0.468437
vt 0.884949 0.457500
vt 0.889009 0.467807
vt 0.892258 0.488113
vt 0.151597 0.494415
vt 0.151537 0.492658
vt 0.152318 0.492064
vt 0.513983 0.490628
vt 0.505197 0.488105
vt 0.511731 0.495495
vt 0.508811 0.497471
vt 0.505713 0.495534
vt 0.143207 0.398593
vt 0.140342 0.487287
vt 0.144954 0.485310
vt 0.144548 0.488507
vt 0.119520 0.482929
vt 0.117974 0.469632
vt 0.120014 0.469379
vt 0.863027 0.435676
vt 0.866641 0.441524
vt 0.866689 0.442450
vt 0.859447 0.384333
vt 0.858188 0.388834
vt 0.155794 0.380475
vt 0.153921 0.477972
vt 0.155801 0.474848
vt 0.154272 0.479734
vt 0.869403 0.451247
vt 0.857741 0.505000
vt 0.855624 0.506390
vt 0.855346 0.505082
vt 0.858856 0.504067
vt 0.858772 0.505629
vt 0.152387 0.489511
vt 0.899227 0.487547
vt 0.182074 0.436830
vt 0.178802 0.427464
vt 0.816356 0.456400
vt 0.509151 0.448815
vt 0.496229 0.446032
vt 0.507452 0.445185
vt 0.846518 0.499773
vt 0.847690 0.499671
vt 0.842088 0.494587
vt 0.843983 0.497553
vt 0.843253 0.497798
vt 0.841529 0.494243
vt 0.832190 0.437950
vt 0.833032 0.443705
vt 0.856721 0.455209
vt 0.858014 0.462012
vt 0.126820 0.496465
vt 0.128304 0.495480
vt 0.131022 0.499687
vt 0.128072 0.497957
vt 0.129326 0.496811
vt 0.146313 0.489547
vt 0.147185 0.487129
vt 0.836807 0.395414
vt 0.153053 0.429013
vt 0.148345 0.416555
vt 0.127337 0.447673
vt 0.132593 0.447971
vt 0.107701 0.469174
vt 0.104093 0.487621
vt 0.105965 0.468379
vt 0.870823 0.495902
vt 0.868386 0.509868
vt 0.841661 0.497002
vt 0.086688 0.470289
vt 0.095034 0.469291
vt 0.179427 0.478817
vt 0.151585 0.486208
vt 0.152753 0.488652
vt 0.116334 0.421189
vt 0.112690 0.426725
vt 0.126773 0.386764
vt 0.130185 0.391694
vt 0.125281 0.399326
vt 0.841673 0.502561
vt 0.842580 0.500445
vt 0.844807 0.501959
vt 0.856067 0.507834
vt 0.859927 0.506638
vt 0.877670 0.540256
vt 0.860885 0.507680
vt 0.856924 0.509300
vt 0.131992 0.441625
vt 0.849388 0.503147
vt 0.846308 0.501544
vt 0.846301 0.500559
vt 0.164936 0.464566
vt 0.165437 0.462594
vt 0.134889 0.462173
vt 0.133575 0.475439
vt 0.131476 0.461645
vt 0.152519 0.499924
vt 0.153281 0.495720
vt 0.842990 0.456347
vt 0.826094 0.464213
vt 0.845951 0.457128
vt 0.138510 0.398275
vt 0.161772 0.479427
vt 0.163263 0.488052
vt 0.149623 0.504591
vt 0.152233 0.505835
vt 0.147824 0.510009
vt 0.847016 0.455126
vt 0.166130 0.451324
vt 0.168069 0.454079
vt 0.814213 0.500474
vt 0.132405 0.502326
vt 0.132265 0.499317
vt 0.105872 0.501131
vt 0.101277 0.488131
vt 0.851078 0.425043
vt 0.847002 0.425162
vt 0.144619 0.495427
vt 0.143989 0.493156
vt 0.872905 0.435104
vt 0.112404 0.540950
vt 0.117463 0.554329
vt 0.103782 0.548600
vt 0.871495 0.460942
vt 0.135939 0.389594
vt 0.137708 0.382847
vt 0.141577 0.382098
vt 0.156819 0.439362
vt 0.158227 0.443897
vt 0.593085 0.568997
vt 0.871135 0.460681
vt 0.850295 0.419238
vt 0.869330 0.451150
vt 0.123564 0.451261
vt 0.122666 0.457921
vt 0.121885 0.460781
vt 0.856934 0.448765
vt 0.860183 0.447818
vt 0.853972 0.449920
vt 0.852838 0.445365
vt 0.150846 0.480761
vt 0.149900 0.481921
vt 0.112206 0.520501
vt 0.112749 0.532131
vt 0.106476 0.525100
vt 0.107156 0.487330
vt 0.174219 0.425998
vt 0.873566 0.396725
vt 0.507138 0.568350
vt 0.496506 0.557105
vt 0.506955 0.556829
vt 0.840048 0.484530
vt 0.841466 0.483081
vt 0.840797 0.485217
vt 0.859945 0.454421
vt 0.861443 0.461495
vt 0.151824 0.402929
vt 0.143469 0.405418
vt 0.840514 0.482035
vt 0.499339 0.502612
vt 0.496336 0.507190
vt 0.496309 0.502312
vt 0.514640 0.329083
vt 0.495611 0.336761
vt 0.495574 0.327991
vt 0.143041 0.491038
vt 0.144553 0.491062
vt 0.145261 0.491917
vt 0.860830 0.489973
vt 0.857758 0.487913
vt 0.154587 0.490677
vt 0.145308 0.507906
vt 0.137336 0.507935
vt 0.144156 0.506192
vt 0.887687 0.435499
vt 0.825316 0.448901
vt 0.828335 0.448233
vt 0.826493 0.451200
vt 0.149191 0.496841
vt 0.859013 0.484650
vt 0.855113 0.488739
vt 0.852810 0.487134
vt 0.866326 0.499152
vt 0.862646 0.501132
vt 0.129711 0.531843
vt 0.137262 0.529517
vt 0.140890 0.530784
vt 0.138571 0.390932
vt 0.825122 0.462901
vt 0.881463 0.540893
vt 0.890411 0.539287
vt 0.890185 0.548544
vt 0.517524 0.738833
vt 0.496711 0.756070
vt 0.496670 0.739258
vt 0.123253 0.493362
vt 0.124605 0.493188
vt 0.158790 0.471568
vt 0.164575 0.456905
vt 0.164358 0.457185
vt 0.164254 0.456866
vt 0.834315 0.505848
vt 0.825587 0.503685
vt 0.161841 0.453700
vt 0.163932 0.454680
vt 0.163243 0.455395
vt 0.829213 0.397026
vt 0.846380 0.498011
vt 0.164414 0.456134
vt 0.164114 0.456425
vt 0.164036 0.455935
vt 0.822864 0.453260
vt 0.893447 0.467841
vt 0.131415 0.503692
vt 0.130725 0.501248
vt 0.834744 0.451673
vt 0.832660 0.448714
vt 0.120405 0.491017
vt 0.121315 0.493690
vt 0.166926 0.466103
vt 0.125595 0.497283
vt 0.125695 0.494972
vt 0.540716 0.609765
vt 0.534111 0.603239
vt 0.178927 0.451378
vt 0.175465 0.450129
vt 0.177125 0.446127
vt 0.120599 0.497018
vt 0.162636 0.402109
vt 0.130008 0.495838
vt 0.306173 0.175609
vt 0.271726 0.157314
vt 0.320525 0.151226
vt 0.588936 0.647679
vt 0.140367 0.519298
vt 0.146175 0.525177
vt 0.164522 0.455689
vt 0.164317 0.454580
vt 0.164884 0.454495
vt 0.165981 0.456376
vt 0.164857 0.456939
vt 0.593248 0.582888
vt 0.828108 0.446010
vt 0.163109 0.456245
vt 0.163515 0.461586
vt 0.164821 0.458956
vt 0.164685 0.444351
vt 0.163656 0.437341
vt 0.164294 0.455593
vt 0.164115 0.455504
vt 0.843973 0.496693
vt 0.150714 0.484181
vt 0.839266 0.456671
vt 0.835482 0.447027
vt 0.835077 0.458391
vt 0.832419 0.463270
vt 0.157130 0.455048
vt 0.161233 0.455440
vt 0.161263 0.457448
vt 0.141013 0.434082
vt 0.139986 0.430014
vt 0.149413 0.442856
vt 0.156841 0.477939
vt 0.158598 0.484661
vt 0.872401 0.421509
vt 0.864923 0.400484
vt 0.874771 0.420745
vt 0.164519 0.456530
vt 0.164859 0.465746
vt 0.827853 0.457101
vt 0.826782 0.457215
vt 0.831458 0.455309
vt 0.831996 0.445359
vt 0.845799 0.532056
vt 0.868129 0.448996
vt 0.835578 0.454916
vt 0.831453 0.457315
vt 0.157665 0.458528
vt 0.824571 0.453950
vt 0.165654 0.458178
vt 0.166721 0.461394
vt 0.165376 0.458683
vt 0.623362 0.573874
vt 0.631938 0.570488
vt 0.627607 0.575167
vt 0.140795 0.492391
vt 0.153858 0.512492
vt 0.158898 0.505998
vt 0.079974 0.536981
vt 0.092782 0.540463
vt 0.098862 0.565130
vt 0.838484 0.490513
vt 0.873879 0.460770
vt 0.163289 0.457152
vt 0.164823 0.457430
vt 0.126135 0.441577
vt 0.124716 0.439457
vt 0.579609 0.151601
vt 0.534965 0.142921
vt 0.162696 0.434514
vt 0.154613 0.486999
vt 0.109627 0.458019
vt 0.574187 0.564121
vt 0.152968 0.488039
vt 0.152871 0.490109
vt 0.781214 0.438251
vt 0.796889 0.436436
vt 0.847887 0.491769
vt 0.159548 0.443839
vt 0.158218 0.438982
vt 0.160321 0.438074
vt 0.846460 0.502961
vt 0.152726 0.490804
vt 0.834025 0.445028
vt 0.824334 0.458283
vt 0.822403 0.455957
vt 0.824110 0.456095
vt 0.174386 0.452582
vt 0.176142 0.452936
vt 0.136091 0.491238
vt 0.132418 0.490114
vt 0.544515 0.865441
vt 0.497502 0.886260
vt 0.497474 0.866962
vt 0.642416 0.737327
vt 0.619326 0.759157
vt 0.611275 0.745948
vt 0.839408 0.428900
vt 0.838400 0.433958
vt 0.134055 0.395454
vt 0.165903 0.457346
vt 0.164841 0.457225
vt 0.828944 0.451929
vt 0.828070 0.452461
vt 0.848287 0.442841
vt 0.844662 0.440691
vt 0.164574 0.452586
vt 0.161973 0.459579
vt 0.843203 0.442724
vt 0.841510 0.438158
vt 0.835578 0.435477
vt 0.171270 0.455239
vt 0.174598 0.456333
vt 0.171104 0.458461
vt 0.869775 0.513306
vt 0.876361 0.513264
vt 0.871914 0.519527
vt 0.145959 0.444638
vt 0.147044 0.453862
vt 0.142286 0.446903
vt 0.120239 0.421543
vt 0.119883 0.435109
vt 0.115504 0.433332
vt 0.816892 0.493808
vt 0.101369 0.592903
vt 0.112268 0.571927
vt 0.117596 0.610444
vt 0.112914 0.507447
vt 0.116908 0.502055
vt 0.135412 0.546105
vt 0.121368 0.538391
vt 0.130077 0.537561
vt 0.112192 0.445413
vt 0.112362 0.470085
vt 0.690596 0.462505
vt 0.704884 0.467959
vt 0.527621 0.400626
vt 0.532344 0.403463
vt 0.525828 0.404990
vt 0.590835 0.856742
vt 0.557496 0.885355
vt 0.512562 0.412577
vt 0.510405 0.414236
vt 0.509920 0.412702
vt 0.616530 0.431486
vt 0.607875 0.448149
vt 0.513157 0.414386
vt 0.510772 0.415369
vt 0.706139 0.544956
vt 0.693071 0.552724
vt 0.696843 0.538496
vt 0.614056 0.371650
vt 0.596617 0.363660
vt 0.609313 0.355157
vt 0.579262 0.472490
vt 0.599593 0.462834
vt 0.588878 0.478079
vt 0.638273 0.556895
vt 0.509340 0.415427
vt 0.508982 0.414272
vt 0.546374 0.512126
vt 0.551629 0.507151
vt 0.555587 0.516867
vt 0.860967 0.502216
vt 0.861984 0.503578
vt 0.527162 0.499287
vt 0.523046 0.496975
vt 0.534908 0.497467
vt 0.171035 0.469486
vt 0.170221 0.493284
vt 0.163228 0.493474
vt 0.839064 0.452887
vt 0.745698 0.586680
vt 0.731815 0.564972
vt 0.739753 0.550363
vt 0.512583 0.506208
vt 0.529936 0.585635
vt 0.541892 0.590368
vt 0.530723 0.594725
vt 0.137131 0.437484
vt 0.137258 0.443751
vt 0.132572 0.507788
vt 0.514222 0.501409
vt 0.519405 0.598966
vt 0.517431 0.588507
vt 0.885098 0.429574
vt 0.847930 0.457579
vt 0.590053 0.603431
vt 0.602277 0.605207
vt 0.589971 0.605967
vt 0.521665 0.513111
vt 0.528992 0.506912
vt 0.834313 0.438857
vt 0.833330 0.436734
vt 0.495604 0.155380
vt 0.495763 0.140227
vt 0.456642 0.142801
vt 0.819626 0.463578
vt 0.515322 0.515574
vt 0.526392 0.515320
vt 0.522088 0.521893
vt 0.518357 0.518892
vt 0.510266 0.435417
vt 0.503397 0.432709
vt 0.508429 0.429012
vt 0.696546 0.704386
vt 0.708617 0.712859
vt 0.837775 0.862671
vt 0.800596 0.904287
vt 0.807062 0.878193
vt 0.792384 0.228006
vt 0.810809 0.205530
vt 0.827256 0.237922
vt 0.511452 0.502781
vt 0.496248 0.490635
vt 0.502170 0.493027
vt 0.496263 0.493190
vt 0.606835 0.873017
vt 0.581502 0.903595
vt 0.829584 0.456118
vt 0.479636 0.504410
vt 0.480006 0.504149
vt 0.480021 0.504624
vt 0.497596 0.905660
vt 0.502668 0.429395
vt 0.507072 0.426047
vt 0.479362 0.500914
vt 0.476979 0.499827
vt 0.478947 0.498856
vt 0.514408 0.430152
vt 0.519491 0.443818
vt 0.515806 0.440655
vt 0.554820 0.487678
vt 0.550678 0.479113
vt 0.566053 0.473330
vt 0.480131 0.503895
vt 0.480651 0.504547
vt 0.480085 0.504064
vt 0.526672 0.488971
vt 0.533357 0.482286
vt 0.533546 0.491803
vt 0.539318 0.489023
vt 0.522566 0.491348
vt 0.519136 0.498251
vt 0.517108 0.496102
vt 0.802223 0.635054
vt 0.911653 0.824908
vt 0.909457 0.776219
vt 0.937275 0.784646
vt 0.827920 0.465609
vt 0.548163 0.753960
vt 0.524567 0.772294
vt 0.521114 0.755115
vt 0.512800 0.503781
vt 0.789443 0.262334
vt 0.805713 0.314811
vt 0.772247 0.268393
vt 0.823787 0.461097
vt 0.864087 0.526570
vt 0.524935 0.455792
vt 0.522702 0.452061
vt 0.541686 0.452855
vt 0.539225 0.447545
vt 0.496233 0.488112
vt 0.503545 0.490605
vt 0.589534 0.391848
vt 0.577791 0.384208
vt 0.588611 0.380784
vt 0.588049 0.403513
vt 0.601352 0.390783
vt 0.598814 0.405900
vt 0.573652 0.431877
vt 0.555910 0.440236
vt 0.568941 0.424675
vt 0.560008 0.455333
vt 0.543218 0.459099
vt 0.559393 0.446902
vt 0.822721 0.458698
vt 0.612299 0.596173
vt 0.614196 0.389666
vt 0.610985 0.408415
vt 0.600915 0.376482
vt 0.604171 0.426149
vt 0.558153 0.401767
vt 0.569231 0.394169
vt 0.568140 0.401424
vt 0.578795 0.392815
vt 0.568586 0.388067
vt 0.557248 0.408636
vt 0.566482 0.409114
vt 0.537214 0.409458
vt 0.530182 0.416044
vt 0.529265 0.410116
vt 0.127244 0.507464
vt 0.125146 0.509968
vt 0.839953 0.448188
vt 0.715060 0.503416
vt 0.746934 0.525283
vt 0.727481 0.517036
vt 0.917567 0.439888
vt 0.911571 0.435363
vt 0.528917 0.405202
vt 0.526788 0.408573
vt 0.523558 0.407959
vt 0.513820 0.415534
vt 0.544497 0.397804
vt 0.621038 0.548656
vt 0.608100 0.552583
vt 0.546305 0.401817
vt 0.559107 0.395101
vt 0.535378 0.405270
vt 0.558542 0.392259
vt 0.547091 0.408584
vt 0.538944 0.416983
vt 0.547339 0.416702
vt 0.556224 0.417727
vt 0.531490 0.440960
vt 0.544932 0.433189
vt 0.535487 0.444197
vt 0.521170 0.434825
vt 0.512304 0.419513
vt 0.509637 0.422161
vt 0.510564 0.418688
vt 0.526373 0.436745
vt 0.538877 0.430268
vt 0.511441 0.424242
vt 0.516249 0.423275
vt 0.514804 0.416911
vt 0.511745 0.417312
vt 0.511303 0.416420
vt 0.509763 0.416510
vt 0.510192 0.417292
vt 0.511111 0.459534
vt 0.496174 0.464125
vt 0.531619 0.112351
vt 0.495872 0.125641
vt 0.495922 0.111115
vt 0.526250 0.426483
vt 0.532429 0.428046
vt 0.515662 0.418857
vt 0.642113 0.585364
vt 0.638014 0.590149
vt 0.507264 0.580003
vt 0.496535 0.569162
vt 0.551165 0.435415
vt 0.521241 0.448284
vt 0.509893 0.452544
vt 0.627586 0.559022
vt 0.587537 0.351649
vt 0.581844 0.328914
vt 0.512456 0.410520
vt 0.509192 0.411594
vt 0.551217 0.387898
vt 0.555452 0.373888
vt 0.562644 0.382925
vt 0.576554 0.361362
vt 0.556818 0.358955
vt 0.565554 0.350706
vt 0.572917 0.377375
vt 0.584247 0.371036
vt 0.545776 0.378739
vt 0.547575 0.364595
vt 0.573372 0.455862
vt 0.613185 0.584938
vt 0.610876 0.595720
vt 0.565741 0.369285
vt 0.630099 0.555227
vt 0.526487 0.397253
vt 0.511446 0.403299
vt 0.522995 0.388556
vt 0.779178 0.865621
vt 0.818133 0.848992
vt 0.573557 0.340643
vt 0.532609 0.376887
vt 0.531879 0.390520
vt 0.527872 0.382313
vt 0.555904 0.330797
vt 0.496241 0.482658
vt 0.508994 0.477727
vt 0.527186 0.342028
vt 0.532102 0.333509
vt 0.523723 0.370777
vt 0.529186 0.363661
vt 0.539348 0.370736
vt 0.533212 0.396957
vt 0.549551 0.340559
vt 0.538715 0.313464
vt 0.536257 0.324240
vt 0.560010 0.318855
vt 0.542545 0.348792
vt 0.535360 0.355770
vt 0.517897 0.358633
vt 0.496217 0.449866
vt 0.496210 0.452659
vt 0.506048 0.501805
vt 0.503748 0.504458
vt 0.502951 0.498977
vt 0.500245 0.497900
vt 0.505238 0.500152
vt 0.526393 0.470827
vt 0.538676 0.474398
vt 0.523279 0.476930
vt 0.511587 0.515400
vt 0.509263 0.517317
vt 0.507926 0.519037
vt 0.506925 0.517443
vt 0.512468 0.517712
vt 0.508346 0.515004
vt 0.504635 0.508423
vt 0.504839 0.513087
vt 0.502799 0.515370
vt 0.504546 0.520287
vt 0.503523 0.517641
vt 0.506998 0.511702
vt 0.505680 0.515289
vt 0.513423 0.701458
vt 0.496676 0.721244
vt 0.496674 0.700385
vt 0.513281 0.519556
vt 0.515682 0.525436
vt 0.510898 0.522111
vt 0.508740 0.527931
vt 0.505990 0.523424
vt 0.520906 0.532412
vt 0.530520 0.528431
vt 0.512053 0.371570
vt 0.514715 0.366086
vt 0.504114 0.438864
vt 0.516244 0.382517
vt 0.503897 0.396345
vt 0.508839 0.377906
vt 0.519740 0.376361
vt 0.501592 0.402876
vt 0.498151 0.405557
vt 0.498760 0.402038
vt 0.497085 0.812617
vt 0.473892 0.501702
vt 0.476271 0.504514
vt 0.472945 0.505855
vt 0.495297 0.405251
vt 0.495398 0.401461
vt 0.487660 0.505616
vt 0.484833 0.503820
vt 0.486651 0.501775
vt 0.508756 0.410283
vt 0.508097 0.411771
vt 0.507332 0.410840
vt 0.499975 0.395274
vt 0.495532 0.394835
vt 0.512433 0.408124
vt 0.482669 0.512447
vt 0.480389 0.508903
vt 0.482675 0.508687
vt 0.482274 0.501522
vt 0.482508 0.504076
vt 0.481245 0.502740
vt 0.478183 0.503841
vt 0.479398 0.503552
vt 0.479343 0.503869
vt 0.505628 0.409176
vt 0.507281 0.407375
vt 0.521866 0.350561
vt 0.512286 0.337764
vt 0.503173 0.407559
vt 0.504859 0.404679
vt 0.733657 0.756547
vt 0.746327 0.721236
vt 0.762615 0.728409
vt 0.777683 0.738507
vt 0.787212 0.698478
vt 0.800741 0.715520
vt 0.714002 0.587146
vt 0.723974 0.602233
vt 0.714263 0.607027
vt 0.477070 0.502411
vt 0.478466 0.501355
vt 0.793385 0.840092
vt 0.829469 0.821333
vt 0.853506 0.871477
vt 0.893352 0.854190
vt 0.860410 0.887132
vt 0.848298 0.836743
vt 0.734656 0.874546
vt 0.756593 0.892816
vt 0.708212 0.900978
vt 0.677667 0.927363
vt 0.664771 0.899138
vt 0.496881 0.792407
vt 0.798186 0.923734
vt 0.896755 0.321851
vt 0.866272 0.315934
vt 0.776610 0.825800
vt 0.755370 0.850882
vt 0.870889 0.385338
vt 0.868375 0.385023
vt 0.901829 0.405782
vt 0.577962 0.401685
vt 0.803765 0.454062
vt 0.508141 0.399056
vt 0.885073 0.437078
vt 0.888007 0.447280
vt 0.613253 0.582441
vt 0.607792 0.580865
vt 0.625626 0.494808
vt 0.605805 0.500095
vt 0.618592 0.484563
vt 0.853467 0.379892
vt 0.856067 0.378506
vt 0.857310 0.380915
vt 0.870825 0.532831
vt 0.877254 0.535470
vt 0.859359 0.379283
vt 0.861605 0.381166
vt 0.635908 0.533490
vt 0.622640 0.542517
vt 0.622405 0.537558
vt 0.861451 0.377472
vt 0.865324 0.381150
vt 0.496610 0.617182
vt 0.496412 0.524952
vt 0.500919 0.521205
vt 0.501516 0.524429
vt 0.855772 0.375851
vt 0.763987 0.383409
vt 0.790724 0.381560
vt 0.782121 0.408923
vt 0.849921 0.378538
vt 0.813714 0.458141
vt 0.816383 0.266551
vt 0.817021 0.309268
vt 0.869605 0.382552
vt 0.896074 0.529959
vt 0.890763 0.525173
vt 0.893818 0.522483
vt 0.871300 0.485865
vt 0.875211 0.469610
vt 0.860547 0.393759
vt 0.583220 0.416632
vt 0.496262 0.430323
vt 0.922640 0.415840
vt 0.275629 0.212786
vt 0.260447 0.184716
vt 0.597986 0.621892
vt 0.601471 0.627029
vt 0.910789 0.567847
vt 0.837477 0.449665
vt 0.607836 0.583220
vt 0.601547 0.585579
vt 0.641442 0.569290
vt 0.891717 0.457641
vt 0.859261 0.502416
vt 0.374032 0.527031
vt 0.385766 0.540719
vt 0.372388 0.532676
vt 0.515422 0.497172
vt 0.511436 0.498715
vt 0.511739 0.496967
vt 0.858895 0.244265
vt 0.842644 0.214193
vt 0.880655 0.486596
vt 0.175714 0.460212
vt 0.176836 0.463777
vt 0.109056 0.499326
vt 0.885539 0.447508
vt 0.889706 0.457633
vt 0.897327 0.511008
vt 0.896723 0.517194
vt 0.127065 0.499249
vt 0.895759 0.535702
vt 0.889118 0.533454
vt 0.873903 0.640989
vt 0.889781 0.659102
vt 0.871162 0.677372
vt 0.910038 0.601245
vt 0.891300 0.622943
vt 0.121708 0.519615
vt 0.114955 0.517070
vt 0.117247 0.513351
vt 0.880799 0.536163
vt 0.869393 0.527736
vt 0.875365 0.528482
vt 0.880137 0.433566
vt 0.882567 0.436728
vt 0.849390 0.504553
vt 0.782755 0.752257
vt 0.805886 0.729645
vt 0.758499 0.787390
vt 0.787620 0.765824
vt 0.858718 0.626100
vt 0.854055 0.659370
vt 0.827778 0.454368
vt 0.563991 0.419177
vt 0.575506 0.411629
vt 0.602036 0.579051
vt 0.519208 0.493840
vt 0.115956 0.485171
vt 0.118605 0.492071
vt 0.841335 0.431988
vt 0.876438 0.611078
vt 0.630971 0.887634
vt 0.620961 0.918605
vt 0.849757 0.698009
vt 0.838881 0.683261
vt 0.819717 0.731913
vt 0.819481 0.752818
vt 0.845681 0.722403
vt 0.822423 0.775991
vt 0.848132 0.752101
vt 0.868820 0.702788
vt 0.873191 0.733015
vt 0.881039 0.532059
vt 0.887296 0.525042
vt 0.624362 0.599188
vt 0.762704 0.798304
vt 0.792308 0.777292
vt 0.767442 0.808817
vt 0.793752 0.796129
vt 0.826779 0.691096
vt 0.823396 0.360326
vt 0.837432 0.353794
vt 0.160491 0.429626
vt 0.169641 0.430205
vt 0.136948 0.485503
vt 0.772334 0.682395
vt 0.807641 0.525283
vt 0.790903 0.526456
vt 0.764466 0.543330
vt 0.783086 0.555325
vt 0.773649 0.592049
vt 0.125089 0.523227
vt 0.129539 0.526641
vt 0.793765 0.599501
vt 0.777104 0.638269
vt 0.120883 0.469538
vt 0.123336 0.501475
vt 0.123957 0.498119
vt 0.681220 0.659993
vt 0.147499 0.517437
vt 0.142624 0.513239
vt 0.821763 0.469348
vt 0.635889 0.539468
vt 0.144874 0.457728
vt 0.138784 0.450060
vt 0.145754 0.455280
vt 0.151897 0.479557
vt 0.927190 0.559531
vt 0.924002 0.586949
vt 0.871632 0.499215
vt 0.496775 0.773065
vt 0.512182 0.502386
vt 0.512249 0.503561
vt 0.186940 0.436927
vt 0.542242 0.495094
vt 0.528193 0.494658
vt 0.142102 0.419351
vt 0.154283 0.522091
vt 0.894604 0.516829
vt 0.894923 0.511104
vt 0.673244 0.725044
vt 0.683356 0.734852
vt 0.861350 0.806737
vt 0.888892 0.810067
vt 0.889742 0.684185
vt 0.100373 0.367920
vt 0.812081 0.808772
vt 0.134091 0.502519
vt 0.134519 0.504169
vt 0.155566 0.428985
vt 0.159172 0.413941
vt 0.498047 0.923828
vt 0.496558 0.581177
vt 0.507950 0.590528
vt 0.930377 0.477399
vt 0.922426 0.526688
vt 0.847206 0.786251
vt 0.722598 0.578171
vt 0.708540 0.568110
vt 0.714984 0.554815
vt 0.559332 0.579134
vt 0.554907 0.557706
vt 0.569882 0.552118
vt 0.556184 0.566259
vt 0.701322 0.559063
vt 0.552834 0.550107
vt 0.542384 0.552612
vt 0.550708 0.540023
vt 0.120153 0.482992
vt 0.547982 0.492008
vt 0.555576 0.499506
vt 0.563006 0.495411
vt 0.576610 0.494439
vt 0.569573 0.508144
vt 0.567633 0.489816
vt 0.868056 0.439421
vt 0.579948 0.528232
vt 0.564701 0.534777
vt 0.575773 0.519132
vt 0.539218 0.520125
vt 0.543654 0.539955
vt 0.567410 0.542768
vt 0.584293 0.537043
vt 0.541460 0.508150
vt 0.531686 0.516832
vt 0.822714 0.461454
vt 0.818606 0.460085
vt 0.517337 0.578904
vt 0.604122 0.613375
vt 0.547154 0.528836
vt 0.884307 0.516760
vt 0.889853 0.520964
vt 0.107803 0.429420
vt 0.105305 0.435312
vt 0.571707 0.558377
vt 0.557819 0.572631
vt 0.598489 0.487734
vt 0.585597 0.503678
vt 0.164138 0.458549
vt 0.164646 0.457376
vt 0.593609 0.513869
vt 0.611453 0.509405
vt 0.598275 0.522763
vt 0.609713 0.472319
vt 0.541731 0.581610
vt 0.608371 0.585714
vt 0.127342 0.400460
vt 0.117889 0.420741
vt 0.639461 0.634378
vt 0.199574 0.227939
vt 0.182088 0.205547
vt 0.217787 0.194349
vt 0.185766 0.474706
vt 0.183433 0.456136
vt 0.185966 0.452887
vt 0.630345 0.467897
vt 0.651839 0.461828
vt 0.639124 0.479975
vt 0.885984 0.506148
vt 0.887740 0.501051
vt 0.454855 0.159803
vt 0.412111 0.151479
vt 0.744264 0.829296
vt 0.729477 0.822526
vt 0.619233 0.456856
vt 0.641231 0.448493
vt 0.616449 0.518158
vt 0.541673 0.572517
vt 0.541304 0.563711
vt 0.646443 0.511842
vt 0.630504 0.506987
vt 0.644504 0.495026
vt 0.691977 0.669071
vt 0.713854 0.652273
vt 0.701432 0.675298
vt 0.703771 0.648991
vt 0.721128 0.627228
vt 0.659743 0.479658
vt 0.674902 0.459042
vt 0.587409 0.542803
vt 0.602181 0.530195
vt 0.660822 0.502336
vt 0.675279 0.514770
vt 0.609006 0.547667
vt 0.647505 0.522944
vt 0.591739 0.557127
vt 0.608494 0.544179
vt 0.685582 0.566507
vt 0.683470 0.547308
vt 0.676611 0.571168
vt 0.686388 0.534096
vt 0.211131 0.438388
vt 0.197752 0.465227
vt 0.195407 0.436588
vt 0.676801 0.559572
vt 0.672806 0.542921
vt 0.661263 0.540345
vt 0.755643 0.406277
vt 0.730348 0.416677
vt 0.736441 0.382962
vt 0.661990 0.530569
vt 0.661547 0.519412
vt 0.675141 0.530517
vt 0.592019 0.560426
vt 0.577554 0.575786
vt 0.565456 0.591675
vt 0.576644 0.572628
vt 0.563282 0.589137
vt 0.508508 0.412683
vt 0.247218 0.622931
vt 0.258273 0.595016
vt 0.259780 0.625505
vt 0.529295 0.554604
vt 0.496659 0.671205
vt 0.511232 0.658801
vt 0.542916 0.679180
vt 0.552290 0.664245
vt 0.561314 0.681738
vt 0.556113 0.605785
vt 0.552795 0.603805
vt 0.543467 0.738132
vt 0.426422 0.807363
vt 0.460836 0.828084
vt 0.420582 0.823809
vt 0.541049 0.622296
vt 0.548789 0.630162
vt 0.538146 0.628721
vt 0.547808 0.640473
vt 0.388712 0.874477
vt 0.415288 0.904106
vt 0.363898 0.889133
vt 0.304520 0.515275
vt 0.317494 0.493436
vt 0.317700 0.514819
vt 0.157559 0.403132
vt 0.154581 0.415071
vt 0.154579 0.403512
vt 0.535788 0.639647
vt 0.548903 0.651875
vt 0.535575 0.651299
vt 0.579010 0.751836
vt 0.711697 0.524783
vt 0.524105 0.648034
vt 0.512224 0.534898
vt 0.499157 0.507497
vt 0.501652 0.503505
vt 0.512037 0.686716
vt 0.529026 0.689131
vt 0.585882 0.766223
vt 0.881142 0.761088
vt 0.374813 0.919108
vt 0.328934 0.900180
vt 0.926279 0.706920
vt 0.929285 0.745773
vt 0.538760 0.383815
vt 0.886713 0.512933
vt 0.883579 0.510282
vt 0.641367 0.361982
vt 0.627414 0.366446
vt 0.549148 0.693845
vt 0.571604 0.695256
vt 0.512620 0.503757
vt 0.512710 0.503911
vt 0.512631 0.503933
vt 0.726896 0.716572
vt 0.852544 0.355225
vt 0.836203 0.309847
vt 0.620711 0.699293
vt 0.618691 0.685290
vt 0.549706 0.624761
vt 0.697435 0.743748
vt 0.747076 0.687839
vt 0.716922 0.750097
vt 0.538461 0.663803
vt 0.502742 0.376614
vt 0.495592 0.375946
vt 0.535992 0.506945
vt 0.685731 0.695491
vt 0.648277 0.531522
vt 0.648242 0.539062
vt 0.569919 0.615546
vt 0.567350 0.619671
vt 0.497402 0.847661
vt 0.497258 0.830253
vt 0.664094 0.715112
vt 0.676367 0.687001
vt 0.583199 0.707776
vt 0.726790 0.655391
vt 0.710965 0.627794
vt 0.556053 0.708190
vt 0.499857 0.515396
vt 0.499469 0.512721
vt 0.758679 0.652398
vt 0.760912 0.611485
vt 0.756318 0.568753
vt 0.447728 0.595421
vt 0.431841 0.585484
vt 0.433835 0.579215
vt 0.468951 0.772473
vt 0.445251 0.754348
vt 0.472306 0.755271
vt 0.750203 0.764327
vt 0.710324 0.803118
vt 0.705631 0.790142
vt 0.693924 0.779829
vt 0.718486 0.813747
vt 0.698215 0.846391
vt 0.681569 0.837010
vt 0.647750 0.854864
vt 0.554212 0.770317
vt 0.671969 0.823394
vt 0.667754 0.807400
vt 0.633210 0.840430
vt 0.622617 0.825545
vt 0.524926 0.635830
vt 0.500281 0.517925
vt 0.679911 0.770766
vt 0.654052 0.797833
vt 0.641391 0.786875
vt 0.612770 0.812847
vt 0.603576 0.798797
vt 0.667838 0.867928
vt 0.632621 0.725895
vt 0.634105 0.666604
vt 0.616235 0.672830
vt 0.579652 0.839562
vt 0.696245 0.874912
vt 0.418941 0.564213
vt 0.417085 0.568824
vt 0.613493 0.608818
vt 0.720721 0.851737
vt 0.458189 0.844527
vt 0.159468 0.862644
vt 0.195576 0.903893
vt 0.143250 0.871607
vt 0.564791 0.723734
vt 0.593965 0.782357
vt 0.651378 0.749264
vt 0.628274 0.773483
vt 0.510639 0.646052
vt 0.906951 0.664799
vt 0.908048 0.639864
vt 0.071181 0.475285
vt 0.074911 0.508701
vt 0.069036 0.522058
vt 0.495570 0.319257
vt 0.393102 0.177156
vt 0.360617 0.160631
vt 0.853289 0.378041
vt 0.881084 0.281512
vt 0.846312 0.275881
vt 0.819607 0.470858
vt 0.851133 0.375626
vt 0.512617 0.504109
vt 0.576388 0.132918
vt 0.534131 0.127411
vt 0.298435 0.704796
vt 0.267123 0.687771
vt 0.280797 0.682236
vt 0.512865 0.503394
vt 0.812037 0.382048
vt 0.803885 0.407752
vt 0.512759 0.504025
vt 0.663098 0.760932
vt 0.477842 0.721253
vt 0.460166 0.703687
vt 0.479929 0.701540
vt 0.253594 0.550221
vt 0.271501 0.535961
vt 0.261620 0.564847
vt 0.290347 0.496211
vt 0.292582 0.518840
vt 0.247937 0.586554
vt 0.884227 0.537732
vt 0.590984 0.599951
vt 0.831816 0.185975
vt 0.861880 0.193731
vt 0.774460 0.194304
vt 0.754276 0.220467
vt 0.731676 0.184657
vt 0.775795 0.122966
vt 0.822321 0.156767
vt 0.785955 0.151135
vt 0.893631 0.173540
vt 0.854941 0.132560
vt 0.892355 0.137821
vt 0.560381 0.062199
vt 0.527974 0.080184
vt 0.526501 0.061000
vt 0.637070 0.047301
vt 0.669343 0.029555
vt 0.676534 0.048689
vt 0.433093 0.788766
vt 0.463324 0.810986
vt 0.253407 0.657241
vt 0.267390 0.655371
vt 0.452509 0.609819
vt 0.459101 0.603300
vt 0.463967 0.623579
vt 0.483142 0.632332
vt 0.468342 0.635878
vt 0.374469 0.760661
vt 0.352171 0.738389
vt 0.382516 0.747042
vt 0.623742 0.411266
vt 0.641198 0.389007
vt 0.636611 0.415525
vt 0.551280 0.618398
vt 0.545380 0.616404
vt 0.623233 0.593892
vt 0.404392 0.857625
vt 0.438369 0.885525
vt 0.597273 0.045757
vt 0.632851 0.029051
vt 0.482293 0.672728
vt 0.468449 0.660177
vt 0.482070 0.658839
vt 0.387708 0.536462
vt 0.401585 0.553433
vt 0.340867 0.188907
vt 0.147331 0.377070
vt 0.144984 0.370718
vt 0.414545 0.839484
vt 0.450491 0.865387
vt 0.108080 0.414927
vt 0.156670 0.468178
vt 0.185586 0.525446
vt 0.202288 0.526556
vt 0.190820 0.565529
vt 0.177875 0.598430
vt 0.158790 0.572951
vt 0.174423 0.553098
vt 0.134674 0.244184
vt 0.150865 0.214208
vt 0.737942 0.028021
vt 0.759766 0.009766
vt 0.775492 0.028180
vt 0.484258 0.602091
vt 0.403055 0.549017
vt 0.538881 0.721562
vt 0.076371 0.440113
vt 0.079330 0.469524
vt 0.927244 0.444976
vt 0.478943 0.505439
vt 0.479901 0.503736
vt 0.479930 0.503841
vt 0.477911 0.507827
vt 0.479709 0.503300
vt 0.479517 0.502171
vt 0.479833 0.503349
vt 0.479880 0.503970
vt 0.479906 0.504099
vt 0.490552 0.512925
vt 0.489026 0.508690
vt 0.491262 0.508049
vt 0.479550 0.512420
vt 0.480761 0.503949
vt 0.480146 0.503779
vt 0.480451 0.503519
vt 0.802216 0.069907
vt 0.749708 0.046472
vt 0.790619 0.047418
vt 0.875332 0.056639
vt 0.844160 0.071498
vt 0.832197 0.051132
vt 0.482467 0.505594
vt 0.480050 0.504114
vt 0.480368 0.504686
vt 0.484751 0.507266
vt 0.483070 0.499259
vt 0.481392 0.506198
vt 0.480130 0.506166
vt 0.479141 0.502293
vt 0.478386 0.502903
vt 0.851258 0.100520
vt 0.145774 0.438573
vt 0.185748 0.314880
vt 0.201964 0.262337
vt 0.218894 0.268486
vt 0.924428 0.665299
vt 0.634048 0.546276
vt 0.923245 0.644506
vt 0.923271 0.621656
vt 0.628822 0.438314
vt 0.140573 0.490034
vt 0.143449 0.491888
vt 0.133987 0.512145
vt 0.221921 0.681919
vt 0.181820 0.656863
vt 0.191960 0.634821
vt 0.207008 0.698082
vt 0.166293 0.673633
vt 0.151279 0.635159
vt 0.165886 0.619217
vt 0.193909 0.494800
vt 0.209227 0.487046
vt 0.153841 0.537660
vt 0.126430 0.582940
vt 0.124200 0.423441
vt 0.129219 0.401521
vt 0.884363 0.532713
vt 0.368867 0.578555
vt 0.375378 0.580615
vt 0.372214 0.582504
vt 0.375955 0.582837
vt 0.372792 0.584392
vt 0.369475 0.584399
vt 0.370353 0.586399
vt 0.365542 0.580551
vt 0.401639 0.595379
vt 0.399902 0.589095
vt 0.403800 0.594576
vt 0.405330 0.592890
vt 0.400197 0.586433
vt 0.403200 0.610764
vt 0.391089 0.606420
vt 0.403230 0.608440
vt 0.403174 0.603478
vt 0.390971 0.605142
vt 0.390743 0.603762
vt 0.407057 0.604657
vt 0.403293 0.606024
vt 0.408219 0.609822
vt 0.408809 0.608205
vt 0.389877 0.575043
vt 0.399650 0.578571
vt 0.399914 0.582902
vt 0.391041 0.578972
vt 0.383370 0.577000
vt 0.381507 0.573095
vt 0.388794 0.570586
vt 0.407517 0.587359
vt 0.406127 0.590726
vt 0.379569 0.568668
vt 0.387308 0.566354
vt 0.399435 0.575028
vt 0.408312 0.585397
vt 0.409809 0.593665
vt 0.385817 0.559051
vt 0.399883 0.571468
vt 0.386347 0.561974
vt 0.377681 0.564511
vt 0.374564 0.556491
vt 0.375524 0.559860
vt 0.354885 0.582077
vt 0.347101 0.581401
vt 0.349159 0.578424
vt 0.311704 0.578488
vt 0.307677 0.566460
vt 0.316667 0.571084
vt 0.287043 0.544957
vt 0.300146 0.552713
vt 0.291941 0.559036
vt 0.358809 0.579416
vt 0.362564 0.582629
vt 0.359371 0.586049
vt 0.352744 0.575281
vt 0.356808 0.572557
vt 0.361159 0.570356
vt 0.369698 0.573732
vt 0.365466 0.575008
vt 0.372589 0.577261
vt 0.361961 0.576878
vt 0.376775 0.576425
vt 0.371953 0.567674
vt 0.366003 0.569057
vt 0.368880 0.563430
vt 0.362143 0.564996
vt 0.356613 0.566427
vt 0.351701 0.569170
vt 0.347127 0.572334
vt 0.342824 0.575902
vt 0.340761 0.580867
vt 0.340004 0.569468
vt 0.338597 0.562636
vt 0.345809 0.565765
vt 0.334612 0.574059
vt 0.331272 0.567665
vt 0.351403 0.562768
vt 0.354918 0.556834
vt 0.358069 0.560944
vt 0.346450 0.559125
vt 0.365562 0.558993
vt 0.363100 0.555225
vt 0.392024 0.582528
vt 0.397667 0.590555
vt 0.391532 0.585462
vt 0.385208 0.583077
vt 0.385231 0.580717
vt 0.379190 0.580004
vt 0.384692 0.585576
vt 0.382227 0.595612
vt 0.379858 0.584775
vt 0.379776 0.582270
vt 0.390122 0.587723
vt 0.384255 0.595883
vt 0.395275 0.591881
vt 0.388385 0.598503
vt 0.386498 0.596910
vt 0.399481 0.595757
vt 0.389659 0.600365
vt 0.383849 0.653822
vt 0.372418 0.646619
vt 0.384009 0.650371
vt 0.366854 0.634099
vt 0.356777 0.632041
vt 0.360063 0.628566
vt 0.369411 0.630062
vt 0.363893 0.624594
vt 0.376155 0.634478
vt 0.374597 0.639285
vt 0.364481 0.638233
vt 0.371482 0.613538
vt 0.367084 0.611957
vt 0.370129 0.609984
vt 0.365645 0.607344
vt 0.369092 0.606473
vt 0.379607 0.607136
vt 0.379903 0.608653
vt 0.274395 0.475257
vt 0.287787 0.467935
vt 0.367294 0.586687
vt 0.368567 0.588804
vt 0.365040 0.589500
vt 0.355180 0.589953
vt 0.373746 0.586560
vt 0.379410 0.598187
vt 0.371931 0.588782
vt 0.376491 0.585252
vt 0.379863 0.596958
vt 0.371066 0.591035
vt 0.379198 0.600785
vt 0.369901 0.593632
vt 0.366813 0.591615
vt 0.362503 0.593148
vt 0.536499 0.844537
vt 0.368856 0.598914
vt 0.379321 0.604508
vt 0.368674 0.601200
vt 0.364176 0.600707
vt 0.364482 0.597886
vt 0.369104 0.596505
vt 0.365319 0.594987
vt 0.379223 0.603302
vt 0.368789 0.603640
vt 0.364617 0.603712
vt 0.379437 0.605768
vt 0.347666 0.586400
vt 0.351085 0.585190
vt 0.353534 0.593059
vt 0.340883 0.587537
vt 0.347343 0.597409
vt 0.331398 0.579735
vt 0.331097 0.587343
vt 0.334374 0.599886
vt 0.320193 0.589053
vt 0.322219 0.601654
vt 0.322123 0.580871
vt 0.360907 0.596191
vt 0.359913 0.599303
vt 0.335686 0.611681
vt 0.344013 0.607807
vt 0.352463 0.605640
vt 0.356490 0.612031
vt 0.350358 0.615245
vt 0.355156 0.621879
vt 0.343779 0.618211
vt 0.359965 0.618383
vt 0.350423 0.625343
vt 0.360949 0.603952
vt 0.362705 0.609234
vt 0.364761 0.614814
vt 0.369251 0.616591
vt 0.367272 0.620571
vt 0.373263 0.621549
vt 0.371501 0.625902
vt 0.378642 0.625426
vt 0.377343 0.630179
vt 0.381959 0.659977
vt 0.370444 0.650002
vt 0.383208 0.613401
vt 0.385090 0.623118
vt 0.379324 0.621554
vt 0.401270 0.616828
vt 0.391074 0.609131
vt 0.402424 0.613783
vt 0.391133 0.607729
vt 0.406473 0.614008
vt 0.404107 0.617599
vt 0.387578 0.613989
vt 0.390835 0.623223
vt 0.395466 0.621857
vt 0.390329 0.612052
vt 0.398305 0.619366
vt 0.397842 0.625348
vt 0.401672 0.620946
vt 0.385281 0.627419
vt 0.391996 0.626965
vt 0.374968 0.618238
vt 0.380418 0.610319
vt 0.381547 0.612064
vt 0.390849 0.610610
vt 0.408838 0.618629
vt 0.412484 0.613994
vt 0.414702 0.610018
vt 0.415611 0.617534
vt 0.418189 0.612816
vt 0.411931 0.622914
vt 0.404530 0.622931
vt 0.406501 0.627344
vt 0.399986 0.633084
vt 0.399384 0.628165
vt 0.392576 0.630591
vt 0.392759 0.634906
vt 0.385261 0.632016
vt 0.401506 0.638069
vt 0.408490 0.632183
vt 0.403325 0.643529
vt 0.410275 0.638515
vt 0.394483 0.644988
vt 0.393434 0.639877
vt 0.413222 0.594870
vt 0.411137 0.598264
vt 0.413273 0.603359
vt 0.408636 0.599075
vt 0.404663 0.600124
vt 0.415089 0.607849
vt 0.408396 0.606542
vt 0.416436 0.602583
vt 0.414361 0.605675
vt 0.402208 0.599973
vt 0.390352 0.602162
vt 0.418752 0.621002
vt 0.423363 0.615564
vt 0.422811 0.627793
vt 0.425940 0.619701
vt 0.415283 0.627655
vt 0.418600 0.635332
vt 0.419711 0.606956
vt 0.423797 0.605738
vt 0.425440 0.609828
vt 0.426856 0.606609
vt 0.428479 0.611872
vt 0.425164 0.613352
vt 0.427740 0.616337
vt 0.419916 0.610202
vt 0.410116 0.583134
vt 0.411329 0.581702
vt 0.400133 0.569132
vt 0.416623 0.594220
vt 0.418915 0.594053
vt 0.373634 0.552961
vt 0.385444 0.556035
vt 0.372148 0.548689
vt 0.385091 0.552709
vt 0.400517 0.566703
vt 0.401369 0.564686
vt 0.323811 0.564428
vt 0.325225 0.573451
vt 0.316416 0.559540
vt 0.325888 0.553878
vt 0.332202 0.559229
vt 0.341321 0.554983
vt 0.336758 0.549494
vt 0.348209 0.547174
vt 0.351547 0.552262
vt 0.361051 0.551214
vt 0.359074 0.546273
vt 0.307561 0.586409
vt 0.305282 0.599058
vt 0.295917 0.581843
vt 0.292214 0.596189
vt 0.301070 0.573398
vt 0.429350 0.624527
vt 0.428414 0.633725
vt 0.435177 0.628717
vt 0.435293 0.638413
vt 0.426131 0.644382
vt 0.433932 0.649404
vt 0.429706 0.607443
vt 0.431587 0.614251
vt 0.432935 0.607835
vt 0.435631 0.617129
vt 0.430745 0.619809
vt 0.435229 0.623303
vt 0.412827 0.580444
vt 0.414230 0.578911
vt 0.421145 0.593451
vt 0.423936 0.593010
vt 0.346023 0.658566
vt 0.353019 0.678134
vt 0.336934 0.667208
vt 0.326024 0.675603
vt 0.323928 0.654556
vt 0.312844 0.660001
vt 0.334525 0.648816
vt 0.316430 0.613134
vt 0.308577 0.626462
vt 0.305072 0.612631
vt 0.296667 0.627112
vt 0.292703 0.611015
vt 0.326210 0.637561
vt 0.315631 0.640629
vt 0.303367 0.643423
vt 0.318697 0.626420
vt 0.410092 0.662818
vt 0.423433 0.656946
vt 0.413433 0.671154
vt 0.419291 0.678031
vt 0.430767 0.662123
vt 0.402913 0.692524
vt 0.394659 0.670561
vt 0.395679 0.681716
vt 0.418169 0.651470
vt 0.409257 0.644332
vt 0.404495 0.647751
vt 0.405374 0.651069
vt 0.411257 0.645191
vt 0.395816 0.652803
vt 0.395227 0.649145
vt 0.083085 0.688973
vt 0.088339 0.733007
vt 0.069192 0.706811
vt 0.373267 0.643783
vt 0.384327 0.641554
vt 0.384248 0.646582
vt 0.362916 0.640696
vt 0.359676 0.643967
vt 0.354199 0.634275
vt 0.350247 0.637137
vt 0.346427 0.627743
vt 0.341549 0.630293
vt 0.339322 0.621474
vt 0.334495 0.622778
vt 0.333884 0.615635
vt 0.328541 0.614950
vt 0.411643 0.650403
vt 0.406540 0.654994
vt 0.395733 0.659011
vt 0.332479 0.762948
vt 0.312630 0.735829
vt 0.343639 0.750744
vt 0.343634 0.641721
vt 0.354126 0.649562
vt 0.366088 0.656254
vt 0.359693 0.666658
vt 0.334862 0.633516
vt 0.327897 0.625219
vt 0.323594 0.618441
vt 0.527839 0.542455
vt 0.182288 0.446891
vt 0.185196 0.445659
vt 0.098124 0.468502
vt 0.084300 0.504015
vt 0.092151 0.500433
vt 0.120220 0.524028
vt 0.122015 0.486027
vt 0.838344 0.472620
vt 0.138008 0.505171
vt 0.137768 0.503899
vt 0.130264 0.433438
vt 0.137128 0.427456
vt 0.129647 0.435799
vt 0.154558 0.472779
vt 0.124742 0.497805
vt 0.123479 0.495803
vt 0.122603 0.496014
vt 0.124369 0.495498
vt 0.122290 0.493517
vt 0.177510 0.461653
vt 0.177307 0.468733
vt 0.121831 0.499314
vt 0.099882 0.467726
vt 0.104290 0.467705
vt 0.107147 0.457130
vt 0.108220 0.457424
vt 0.109879 0.445237
vt 0.110751 0.444963
vt 0.126091 0.442541
vt 0.126256 0.443021
vt 0.123040 0.450930
vt 0.123508 0.451316
vt 0.930272 0.522736
vt 0.132680 0.384281
vt 0.133964 0.388806
vt 0.135636 0.505098
vt 0.137753 0.506484
vt 0.134624 0.505731
vt 0.874110 0.839431
vt 0.094372 0.487453
vt 0.109688 0.428185
vt 0.117705 0.483830
vt 0.176267 0.456514
vt 0.866519 0.442895
vt 0.882261 0.445038
vt 0.146684 0.499924
vt 0.161083 0.443786
vt 0.151045 0.494754
vt 0.149918 0.497974
vt 0.149188 0.497715
vt 0.136106 0.455355
vt 0.164596 0.457182
vt 0.167616 0.463035
vt 0.166663 0.464351
vt 0.734644 0.921134
vt 0.169994 0.461584
vt 0.167278 0.449027
vt 0.164271 0.448360
vt 0.164469 0.446136
vt 0.119841 0.507324
vt 0.138060 0.422596
vt 0.556944 0.467747
vt 0.151494 0.497178
vt 0.150617 0.500626
vt 0.151543 0.502740
vt 0.148416 0.502146
vt 0.133499 0.506742
vt 0.136515 0.509412
vt 0.130282 0.504705
vt 0.883165 0.445363
vt 0.116153 0.540323
vt 0.146783 0.503145
vt 0.143882 0.504737
vt 0.146918 0.501723
vt 0.143864 0.503317
vt 0.146911 0.500723
vt 0.149789 0.451552
vt 0.152708 0.448331
vt 0.721730 0.536070
vt 0.146571 0.461789
vt 0.146831 0.457277
vt 0.149765 0.456493
vt 0.753802 0.495517
vt 0.772308 0.507639
vt 0.178832 0.500669
vt 0.176112 0.493950
vt 0.850412 0.446767
vt 0.141384 0.425168
vt 0.097803 0.529978
vt 0.142103 0.441050
vt 0.121550 0.461007
vt 0.848863 0.498398
vt 0.496396 0.521160
vt 0.144356 0.442975
vt 0.139862 0.445504
vt 0.135830 0.448912
vt 0.132895 0.454569
vt 0.118767 0.396678
vt 0.151563 0.483246
vt 0.152244 0.485379
vt 0.119078 0.498847
vt 0.839685 0.537490
vt 0.819097 0.552963
vt 0.822803 0.493152
vt 0.178908 0.458246
vt 0.135445 0.488063
vt 0.502940 0.529452
vt 0.496431 0.530039
vt 0.117122 0.460346
vt 0.134177 0.484805
vt 0.138075 0.488885
vt 0.158530 0.490555
vt 0.103493 0.539340
vt 0.109465 0.532777
vt 0.104249 0.525370
vt 0.906030 0.524955
vt 0.615473 0.564518
vt 0.162879 0.397099
vt 0.115667 0.470012
vt 0.889552 0.525322
vt 0.146209 0.495539
vt 0.766255 0.458449
vt 0.846256 0.461643
vt 0.169759 0.453391
vt 0.160596 0.445488
vt 0.126092 0.516617
vt 0.157925 0.451804
vt 0.868419 0.423396
vt 0.159970 0.448843
vt 0.163699 0.452054
vt 0.685817 0.175559
vt 0.164438 0.457363
vt 0.157146 0.447159
vt 0.158575 0.445160
vt 0.153639 0.453027
vt 0.155185 0.449800
vt 0.153474 0.456812
vt 0.168348 0.458418
vt 0.160362 0.463408
vt 0.115119 0.510478
vt 0.163604 0.457993
vt 0.147704 0.532208
vt 0.124720 0.449144
vt 0.174068 0.460199
vt 0.123792 0.513398
vt 0.168923 0.461229
vt 0.167563 0.460270
vt 0.169957 0.458827
vt 0.168548 0.456226
vt 0.170244 0.456086
vt 0.881013 0.513805
vt 0.151055 0.438284
vt 0.154105 0.434078
vt 0.156925 0.435596
vt 0.147943 0.440821
vt 0.148552 0.435707
vt 0.159176 0.436854
vt 0.845394 0.491128
vt 0.104744 0.533503
vt 0.103062 0.525209
vt 0.600533 0.942036
vt 0.496260 0.439975
vt 0.560880 0.525140
vt 0.802747 0.565452
vt 0.260358 0.489907
vt 0.277956 0.503372
vt 0.265661 0.516952
vt 0.246263 0.525137
vt 0.301986 0.462515
vt 0.303640 0.492758
vt 0.428993 0.382675
vt 0.433181 0.391965
vt 0.423113 0.387854
vt 0.463984 0.399967
vt 0.459393 0.402868
vt 0.458403 0.396408
vt 0.397253 0.441707
vt 0.375651 0.431560
vt 0.387950 0.426198
vt 0.481147 0.413962
vt 0.478652 0.413424
vt 0.481306 0.412817
vt 0.479056 0.411596
vt 0.481552 0.411353
vt 0.482554 0.412565
vt 0.482829 0.411169
vt 0.482465 0.413664
vt 0.394955 0.363596
vt 0.377610 0.371613
vt 0.382211 0.355120
vt 0.392853 0.462862
vt 0.413287 0.472458
vt 0.403728 0.478088
vt 0.425142 0.489789
vt 0.416179 0.494425
vt 0.441499 0.507111
vt 0.446834 0.512106
vt 0.437469 0.516840
vt 0.451977 0.508148
vt 0.437452 0.499492
vt 0.450915 0.494975
vt 0.459206 0.491692
vt 0.444983 0.491922
vt 0.453383 0.488899
vt 0.437962 0.487618
vt 0.473547 0.498214
vt 0.466132 0.499263
vt 0.469710 0.496900
vt 0.458390 0.497388
vt 0.457841 0.506970
vt 0.488921 0.504467
vt 0.451328 0.590484
vt 0.462471 0.594793
vt 0.463236 0.585706
vt 0.451469 0.581726
vt 0.473782 0.599007
vt 0.475726 0.588546
vt 0.469002 0.609877
vt 0.471479 0.512985
vt 0.465466 0.506822
vt 0.466847 0.515226
vt 0.477475 0.515566
vt 0.475967 0.510807
vt 0.470836 0.521907
vt 0.474502 0.518888
vt 0.490343 0.492994
vt 0.084441 0.824908
vt 0.086900 0.776620
vt 0.107727 0.810503
vt 0.511313 0.468276
vt 0.526908 0.465772
vt 0.489247 0.432424
vt 0.482244 0.435005
vt 0.484203 0.428530
vt 0.478054 0.429599
vt 0.481129 0.423560
vt 0.490072 0.429052
vt 0.485669 0.425548
vt 0.484997 0.445039
vt 0.472916 0.443612
vt 0.476623 0.440389
vt 0.488408 0.438642
vt 0.426537 0.473300
vt 0.441959 0.479039
vt 0.473063 0.482826
vt 0.465895 0.488847
vt 0.459229 0.482170
vt 0.476032 0.488229
vt 0.470005 0.491249
vt 0.464590 0.494566
vt 0.477221 0.497128
vt 0.475496 0.496031
vt 0.481244 0.498669
vt 0.480726 0.496912
vt 0.473365 0.493756
vt 0.478486 0.490543
vt 0.480339 0.492901
vt 0.481063 0.468219
vt 0.466084 0.470719
vt 0.465565 0.465667
vt 0.449270 0.458991
vt 0.466012 0.460499
vt 0.488942 0.490570
vt 0.467465 0.455682
vt 0.482057 0.455747
vt 0.481285 0.459464
vt 0.480790 0.463892
vt 0.450735 0.452752
vt 0.469696 0.451939
vt 0.453135 0.447422
vt 0.456864 0.444035
vt 0.432401 0.455272
vt 0.432961 0.446804
vt 0.418553 0.431802
vt 0.436389 0.440106
vt 0.402261 0.391813
vt 0.413888 0.384080
vt 0.412987 0.392703
vt 0.403872 0.403490
vt 0.390438 0.390749
vt 0.377586 0.389646
vt 0.390772 0.376436
vt 0.393146 0.405930
vt 0.380973 0.408454
vt 0.400246 0.421997
vt 0.416443 0.411504
vt 0.408830 0.416612
vt 0.432664 0.394815
vt 0.422535 0.393965
vt 0.433702 0.401484
vt 0.423702 0.401225
vt 0.413922 0.401560
vt 0.425443 0.408921
vt 0.434692 0.408364
vt 0.435822 0.417482
vt 0.428049 0.419003
vt 0.461957 0.415522
vt 0.454777 0.408978
vt 0.462736 0.409526
vt 0.456518 0.404745
vt 0.465113 0.407917
vt 0.477248 0.416131
vt 0.478105 0.414644
vt 0.476539 0.418169
vt 0.462888 0.404574
vt 0.468260 0.407228
vt 0.465902 0.404290
vt 0.447259 0.397374
vt 0.445547 0.401417
vt 0.444867 0.408213
vt 0.453161 0.416564
vt 0.444727 0.416369
vt 0.460859 0.440750
vt 0.447324 0.432981
vt 0.453381 0.429986
vt 0.465989 0.436457
vt 0.459849 0.427680
vt 0.483037 0.421345
vt 0.471220 0.434459
vt 0.480075 0.418565
vt 0.476121 0.422650
vt 0.480432 0.416124
vt 0.480784 0.415127
vt 0.482419 0.414783
vt 0.482119 0.415795
vt 0.481882 0.417405
vt 0.466057 0.426023
vt 0.441089 0.435266
vt 0.423161 0.424526
vt 0.471157 0.448133
vt 0.483278 0.448704
vt 0.482521 0.452456
vt 0.449475 0.390777
vt 0.418686 0.377218
vt 0.407332 0.370970
vt 0.478931 0.409602
vt 0.482096 0.410317
vt 0.440434 0.387549
vt 0.409466 0.328850
vt 0.403905 0.351581
vt 0.392818 0.340707
vt 0.414924 0.361217
vt 0.434584 0.358762
vt 0.425759 0.369080
vt 0.443832 0.364349
vt 0.445729 0.378386
vt 0.436070 0.373620
vt 0.468340 0.388068
vt 0.482997 0.398477
vt 0.479737 0.402556
vt 0.464983 0.396627
vt 0.459604 0.390005
vt 0.463477 0.381888
vt 0.471525 0.376051
vt 0.368669 0.140106
vt 0.415446 0.132840
vt 0.452732 0.383387
vt 0.452036 0.370424
vt 0.458749 0.376511
vt 0.478819 0.407273
vt 0.467555 0.370504
vt 0.462116 0.363431
vt 0.455962 0.355586
vt 0.448776 0.348630
vt 0.441758 0.340437
vt 0.425808 0.350541
vt 0.435385 0.330682
vt 0.417795 0.340542
vt 0.452455 0.313403
vt 0.454982 0.324165
vt 0.464113 0.341937
vt 0.473366 0.358488
vt 0.459208 0.333434
vt 0.573146 0.823606
vt 0.489610 0.498955
vt 0.486774 0.495463
vt 0.483495 0.497399
vt 0.487875 0.513152
vt 0.488035 0.508773
vt 0.493284 0.502616
vt 0.490988 0.503516
vt 0.481189 0.515391
vt 0.484417 0.515003
vt 0.485747 0.511681
vt 0.483523 0.517325
vt 0.480335 0.517715
vt 0.484870 0.519050
vt 0.485849 0.517461
vt 0.487068 0.515320
vt 0.489942 0.515410
vt 0.488247 0.520302
vt 0.489242 0.517667
vt 0.466232 0.791627
vt 0.496669 0.686174
vt 0.477195 0.525438
vt 0.479548 0.519572
vt 0.481934 0.522120
vt 0.482886 0.518884
vt 0.486834 0.523431
vt 0.484121 0.527932
vt 0.472017 0.532395
vt 0.480684 0.534892
vt 0.760141 0.167745
vt 0.496649 0.657621
vt 0.479182 0.371376
vt 0.475013 0.382157
vt 0.485959 0.404066
vt 0.490078 0.405831
vt 0.487338 0.406885
vt 0.482373 0.377683
vt 0.491105 0.395081
vt 0.487209 0.395974
vt 0.487405 0.369578
vt 0.588711 0.456282
vt 0.485818 0.363792
vt 0.476530 0.365913
vt 0.483848 0.356272
vt 0.627507 0.388774
vt 0.469415 0.350442
vt 0.492426 0.405381
vt 0.489199 0.402503
vt 0.492027 0.401846
vt 0.482343 0.409161
vt 0.483123 0.410370
vt 0.483607 0.406525
vt 0.484990 0.408263
vt 0.472833 0.310574
vt 0.474628 0.320157
vt 0.481596 0.347174
vt 0.478933 0.337732
vt 0.476544 0.329047
vt 0.247734 0.719577
vt 0.263324 0.754507
vt 0.231354 0.726775
vt 0.247128 0.760638
vt 0.217012 0.738546
vt 0.179532 0.848324
vt 0.204440 0.838045
vt 0.217793 0.863676
vt 0.149027 0.836997
vt 0.135692 0.807299
vt 0.149351 0.786459
vt 0.168261 0.821222
vt 0.186054 0.808273
vt 0.384822 0.636509
vt 0.221675 0.822335
vt 0.241438 0.847909
vt 0.249783 0.827173
vt 0.272228 0.850676
vt 0.296562 0.875117
vt 0.287007 0.900460
vt 0.261170 0.872547
vt 0.238598 0.891050
vt 0.316505 0.927760
vt 0.197908 0.923734
vt 0.500453 0.406198
vt 0.618250 0.572383
vt 0.515515 0.721143
vt 0.533200 0.703514
vt 0.097042 0.321643
vt 0.232429 0.167840
vt 0.081853 0.435434
vt 0.121310 0.385222
vt 0.123799 0.384932
vt 0.237492 0.220504
vt 0.188755 0.454234
vt 0.175337 0.266374
vt 0.174599 0.309287
vt 0.155778 0.309621
vt 0.155295 0.395476
vt 0.107908 0.436909
vt 0.110379 0.436584
vt 0.107562 0.447348
vt 0.103515 0.457498
vt 0.122896 0.532908
vt 0.116536 0.535543
vt 0.134784 0.380861
vt 0.132734 0.379209
vt 0.136003 0.378452
vt 0.138595 0.379863
vt 0.138757 0.378006
vt 0.130510 0.381095
vt 0.140226 0.589360
vt 0.122581 0.382430
vt 0.130632 0.377377
vt 0.126815 0.381066
vt 0.130299 0.372713
vt 0.136282 0.375788
vt 0.140880 0.375604
vt 0.142104 0.378531
vt 0.112738 0.433470
vt 0.113549 0.432871
vt 0.849136 0.505998
vt 0.131645 0.393754
vt 0.101344 0.516338
vt 0.104352 0.508329
vt 0.106977 0.512993
vt 0.066521 0.444449
vt 0.063132 0.476444
vt 0.082140 0.564458
vt 0.109390 0.516825
vt 0.105120 0.447093
vt 0.101523 0.457471
vt 0.103917 0.521013
vt 0.101839 0.521677
vt 0.099999 0.522520
vt 0.099182 0.516862
vt 0.112637 0.513880
vt 0.110066 0.510355
vt 0.110742 0.503755
vt 0.107650 0.506222
vt 0.096440 0.511025
vt 0.098820 0.511139
vt 0.098149 0.535738
vt 0.102721 0.621827
vt 0.120358 0.640301
vt 0.104722 0.658335
vt 0.086360 0.638881
vt 0.083712 0.599414
vt 0.109626 0.537790
vt 0.113024 0.536228
vt 0.118358 0.528565
vt 0.124278 0.527815
vt 0.212810 0.752255
vt 0.193887 0.715564
vt 0.244211 0.774144
vt 0.238068 0.784440
vt 0.208256 0.765467
vt 0.189076 0.729602
vt 0.135508 0.625789
vt 0.140363 0.658864
vt 0.155645 0.682828
vt 0.145005 0.697200
vt 0.123454 0.676719
vt 0.175809 0.752479
vt 0.175444 0.731959
vt 0.173752 0.775707
vt 0.149266 0.721646
vt 0.147547 0.751794
vt 0.126060 0.702276
vt 0.233389 0.795494
vt 0.203572 0.776555
vt 0.228193 0.806035
vt 0.203920 0.794022
vt 0.167756 0.690884
vt 0.168419 0.360416
vt 0.154515 0.353789
vt 0.239122 0.495473
vt 0.220711 0.507583
vt 0.226297 0.458555
vt 0.228899 0.543102
vt 0.210405 0.555160
vt 0.220121 0.591885
vt 0.200116 0.599281
vt 0.217024 0.638020
vt 0.071286 0.620724
vt 0.066553 0.557805
vt 0.122725 0.839807
vt 0.102742 0.854190
vt 0.489920 0.529452
vt 0.322075 0.725839
vt 0.286462 0.713157
vt 0.259862 0.919947
vt 0.114847 0.761151
vt 0.299425 0.744830
vt 0.316387 0.773132
vt 0.280198 0.749928
vt 0.122251 0.732791
vt 0.105091 0.683696
vt 0.100315 0.709570
vt 0.087781 0.664167
vt 0.070603 0.664844
vt 0.071562 0.643830
vt 0.747626 0.433144
vt 0.485203 0.590548
vt 0.485852 0.580020
vt 0.375075 0.685573
vt 0.377431 0.673011
vt 0.063167 0.520827
vt 0.270877 0.578184
vt 0.269698 0.602206
vt 0.279417 0.606991
vt 0.282902 0.627739
vt 0.272748 0.627181
vt 0.284818 0.568075
vt 0.279522 0.587119
vt 0.278289 0.554812
vt 0.436948 0.566348
vt 0.435331 0.572720
vt 0.438201 0.557786
vt 0.423190 0.552197
vt 0.425631 0.542828
vt 0.451515 0.572652
vt 0.440249 0.550167
vt 0.451831 0.563814
vt 0.450642 0.552623
vt 0.442346 0.540039
vt 0.429875 0.495370
vt 0.423335 0.508136
vt 0.432134 0.525147
vt 0.413013 0.528286
vt 0.428319 0.534817
vt 0.408708 0.537116
vt 0.417156 0.519163
vt 0.445906 0.528813
vt 0.453938 0.520106
vt 0.449246 0.539841
vt 0.461531 0.516825
vt 0.462453 0.528397
vt 0.486577 0.546278
vt 0.476242 0.556296
vt 0.477008 0.544825
vt 0.463727 0.554612
vt 0.465110 0.542419
vt 0.421393 0.558461
vt 0.281467 0.524706
vt 0.405632 0.542886
vt 0.394183 0.487758
vt 0.407222 0.503700
vt 0.386947 0.500143
vt 0.399253 0.513918
vt 0.394644 0.522828
vt 0.381370 0.509465
vt 0.382817 0.472348
vt 0.363402 0.438359
vt 0.384485 0.448204
vt 0.373156 0.456893
vt 0.351155 0.448579
vt 0.362192 0.467992
vt 0.340658 0.461892
vt 0.353521 0.480044
vt 0.374031 0.484612
vt 0.367084 0.494868
vt 0.376456 0.518229
vt 0.390802 0.530277
vt 0.346438 0.511923
vt 0.362313 0.507057
vt 0.359305 0.518880
vt 0.348238 0.495096
vt 0.332942 0.479728
vt 0.332071 0.502428
vt 0.331418 0.519490
vt 0.401375 0.557202
vt 0.384685 0.544309
vt 0.384183 0.547799
vt 0.370527 0.542587
vt 0.370749 0.537649
vt 0.345496 0.523014
vt 0.358353 0.526767
vt 0.317906 0.530579
vt 0.306671 0.534102
vt 0.320281 0.542889
vt 0.309697 0.547298
vt 0.296290 0.538528
vt 0.344853 0.539069
vt 0.357173 0.533525
vt 0.344789 0.531556
vt 0.331068 0.530601
vt 0.331831 0.540335
vt 0.401107 0.560494
vt 0.415664 0.575948
vt 0.427715 0.591666
vt 0.416550 0.572766
vt 0.126639 0.315770
vt 0.165540 0.237832
vt 0.146475 0.275705
vt 0.379174 0.602081
vt 0.486060 0.556834
vt 0.476264 0.567261
vt 0.475788 0.578940
vt 0.464011 0.575893
vt 0.485932 0.568362
vt 0.441046 0.664436
vt 0.444431 0.652108
vt 0.454851 0.664033
vt 0.457739 0.651492
vt 0.450392 0.679395
vt 0.432051 0.681987
vt 0.816524 0.128759
vt 0.858356 0.164485
vt 0.459068 0.617013
vt 0.429876 0.589123
vt 0.437190 0.605859
vt 0.443632 0.624949
vt 0.440475 0.603894
vt 0.442053 0.618601
vt 0.452260 0.622427
vt 0.444565 0.630347
vt 0.445537 0.640703
vt 0.455183 0.628858
vt 0.457542 0.639787
vt 0.469185 0.648092
vt 0.189637 0.877332
vt 0.481303 0.686780
vt 0.467171 0.675155
vt 0.407280 0.767247
vt 0.414337 0.752637
vt 0.066798 0.746023
vt 0.437330 0.708536
vt 0.454490 0.721800
vt 0.428623 0.724192
vt 0.449867 0.738434
vt 0.421323 0.738838
vt 0.390971 0.734066
vt 0.361644 0.726674
vt 0.399239 0.720831
vt 0.444203 0.694106
vt 0.421839 0.695591
vt 0.338887 0.703718
vt 0.267832 0.716018
vt 0.247351 0.687253
vt 0.308903 0.695681
vt 0.292923 0.675326
vt 0.302267 0.669148
vt 0.330712 0.715653
vt 0.280278 0.652252
vt 0.290245 0.648946
vt 0.232955 0.611323
vt 0.235511 0.652201
vt 0.853798 0.589267
vt 0.237216 0.568534
vt 0.664643 0.128626
vt 0.696788 0.115134
vt 0.707541 0.136669
vt 0.516777 0.556289
vt 0.283739 0.802595
vt 0.289154 0.790141
vt 0.264347 0.820932
vt 0.294429 0.847001
vt 0.275310 0.812685
vt 0.310973 0.839192
vt 0.345714 0.857742
vt 0.325412 0.869883
vt 0.320392 0.826720
vt 0.324485 0.811664
vt 0.360236 0.844002
vt 0.370284 0.829582
vt 0.302195 0.781572
vt 0.339141 0.801751
vt 0.352085 0.789903
vt 0.379556 0.815572
vt 0.388897 0.800713
vt 0.365353 0.775599
vt 0.398844 0.783710
vt 0.482640 0.646082
vt 0.112716 0.281315
vt 0.891955 0.521636
vt 0.439178 0.770765
vt 0.475819 0.738967
vt 0.621138 0.567755
vt 0.760109 0.069014
vt 0.713770 0.048318
vt 0.480023 0.504017
vt 0.479943 0.503980
vt 0.479991 0.503866
vt 0.480070 0.503889
vt 0.480684 0.500876
vt 0.480513 0.502342
vt 0.480210 0.503394
vt 0.179782 0.382168
vt 0.188135 0.407893
vt 0.526418 0.460599
vt 0.195600 0.177514
vt 0.161848 0.186033
vt 0.752965 0.777233
vt 0.539544 0.303339
vt 0.518510 0.292089
vt 0.539713 0.293695
vt 0.512680 0.504062
vt 0.682381 0.068892
vt 0.641405 0.066939
vt 0.599883 0.064169
vt 0.810829 0.098936
vt 0.647262 0.088061
vt 0.688650 0.091866
vt 0.563247 0.081760
vt 0.604222 0.084329
vt 0.529700 0.098328
vt 0.567295 0.100334
vt 0.596067 0.028271
vt 0.559259 0.044295
vt 0.560091 0.026960
vt 0.721334 0.069797
vt 0.768993 0.096738
vt 0.728507 0.094727
vt 0.703755 0.029073
vt 0.662109 0.009766
vt 0.626953 0.009766
vt 0.595703 0.009766
vt 0.564453 0.009766
vt 0.822266 0.009766
vt 0.818791 0.028907
vt 0.791016 0.009766
vt 0.835322 0.019964
vt 0.867338 0.036144
vt 0.572424 0.115442
vt 0.527057 0.025855
vt 0.526242 0.042712
vt 0.497091 0.060366
vt 0.497433 0.042052
vt 0.529297 0.009766
vt 0.497739 0.025546
vt 0.498047 0.009766
vt 0.736904 0.120469
vt 0.610153 0.103947
vt 0.654860 0.109223
vt 0.857422 0.009766
vt 0.862237 0.021112
vt 0.496282 0.097549
vt 0.496695 0.079550
vt 0.724609 0.009766
vt 0.693359 0.009766
vt 0.747939 0.144575
vt 0.797524 0.177441
vt 0.618216 0.120880
vt 0.720382 0.157182
vt 0.512796 0.503761
vt 0.512488 0.503438
vt 0.725821 0.329020
vt 0.754453 0.323143
vt 0.744227 0.353536
vt 0.776450 0.356789
vt 0.599789 0.279618
vt 0.564775 0.269897
vt 0.597053 0.264136
vt 0.495464 0.274345
vt 0.518094 0.281020
vt 0.495495 0.281473
vt 0.593746 0.305942
vt 0.564136 0.289344
vt 0.596567 0.293705
vt 0.518231 0.262132
vt 0.539898 0.272853
vt 0.518599 0.273766
vt 0.563037 0.256850
vt 0.687546 0.249474
vt 0.664434 0.270609
vt 0.653043 0.245857
vt 0.726618 0.268257
vt 0.694508 0.275883
vt 0.788018 0.336888
vt 0.762200 0.299568
vt 0.518466 0.301156
vt 0.726141 0.294492
vt 0.620759 0.243320
vt 0.589855 0.247890
vt 0.588225 0.317139
vt 0.655905 0.394408
vt 0.650256 0.424281
vt 0.670169 0.404683
vt 0.663177 0.438038
vt 0.517984 0.250147
vt 0.539632 0.260307
vt 0.538726 0.247794
vt 0.675353 0.221280
vt 0.637121 0.215670
vt 0.767547 0.280993
vt 0.721308 0.240572
vt 0.606383 0.220172
vt 0.797478 0.322117
vt 0.715973 0.212765
vt 0.582191 0.192787
vt 0.495525 0.286126
vt 0.495556 0.291832
vt 0.532675 0.226089
vt 0.559651 0.241530
vt 0.545774 0.216694
vt 0.580660 0.228572
vt 0.633855 0.269801
vt 0.516557 0.198579
vt 0.495202 0.221982
vt 0.495108 0.198801
vt 0.495271 0.182279
vt 0.540149 0.287122
vt 0.540347 0.281233
vt 0.528268 0.185584
vt 0.562211 0.204190
vt 0.618051 0.318143
vt 0.629571 0.305473
vt 0.564925 0.280694
vt 0.634289 0.337700
vt 0.656947 0.362302
vt 0.666538 0.329639
vt 0.673128 0.367607
vt 0.649254 0.331186
vt 0.689602 0.378173
vt 0.683636 0.419103
vt 0.687584 0.336517
vt 0.707032 0.349492
vt 0.703651 0.391770
vt 0.676317 0.300905
vt 0.702030 0.309617
vt 0.561247 0.307784
vt 0.710671 0.438363
vt 0.697093 0.428864
vt 0.516428 0.224309
vt 0.518259 0.287028
vt 0.495393 0.250567
vt 0.602469 0.603831
vt 0.534166 0.616961
vt 0.721582 0.366152
vt 0.890108 0.104814
vt 0.562412 0.297800
vt 0.495430 0.264726
vt 0.716594 0.403850
vt 0.644476 0.293442
vt 0.419489 0.115429
vt 0.382549 0.103945
vt 0.425314 0.100312
vt 0.218106 0.123011
vt 0.171633 0.156815
vt 0.177851 0.128809
vt 0.136095 0.164517
vt 0.139829 0.132598
vt 0.327612 0.128716
vt 0.296399 0.115211
vt 0.338026 0.109274
vt 0.285043 0.136778
vt 0.256643 0.120535
vt 0.101228 0.173558
vt 0.433765 0.062158
vt 0.465410 0.080181
vt 0.430143 0.081727
vt 0.357880 0.047291
vt 0.326241 0.029552
vt 0.362691 0.029041
vt 0.397584 0.045710
vt 0.399419 0.028239
vt 0.257804 0.028046
vt 0.236328 0.009766
vt 0.271484 0.009766
vt 0.192978 0.069959
vt 0.163420 0.051156
vt 0.204910 0.047463
vt 0.245663 0.046514
vt 0.234825 0.069066
vt 0.281396 0.048351
vt 0.273344 0.069851
vt 0.318508 0.048706
vt 0.120383 0.056657
vt 0.151195 0.071539
vt 0.112070 0.079442
vt 0.143815 0.100569
vt 0.102760 0.137850
vt 0.105235 0.104856
vt 0.291901 0.029072
vt 0.305195 0.091925
vt 0.220340 0.028203
vt 0.312082 0.068935
vt 0.394301 0.064125
vt 0.435570 0.044252
vt 0.183959 0.098993
vt 0.225445 0.096793
vt 0.346342 0.088082
vt 0.389234 0.084301
vt 0.462872 0.098322
vt 0.265622 0.094788
vt 0.207524 0.151202
vt 0.245055 0.144666
vt 0.352886 0.066942
vt 0.373818 0.120907
vt 0.138672 0.009766
vt 0.160679 0.019974
vt 0.133763 0.021116
vt 0.333984 0.009766
vt 0.369141 0.009766
vt 0.400391 0.009766
vt 0.435378 0.026938
vt 0.302734 0.009766
vt 0.173828 0.009766
vt 0.177087 0.028918
vt 0.128543 0.036149
vt 0.205078 0.009766
vt 0.460241 0.112334
vt 0.467660 0.060997
vt 0.468609 0.042710
vt 0.468420 0.025858
vt 0.431641 0.009766
vt 0.466797 0.009766
vt 0.457647 0.127332
vt 0.479905 0.503716
vt 0.480080 0.503713
vt 0.215125 0.356904
vt 0.247322 0.353606
vt 0.227821 0.383498
vt 0.236813 0.323229
vt 0.265541 0.329070
vt 0.264912 0.294536
vt 0.289198 0.309626
vt 0.296495 0.275909
vt 0.314873 0.300921
vt 0.391272 0.279638
vt 0.426107 0.269884
vt 0.426046 0.280686
vt 0.451009 0.272836
vt 0.450635 0.281221
vt 0.472324 0.273753
vt 0.472894 0.281011
vt 0.472603 0.292088
vt 0.451402 0.293692
vt 0.472793 0.287021
vt 0.428717 0.297797
vt 0.450899 0.287115
vt 0.397442 0.305936
vt 0.426918 0.289338
vt 0.373231 0.318135
vt 0.394530 0.293699
vt 0.472613 0.262115
vt 0.451186 0.260281
vt 0.427743 0.256829
vt 0.393908 0.264180
vt 0.401007 0.247943
vt 0.370266 0.243378
vt 0.357202 0.269822
vt 0.338000 0.245915
vt 0.326601 0.270650
vt 0.303410 0.249544
vt 0.264180 0.268285
vt 0.228758 0.299610
vt 0.203345 0.336971
vt 0.201091 0.381689
vt 0.472651 0.301136
vt 0.429942 0.307744
vt 0.431207 0.318796
vt 0.403000 0.317113
vt 0.364229 0.366424
vt 0.364297 0.388796
vt 0.335975 0.394453
vt 0.355419 0.415571
vt 0.341860 0.424331
vt 0.321812 0.404713
vt 0.329083 0.438060
vt 0.368239 0.411319
vt 0.472784 0.250121
vt 0.451996 0.247747
vt 0.431014 0.241495
vt 0.410108 0.228594
vt 0.384584 0.220182
vt 0.354075 0.215753
vt 0.315946 0.221317
vt 0.269875 0.240599
vt 0.223519 0.281046
vt 0.193935 0.322179
vt 0.408859 0.192719
vt 0.428500 0.204157
vt 0.444635 0.216644
vt 0.457824 0.226027
vt 0.473998 0.224270
vt 0.473666 0.198541
vt 0.462324 0.185465
vt 0.454543 0.173634
vt 0.357133 0.337690
vt 0.361672 0.305451
vt 0.334646 0.362347
vt 0.324835 0.329646
vt 0.342120 0.331196
vt 0.383019 0.329430
vt 0.369962 0.346110
vt 0.350233 0.361984
vt 0.350618 0.389030
vt 0.318519 0.367693
vt 0.303869 0.336495
vt 0.302139 0.378228
vt 0.308496 0.419101
vt 0.317621 0.459099
vt 0.284535 0.349513
vt 0.288220 0.391825
vt 0.295169 0.428876
vt 0.281687 0.438356
vt 0.275391 0.403912
vt 0.270097 0.366184
vt 0.346710 0.293462
vt 0.255367 0.383025
vt 0.268074 0.448682
vt 0.261764 0.416750
vt 0.252617 0.463959
vt 0.244656 0.433256
vt 0.236384 0.406375
vt 0.209922 0.409028
vt 0.495526 0.300642
vt 0.451586 0.303307
vt 0.892414 0.516296
vt 0.889327 0.508270
vt 0.515950 0.544835
vt 0.647184 0.627875
vt 0.879292 0.432912
vt 0.509662 0.347234
vt 0.506382 0.546280
vt 0.139545 0.355116
vt 0.419030 0.455810
vt 0.413049 0.440439
vt 0.374813 0.572274
vt 0.380806 0.596052
vt 0.403693 0.456273
vt 0.357213 0.539484
vt 0.435582 0.467684
vt 0.509918 0.518874
vt 0.485259 0.483363
vt 0.487266 0.488061
vt 0.480690 0.495424
vt 0.453858 0.474274
vt 0.449813 0.465922
vt 0.493519 0.507528
vt 0.496358 0.512502
vt 0.493248 0.512751
vt 0.491874 0.521214
vt 0.491306 0.524432
vt 0.293074 0.949356
vt 0.542160 0.391215
vt 0.482736 0.616041
vt 0.492312 0.497887
vt 0.496280 0.434234
vt 0.496207 0.472215
vt 0.481546 0.472459
vt 0.496370 0.515409
vt 0.492883 0.515420
vt 0.496383 0.518175
vt 0.492483 0.517941
vt 0.058819 0.784646
vt 0.040518 0.744383
vt 0.488448 0.376491
vt 0.495600 0.369416
vt 0.495625 0.345422
vt 0.488233 0.536215
vt 0.395560 0.942036
vt 0.447917 0.616560
vt 0.464292 0.565604
vt 0.724404 0.448669
vt 0.487337 0.500140
vt 0.542674 0.466048
vt 0.703020 0.949356
vt 0.496280 0.497402
vt 0.496188 0.468222
vt 0.512115 0.492980
vt 0.410289 0.708217
vt 0.464328 0.689261
vt 0.389303 0.613284
vt 0.586890 0.654870
vt 0.634697 0.526689
vt 0.318047 0.687163
vt 0.443995 0.600998
vt 0.135684 0.887132
vt 0.469267 0.476833
vt 0.483490 0.477694
vt 0.496229 0.477187
vt 0.403101 0.380735
vt 0.510880 0.472508
vt 0.511591 0.463957
vt 0.608332 0.606220
vt 0.608067 0.614100
vt 0.384974 0.606128
vt 0.385361 0.613987
vt 0.379271 0.599484
vt 0.911391 0.942787
vt 0.918162 0.939607
vt 0.915141 0.945119
vt 0.912275 0.950252
vt 0.907647 0.947216
vt 0.920464 0.932110
vt 0.915739 0.937662
vt 0.917282 0.952478
vt 0.923343 0.933687
vt 0.921093 0.940637
vt 0.919172 0.946966
vt 0.922711 0.953703
vt 0.924951 0.934090
vt 0.924140 0.941299
vt 0.923462 0.947645
vt 0.927800 0.947989
vt 0.928305 0.953722
vt 0.927258 0.941370
vt 0.933810 0.952709
vt 0.928245 0.933727
vt 0.930297 0.940862
vt 0.932046 0.946914
vt 0.936157 0.945427
vt 0.938899 0.950537
vt 0.929791 0.933155
vt 0.933110 0.939595
vt 0.939784 0.942950
vt 0.943383 0.947433
vt 0.931207 0.932288
vt 0.935736 0.937939
vt 0.947467 0.943782
vt 0.937943 0.935764
vt 0.942992 0.939978
vt 0.950441 0.939172
vt 0.933308 0.929765
vt 0.939688 0.933225
vt 0.945289 0.936286
vt 0.952644 0.934207
vt 0.940878 0.930403
vt 0.947106 0.932328
vt 0.953886 0.928861
vt 0.934305 0.926633
vt 0.941513 0.927410
vt 0.947847 0.928103
vt 0.948179 0.923826
vt 0.953879 0.923346
vt 0.941578 0.924364
vt 0.952889 0.917903
vt 0.934034 0.923376
vt 0.941015 0.921365
vt 0.947101 0.919647
vt 0.945669 0.915607
vt 0.950756 0.912842
vt 0.939857 0.918521
vt 0.943168 0.911999
vt 0.947723 0.908346
vt 0.932524 0.920462
vt 0.938212 0.915938
vt 0.940278 0.908729
vt 0.943961 0.904368
vt 0.936060 0.913750
vt 0.939399 0.901353
vt 0.930047 0.918336
vt 0.933537 0.912021
vt 0.936568 0.906464
vt 0.934449 0.899133
vt 0.930696 0.910810
vt 0.932609 0.904623
vt 0.929108 0.897870
vt 0.926910 0.917334
vt 0.927694 0.910155
vt 0.928357 0.903871
vt 0.924019 0.903512
vt 0.923519 0.897817
vt 0.924629 0.910061
vt 0.918038 0.898760
vt 0.923633 0.917587
vt 0.921608 0.910624
vt 0.919825 0.904561
vt 0.915733 0.905954
vt 0.912942 0.900861
vt 0.918730 0.911738
vt 0.912127 0.908428
vt 0.908391 0.903850
vt 0.920699 0.919086
vt 0.916117 0.913403
vt 0.908842 0.911299
vt 0.904297 0.907520
vt 0.913879 0.915531
vt 0.906413 0.914935
vt 0.901320 0.912151
vt 0.918547 0.921567
vt 0.912092 0.918039
vt 0.899011 0.917085
vt 0.910875 0.920877
vt 0.904579 0.918930
vt 0.897697 0.922479
vt 0.917529 0.924700
vt 0.910211 0.923890
vt 0.903816 0.923194
vt 0.903467 0.927529
vt 0.897632 0.928043
vt 0.910152 0.926954
vt 0.898667 0.933501
vt 0.917767 0.927992
vt 0.910765 0.929984
vt 0.904552 0.931737
vt 0.906005 0.935807
vt 0.900805 0.938636
vt 0.911934 0.932865
vt 0.908462 0.939480
vt 0.903844 0.943193
vt 0.918429 0.929508
vt 0.913444 0.935583
vt 0.925956 0.925720
vt 0.921852 0.932984
vt 0.926612 0.933980
vt 0.932315 0.931072
vt 0.933892 0.928225
vt 0.934247 0.924992
vt 0.933340 0.921889
vt 0.931341 0.919329
vt 0.928500 0.917764
vt 0.925265 0.917384
vt 0.922140 0.918276
vt 0.919561 0.920271
vt 0.917955 0.923106
vt 0.917564 0.926350
vt 0.919365 0.930873
vt 0.972934 0.847573
vt 0.973280 0.844993
vt 0.974223 0.846712
vt 0.968500 0.842226
vt 0.972219 0.843005
vt 0.970244 0.844334
vt 0.886838 0.972284
vt 0.899797 0.973007
vt 0.896691 0.978922
vt 0.895318 0.961904
vt 0.906283 0.961080
vt 0.903074 0.967135
vt 0.975113 0.850181
vt 0.976566 0.851027
vt 0.976095 0.851353
vt 0.975058 0.848269
vt 0.974078 0.848945
vt 0.971699 0.846088
vt 0.882558 0.977579
vt 0.893864 0.984919
vt 0.891152 0.966991
vt 0.904179 0.951342
vt 0.899845 0.956471
vt 0.977273 0.852317
vt 0.977038 0.852478
vt 0.975837 0.849694
vt 0.909604 0.977175
vt 0.909635 0.955134
vt 0.913569 0.964263
vt 0.977095 0.850805
vt 0.977535 0.852206
vt 0.976638 0.849348
vt 0.975053 0.844231
vt 0.975643 0.846122
vt 0.970974 0.840625
vt 0.974407 0.842107
vt 0.907789 0.983419
vt 0.911695 0.970779
vt 0.976156 0.847801
vt 0.906134 0.989822
vt 0.920129 0.979218
vt 0.922156 0.959114
vt 0.921459 0.965760
vt 0.977813 0.852147
vt 0.977494 0.849165
vt 0.976943 0.843861
vt 0.977143 0.845832
vt 0.973658 0.839559
vt 0.976712 0.841635
vt 0.919448 0.985762
vt 0.920808 0.972387
vt 0.977655 0.850686
vt 0.977322 0.847556
vt 0.918974 0.992319
vt 0.930070 0.972651
vt 0.930728 0.979168
vt 0.929466 0.965888
vt 0.978228 0.850679
vt 0.978097 0.852145
vt 0.978511 0.847553
vt 0.978367 0.849162
vt 0.978664 0.845814
vt 0.976465 0.839022
vt 0.979071 0.841607
vt 0.931409 0.985915
vt 0.978857 0.843874
vt 0.931992 0.992319
vt 0.941090 0.977383
vt 0.935329 0.957910
vt 0.937242 0.964271
vt 0.978377 0.852197
vt 0.979677 0.847779
vt 0.979222 0.849329
vt 0.980166 0.846097
vt 0.982150 0.839518
vt 0.981376 0.842098
vt 0.943069 0.983682
vt 0.939117 0.970836
vt 0.978791 0.850789
vt 0.980732 0.844226
vt 0.945049 0.990147
vt 0.947709 0.967544
vt 0.950962 0.973439
vt 0.944690 0.961437
vt 0.979320 0.851006
vt 0.978640 0.852304
vt 0.980776 0.848228
vt 0.980028 0.849660
vt 0.981586 0.846669
vt 0.983547 0.842984
vt 0.953987 0.979197
vt 0.982515 0.844936
vt 0.957232 0.984939
vt 0.955465 0.962407
vt 0.959791 0.967526
vt 0.946844 0.951792
vt 0.951235 0.957014
vt 0.978878 0.852459
vt 0.981767 0.848883
vt 0.980750 0.850141
vt 0.982868 0.847511
vt 0.984799 0.840658
vt 0.985518 0.844261
vt 0.964002 0.972662
vt 0.979799 0.851318
vt 0.984104 0.846007
vt 0.968023 0.977689
vt 0.962121 0.955953
vt 0.967173 0.960114
vt 0.951551 0.947189
vt 0.956688 0.951452
vt 0.979081 0.852658
vt 0.981372 0.850746
vt 0.983967 0.848587
vt 0.989255 0.844209
vt 0.987175 0.845930
vt 0.972446 0.964404
vt 0.980205 0.851720
vt 0.982604 0.849720
vt 0.985440 0.847366
vt 0.977718 0.968664
vt 0.973152 0.951548
vt 0.961234 0.945134
vt 0.979241 0.852893
vt 0.983274 0.850695
vt 0.981855 0.851467
vt 0.986523 0.848933
vt 0.984820 0.849866
vt 0.988490 0.847883
vt 0.979030 0.954662
vt 0.967303 0.948297
vt 0.980528 0.852190
vt 0.984998 0.957471
vt 0.977271 0.941841
vt 0.955314 0.941777
vt 0.964390 0.937905
vt 0.980749 0.852716
vt 0.979352 0.853154
vt 0.982197 0.852262
vt 0.987278 0.850690
vt 0.985406 0.851276
vt 0.990840 0.846649
vt 0.989380 0.850047
vt 0.983485 0.943672
vt 0.970882 0.939787
vt 0.983739 0.851786
vt 0.989866 0.945310
vt 0.979325 0.931427
vt 0.959269 0.929402
vt 0.965895 0.930093
vt 0.979411 0.853432
vt 0.982377 0.853112
vt 0.987646 0.852563
vt 0.985697 0.852766
vt 0.991900 0.849301
vt 0.989852 0.852329
vt 0.985839 0.932119
vt 0.972515 0.930766
vt 0.980867 0.853274
vt 0.983983 0.852946
vt 0.992346 0.932575
vt 0.972758 0.921605
vt 0.979238 0.920953
vt 0.965994 0.922185
vt 0.980875 0.853845
vt 0.979413 0.853715
vt 0.982386 0.853979
vt 0.985722 0.854282
vt 0.992439 0.852077
vt 0.989886 0.854666
vt 0.985966 0.920244
vt 0.983986 0.854130
vt 0.987634 0.854458
vt 0.992346 0.919666
vt 0.977479 0.910701
vt 0.958068 0.916378
vt 0.964409 0.914480
vt 0.979361 0.853995
vt 0.982226 0.854833
vt 0.987298 0.856322
vt 0.985424 0.855768
vt 0.991969 0.857713
vt 0.989408 0.856954
vt 0.983760 0.908726
vt 0.970944 0.912638
vt 0.980767 0.854406
vt 0.983760 0.855288
vt 0.990191 0.906725
vt 0.967703 0.904144
vt 0.973579 0.900930
vt 0.961608 0.907121
vt 0.980551 0.854934
vt 0.979255 0.854257
vt 0.983318 0.856380
vt 0.981896 0.855637
vt 0.984867 0.857179
vt 0.988535 0.859112
vt 0.979319 0.897929
vt 0.986594 0.858095
vt 0.985030 0.894658
vt 0.962669 0.896463
vt 0.967725 0.892175
vt 0.952046 0.904942
vt 0.957268 0.900647
vt 0.979100 0.854495
vt 0.982670 0.857366
vt 0.981418 0.856358
vt 0.984037 0.858454
vt 0.990846 0.860347
vt 0.987274 0.861071
vt 0.972845 0.888023
vt 0.980241 0.855412
vt 0.985536 0.859676
vt 0.977852 0.883989
vt 0.956215 0.889890
vt 0.960381 0.884872
vt 0.947411 0.900307
vt 0.951699 0.895235
vt 0.978902 0.854699
vt 0.980817 0.856980
vt 0.982975 0.859550
vt 0.987336 0.864773
vt 0.985624 0.862719
vt 0.964680 0.879648
vt 0.979844 0.855820
vt 0.981842 0.858202
vt 0.984194 0.861007
vt 0.968953 0.874430
vt 0.951934 0.878950
vt 0.945417 0.890704
vt 0.979373 0.856141
vt 0.978668 0.854858
vt 0.980876 0.858874
vt 0.980101 0.857464
vt 0.982645 0.862088
vt 0.981709 0.860404
vt 0.983697 0.864030
vt 0.955085 0.873149
vt 0.948633 0.884716
vt 0.957954 0.867251
vt 0.942301 0.874833
vt 0.942053 0.896536
vt 0.938222 0.887524
vt 0.978848 0.856363
vt 0.978407 0.854970
vt 0.979308 0.857809
vt 0.980909 0.862847
vt 0.980313 0.860996
vt 0.984927 0.866348
vt 0.981560 0.864924
vt 0.944255 0.868716
vt 0.940161 0.881085
vt 0.979792 0.859344
vt 0.946065 0.862443
vt 0.931985 0.872731
vt 0.929668 0.892545
vt 0.930449 0.886009
vt 0.978129 0.855029
vt 0.978460 0.857993
vt 0.979057 0.863226
vt 0.978832 0.861309
vt 0.982313 0.867406
vt 0.979310 0.865409
vt 0.932846 0.866264
vt 0.931176 0.879294
vt 0.978292 0.856484
vt 0.978638 0.859579
vt 0.933719 0.859936
vt 0.921583 0.872552
vt 0.922496 0.885722
vt 0.977721 0.856494
vt 0.977846 0.855032
vt 0.977461 0.859606
vt 0.977594 0.858000
vt 0.977178 0.863245
vt 0.977321 0.861324
vt 0.979580 0.867953
vt 0.977004 0.865474
vt 0.921160 0.865861
vt 0.921957 0.879170
vt 0.921051 0.859362
vt 0.911245 0.874087
vt 0.916591 0.893575
vt 0.914715 0.887234
vt 0.977567 0.854981
vt 0.976741 0.857849
vt 0.975317 0.862937
vt 0.975840 0.861052
vt 0.974073 0.867545
vt 0.974727 0.865059
vt 0.909613 0.867735
vt 0.912928 0.880697
vt 0.977160 0.856388
vt 0.976301 0.859389
vt 0.908283 0.861316
vt 0.904347 0.883753
vt 0.901311 0.877755
vt 0.907257 0.889911
vt 0.976631 0.856175
vt 0.977304 0.854875
vt 0.975203 0.858957
vt 0.975935 0.857525
vt 0.974423 0.860517
vt 0.971430 0.866587
vt 0.972563 0.864228
vt 0.898596 0.871851
vt 0.973535 0.862264
vt 0.896051 0.865748
vt 0.896524 0.888693
vt 0.892381 0.883386
vt 0.904975 0.899477
vt 0.900655 0.894179
vt 0.977065 0.854720
vt 0.974208 0.858317
vt 0.975209 0.857051
vt 0.973131 0.859704
vt 0.968979 0.865126
vt 0.970572 0.863002
vt 0.888408 0.878007
vt 0.976150 0.855867
vt 0.971929 0.861231
vt 0.884747 0.872494
vt 0.889750 0.895063
vt 0.884845 0.890678
vt 0.900221 0.904055
vt 0.895115 0.899693
vt 0.975742 0.855467
vt 0.976862 0.854522
vt 0.974581 0.856452
vt 0.972011 0.858648
vt 0.966813 0.863171
vt 0.968853 0.861385
vt 0.879787 0.886102
vt 0.973360 0.857492
vt 0.970559 0.859903
vt 0.874777 0.881512
vt 0.878642 0.899218
vt 0.890453 0.905995
vt 0.976700 0.854288
vt 0.972675 0.856524
vt 0.974090 0.855734
vt 0.969434 0.858354
vt 0.971131 0.857380
vt 0.967466 0.859470
vt 0.872908 0.895855
vt 0.884404 0.902685
vt 0.975415 0.854998
vt 0.867347 0.892604
vt 0.874199 0.909012
vt 0.896411 0.909459
vt 0.887180 0.913209
vt 0.975191 0.854472
vt 0.976588 0.854027
vt 0.973738 0.854938
vt 0.968637 0.856597
vt 0.970515 0.855969
vt 0.963991 0.858169
vt 0.966520 0.857299
vt 0.868018 0.906913
vt 0.880601 0.911235
vt 0.972196 0.855433
vt 0.861836 0.904544
vt 0.871913 0.919521
vt 0.892270 0.921874
vt 0.885618 0.921070
vt 0.976529 0.853748
vt 0.973549 0.854084
vt 0.968235 0.854703
vt 0.970192 0.854463
vt 0.963275 0.855326
vt 0.966000 0.854982
vt 0.865320 0.918588
vt 0.878790 0.920288
vt 0.975068 0.853913
vt 0.971942 0.854269
vt 0.858584 0.917614
vt 0.878578 0.929570
vt 0.871924 0.930104
vt 0.885348 0.929060
vt 0.975058 0.853338
vt 0.976526 0.853464
vt 0.971918 0.853074
vt 0.973541 0.853210
vt 0.968212 0.852774
vt 0.970175 0.852925
vt 0.965908 0.852587
vt 0.865014 0.930643
vt 0.858540 0.931134
vt 0.873611 0.940541
vt 0.892280 0.928512
vt 0.886848 0.936862
vt 0.976577 0.853184
vt 0.973695 0.852349
vt 0.968541 0.850865
vt 0.970457 0.851414
vt 0.963733 0.849459
vt 0.966378 0.850231
vt 0.867256 0.942484
vt 0.880261 0.938685
vt 0.975165 0.852774
vt 0.972147 0.851902
vt 0.860755 0.944480
vt 0.883564 0.947337
vt 0.877612 0.950556
vt 0.893457 0.935024
vt 0.889718 0.944358
vt 0.975380 0.852243
vt 0.976684 0.852920
vt 0.972578 0.850789
vt 0.974024 0.851537
vt 0.971017 0.849981
vt 0.967265 0.848017
vt 0.871822 0.953597
vt 0.969252 0.849053
vt 0.866065 0.956870
vt 0.888742 0.955199
vt 0.883613 0.959523
vt 0.899459 0.946639
vt 0.894166 0.950992
vt 0.976839 0.852682
vt 0.973237 0.849790
vt 0.974506 0.850809
vt 0.971854 0.848686
vt 0.964893 0.846750
vt 0.968554 0.846014
vt 0.878454 0.963724
vt 0.975691 0.851761
vt 0.970328 0.847441
vt 0.873428 0.967793
vt 0.977971 0.853589
vt 0.895966 0.941083
vt 0.893847 0.915474
vt 0.910534 0.896052
vt 0.936024 0.894040
vt 0.955518 0.910411
vt 0.957780 0.935741
vt 0.941356 0.955315
vt 0.915729 0.957624
vt 0.057212 0.938803
vt 0.064416 0.936718
vt 0.060460 0.941688
vt 0.056792 0.946268
vt 0.052834 0.942489
vt 0.062248 0.934559
vt 0.068917 0.931031
vt 0.061268 0.949297
vt 0.066991 0.938387
vt 0.064029 0.944172
vt 0.066315 0.951424
vt 0.071804 0.932545
vt 0.069829 0.939531
vt 0.068072 0.945628
vt 0.072254 0.946698
vt 0.071766 0.952417
vt 0.072830 0.940101
vt 0.077314 0.952428
vt 0.075065 0.932822
vt 0.075882 0.940040
vt 0.076546 0.946375
vt 0.080780 0.945655
vt 0.082647 0.951185
vt 0.078883 0.939407
vt 0.084743 0.943837
vt 0.087629 0.949008
vt 0.078185 0.931830
vt 0.081698 0.938239
vt 0.088436 0.941549
vt 0.092251 0.946052
vt 0.084238 0.936507
vt 0.091425 0.938379
vt 0.095908 0.942002
vt 0.080712 0.929742
vt 0.086398 0.934307
vt 0.098984 0.937514
vt 0.088019 0.931679
vt 0.093863 0.934739
vt 0.101151 0.932447
vt 0.081567 0.928315
vt 0.089296 0.928881
vt 0.095363 0.930645
vt 0.096416 0.926416
vt 0.102144 0.926929
vt 0.082158 0.926775
vt 0.089829 0.925839
vt 0.102198 0.921354
vt 0.082507 0.923503
vt 0.089733 0.922743
vt 0.096107 0.922098
vt 0.095403 0.917834
vt 0.100966 0.915951
vt 0.089068 0.919716
vt 0.093604 0.913803
vt 0.098749 0.910947
vt 0.082105 0.921915
vt 0.088061 0.916794
vt 0.091293 0.910052
vt 0.095733 0.906312
vt 0.080540 0.919045
vt 0.086156 0.914360
vt 0.091750 0.902504
vt 0.084101 0.912048
vt 0.088036 0.907099
vt 0.087219 0.899454
vt 0.077978 0.917045
vt 0.081424 0.910537
vt 0.084396 0.904636
vt 0.082136 0.897299
vt 0.076492 0.916365
vt 0.078557 0.909365
vt 0.080342 0.903182
vt 0.076138 0.902099
vt 0.076685 0.896267
vt 0.075545 0.908749
vt 0.071121 0.896315
vt 0.073219 0.916065
vt 0.072473 0.908778
vt 0.071815 0.902401
vt 0.067548 0.903139
vt 0.065748 0.897585
vt 0.069444 0.909419
vt 0.063557 0.904961
vt 0.060803 0.899889
vt 0.070099 0.917092
vt 0.066611 0.910620
vt 0.056179 0.902822
vt 0.064088 0.912405
vt 0.059915 0.907371
vt 0.052483 0.906883
vt 0.067592 0.919215
vt 0.061953 0.914621
vt 0.057037 0.910627
vt 0.049498 0.911423
vt 0.060316 0.917238
vt 0.054576 0.914244
vt 0.047369 0.916533
vt 0.066111 0.922153
vt 0.059173 0.920093
vt 0.053136 0.918317
vt 0.052098 0.922535
vt 0.046422 0.922010
vt 0.058616 0.923118
vt 0.046462 0.927573
vt 0.065834 0.925421
vt 0.058695 0.926185
vt 0.052430 0.926843
vt 0.053159 0.931097
vt 0.047673 0.932945
vt 0.059326 0.929196
vt 0.054974 0.935078
vt 0.049845 0.937897
vt 0.066815 0.928536
vt 0.060506 0.932018
vt 0.067814 0.929831
vt 0.074142 0.924466
vt 0.070330 0.931857
vt 0.073428 0.932757
vt 0.076648 0.932412
vt 0.079512 0.930858
vt 0.082410 0.925145
vt 0.081416 0.920430
vt 0.079307 0.917984
vt 0.074865 0.916130
vt 0.071630 0.916494
vt 0.068783 0.918085
vt 0.066775 0.920652
vt 0.065897 0.923774
vt 0.066260 0.927001
vt 0.027180 0.846482
vt 0.029743 0.846354
vt 0.028244 0.847578
vt 0.031538 0.841251
vt 0.031480 0.844956
vt 0.029828 0.843308
vt 0.027873 0.963038
vt 0.040438 0.966189
vt 0.036215 0.971273
vt 0.038214 0.954650
vt 0.049014 0.955773
vt 0.044769 0.961115
vt 0.024052 0.850215
vt 0.025626 0.849676
vt 0.024449 0.850624
vt 0.026880 0.848668
vt 0.026049 0.847832
vt 0.028398 0.845023
vt 0.022589 0.967292
vt 0.032163 0.976257
vt 0.033146 0.958778
vt 0.048745 0.945921
vt 0.043629 0.950167
vt 0.023110 0.851337
vt 0.023308 0.851540
vt 0.025024 0.849055
vt 0.049202 0.972078
vt 0.053364 0.950584
vt 0.055497 0.960163
vt 0.024759 0.851102
vt 0.023463 0.851778
vt 0.026104 0.850398
vt 0.030802 0.847935
vt 0.029072 0.848852
vt 0.035056 0.845676
vt 0.032744 0.846915
vt 0.046148 0.977789
vt 0.052462 0.966234
vt 0.027532 0.849654
vt 0.042831 0.983485
vt 0.058996 0.975966
vt 0.064789 0.956603
vt 0.062860 0.962984
vt 0.023569 0.852041
vt 0.026432 0.851202
vt 0.031508 0.849709
vt 0.029634 0.850263
vt 0.036185 0.848313
vt 0.033620 0.849075
vt 0.056991 0.982274
vt 0.060989 0.969547
vt 0.024974 0.851629
vt 0.027963 0.850752
vt 0.054896 0.988707
vt 0.069226 0.977870
vt 0.070581 0.964558
vt 0.025083 0.852190
vt 0.023621 0.852320
vt 0.028192 0.851909
vt 0.026589 0.852055
vt 0.029932 0.851753
vt 0.034100 0.851367
vt 0.068499 0.984579
vt 0.070028 0.971270
vt 0.031845 0.851576
vt 0.067859 0.990937
vt 0.079728 0.977947
vt 0.077848 0.957818
vt 0.078551 0.964454
vt 0.023619 0.852604
vt 0.026588 0.852922
vt 0.031858 0.853474
vt 0.029907 0.853270
vt 0.036657 0.853961
vt 0.034066 0.853707
vt 0.080377 0.984483
vt 0.079146 0.971097
vt 0.025075 0.852762
vt 0.028190 0.853092
vt 0.080823 0.990998
vt 0.088168 0.969538
vt 0.090207 0.975938
vt 0.086355 0.962980
vt 0.024957 0.853319
vt 0.023560 0.852881
vt 0.027946 0.854250
vt 0.026407 0.853773
vt 0.029615 0.854761
vt 0.036115 0.856741
vt 0.033593 0.855992
vt 0.091997 0.982159
vt 0.031489 0.855348
vt 0.093625 0.988551
vt 0.096698 0.965930
vt 0.099930 0.971821
vt 0.090202 0.953903
vt 0.093527 0.959843
vt 0.023449 0.853143
vt 0.027482 0.855342
vt 0.026064 0.854569
vt 0.029028 0.856171
vt 0.035052 0.859395
vt 0.032700 0.858158
vt 0.103046 0.977714
vt 0.024736 0.853846
vt 0.030733 0.857106
vt 0.105849 0.983691
vt 0.104377 0.960793
vt 0.108533 0.965857
vt 0.095638 0.950195
vt 0.099896 0.955350
vt 0.024413 0.854316
vt 0.023289 0.853378
vt 0.025581 0.855290
vt 0.028175 0.857451
vt 0.033463 0.861835
vt 0.031383 0.860111
vt 0.112842 0.971129
vt 0.026812 0.856316
vt 0.029649 0.858673
vt 0.117098 0.976401
vt 0.116005 0.958439
vt 0.105479 0.949915
vt 0.024007 0.854718
vt 0.023086 0.853576
vt 0.025975 0.857153
vt 0.024958 0.855896
vt 0.028311 0.860031
vt 0.027075 0.858526
vt 0.029724 0.861780
vt 0.121144 0.962654
vt 0.110875 0.954122
vt 0.126159 0.966682
vt 0.121911 0.949590
vt 0.100238 0.945498
vt 0.109876 0.943332
vt 0.023528 0.855030
vt 0.022848 0.853731
vt 0.024236 0.856376
vt 0.026721 0.861101
vt 0.025793 0.859368
vt 0.029001 0.865382
vt 0.027752 0.863055
vt 0.127676 0.952626
vt 0.116003 0.946348
vt 0.024984 0.857808
vt 0.133435 0.955869
vt 0.125860 0.939715
vt 0.106314 0.933951
vt 0.112686 0.935902
vt 0.022585 0.853839
vt 0.023430 0.856707
vt 0.024937 0.861810
vt 0.024372 0.859939
vt 0.026350 0.866519
vt 0.025579 0.863938
vt 0.132177 0.941679
vt 0.119272 0.937783
vt 0.022999 0.855247
vt 0.023884 0.858257
vt 0.138657 0.943663
vt 0.121122 0.928734
vt 0.127653 0.929356
vt 0.114328 0.928123
vt 0.022437 0.855356
vt 0.022305 0.853890
vt 0.022575 0.856873
vt 0.023062 0.862160
vt 0.022871 0.860221
vt 0.023275 0.864426
vt 0.134419 0.930035
vt 0.022718 0.858482
vt 0.140835 0.930585
vt 0.127739 0.918780
vt 0.107614 0.920817
vt 0.114257 0.920138
vt 0.022021 0.853889
vt 0.021702 0.856871
vt 0.021149 0.862172
vt 0.021350 0.860202
vt 0.020667 0.867007
vt 0.020917 0.864397
vt 0.134278 0.918067
vt 0.120903 0.919479
vt 0.021863 0.855349
vt 0.021530 0.858479
vt 0.140835 0.917556
vt 0.119309 0.910340
vt 0.125699 0.908226
vt 0.112774 0.912220
vt 0.021303 0.855230
vt 0.021743 0.853830
vt 0.020365 0.858234
vt 0.020846 0.856688
vt 0.019851 0.859912
vt 0.017862 0.866467
vt 0.018614 0.863923
vt 0.131936 0.906379
vt 0.019260 0.861801
vt 0.138336 0.904707
vt 0.115645 0.901724
vt 0.121520 0.898430
vt 0.103634 0.908324
vt 0.109576 0.904936
vt 0.021481 0.853719
vt 0.019267 0.857766
vt 0.020046 0.856341
vt 0.018432 0.859321
vt 0.015183 0.865400
vt 0.016428 0.863024
vt 0.127431 0.895286
vt 0.020775 0.855008
vt 0.017489 0.861039
vt 0.133432 0.892437
vt 0.110462 0.893965
vt 0.115522 0.889765
vt 0.099874 0.902849
vt 0.105022 0.898523
vt 0.020303 0.854683
vt 0.021246 0.853558
vt 0.019322 0.855854
vt 0.017144 0.858461
vt 0.012716 0.863800
vt 0.014456 0.861696
vt 0.120807 0.885419
vt 0.018288 0.857090
vt 0.015909 0.859945
vt 0.126094 0.881135
vt 0.108072 0.882252
vt 0.099555 0.892839
vt 0.021047 0.853355
vt 0.017448 0.856246
vt 0.018715 0.855227
vt 0.014540 0.858593
vt 0.016063 0.857350
vt 0.012770 0.860019
vt 0.112282 0.877084
vt 0.103757 0.887397
vt 0.019900 0.854275
vt 0.116315 0.872014
vt 0.099157 0.876244
vt 0.095199 0.898112
vt 0.092953 0.888356
vt 0.019589 0.853793
vt 0.020892 0.853116
vt 0.018232 0.854499
vt 0.013465 0.856983
vt 0.015221 0.856055
vt 0.009117 0.859287
vt 0.011483 0.858020
vt 0.102173 0.870442
vt 0.095946 0.882186
vt 0.016793 0.855247
vt 0.105407 0.864661
vt 0.089155 0.872257
vt 0.083677 0.892093
vt 0.085489 0.885488
vt 0.020785 0.852852
vt 0.017901 0.853688
vt 0.012759 0.855176
vt 0.014657 0.854620
vt 0.007956 0.856588
vt 0.010596 0.855812
vt 0.091085 0.865894
vt 0.087314 0.878891
vt 0.019373 0.853262
vt 0.016349 0.854140
vt 0.093039 0.859361
vt 0.078243 0.877204
vt 0.078733 0.870532
vt 0.077153 0.890914
vt 0.077720 0.883973
vt 0.019266 0.852698
vt 0.020734 0.852572
vt 0.016126 0.852966
vt 0.017745 0.852826
vt 0.012419 0.853273
vt 0.014395 0.853110
vt 0.010120 0.853461
vt 0.079263 0.863626
vt 0.079726 0.857150
vt 0.068207 0.870503
vt 0.070534 0.890891
vt 0.069762 0.884234
vt 0.020737 0.852287
vt 0.016149 0.851772
vt 0.017761 0.851952
vt 0.014404 0.851577
vt 0.007481 0.850726
vt 0.010208 0.851065
vt 0.067247 0.863923
vt 0.069013 0.877381
vt 0.019277 0.852124
vt 0.012443 0.851341
vt 0.066247 0.857190
vt 0.059988 0.879162
vt 0.057726 0.872776
vt 0.061940 0.885730
vt 0.019399 0.851565
vt 0.020796 0.852010
vt 0.016404 0.850606
vt 0.017948 0.851099
vt 0.014724 0.850072
vt 0.010725 0.848746
vt 0.055606 0.866595
vt 0.012844 0.849446
vt 0.053223 0.860424
vt 0.051467 0.882941
vt 0.048005 0.877181
vt 0.058161 0.894961
vt 0.054769 0.888990
vt 0.020908 0.851748
vt 0.016882 0.849515
vt 0.018299 0.850304
vt 0.015339 0.848660
vt 0.008192 0.847879
vt 0.011670 0.846573
vt 0.044624 0.871452
vt 0.019623 0.851039
vt 0.013640 0.847687
vt 0.041333 0.865901
vt 0.043826 0.888251
vt 0.039455 0.883345
vt 0.052767 0.898728
vt 0.048441 0.893607
vt 0.019950 0.850570
vt 0.021069 0.851514
vt 0.018789 0.849586
vt 0.016217 0.847391
vt 0.011013 0.842870
vt 0.013056 0.844655
vt 0.034889 0.878286
vt 0.017567 0.848546
vt 0.014764 0.846136
vt 0.030298 0.873276
vt 0.032189 0.890830
vt 0.042918 0.899096
vt 0.021273 0.851316
vt 0.018414 0.847720
vt 0.019417 0.848987
vt 0.016133 0.844807
vt 0.017337 0.846334
vt 0.014775 0.843037
vt 0.026830 0.886838
vt 0.037473 0.894971
vt 0.020358 0.850170
vt 0.021321 0.883155
vt 0.026550 0.899707
vt 0.048138 0.903424
vt 0.038616 0.905704
vt 0.020838 0.849861
vt 0.021511 0.851161
vt 0.020142 0.848513
vt 0.017739 0.843774
vt 0.018628 0.845520
vt 0.013181 0.840912
vt 0.016766 0.841809
vt 0.020676 0.896936
vt 0.032516 0.902765
vt 0.019411 0.847079
vt 0.014599 0.894342
vt 0.022862 0.909613
vt 0.042214 0.915024
vt 0.035854 0.913164
vt 0.021774 0.851055
vt 0.020947 0.848191
vt 0.019520 0.843099
vt 0.020045 0.844983
vt 0.015633 0.839451
vt 0.018930 0.840978
vt 0.016530 0.907880
vt 0.029460 0.911391
vt 0.021367 0.849648
vt 0.020509 0.846645
vt 0.010159 0.906416
vt 0.027740 0.920329
vt 0.021155 0.919908
vt 0.034395 0.920993
vt 0.021928 0.849542
vt 0.022053 0.851004
vt 0.021799 0.848031
vt 0.021526 0.844711
vt 0.018275 0.838493
vt 0.021205 0.840562
vt 0.014498 0.919393
vt 0.021669 0.846427
vt 0.021381 0.842790
vt 0.008135 0.918962
vt 0.027802 0.929537
vt 0.021185 0.930314
vt 0.041125 0.928158
vt 0.034557 0.928894
vt 0.022337 0.851007
vt 0.022667 0.848040
vt 0.023034 0.844726
vt 0.023778 0.838082
vt 0.023510 0.840625
vt 0.014676 0.931069
vt 0.022499 0.849552
vt 0.022848 0.846449
vt 0.023259 0.842808
vt 0.008162 0.931635
vt 0.029533 0.938533
vt 0.023194 0.940613
vt 0.036012 0.936678
vt 0.023056 0.849672
vt 0.022614 0.851066
vt 0.023999 0.846696
vt 0.023515 0.848225
vt 0.024516 0.845035
vt 0.026509 0.838625
vt 0.025760 0.841108
vt 0.016991 0.942492
vt 0.025111 0.843185
vt 0.010609 0.944182
vt 0.033117 0.947005
vt 0.027275 0.950255
vt 0.045025 0.940497
vt 0.039148 0.943843
vt 0.022875 0.851177
vt 0.025083 0.847162
vt 0.024308 0.848571
vt 0.025914 0.845628
vt 0.029125 0.839679
vt 0.027898 0.841999
vt 0.021387 0.953362
vt 0.023580 0.849894
vt 0.026848 0.843943
vt 0.015406 0.956203
vt 0.022179 0.852447
vt 0.042583 0.934489
vt 0.044732 0.908981
vt 0.064153 0.892427
vt 0.089692 0.894632
vt 0.106146 0.914403
vt 0.103741 0.939990
vt 0.084203 0.956330
vt 0.058833 0.954045
vt 0.102731 0.243708
vt 0.883478 0.079411
vt 0.483537 0.409555
vt 0.070124 0.585598
vt 0.955576 0.744383
vt 0.928788 0.958957
vt 0.979307 0.839033
vt 0.987145 0.842241
vt 0.959088 0.922854
vt 0.992439 0.854891
vt 0.989281 0.862679
vt 0.923091 0.892611
vt 0.976815 0.867973
vt 0.965194 0.860763
vt 0.963256 0.852378
vt 0.966503 0.844363
vt 0.033487 0.843344
vt 0.071271 0.957636
vt 0.036657 0.851141
vt 0.031349 0.863802
vt 0.107376 0.927434
vt 0.023507 0.867001
vt 0.010724 0.861667
vt 0.007470 0.853676
vt 0.009395 0.845280
vt 0.041240 0.921575
vt 0.021015 0.838064
s 0
f 4/1/1 2/2/1 1/3/1
f 8/4/2 6/5/2 5/6/2
f 9/7/3 11/8/3 10/9/3
f 13/10/4 15/11/4 14/12/4
f 28/13/5 26/14/5 25/15/5
f 32/16/6 30/17/6 29/18/6
f 33/19/7 35/20/7 34/21/7
f 17/22/8 19/23/8 16/24/8
f 21/25/9 23/26/9 20/27/9
f 37/28/10 39/29/10 38/30/10
f 44/31/11 42/32/11 41/33/11
f 48/34/12 46/35/12 45/36/12
f 49/37/13 51/38/13 50/39/13
f 56/40/14 54/41/14 53/42/14
f 25/15/15 58/43/15 57/44/15
f 62/45/16 60/46/16 59/47/16
f 63/48/17 6/5/17 64/49/17
f 68/50/18 66/51/18 65/52/18
f 72/53/19 70/54/19 69/55/19
f 73/56/20 75/57/20 74/58/20
f 77/59/21 79/60/21 78/61/21
f 55/62/22 82/63/22 81/64/22
f 84/65/23 86/66/23 85/67/23
f 92/68/24 90/69/24 89/70/24
f 96/71/25 94/72/25 93/73/25
f 97/74/26 99/75/26 98/76/26
f 102/77/27 30/17/27 83/78/27
f 104/79/28 107/80/28 103/81/28
f 109/82/29 32/16/29 110/83/29
f 116/84/30 118/85/30 117/86/30
f 123/87/31 121/88/31 120/89/31
f 124/90/32 126/91/32 125/92/32
f 134/93/33 132/94/33 131/95/33
f 140/96/34 56/40/34 139/97/34
f 136/98/35 119/99/35 116/84/35
f 141/100/36 143/101/36 142/102/36
f 148/103/37 146/104/37 145/105/37
f 151/106/38 150/107/38 149/108/38
f 108/109/39 156/110/39 101/111/39
f 163/112/40 161/113/40 160/114/40
f 166/115/41 165/116/41 164/117/41
f 171/118/42 173/119/42 172/120/42
f 178/121/43 180/122/43 179/123/43
f 186/124/44 188/125/44 187/126/44
f 191/127/45 131/95/45 190/128/45
f 198/129/46 200/130/46 199/131/46
f 205/132/47 203/133/47 202/134/47
f 194/135/48 206/136/48 193/137/48
f 92/68/49 208/138/49 50/39/49
f 88/139/50 39/29/50 40/140/50
f 93/73/51 238/141/51 96/71/51
f 242/142/52 221/143/52 220/144/52
f 244/145/53 54/41/53 245/146/53
f 250/147/54 248/148/54 247/149/54
f 252/150/55 221/143/55 251/151/55
f 106/152/56 255/153/56 105/154/56
f 257/155/57 259/156/57 258/157/57
f 52/158/58 262/159/58 261/160/58
f 266/161/59 241/162/59 242/142/59
f 177/163/60 59/47/60 60/46/60
f 272/164/61 270/165/61 268/166/61
f 277/167/62 275/168/62 149/108/62
f 280/169/63 203/133/63 204/170/63
f 133/171/64 88/139/64 42/32/64
f 281/172/65 167/173/65 168/174/65
f 140/96/66 101/111/66 102/77/66
f 304/175/67 162/176/67 163/112/67
f 230/177/68 38/30/68 39/29/68
f 310/178/69 152/179/69 309/180/69
f 302/181/70 300/182/70 299/183/70
f 233/184/71 317/185/71 316/186/71
f 152/179/72 232/187/72 309/180/72
f 43/188/73 299/183/73 300/182/73
f 104/79/74 307/189/74 156/110/74
f 335/190/75 82/63/75 111/191/75
f 338/192/76 340/193/76 339/194/76
f 346/195/77 348/196/77 347/197/77
f 345/198/78 343/199/78 342/200/78
f 353/201/79 28/13/79 352/202/79
f 141/100/80 142/102/80 168/174/80
f 354/203/81 245/146/81 355/204/81
f 356/205/82 358/206/82 357/207/82
f 175/208/83 361/209/83 59/47/83
f 155/210/84 153/211/84 152/179/84
f 201/212/85 97/74/85 200/130/85
f 368/213/86 157/214/86 158/215/86
f 369/216/87 371/217/87 370/218/87
f 373/219/88 3/220/88 4/1/88
f 276/221/89 376/222/89 375/223/89
f 377/224/90 379/225/90 378/226/90
f 381/227/91 221/143/91 241/162/91
f 69/55/92 387/228/92 386/229/92
f 395/230/93 397/231/93 396/232/93
f 195/233/94 401/234/94 400/235/94
f 404/236/95 403/237/95 402/238/95
f 1/3/96 347/197/96 4/1/96
f 269/239/97 123/87/97 267/240/97
f 246/241/98 53/42/98 54/41/98
f 348/196/99 405/242/99 341/243/99
f 407/244/100 376/222/100 398/245/100
f 391/246/101 184/247/101 410/248/101
f 409/249/102 119/99/102 135/250/102
f 411/251/103 174/252/103 412/253/103
f 99/75/104 294/254/104 399/255/104
f 418/256/105 358/206/105 166/115/105
f 370/218/106 349/257/106 346/195/106
f 58/43/107 258/157/107 315/258/107
f 132/94/108 421/259/108 420/260/108
f 347/197/109 341/243/109 338/192/109
f 346/195/110 369/216/110 370/218/110
f 405/242/111 393/261/111 424/262/111
f 427/263/112 426/264/112 425/265/112
f 428/266/113 430/267/113 429/268/113
f 180/122/114 440/269/114 439/270/114
f 442/271/115 444/272/115 443/273/115
f 257/155/116 173/119/116 411/251/116
f 216/274/117 60/46/117 217/275/117
f 229/276/118 205/132/118 417/277/118
f 267/240/119 120/89/119 448/278/119
f 273/279/120 450/280/120 449/281/120
f 46/35/121 75/57/121 451/282/121
f 69/55/122 274/283/122 273/279/122
f 458/284/123 456/285/123 455/286/123
f 380/287/124 342/200/124 349/257/124
f 472/288/125 474/289/125 473/290/125
f 479/291/126 477/292/126 476/293/126
f 483/294/127 485/295/127 484/296/127
f 462/297/128 460/298/128 459/299/128
f 492/300/129 490/301/129 489/302/129
f 212/303/130 214/304/130 215/305/130
f 502/306/131 135/250/131 62/45/131
f 508/307/132 501/308/132 76/309/132
f 503/310/133 222/311/133 278/312/133
f 197/313/134 27/314/134 236/315/134
f 181/316/135 441/317/135 180/122/135
f 155/210/136 522/318/136 8/4/136
f 523/319/137 217/275/137 243/320/137
f 436/321/138 437/322/138 402/238/138
f 532/323/139 534/324/139 533/325/139
f 321/326/140 283/327/140 284/328/140
f 191/127/141 254/329/141 230/177/141
f 375/223/142 406/330/142 538/331/142
f 522/318/143 183/332/143 239/333/143
f 353/201/144 110/83/144 235/334/144
f 228/335/145 229/276/145 242/142/145
f 561/336/146 559/337/146 558/338/146
f 549/339/147 550/340/147 264/341/147
f 233/184/148 251/151/148 232/187/148
f 574/342/149 576/343/149 575/344/149
f 533/325/150 579/345/150 578/346/150
f 493/347/151 147/348/151 494/349/151
f 590/350/152 608/351/152 607/352/152
f 468/353/153 470/354/153 469/355/153
f 630/356/154 632/357/154 631/358/154
f 574/342/155 673/359/155 668/360/155
f 552/361/156 635/362/156 634/363/156
f 712/364/157 176/365/157 711/366/157
f 698/367/158 700/368/158 699/369/158
f 676/370/159 563/371/159 677/372/159
f 336/373/160 240/374/160 390/375/160
f 153/211/161 222/311/161 152/179/161
f 120/89/162 90/69/162 91/376/162
f 682/377/163 688/378/163 687/379/163
f 562/380/164 564/381/164 563/371/164
f 282/382/165 391/246/165 320/383/165
f 614/384/166 709/385/166 710/386/166
f 717/387/167 719/388/167 718/389/167
f 735/390/168 486/391/168 483/294/168
f 739/392/169 471/393/169 740/394/169
f 737/395/170 742/396/170 741/397/170
f 744/398/171 456/285/171 457/399/171
f 748/400/172 3667/401/172 3668/402/172
f 739/392/173 478/403/173 479/291/173
f 482/404/174 465/405/174 751/406/174
f 464/407/175 749/408/175 463/409/175
f 753/410/176 455/286/176 752/411/176
f 751/406/177 476/293/177 473/290/177
f 474/289/178 755/412/178 481/413/178
f 754/414/179 479/291/179 476/293/179
f 485/295/180 744/398/180 736/415/180
f 485/295/181 741/397/181 484/296/181
f 129/416/182 764/417/182 128/418/182
f 317/185/183 777/419/183 535/420/183
f 157/214/184 47/421/184 48/34/184
f 359/422/185 25/15/185 360/423/185
f 714/424/186 556/425/186 557/426/186
f 86/66/187 293/427/187 85/67/187
f 235/334/188 506/428/188 234/429/188
f 780/430/189 786/431/189 785/432/189
f 797/433/190 788/434/190 796/435/190
f 796/435/191 803/436/191 802/437/191
f 298/438/192 437/322/192 787/439/192
f 795/440/193 789/441/193 788/434/193
f 809/442/194 808/443/194 805/444/194
f 710/386/195 491/445/195 492/300/195
f 266/161/196 414/446/196 413/447/196
f 859/448/197 861/449/197 860/450/197
f 864/451/198 859/448/198 865/452/198
f 211/453/199 209/454/199 203/133/199
f 886/455/200 884/456/200 877/457/200
f 445/458/201 197/313/201 530/459/201
f 878/460/202 810/461/202 809/442/202
f 883/462/203 860/450/203 861/449/203
f 886/455/204 877/457/204 878/460/204
f 367/463/205 509/464/205 157/214/205
f 903/465/206 928/466/206 926/467/206
f 926/467/207 931/468/207 930/469/207
f 3390/470/208 723/471/208 3389/472/208
f 880/473/209 866/474/209 860/450/209
f 217/275/210 61/475/210 136/98/210
f 174/252/211 432/476/211 412/253/211
f 789/441/212 927/477/212 804/478/212
f 934/479/213 942/480/213 941/481/213
f 907/482/214 945/483/214 946/484/214
f 865/452/215 860/450/215 866/474/215
f 905/485/216 946/484/216 947/486/216
f 333/487/217 331/488/217 330/489/217
f 945/483/218 951/490/218 948/491/218
f 948/491/219 950/492/219 949/493/219
f 952/494/220 949/493/220 953/495/220
f 943/496/221 961/497/221 958/498/221
f 326/499/222 328/500/222 329/501/222
f 972/502/223 807/503/223 808/443/223
f 790/504/224 976/505/224 939/506/224
f 987/507/225 982/508/225 988/509/225
f 992/510/226 807/503/226 989/511/226
f 991/512/227 987/507/227 988/509/227
f 286/513/228 284/328/228 283/327/228
f 887/514/229 900/515/229 899/516/229
f 997/517/230 999/518/230 998/519/230
f 1012/520/231 997/517/231 1021/521/231
f 1038/522/232 1024/523/232 1023/524/232
f 1040/525/233 1023/524/233 1039/526/233
f 1021/521/234 998/519/234 1022/527/234
f 1079/528/235 1074/529/235 1086/530/235
f 1093/531/236 1095/532/236 1094/533/236
f 996/534/237 994/535/237 993/536/237
f 861/449/238 884/456/238 883/462/238
f 796/435/239 1104/537/239 797/433/239
f 1071/538/240 929/539/240 1074/529/240
f 504/540/241 159/541/241 505/542/241
f 138/543/242 77/59/242 78/61/242
f 1110/544/243 1107/545/243 1106/546/243
f 1079/528/244 1103/547/244 802/437/244
f 802/437/245 1093/531/245 796/435/245
f 1122/548/246 1125/549/246 1113/550/246
f 1053/551/247 1126/552/247 1046/553/247
f 1125/549/248 1063/554/248 1064/555/248
f 1086/530/249 1091/556/249 1113/550/249
f 1129/557/250 1131/558/250 1130/559/250
f 1128/560/251 947/486/251 1131/558/251
f 3337/561/252 453/562/252 3573/563/252
f 1121/564/253 1127/565/253 1126/552/253
f 1131/558/254 1138/566/254 1137/567/254
f 1139/568/255 1144/569/255 1140/570/255
f 1122/548/256 1151/571/256 1124/572/256
f 1091/556/257 1129/557/257 1146/573/257
f 1158/574/258 1139/568/258 1152/575/258
f 1159/576/259 1152/575/259 1160/577/259
f 1046/553/260 1039/526/260 1041/578/260
f 1000/579/261 1169/580/261 999/518/261
f 1137/567/262 1145/581/262 1144/569/262
f 1170/582/263 1160/577/263 1166/583/263
f 1158/574/264 1151/571/264 1130/559/264
f 1176/584/265 1127/565/265 1171/585/265
f 1038/522/266 1176/584/266 1177/586/266
f 3684/587/267 823/588/267 3695/589/267
f 1178/590/268 1170/582/268 1011/591/268
f 1177/586/269 1159/576/269 1170/582/269
f 1193/592/270 1178/590/270 1192/593/270
f 1037/594/271 1177/586/271 1178/590/271
f 1200/595/272 1192/593/272 1194/596/272
f 655/597/273 678/598/273 654/599/273
f 1194/596/274 1001/600/274 1012/520/274
f 1192/593/275 1011/591/275 1001/600/275
f 1201/601/276 995/602/276 1202/603/276
f 1218/604/277 1209/605/277 1208/606/277
f 1206/607/278 1204/608/278 1203/609/278
f 827/610/279 1208/606/279 823/588/279
f 823/588/280 1219/611/280 858/612/280
f 1208/606/281 1220/613/281 1219/611/281
f 1876/614/282 225/615/282 208/138/282
f 2044/616/283 489/302/283 490/301/283
f 3773/617/284 2079/618/284 3759/619/284
f 57/44/285 315/258/285 495/620/285
f 202/134/286 209/454/286 447/621/286
f 3722/622/287 1206/607/287 3721/623/287
f 1043/624/288 1292/625/288 1293/626/288
f 1293/626/289 1203/609/289 1204/608/289
f 1037/594/290 1292/625/290 1024/523/290
f 1219/611/291 1298/627/291 1296/628/291
f 1265/629/292 1217/630/292 1263/631/292
f 1303/632/293 1305/633/293 1304/634/293
f 1296/628/294 1306/635/294 1305/633/294
f 1307/636/295 1220/613/295 1269/637/295
f 1308/638/296 1298/627/296 1307/636/296
f 1309/639/297 1307/636/297 1310/640/297
f 1310/640/298 1269/637/298 1268/641/298
f 3716/642/299 1311/643/299 1312/644/299
f 1313/645/300 1308/638/300 1309/639/300
f 3715/646/301 1270/647/301 1311/643/301
f 1315/648/302 1314/649/302 1313/645/302
f 3720/650/303 1313/645/303 3712/651/303
f 3712/651/304 1309/639/304 3716/642/304
f 886/455/305 809/442/305 1319/652/305
f 885/653/306 1319/652/306 1320/654/306
f 845/655/307 1321/656/307 1323/657/307
f 1321/656/308 809/442/308 805/444/308
f 1323/657/309 805/444/309 806/658/309
f 1322/659/310 1319/652/310 1321/656/310
f 3693/660/311 1304/634/311 3692/661/311
f 846/662/312 1322/659/312 845/655/312
f 1324/663/313 1320/654/313 1322/659/313
f 3687/664/314 1303/632/314 3693/660/314
f 818/665/315 992/510/315 821/666/315
f 1329/667/316 1304/634/316 1305/633/316
f 1334/668/317 1305/633/317 1306/635/317
f 1314/649/318 1306/635/318 1308/638/318
f 1337/669/319 3683/670/319 3688/671/319
f 514/672/320 516/673/320 513/674/320
f 518/675/321 520/676/321 517/677/321
f 1338/678/322 1335/679/322 1337/669/322
f 525/680/323 527/681/323 528/682/323
f 1333/683/324 1314/649/324 1316/684/324
f 1336/685/325 1325/686/325 1335/679/325
f 1335/679/326 3692/661/326 3683/670/326
f 1339/687/327 883/462/327 884/456/327
f 543/688/328 545/689/328 546/690/328
f 1340/691/329 890/692/329 1339/687/329
f 1339/687/330 885/653/330 1341/693/330
f 1340/691/331 1341/693/331 1342/694/331
f 1341/693/332 1320/654/332 1336/685/332
f 1344/695/333 888/696/333 1343/697/333
f 366/698/334 635/362/334 1353/699/334
f 1354/700/335 953/495/335 949/493/335
f 570/701/336 572/702/336 569/703/336
f 1356/704/337 1354/700/337 1357/705/337
f 1357/705/338 949/493/338 950/492/338
f 581/706/339 583/707/339 580/708/339
f 584/709/340 586/710/340 587/711/340
f 1358/712/341 950/492/341 959/713/341
f 592/714/342 594/715/342 591/716/342
f 596/717/343 513/674/343 595/718/343
f 598/719/344 600/720/344 597/721/344
f 601/722/345 21/25/345 20/27/345
f 604/723/346 606/724/346 603/725/346
f 1363/726/347 1357/705/347 1358/712/347
f 1364/727/348 1358/712/348 1365/728/348
f 1366/729/349 900/515/349 1344/695/349
f 1368/730/350 1140/570/350 1144/569/350
f 620/731/351 622/732/351 619/733/351
f 910/734/352 1368/730/352 909/735/352
f 625/736/353 627/737/353 628/738/353
f 909/735/354 1144/569/354 1145/581/354
f 1370/739/355 1369/740/355 1368/730/355
f 1377/741/356 1331/742/356 1372/743/356
f 1378/744/357 1381/745/357 1380/746/357
f 636/747/358 638/748/358 639/749/358
f 593/750/359 641/751/359 642/752/359
f 643/753/360 645/754/360 646/755/360
f 546/690/361 570/701/361 569/703/361
f 649/756/362 651/757/362 648/758/362
f 1379/759/363 1372/743/363 1378/744/363
f 1384/760/364 3669/761/364 3672/762/364
f 1383/763/365 1337/669/365 1382/764/365
f 1382/764/366 3688/671/366 3669/761/366
f 1385/765/367 1382/764/367 1384/760/367
f 1352/766/368 1340/691/368 1386/767/368
f 661/768/369 663/769/369 660/770/369
f 1351/771/370 1386/767/370 1387/772/370
f 1386/767/371 1342/694/371 1388/773/371
f 669/774/372 671/775/372 672/776/372
f 1387/772/373 1388/773/373 1389/777/373
f 518/675/374 675/778/374 642/752/374
f 1388/773/375 1338/678/375 1383/763/375
f 683/779/376 685/780/376 686/781/376
f 3522/782/377 1726/783/377 3519/784/377
f 684/785/378 695/786/378 696/787/378
f 1070/788/379 3613/789/379 1532/790/379
f 701/791/380 520/676/380 703/792/380
f 705/793/381 707/794/381 704/795/381
f 688/378/382 3409/796/382 3419/797/382
f 15/11/383 1390/798/383 1394/799/383
f 1393/800/384 1391/801/384 1390/798/384
f 1617/802/385 3408/803/385 3410/804/385
f 1403/805/386 1398/806/386 1402/807/386
f 1401/808/387 1399/809/387 1398/806/387
f 1390/798/388 1397/810/388 1396/811/388
f 1406/812/389 1396/811/389 1404/813/389
f 725/814/390 727/815/390 728/816/390
f 1396/811/391 1405/817/391 1404/813/391
f 731/818/392 733/819/392 730/820/392
f 1402/807/393 1369/740/393 1371/821/393
f 1410/822/394 1408/823/394 1407/824/394
f 1411/825/395 1410/822/395 1407/824/395
f 3719/826/396 1407/824/396 3707/827/396
f 1381/745/397 1409/828/397 1410/822/397
f 1380/746/398 1410/822/398 1412/829/398
f 2116/830/399 459/299/399 460/298/399
f 757/831/400 759/832/400 670/833/400
f 760/834/401 762/835/401 763/836/401
f 1635/837/402 1765/838/402 1634/839/402
f 3718/840/403 1315/648/403 3720/650/403
f 769/841/404 771/842/404 768/843/404
f 728/816/405 773/844/405 725/814/405
f 636/747/406 775/845/406 637/846/406
f 1419/847/407 1421/848/407 1420/849/407
f 1418/850/408 1316/684/408 1416/851/408
f 594/715/409 782/852/409 781/853/409
f 3690/854/410 682/377/410 687/379/410
f 1318/855/411 1022/527/411 1317/856/411
f 995/602/412 1423/857/412 1424/858/412
f 791/859/413 793/860/413 794/861/413
f 2062/862/414 3676/863/414 2061/864/414
f 799/865/415 801/866/415 798/867/415
f 1430/868/416 1169/580/416 1165/869/416
f 1431/870/417 1429/871/417 1430/868/417
f 1157/872/418 1432/873/418 1431/870/418
f 812/874/419 813/875/419 811/876/419
f 815/877/420 817/878/420 814/879/420
f 1431/870/421 1165/869/421 1157/872/421
f 1433/880/422 1408/823/422 1409/828/422
f 820/881/423 696/787/423 674/882/423
f 1417/883/424 1433/880/424 1418/850/424
f 583/707/425 825/884/425 826/885/425
f 1201/601/426 3708/886/426 3714/887/426
f 831/888/427 833/889/427 830/890/427
f 835/891/428 836/892/428 834/893/428
f 838/894/429 840/895/429 837/896/429
f 841/897/430 843/898/430 844/899/430
f 994/535/431 3714/887/431 3717/900/431
f 847/901/432 848/902/432 849/903/432
f 850/904/433 852/905/433 853/906/433
f 854/907/434 856/908/434 857/909/434
f 1439/910/435 1391/801/435 1438/911/435
f 1425/912/436 1438/911/436 1424/858/436
f 867/913/437 869/914/437 870/915/437
f 768/843/438 872/916/438 871/917/438
f 874/918/439 876/919/439 873/920/439
f 1424/858/440 1202/603/440 995/602/440
f 881/921/441 514/672/441 596/717/441
f 1429/871/442 1440/922/442 1428/923/442
f 1822/924/443 3373/925/443 1821/926/443
f 891/927/444 893/928/444 894/929/444
f 896/930/445 898/931/445 895/932/445
f 1809/933/446 3380/934/446 1810/935/446
f 901/936/447 875/937/447 874/918/447
f 1442/938/448 1400/939/448 1441/940/448
f 906/941/449 651/757/449 585/942/449
f 1444/943/450 551/944/450 1443/945/450
f 261/160/451 80/946/451 1445/947/451
f 911/948/452 913/949/452 896/930/452
f 914/950/453 598/719/453 849/903/453
f 916/951/454 672/776/454 917/952/454
f 918/953/455 646/755/455 919/954/455
f 1447/955/456 114/956/456 115/957/456
f 921/958/457 815/877/457 814/879/457
f 312/959/458 499/960/458 500/961/458
f 1808/962/459 3378/963/459 1809/933/459
f 80/946/460 1447/955/460 79/60/460
f 1450/964/461 1451/965/461 529/966/461
f 1716/967/462 3375/968/462 3382/969/462
f 355/204/463 1454/970/463 354/203/463
f 451/282/464 76/309/464 501/308/464
f 109/82/465 352/202/465 1457/971/465
f 906/941/466 937/972/466 938/973/466
f 1440/922/467 1397/810/467 1439/910/467
f 1668/974/468 1546/975/468 1659/976/468
f 111/191/469 1457/971/469 335/190/469
f 263/977/470 494/349/470 148/103/470
f 501/308/471 181/316/471 178/121/471
f 335/190/472 1455/978/472 355/204/472
f 247/149/473 334/979/473 246/241/473
f 53/42/474 291/980/474 124/90/474
f 1462/981/475 260/982/475 1461/983/475
f 259/156/476 1460/984/476 137/985/476
f 954/986/477 956/987/477 957/988/477
f 1637/989/478 1652/990/478 1635/837/478
f 3705/991/479 1766/992/479 3699/993/479
f 545/689/480 647/994/480 546/690/480
f 963/995/481 964/996/481 965/997/481
f 1407/824/482 3708/886/482 3707/827/482
f 411/251/483 260/982/483 257/155/483
f 969/998/484 971/999/484 968/1000/484
f 1453/1001/485 408/1002/485 1465/1003/485
f 271/1004/486 301/1005/486 302/181/486
f 977/1006/487 660/770/487 663/769/487
f 978/1007/488 979/1008/488 855/1009/488
f 1465/1003/489 34/21/489 1466/1010/489
f 1467/1011/490 1468/1012/490 1449/1013/490
f 350/1014/491 1469/1015/491 1467/1011/491
f 1467/1011/492 199/131/492 350/1014/492
f 919/954/493 986/1016/493 918/953/493
f 262/159/494 1446/1017/494 261/160/494
f 62/45/495 534/324/495 502/306/495
f 990/1018/496 773/844/496 915/1019/496
f 357/207/497 427/263/497 1470/1020/497
f 236/315/498 353/201/498 235/334/498
f 1629/1021/499 3402/1022/499 1628/1023/499
f 201/212/500 1471/1024/500 218/1025/500
f 227/1026/501 1473/1027/501 1472/1028/501
f 1472/1028/502 226/1029/502 227/1026/502
f 378/226/503 416/1030/503 415/1031/503
f 417/277/504 242/142/504 229/276/504
f 153/211/505 511/1032/505 223/1033/505
f 96/71/506 41/33/506 40/140/506
f 1002/1034/507 592/714/507 1004/1035/507
f 1006/1036/508 1008/1037/508 1005/1038/508
f 919/954/509 1010/1039/509 1009/1040/509
f 37/28/510 578/346/510 95/1041/510
f 1013/1042/511 763/836/511 1014/1043/511
f 686/781/512 1015/1044/512 1016/1045/512
f 1017/1046/513 1019/1047/513 1020/1048/513
f 352/202/514 359/422/514 1456/1049/514
f 179/123/515 467/1050/515 178/121/515
f 66/51/516 529/966/516 190/128/516
f 1472/1028/517 1482/1051/517 226/1029/517
f 1026/1052/518 587/711/518 1025/1053/518
f 597/721/519 849/903/519 598/719/519
f 840/895/520 1028/1054/520 837/896/520
f 985/1055/521 1030/1056/521 986/1016/521
f 733/819/522 1033/1057/522 1031/1058/522
f 1034/1059/523 1036/1060/523 1032/1061/523
f 285/1062/524 1483/1063/524 284/328/524
f 280/169/525 1482/1051/525 1483/1063/525
f 284/328/526 1484/1064/526 321/326/526
f 323/1065/527 1469/1015/527 1485/1066/527
f 298/438/528 443/273/528 297/1067/528
f 96/71/529 37/28/529 95/1041/529
f 452/1068/530 74/58/530 75/57/530
f 322/1069/531 1485/1066/531 452/1068/531
f 619/733/532 1045/1070/532 620/731/532
f 1448/1071/533 1487/1072/533 1489/1073/533
f 198/129/534 1489/1073/534 1471/1024/534
f 1047/1074/535 1049/1075/535 811/876/535
f 922/1076/536 1050/1077/536 1051/1078/536
f 896/930/537 1052/1079/537 897/1080/537
f 430/267/538 1491/1081/538 429/268/538
f 149/108/539 1475/1082/539 277/167/539
f 1490/1083/540 5/6/540 1491/1081/540
f 361/209/541 534/324/541 59/47/541
f 770/1084/542 647/994/542 771/842/542
f 1054/1085/543 837/896/543 1055/1086/543
f 1369/740/544 1399/809/544 1140/570/544
f 1057/1087/545 1059/1088/545 1056/1089/545
f 521/1090/546 1490/1083/546 430/267/546
f 17/22/547 1061/1091/547 1062/1092/547
f 264/341/548 1492/1093/548 549/339/548
f 129/416/549 386/229/549 387/228/549
f 674/882/550 782/852/550 675/778/550
f 1067/1094/551 1006/1036/551 1068/1095/551
f 1069/1096/552 774/1097/552 1019/1047/552
f 1494/1098/553 129/416/553 130/1099/553
f 645/754/554 1072/1100/554 1073/1101/554
f 65/52/555 435/1102/555 68/50/555
f 1076/1103/556 1078/1104/556 1075/1105/556
f 34/21/557 1497/1106/557 1466/1010/557
f 1081/1107/558 1083/1108/558 1080/1109/558
f 832/1110/559 1085/1111/559 833/889/559
f 1343/697/560 889/1112/560 1352/766/560
f 283/327/561 401/234/561 286/513/561
f 308/1113/562 506/428/562 29/18/562
f 529/966/563 1494/1098/563 524/1114/563
f 1466/1010/564 308/1113/564 305/1115/564
f 1087/1116/565 1089/1117/565 1090/1118/565
f 1500/1119/566 450/280/566 256/1120/566
f 512/1121/567 1498/1122/567 1500/1119/567
f 814/879/568 1097/1123/568 1096/1124/568
f 1099/1125/569 1101/1126/569 1098/1127/569
f 596/717/570 1018/1128/570 881/921/570
f 915/1019/571 599/1129/571 598/719/571
f 268/166/572 122/1130/572 123/87/572
f 1645/1131/573 3393/1132/573 1644/1133/573
f 185/1134/574 1502/1135/574 265/1136/574
f 223/1033/575 1501/1137/575 279/1138/575
f 544/1139/576 962/1140/576 545/689/576
f 355/204/577 81/64/577 335/190/577
f 182/1141/578 310/178/578 1502/1135/578
f 1769/1142/579 3434/1143/579 3397/1144/579
f 3783/1145/580 3384/1146/580 3650/1147/580
f 1109/1148/581 965/997/581 1108/1149/581
f 200/130/582 98/76/582 124/90/582
f 1111/1150/583 646/755/583 645/754/583
f 1454/970/584 76/309/584 73/56/584
f 419/1151/585 1503/1152/585 139/97/585
f 1114/1153/586 895/932/586 898/931/586
f 164/117/587 418/256/587 166/115/587
f 1116/1154/588 1118/1155/588 1119/1156/588
f 537/1157/589 50/39/589 51/38/589
f 1478/1158/590 1479/1159/590 288/1160/590
f 956/987/591 1123/1161/591 918/953/591
f 814/879/592 964/996/592 921/958/592
f 1504/1162/593 278/312/593 107/80/593
f 1505/1163/594 231/1164/594 503/310/594
f 125/92/595 1505/1163/595 1503/1152/595
f 496/1165/596 249/1166/596 250/147/596
f 410/248/597 320/383/597 391/246/597
f 1133/1167/598 1135/1168/598 1132/1169/598
f 571/1170/599 1080/1109/599 572/702/599
f 1474/1171/600 1475/1082/600 143/101/600
f 591/716/601 1004/1035/601 592/714/601
f 296/1172/602 1506/1173/602 295/1174/602
f 354/203/603 73/56/603 496/1165/603
f 65/52/604 190/128/604 131/95/604
f 986/1016/605 956/987/605 918/953/605
f 684/785/606 1089/1117/606 685/780/606
f 3736/1175/607 3394/1176/607 3646/1177/607
f 1141/1178/608 641/751/608 640/1179/608
f 1142/1180/609 838/894/609 1054/1085/609
f 1147/1181/610 1149/1182/610 1150/1183/610
f 210/1184/611 192/1185/611 209/454/611
f 1154/1186/612 1156/1187/612 1153/1188/612
f 362/1189/613 93/73/613 94/72/613
f 85/67/614 219/1190/614 84/65/614
f 1161/1191/615 1163/1192/615 1164/1193/615
f 164/117/616 1478/1158/616 1510/1194/616
f 1445/947/617 77/59/617 1459/1195/617
f 1067/1094/618 1168/1196/618 1007/1197/618
f 384/1198/619 343/199/619 1512/1199/619
f 516/673/620 1173/1200/620 1172/1201/620
f 791/859/621 838/894/621 792/1202/621
f 1174/1203/622 1003/1204/622 1002/1034/622
f 590/350/623 681/1205/623 680/1206/623
f 1179/1207/624 1181/1208/624 726/1209/624
f 1182/1210/625 513/674/625 516/673/625
f 1184/1211/626 847/901/626 597/721/626
f 894/929/627 669/774/627 916/951/627
f 1441/940/628 1405/817/628 1440/922/628
f 1006/1036/629 1136/1212/629 1068/1095/629
f 1186/1213/630 1188/1214/630 1189/1215/630
f 3717/900/631 1415/1216/631 3718/840/631
f 824/1217/632 1191/1218/632 825/884/632
f 413/447/633 265/1136/633 266/161/633
f 1195/1219/634 1197/1220/634 1060/1221/634
f 18/1222/635 1199/1223/635 19/23/635
f 862/1224/636 877/457/636 861/449/636
f 1480/1225/637 165/116/637 377/224/637
f 1164/1193/638 1207/1226/638 1153/1188/638
f 339/194/639 538/331/639 406/330/639
f 1048/1227/640 1211/1228/640 1049/1075/640
f 1212/1229/641 1214/1230/641 728/816/641
f 1196/1231/642 1164/1193/642 1215/1232/642
f 1471/1024/643 1473/1027/643 325/1233/643
f 919/954/644 1216/1234/644 985/1055/644
f 1517/1235/645 5/6/645 63/48/645
f 1514/1236/646 384/1198/646 1512/1199/646
f 394/1237/647 63/48/647 337/1238/647
f 1222/1239/648 1224/1240/648 1221/1241/648
f 134/93/649 230/177/649 88/139/649
f 1226/1242/650 619/733/650 1225/1243/650
f 830/890/651 1228/1244/651 831/888/651
f 1229/1245/652 1054/1085/652 1230/1246/652
f 53/42/653 125/92/653 419/1151/653
f 433/1247/654 540/1248/654 539/1249/654
f 1162/1250/655 1150/1183/655 1163/1192/655
f 1231/1251/656 811/876/656 813/875/656
f 422/1252/657 372/1253/657 373/219/657
f 424/262/658 341/243/658 405/242/658
f 339/194/659 373/219/659 338/192/659
f 243/320/660 1444/943/660 1443/945/660
f 385/1254/661 342/200/661 343/199/661
f 1479/1159/662 1511/1255/662 1512/1199/662
f 1519/1256/663 368/213/663 330/489/663
f 105/154/664 306/1257/664 307/189/664
f 277/167/665 1474/1171/665 397/231/665
f 385/1254/666 383/1258/666 382/1259/666
f 194/135/667 400/235/667 1519/1256/667
f 407/244/668 395/230/668 422/1252/668
f 1221/1241/669 1233/1260/669 1222/1239/669
f 3/220/670 289/1261/670 2/2/670
f 1234/1262/671 1236/1263/671 1237/1264/671
f 393/261/672 337/1238/672 276/221/672
f 935/1265/673 933/1266/673 932/1267/673
f 452/1068/674 47/421/674 322/1069/674
f 1073/1101/675 671/775/675 1238/1268/675
f 419/1151/676 56/40/676 53/42/676
f 876/919/677 1240/1269/677 912/1270/677
f 1242/1271/678 1243/1272/678 1241/1273/678
f 413/447/679 319/1274/679 410/248/679
f 33/19/680 172/120/680 36/1275/680
f 16/24/681 1162/1250/681 1161/1191/681
f 1231/1251/682 1048/1227/682 1047/1074/682
f 147/348/683 148/103/683 494/349/683
f 1163/1192/684 1244/1276/684 1207/1226/684
f 1211/1228/685 1246/1277/685 1237/1264/685
f 1247/1278/686 525/680/686 605/1279/686
f 553/1280/687 453/562/687 454/1281/687
f 1248/1282/688 728/816/688 1214/1230/688
f 856/908/689 1230/1246/689 1249/1283/689
f 308/1113/690 156/110/690 307/189/690
f 427/263/691 493/347/691 1470/1020/691
f 1250/1284/692 844/899/692 843/898/692
f 608/351/693 615/1285/693 614/384/693
f 1252/1286/694 1114/1153/694 1253/1287/694
f 557/426/695 555/1288/695 554/1289/695
f 1444/943/696 117/86/696 356/205/696
f 316/186/697 535/420/697 318/1290/697
f 1254/1291/698 1084/1292/698 1255/1293/698
f 1486/1294/699 321/326/699 1484/1064/699
f 1256/1295/700 1114/1153/700 898/931/700
f 163/112/701 1514/1236/701 1513/1296/701
f 1451/965/702 386/229/702 1494/1098/702
f 1518/1297/703 1523/1298/703 1520/1299/703
f 1257/1300/704 1181/1208/704 1180/1301/704
f 1030/1056/705 1253/1287/705 1256/1295/705
f 758/1302/706 591/716/706 1258/1303/706
f 697/1304/707 3429/1305/707 3431/1306/707
f 243/320/708 136/98/708 116/84/708
f 4/1/709 338/192/709 373/219/709
f 693/1307/710 691/1308/710 690/1309/710
f 712/364/711 41/33/711 238/141/711
f 253/1310/712 1524/1311/712 532/323/712
f 769/841/713 1262/1312/713 770/1084/713
f 70/54/714 255/153/714 274/283/714
f 393/261/715 375/223/715 424/262/715
f 1153/1188/716 1215/1232/716 1164/1193/716
f 1198/1313/717 1264/1314/717 1199/1223/717
f 150/107/718 142/102/718 143/101/718
f 1195/1219/719 1161/1191/719 1196/1231/719
f 288/1160/720 344/1315/720 423/1316/720
f 764/417/721 1499/1317/721 1527/1318/721
f 1156/1187/722 1266/1319/722 1197/1220/722
f 1244/1276/723 1232/1320/723 1221/1241/723
f 1527/1318/724 428/266/724 389/1321/724
f 128/418/725 1527/1318/725 1525/1322/725
f 1524/1311/726 161/113/726 1526/1323/726
f 103/81/727 105/154/727 104/79/727
f 1272/1324/728 1273/1325/728 1271/1326/728
f 1428/923/729 1439/910/729 1425/912/729
f 1481/1327/730 497/1328/730 498/1329/730
f 1274/1330/731 1276/1331/731 1277/1332/731
f 1279/1333/732 1281/1334/732 1278/1335/732
f 167/173/733 1493/1336/733 264/341/733
f 1493/1336/734 192/1185/734 193/137/734
f 1282/1337/735 1283/1338/735 1284/1339/735
f 852/905/736 1286/1340/736 1287/1341/736
f 1288/1342/737 1289/1343/737 1290/1344/737
f 3695/589/738 858/612/738 3687/664/738
f 1278/1335/739 844/899/739 1251/1345/739
f 1017/1046/740 843/898/740 1291/1346/740
f 1525/1322/741 389/1321/741 161/113/741
f 576/343/742 1536/1347/742 575/344/742
f 575/344/743 1065/1348/743 673/359/743
f 1542/1349/744 1544/1350/744 1543/1351/744
f 1171/585/745 1124/572/745 1151/571/745
f 694/1352/746 567/1353/746 697/1304/746
f 277/167/747 398/245/747 376/222/747
f 933/1266/748 941/481/748 943/496/748
f 1555/1354/749 1550/1355/749 1554/1356/749
f 1546/975/750 1548/1357/750 1547/1358/750
f 1553/1359/751 1551/1360/751 1550/1355/751
f 3744/1361/752 924/1362/752 3758/1363/752
f 1561/1364/753 1559/1365/753 1558/1366/753
f 1565/1367/754 1563/1368/754 1562/1369/754
f 1365/728/755 959/713/755 960/1370/755
f 1550/1355/756 1557/1371/756 1556/1372/756
f 1571/1373/757 1569/1374/757 1568/1375/757
f 290/1376/758 351/1377/758 350/1014/758
f 539/1249/759 268/166/759 269/239/759
f 1588/1378/760 3673/1379/760 3678/1380/760
f 839/1381/761 798/867/761 840/895/761
f 1055/1086/762 1294/1382/762 1295/1383/762
f 1516/1384/763 1491/1081/763 1517/1235/763
f 560/1385/764 664/1386/764 665/1387/764
f 752/411/765 756/1388/765 754/414/765
f 957/988/766 898/931/766 897/1080/766
f 394/1237/767 382/1259/767 383/1258/767
f 1031/1058/768 730/820/768 733/819/768
f 1605/1389/769 1604/1390/769 1603/1391/769
f 912/1270/770 1059/1088/770 913/949/770
f 1044/1392/771 1300/1393/771 1045/1070/771
f 1501/1137/772 256/1120/772 106/152/772
f 581/706/773 627/737/773 1302/1394/773
f 461/1395/774 742/396/774 460/298/774
f 1603/1391/775 3690/854/775 3701/1396/775
f 1605/1389/776 3701/1396/776 3702/1397/776
f 903/465/777 930/469/777 907/482/777
f 92/68/778 536/1398/778 91/376/778
f 510/1399/779 512/1121/779 511/1032/779
f 435/1102/780 433/1247/780 432/476/780
f 829/1400/781 828/1401/781 822/1402/781
f 470/354/782 735/390/782 483/294/782
f 1607/1403/783 471/393/783 1600/1404/783
f 303/1405/784 1528/1406/784 162/176/784
f 454/1281/785 3370/1407/785 3368/1408/785
f 3370/1407/786 1327/1409/786 3368/1408/786
f 226/1029/787 228/335/787 227/1026/787
f 182/1141/788 184/247/788 183/332/788
f 145/105/789 144/1410/789 141/100/789
f 223/1033/790 278/312/790 222/311/790
f 1513/1296/791 1512/1199/791 1511/1255/791
f 740/394/792 1609/1411/792 478/403/792
f 3691/1412/793 1610/1413/793 3689/1414/793
f 808/443/794 806/658/794 805/444/794
f 48/34/795 158/215/795 157/214/795
f 1622/1415/796 1620/1416/796 1619/1417/796
f 279/1138/797 107/80/797 278/312/797
f 652/1418/798 654/599/798 653/1419/798
f 618/1420/799 624/1421/799 623/1422/799
f 541/1423/800 547/1424/800 542/1425/800
f 110/83/801 29/18/801 506/428/801
f 482/404/802 481/413/802 480/1426/802
f 3417/1427/803 1612/1428/803 3418/1429/803
f 566/1430/804 568/1431/804 567/1353/804
f 374/1432/805 382/1259/805 405/242/805
f 1347/1433/806 1349/1434/806 1346/1435/806
f 1523/1298/807 425/265/807 426/264/807
f 932/1267/808 931/468/808 927/477/808
f 3398/1436/809 567/1353/809 568/1431/809
f 1619/1417/810 1626/1437/810 1625/1438/810
f 1360/1439/811 1362/1440/811 1359/1441/811
f 1619/1417/812 1623/1442/812 1622/1415/812
f 1630/1443/813 1628/1023/813 1627/1444/813
f 1585/1445/814 1632/1446/814 1631/1447/814
f 1373/1448/815 1375/1449/815 1376/1450/815
f 1636/1451/816 1634/839/816 1633/1452/816
f 1574/1453/817 1636/1451/817 1586/1454/817
f 1638/1455/818 1635/837/818 1636/1451/818
f 1587/1456/819 3670/1457/819 3673/1379/819
f 524/1114/820 190/128/820 529/966/820
f 168/174/821 142/102/821 151/106/821
f 783/1458/822 718/389/822 780/430/822
f 390/375/823 183/332/823 184/247/823
f 61/475/824 135/250/824 136/98/824
f 3395/1459/825 1615/1460/825 3406/1461/825
f 392/1462/826 149/108/826 275/168/826
f 613/1463/827 611/1464/827 610/1465/827
f 451/282/828 45/36/828 46/35/828
f 738/1466/829 485/295/829 736/415/829
f 776/1467/830 766/1468/830 765/1469/830
f 396/232/831 1474/1171/831 1521/1470/831
f 332/1471/832 158/215/832 159/541/832
f 1653/1472/833 1617/802/833 1654/1473/833
f 1651/1474/834 1653/1472/834 1655/1475/834
f 3422/1476/835 1613/1477/835 3417/1427/835
f 3780/1478/836 1662/1479/836 3782/1480/836
f 318/1290/837 294/254/837 86/66/837
f 3775/1481/838 1661/1482/838 1665/1483/838
f 3778/1484/839 1657/1485/839 1660/1486/839
f 1658/1487/840 3786/1488/840 3777/1489/840
f 1518/1297/841 1521/1470/841 1522/1490/841
f 1104/537/842 1094/533/842 1105/1491/842
f 390/375/843 281/172/843 336/373/843
f 1665/1483/844 1666/1492/844 1667/1493/844
f 1666/1492/845 1560/1494/845 1561/1364/845
f 1668/974/846 1667/1493/846 1549/1495/846
f 1673/1496/847 1670/1497/847 1672/1498/847
f 3778/1484/848 1668/974/848 1659/976/848
f 1663/1499/849 1538/1500/849 1662/1479/849
f 1675/1501/850 1672/1498/850 1674/1502/850
f 1520/1299/851 1510/1194/851 289/1261/851
f 1681/1503/852 1679/1504/852 1678/1505/852
f 1301/1506/853 580/708/853 1452/1507/853
f 400/235/854 367/463/854 368/213/854
f 953/495/855 1138/566/855 952/494/855
f 160/114/856 389/1321/856 388/1508/856
f 1532/790/857 1066/1509/857 1070/788/857
f 1533/1510/858 666/1511/858 1532/790/858
f 729/1512/859 631/358/859 734/1513/859
f 1689/1514/860 1682/1515/860 1688/1516/860
f 1555/1354/861 1688/1516/861 1553/1359/861
f 1688/1516/862 1552/1517/862 1553/1359/862
f 1690/1518/863 1689/1514/863 1544/1350/863
f 1350/1519/864 1343/697/864 1345/1520/864
f 1691/1521/865 1671/1522/865 1673/1496/865
f 1683/1523/866 1690/1518/866 1691/1521/866
f 1671/1522/867 1690/1518/867 1541/1524/867
f 1681/1503/868 1691/1521/868 1692/1525/868
f 1680/1526/869 1692/1525/869 1693/1527/869
f 1693/1527/870 1675/1501/870 1676/1528/870
f 1694/1529/871 1695/1530/871 1656/1531/871
f 1692/1525/872 1673/1496/872 1675/1501/872
f 1622/1415/873 1700/1532/873 1627/1444/873
f 1701/1533/874 1699/1534/874 1702/1535/874
f 1697/1536/875 1696/1537/875 1694/1529/875
f 1624/1538/876 1625/1438/876 1699/1534/876
f 1624/1538/877 1703/1539/877 1623/1442/877
f 1684/1540/878 1705/1541/878 1704/1542/878
f 1552/1517/879 1704/1542/879 1551/1360/879
f 1551/1360/880 1706/1543/880 1557/1371/880
f 1704/1542/881 1707/1544/881 1706/1543/881
f 1618/1545/882 3404/1546/882 3408/803/882
f 3177/1547/883 3411/1548/883 3173/1549/883
f 1160/577/884 1157/872/884 1165/869/884
f 1623/1442/885 1708/1550/885 1700/1532/885
f 1700/1532/886 1698/1551/886 1697/1536/886
f 1705/1541/887 1702/1535/887 1707/1544/887
f 1685/1552/888 1701/1533/888 1705/1541/888
f 1128/560/889 904/1553/889 905/485/889
f 1092/1554/890 1128/560/890 1129/557/890
f 1850/1555/891 3414/1556/891 1645/1131/891
f 1679/1504/892 1703/1539/892 1685/1552/892
f 1680/1526/893 1708/1550/893 1679/1504/893
f 1709/1557/894 1660/1486/894 1657/1485/894
f 1656/1531/895 1709/1557/895 1655/1475/895
f 1126/552/896 1040/525/896 1039/526/896
f 1710/1558/897 1629/1021/897 1630/1443/897
f 1654/1473/898 1711/1559/898 1710/1558/898
f 941/481/899 966/1560/899 961/497/899
f 1729/1561/900 1727/1562/900 1726/783/900
f 1725/1563/901 1554/1356/901 1724/1564/901
f 1690/1518/902 1540/1565/902 1541/1524/902
f 1540/1565/903 1733/1566/903 1539/1567/903
f 3787/1568/904 1730/1569/904 3788/1570/904
f 1723/1571/905 3787/1568/905 3776/1572/905
f 1736/1573/906 1734/1574/906 1733/1566/906
f 3621/1575/907 1658/1487/907 1659/976/907
f 984/1576/908 1105/1491/908 983/1577/908
f 1733/1566/909 1730/1569/909 1731/1578/909
f 967/1579/910 1365/728/910 960/1370/910
f 1539/1567/911 1731/1578/911 1723/1571/911
f 1742/1580/912 1740/1581/912 1737/1582/912
f 1558/1366/913 1729/1561/913 1726/783/913
f 623/1422/914 3754/1583/914 3743/1584/914
f 3787/1568/915 1728/1585/915 1729/1561/915
f 1752/1586/916 1748/1587/916 1747/1588/916
f 3788/1570/917 1757/1589/917 1728/1585/917
f 3381/1590/918 3632/1591/918 1765/838/918
f 1761/1592/919 3783/1145/919 3781/1593/919
f 1747/1588/920 1753/1594/920 1752/1586/920
f 1752/1586/921 1754/1595/921 1735/1596/921
f 3632/1591/922 1634/839/922 1765/838/922
f 1545/1597/923 1742/1580/923 1748/1587/923
f 1730/1569/924 3779/1598/924 3788/1570/924
f 1760/1599/925 1757/1589/925 1759/1600/925
f 1727/1562/926 1757/1589/926 1758/1601/926
f 1734/1574/927 1756/1602/927 1730/1569/927
f 498/1329/928 505/542/928 1481/1327/928
f 1755/1603/929 1761/1592/929 1756/1602/929
f 1759/1600/930 3779/1598/930 3781/1593/930
f 1753/1594/931 1763/1604/931 1754/1595/931
f 3400/1605/932 1711/1559/932 3412/1606/932
f 475/1607/933 1766/992/933 755/412/933
f 3668/402/934 1601/1608/934 748/400/934
f 3696/1609/935 1769/1142/935 1614/1610/935
f 475/1607/936 1601/1608/936 1767/1611/936
f 1649/1612/937 3629/1613/937 3631/1614/937
f 477/292/938 1609/1411/938 1770/1615/938
f 3698/1616/939 1775/1617/939 3681/1618/939
f 3697/1619/940 1609/1411/940 3689/1414/940
f 3698/1616/941 1770/1615/941 3697/1619/941
f 1771/1620/942 477/292/942 1770/1615/942
f 1602/1621/943 747/1622/943 748/400/943
f 455/286/944 735/390/944 756/1388/944
f 747/1622/945 3682/1623/945 3667/401/945
f 3681/1618/946 3685/1624/946 3706/1625/946
f 1768/1626/947 1774/1627/947 747/1622/947
f 3696/1609/948 1612/1428/948 3699/993/948
f 659/1628/949 3407/1629/949 3369/1630/949
f 1773/1631/950 1781/1632/950 1780/1633/950
f 1780/1633/951 3680/1634/951 3679/1635/951
f 1783/1636/952 1610/1413/952 1784/1637/952
f 1786/1638/953 1809/933/953 1764/1639/953
f 1627/1444/954 1621/1640/954 1622/1415/954
f 1738/1641/955 1807/1642/955 1787/1643/955
f 1749/1644/956 1764/1639/956 1753/1594/956
f 1792/1645/957 1812/1646/957 1811/1647/957
f 3392/1648/958 677/372/958 563/371/958
f 1575/1649/959 1577/1650/959 1578/1651/959
f 1811/1647/960 3371/1652/960 3374/1653/960
f 1581/1654/961 1583/1655/961 1584/1656/961
f 1814/1657/962 1535/1658/962 1818/1659/962
f 1806/1660/963 3374/1653/963 3385/1661/963
f 1725/1563/964 1814/1657/964 1741/1662/964
f 1590/1663/965 1592/1664/965 1589/1665/965
f 1594/1666/966 1595/1667/966 1593/1668/966
f 1596/1669/967 1598/1670/967 1599/1671/967
f 1807/1642/968 1811/1647/968 1806/1660/968
f 1814/1657/969 1820/1672/969 1819/1673/969
f 1762/1674/970 1824/1675/970 1761/1592/970
f 1819/1673/971 1790/1676/971 1791/1677/971
f 1741/1662/972 1819/1673/972 1740/1581/972
f 3781/1593/973 1822/924/973 1759/1600/973
f 1830/1678/974 1827/1679/974 1826/1680/974
f 1831/1681/975 779/1682/975 784/1683/975
f 1989/1684/976 3756/1685/976 1988/1686/976
f 1194/596/977 1270/647/977 1200/595/977
f 1576/1687/978 1362/1440/978 1361/1688/978
f 3743/1584/979 1834/1689/979 1833/1690/979
f 629/1691/980 3645/1692/980 3423/1693/980
f 1311/643/981 1012/520/981 1312/644/981
f 618/1420/982 3743/1584/982 3739/1694/982
f 3769/1695/983 1835/1696/983 1848/1697/983
f 1849/1698/984 589/1699/984 1848/1697/984
f 3379/1700/985 611/1464/985 677/372/985
f 3424/1701/986 629/1691/986 3423/1693/986
f 330/489/987 444/272/987 1519/1256/987
f 1851/1702/988 187/126/988 1852/1703/988
f 1844/1704/989 1834/1689/989 1845/1705/989
f 1855/1706/990 121/88/990 1854/1707/990
f 188/125/991 734/1513/991 224/1708/991
f 1664/1709/992 3780/1478/992 3775/1481/992
f 330/489/993 158/215/993 333/487/993
f 1531/1710/994 551/944/994 549/339/994
f 1740/1581/995 1791/1677/995 1739/1711/995
f 1858/1712/996 51/38/996 1859/1713/996
f 980/1714/997 975/1715/997 976/505/997
f 966/1560/998 900/515/998 967/1579/998
f 1166/583/999 1165/869/999 1169/580/999
f 2038/1716/1000 2019/1717/1000 2037/1718/1000
f 1873/1719/1001 1872/1720/1001 1868/1721/1001
f 443/273/1002 1865/1722/1002 1864/1723/1002
f 1868/1721/1003 1871/1724/1003 1869/1725/1003
f 3741/1726/1004 2050/1727/1004 3760/1728/1004
f 1869/1725/1005 1879/1729/1005 1878/1730/1005
f 688/378/1006 3425/1731/1006 687/379/1006
f 270/165/1007 1878/1730/1007 1854/1707/1007
f 3428/1732/1008 1777/1733/1008 1779/1734/1008
f 1074/529/1009 1092/1554/1009 1091/556/1009
f 1880/1735/1010 711/366/1010 1876/614/1010
f 3437/1736/1011 3513/1737/1011 3617/1738/1011
f 1873/1719/1012 299/183/1012 1882/1739/1012
f 1882/1739/1013 44/31/1013 712/364/1013
f 493/347/1014 1458/1740/1014 1470/1020/1014
f 1856/1741/1015 767/1742/1015 776/1467/1015
f 1775/1617/1016 3679/1635/1016 3685/1624/1016
f 1878/1730/1017 1876/614/1017 1877/1743/1017
f 1496/1744/1018 1529/1745/1018 1495/1746/1018
f 246/241/1019 250/147/1019 247/149/1019
f 1470/1020/1020 356/205/1020 357/207/1020
f 111/191/1021 31/1747/1021 32/16/1021
f 211/453/1022 285/1062/1022 286/513/1022
f 133/171/1023 43/188/1023 421/259/1023
f 530/459/1024 236/315/1024 237/1748/1024
f 1893/1749/1025 420/260/1025 421/259/1025
f 1738/1641/1026 1786/1638/1026 1749/1644/1026
f 1660/1486/1027 3774/1750/1027 3778/1484/1027
f 1620/1416/1028 3387/1751/1028 1626/1437/1028
f 262/159/1029 734/1513/1029 631/358/1029
f 189/1752/1030 729/1512/1030 188/125/1030
f 1686/1753/1031 1187/1754/1031 1186/1213/1031
f 49/37/1032 224/1708/1032 734/1513/1032
f 1429/871/1033 1442/938/1033 1441/940/1033
f 1259/1755/1034 3713/1756/1034 1268/641/1034
f 1902/1757/1035 402/238/1035 403/237/1035
f 160/114/1036 1515/1758/1036 1514/1236/1036
f 1449/1013/1037 198/129/1037 199/131/1037
f 496/1165/1038 74/58/1038 351/1377/1038
f 974/1759/1039 987/507/1039 973/1760/1039
f 931/468/1040 943/496/1040 944/1761/1040
f 993/536/1041 3720/650/1041 1317/856/1041
f 3685/1624/1042 1779/1734/1042 1777/1733/1042
f 1459/1195/1043 1905/1762/1043 1445/947/1043
f 291/980/1044 531/1763/1044 124/90/1044
f 1713/1764/1045 1715/1765/1045 1712/1766/1045
f 1640/1767/1046 1642/1768/1046 1641/1769/1046
f 1655/1475/1047 1654/1473/1047 1656/1531/1047
f 9/7/1048 722/1770/1048 721/1771/1048
f 463/409/1049 465/405/1049 464/407/1049
f 472/288/1050 748/400/1050 1601/1608/1050
f 196/1772/1051 26/14/1051 197/313/1051
f 1720/1773/1052 800/1774/1052 799/865/1052
f 595/718/1053 1102/1775/1053 596/717/1053
f 1462/981/1054 1861/1776/1054 1862/1777/1054
f 1051/1078/1055 695/786/1055 683/779/1055
f 1911/1778/1056 78/61/1056 79/60/1056
f 112/1779/1057 1911/1778/1057 115/957/1057
f 31/1747/1058 83/78/1058 30/17/1058
f 1732/1780/1059 1002/1034/1059 1008/1037/1059
f 1916/1781/1060 1530/1782/1060 1496/1744/1060
f 484/296/1061 461/1395/1061 469/355/1061
f 1917/1783/1062 1920/1784/1062 1919/1785/1062
f 436/321/1063 1922/1786/1063 1918/1787/1063
f 166/115/1064 117/86/1064 118/85/1064
f 1541/1524/1065 1539/1567/1065 1538/1500/1065
f 1744/1788/1066 1746/1789/1066 1743/1790/1066
f 1923/1791/1067 296/1172/1067 297/1067/1067
f 1229/1245/1068 855/1009/1068 979/1008/1068
f 1924/1792/1069 332/1471/1069 504/540/1069
f 313/1793/1070 1924/1792/1070 499/960/1070
f 1863/1794/1071 267/240/1071 1860/1795/1071
f 499/960/1072 504/540/1072 498/1329/1072
f 1449/1013/1073 1488/1796/1073 1448/1071/1073
f 1925/1797/1074 784/1683/1074 1926/1798/1074
f 1928/1799/1075 1925/1797/1075 1929/1800/1075
f 1931/1801/1076 1917/1783/1076 1932/1802/1076
f 369/216/1077 2/2/1077 287/1803/1077
f 1677/1804/1078 1669/1805/1078 1660/1486/1078
f 864/451/1079 972/502/1079 863/1806/1079
f 1639/1807/1080 1637/989/1080 1638/1455/1080
f 882/1808/1081 515/1809/1081 514/672/1081
f 334/979/1082 248/148/1082 291/980/1082
f 127/1810/1083 129/416/1083 128/418/1083
f 228/335/1084 220/144/1084 325/1233/1084
f 438/1811/1085 1918/1787/1085 1917/1783/1085
f 573/1812/1086 588/1813/1086 568/1431/1086
f 890/692/1087 888/696/1087 887/514/1087
f 1932/1802/1088 1919/1785/1088 1938/1814/1088
f 1933/1815/1089 1938/1814/1089 1930/1816/1089
f 1939/1817/1090 1938/1814/1090 1940/1818/1090
f 1941/1819/1091 1940/1818/1091 1942/1820/1091
f 1942/1820/1092 1944/1821/1092 1943/1822/1092
f 314/1823/1093 312/959/1093 311/1824/1093
f 972/502/1094 810/461/1094 863/1806/1094
f 1121/564/1095 1063/554/1095 1120/1825/1095
f 1946/1826/1096 1929/1800/1096 1945/1827/1096
f 1110/544/1097 1095/532/1097 1103/547/1097
f 1948/1828/1098 1945/1827/1098 1947/1829/1098
f 850/904/1099 1301/1506/1099 1452/1507/1099
f 785/432/1100 1933/1815/1100 1949/1830/1100
f 711/366/1101 1951/1831/1101 1950/1832/1101
f 1947/1829/1102 1939/1817/1102 1941/1819/1102
f 1945/1827/1103 1930/1816/1103 1939/1817/1103
f 1788/1833/1104 772/1834/1104 1248/1282/1104
f 1789/1835/1105 921/958/1105 963/995/1105
f 778/1836/1106 780/430/1106 779/1682/1106
f 713/1837/1107 715/1838/1107 714/424/1107
f 1958/1839/1108 1970/1840/1108 1969/1841/1108
f 1793/1842/1109 826/885/1109 1134/1843/1109
f 392/1462/1110 276/221/1110 337/1238/1110
f 1969/1841/1111 1971/1844/1111 1972/1845/1111
f 1797/1846/1112 969/998/1112 968/1000/1112
f 790/504/1113 932/1267/1113 789/441/1113
f 1782/1847/1114 1799/1848/1114 628/738/1114
f 1394/799/1115 1396/811/1115 1395/1849/1115
f 1190/1850/1116 1800/1851/1116 1056/1089/1116
f 141/100/1117 168/174/1117 169/1852/1117
f 1287/1341/1118 853/906/1118 852/905/1118
f 2056/1853/1119 1350/1519/1119 2050/1727/1119
f 1801/1854/1120 1803/1855/1120 1804/1856/1120
f 1134/1843/1121 825/884/1121 1135/1168/1121
f 817/878/1122 1805/1857/1122 1097/1123/1122
f 1922/1786/1123 1977/1858/1123 1974/1859/1123
f 507/1860/1124 360/423/1124 181/316/1124
f 838/894/1125 813/875/1125 792/1202/1125
f 3416/1861/1126 610/1465/1126 611/1464/1126
f 2117/1862/1127 750/1863/1127 480/1426/1127
f 915/1019/1128 1813/1864/1128 990/1018/1128
f 1574/1453/1129 1572/1865/1129 1579/1866/1129
f 1206/607/1130 1200/595/1130 1270/647/1130
f 1815/1867/1131 871/917/1131 872/916/1131
f 1604/1390/1132 680/1206/1132 1603/1391/1132
f 1190/1850/1133 1239/1868/1133 1191/1218/1133
f 1291/1346/1134 882/1808/1134 881/921/1134
f 1907/1869/1135 1897/1870/1135 1911/1778/1135
f 1978/1871/1136 653/1419/1136 1437/1872/1136
f 1836/1873/1137 1615/1460/1137 1616/1874/1137
f 36/1275/1138 234/429/1138 35/20/1138
f 1943/1822/1139 1983/1875/1139 1420/849/1139
f 868/1876/1140 937/972/1140 869/914/1140
f 1839/1877/1141 1947/1829/1141 1941/1819/1141
f 1055/1086/1142 1230/1246/1142 1054/1085/1142
f 1828/1878/1143 1167/1879/1143 1067/1094/1143
f 286/513/1144 210/1184/1144 211/453/1144
f 115/957/1145 79/60/1145 1447/955/1145
f 374/1432/1146 349/257/1146 342/200/1146
f 1840/1880/1147 1842/1881/1147 1788/1833/1147
f 279/1138/1148 106/152/1148 103/81/1148
f 1073/1101/1149 1111/1150/1149 645/754/1149
f 895/932/1150 911/948/1150 896/930/1150
f 786/431/1151 1932/1802/1151 1933/1815/1151
f 3401/1882/1152 568/1431/1152 588/1813/1152
f 3426/1883/1153 724/1884/1153 3390/470/1153
f 1901/1885/1154 633/1886/1154 630/356/1154
f 1838/1887/1155 1941/1819/1155 1942/1820/1155
f 1854/1707/1156 122/1130/1156 270/165/1156
f 972/502/1157 974/1759/1157 973/1760/1157
f 903/465/1158 905/485/1158 904/1553/1158
f 3737/1888/1159 1991/1889/1159 3735/1890/1159
f 1604/1390/1160 609/1891/1160 590/350/1160
f 1994/1892/1161 1995/1893/1161 1993/1894/1161
f 1989/1684/1162 1370/739/1162 1991/1889/1162
f 3735/1890/1163 925/1895/1163 3744/1361/1163
f 1116/1154/1164 1056/1089/1164 1800/1851/1164
f 1014/1043/1165 872/916/1165 962/1140/1165
f 1999/1896/1166 2001/1897/1166 2000/1898/1166
f 1173/1200/1167 702/1899/1167 701/791/1167
f 1580/1900/1168 1573/1901/1168 1572/1865/1168
f 2002/1902/1169 1567/1903/1169 2003/1904/1169
f 2003/1904/1170 1568/1375/1170 2002/1902/1170
f 2002/1902/1171 1585/1445/1171 1566/1905/1171
f 67/1906/1172 171/118/1172 33/19/1172
f 395/230/1173 1518/1297/1173 372/1253/1173
f 956/987/1174 986/1016/1174 957/988/1174
f 314/1823/1175 1923/1791/1175 1864/1723/1175
f 2005/1907/1176 2007/1908/1176 2006/1909/1176
f 2010/1910/1177 2011/1911/1177 1784/1637/1177
f 1996/1912/1178 2008/1913/1178 1995/1893/1178
f 1570/1914/1179 2010/1910/1179 1608/1915/1179
f 1476/1916/1180 144/1410/1180 1477/1917/1180
f 989/511/1181 973/1760/1181 987/507/1181
f 1605/1389/1182 3674/1918/1182 2062/862/1182
f 271/1004/1183 1869/1725/1183 270/165/1183
f 1260/1919/1184 3721/623/1184 1259/1755/1184
f 1608/1915/1185 1784/1637/1185 1610/1413/1185
f 2000/1898/1186 2011/1911/1186 2009/1920/1186
f 311/1824/1187 1904/1921/1187 1903/1922/1187
f 651/757/1188 1866/1923/1188 1867/1924/1188
f 2014/1925/1189 609/1891/1189 1992/1926/1189
f 1996/1912/1190 1999/1896/1190 2007/1908/1190
f 1567/1903/1191 2017/1927/1191 2016/1928/1191
f 1210/1929/1192 1245/1930/1192 1211/1228/1192
f 2016/1928/1193 2019/1717/1193 2018/1931/1193
f 2003/1904/1194 2016/1928/1194 2006/1909/1194
f 2018/1931/1195 2021/1932/1195 2020/1933/1195
f 1562/1369/1196 2022/1934/1196 2017/1927/1196
f 1993/1894/1197 1604/1390/1197 1606/1935/1197
f 980/1714/1198 981/1936/1198 974/1759/1198
f 1066/1509/1199 668/360/1199 673/359/1199
f 1884/1937/1200 1279/1333/1200 1883/1938/1200
f 1426/1939/1201 998/519/1201 999/518/1201
f 1885/1940/1202 1887/1941/1202 1888/1942/1202
f 855/1009/1203 1805/1857/1203 978/1007/1203
f 1889/1943/1204 1890/1944/1204 1891/1945/1204
f 40/140/1205 42/32/1205 88/139/1205
f 1495/1746/1206 1907/1869/1206 112/1779/1206
f 1502/1135/1207 309/180/1207 381/227/1207
f 2025/1946/1208 2028/1947/1208 2027/1948/1208
f 138/543/1209 1910/1949/1209 292/1950/1209
f 1326/1951/1210 1895/1952/1210 1327/1409/1210
f 965/997/1211 1009/1040/1211 1010/1039/1211
f 1946/1826/1212 1847/1953/1212 1987/1954/1212
f 2023/1955/1213 2026/1956/1213 2025/1946/1213
f 2039/1957/1214 2020/1933/1214 2021/1932/1214
f 2025/1946/1215 2022/1934/1215 2023/1955/1215
f 1999/1896/1216 1998/1958/1216 1997/1959/1216
f 491/445/1217 2039/1957/1217 490/301/1217
f 2041/1960/1218 2043/1961/1218 2042/1962/1218
f 2042/1962/1219 2038/1716/1219 2027/1948/1219
f 2084/1963/1220 3752/1964/1220 3725/1965/1220
f 2085/1966/1221 3753/1967/1221 3752/1964/1221
f 1995/1893/1222 1992/1926/1222 1993/1894/1222
f 576/343/1223 2045/1968/1223 1537/1969/1223
f 2015/1970/1224 2020/1933/1224 2040/1971/1224
f 2046/1972/1225 2042/1962/1225 2045/1968/1225
f 577/1973/1226 2046/1972/1226 576/343/1226
f 709/385/1227 2040/1971/1227 491/445/1227
f 1351/771/1228 2048/1974/1228 1345/1520/1228
f 1345/1520/1229 2050/1727/1229 1350/1519/1229
f 2051/1975/1230 2044/616/1230 2041/1960/1230
f 3767/1976/1231 492/300/1231 3755/1977/1231
f 3755/1977/1232 489/302/1232 3760/1728/1232
f 920/1978/1233 2053/1979/1233 924/1362/1233
f 908/1980/1234 1145/581/1234 953/495/1234
f 3727/1981/1235 668/360/1235 3758/1363/1235
f 1913/1982/1236 1915/1983/1236 1912/1984/1236
f 3737/1888/1237 561/336/1237 3756/1685/1237
f 1983/1875/1238 1919/1785/1238 1920/1784/1238
f 1355/1985/1239 2054/1986/1239 2053/1979/1239
f 1364/727/1240 2057/1987/1240 1363/726/1240
f 3616/1988/1241 3612/1989/1241 3602/1990/1241
f 3770/1991/1242 2051/1975/1242 2047/1992/1242
f 929/539/1243 904/1553/1243 1092/1554/1243
f 252/150/1244 316/186/1244 318/1290/1244
f 1356/704/1245 2057/1987/1245 2054/1986/1245
f 2014/1925/1246 2008/1913/1246 2015/1970/1246
f 3726/1993/1247 2047/1992/1247 577/1973/1247
f 2049/1994/1248 1387/772/1248 2058/1995/1248
f 2058/1995/1249 1389/777/1249 2059/1996/1249
f 3751/1997/1250 2059/1996/1250 3762/1998/1250
f 3767/1976/1251 2058/1995/1251 3751/1997/1251
f 542/1425/1252 1856/1741/1252 541/1423/1252
f 952/494/1253 947/486/1253 946/484/1253
f 1724/1564/1254 1534/1999/1254 1535/1658/1254
f 1935/2000/1255 1937/2001/1255 1934/2002/1255
f 1997/1959/1256 2013/2003/1256 2001/1897/1256
f 3433/2004/1257 708/2005/1257 698/367/1257
f 1586/1454/1258 1633/1452/1258 1632/1446/1258
f 3740/2006/1259 2063/2007/1259 2066/2008/1259
f 3762/1998/1260 2067/2009/1260 3763/2010/1260
f 52/158/1261 1859/1713/1261 51/38/1261
f 610/1465/1262 3738/2011/1262 613/1463/1262
f 1952/2012/1263 1954/2013/1263 1955/2014/1263
f 3771/2015/1264 2071/2016/1264 3766/2017/1264
f 2071/2016/1265 1378/744/1265 2072/2018/1265
f 1961/2019/1266 1963/2020/1266 1964/2021/1266
f 1965/2022/1267 1967/2023/1267 1968/2024/1267
f 1345/1520/1268 1352/766/1268 1351/771/1268
f 3673/1379/1269 1639/1807/1269 1579/1866/1269
f 1976/2025/1270 1841/2026/1270 1975/2027/1270
f 3761/2028/1271 2064/2029/1271 3746/2030/1271
f 613/1463/1272 3773/617/1272 3731/2031/1272
f 666/1511/1273 923/2032/1273 1066/1509/1273
f 708/2005/1274 2065/2033/1274 700/368/1274
f 1716/967/1275 3680/1634/1275 3704/2034/1275
f 745/2035/1276 3703/2036/1276 3668/402/1276
f 3710/2037/1277 699/369/1277 3711/2038/1277
f 690/1309/1278 3729/2039/1278 3731/2031/1278
f 961/497/1279 967/1579/1279 960/1370/1279
f 1421/848/1280 1615/1460/1280 1837/2040/1280
f 1964/2021/1281 1979/2041/1281 1980/2042/1281
f 1422/2043/1282 1825/2044/1282 1421/848/1282
f 1735/1596/1283 1751/2045/1283 1752/1586/1283
f 1910/1949/1284 1899/2046/1284 1909/2047/1284
f 3522/782/1285 3584/2048/1285 3520/2049/1285
f 3772/2050/1286 2066/2008/1286 3709/2051/1286
f 1070/788/1287 673/359/1287 1065/1348/1287
f 946/484/1288 948/491/1288 952/494/1288
f 3711/2038/1289 3740/2006/1289 3772/2050/1289
f 2115/2052/1290 2113/2053/1290 2114/2054/1290
f 654/599/1291 2081/2055/1291 653/1419/1291
f 3620/2056/1292 1857/2057/1292 225/615/1292
f 1393/800/1293 24/2058/1293 1413/2059/1293
f 944/1761/1294 958/498/1294 951/490/1294
f 3700/2060/1295 1379/759/1295 2071/2016/1295
f 1436/2061/1296 653/1419/1296 2081/2055/1296
f 3693/660/1297 1325/686/1297 1324/663/1297
f 2082/2062/1298 1827/1679/1298 2081/2055/1298
f 1829/2063/1299 2081/2055/1299 1827/1679/1299
f 699/369/1300 3747/2064/1300 3740/2006/1300
f 1838/1887/1301 1943/1822/1301 1837/2040/1301
f 3702/1397/1302 723/471/1302 724/1884/1302
f 1796/2065/1303 3385/1661/1303 3386/2066/1303
f 245/146/1304 55/62/1304 81/64/1304
f 1767/1611/1305 3699/993/1305 1766/992/1305
f 1608/1915/1306 3677/2067/1306 1570/1914/1306
f 3724/2068/1307 655/597/1307 652/1418/1307
f 2056/1853/1308 3742/2069/1308 2055/2070/1308
f 1371/821/1309 1988/1686/1309 1402/807/1309
f 3688/671/1310 1330/2071/1310 1332/2072/1310
f 265/1136/1311 381/227/1311 241/162/1311
f 564/381/1312 3391/2073/1312 3420/2074/1312
f 3734/2075/1313 652/1418/1313 1978/1871/1313
f 1394/799/1314 2084/1963/1314 2083/2076/1314
f 2080/2077/1315 3719/826/1315 24/2058/1315
f 1394/799/1316 14/12/1316 15/11/1316
f 3752/1964/1317 558/338/1317 679/2078/1317
f 1406/812/1318 1990/2079/1318 2085/1966/1318
f 1395/1849/1319 2085/1966/1319 2084/1963/1319
f 3728/2080/1320 3709/2051/1320 2080/2077/1320
f 3667/401/1321 1776/2081/1321 746/2082/1321
f 3725/1965/1322 679/2078/1322 655/597/1322
f 2086/2083/1323 778/1836/1323 2082/2062/1323
f 559/337/1324 2086/2083/1324 678/598/1324
f 3678/1380/1325 1579/1866/1325 1572/1865/1325
f 2087/2084/1326 1972/1845/1326 2086/2083/1326
f 678/598/1327 2082/2062/1327 654/599/1327
f 665/1387/1328 2088/2085/1328 560/1385/1328
f 2088/2085/1329 1969/1841/1329 2087/2084/1329
f 320/383/1330 447/621/1330 282/382/1330
f 1533/1510/1331 1958/1839/1331 2088/2085/1331
f 614/384/1332 3762/1998/1332 608/351/1332
f 2029/2086/1333 2031/2087/1333 2032/2088/1333
f 2034/2089/1334 2036/2090/1334 2033/2091/1334
f 560/1385/1335 2087/2084/1335 559/337/1335
f 1832/2092/1336 2096/2093/1336 2093/2094/1336
f 1830/1678/1337 2093/2094/1337 2097/2095/1337
f 2047/1992/1338 2041/1960/1338 2046/1972/1338
f 2100/2096/1339 2098/2097/1339 2099/2098/1339
f 2072/2018/1340 1380/746/1340 2064/2029/1340
f 3733/2099/1341 573/1812/1341 566/1430/1341
f 3731/2031/1342 612/2100/1342 613/1463/1342
f 2093/2094/1343 2101/2101/1343 2102/2102/1343
f 2102/2102/1344 3764/2103/1344 3749/2104/1344
f 682/377/1345 3761/2028/1345 689/2105/1345
f 3682/1623/1346 3686/2106/1346 1776/2081/1346
f 2101/2101/1347 3733/2099/1347 3764/2103/1347
f 1402/807/1348 1990/2079/1348 1403/805/1348
f 1981/2107/1349 2103/2108/1349 2104/2109/1349
f 2104/2109/1350 3748/2110/1350 3745/2111/1350
f 3730/2112/1351 589/1699/1351 573/1812/1351
f 3732/2113/1352 14/12/1352 3734/2075/1352
f 360/423/1353 57/44/1353 441/317/1353
f 633/1886/1354 403/237/1354 632/357/1354
f 2096/2093/1355 2099/2098/1355 2101/2101/1355
f 1392/2114/1356 1413/2059/1356 1414/2115/1356
f 1453/1001/1357 69/55/1357 1451/965/1357
f 3749/2104/1358 694/1352/1358 617/2116/1358
f 2098/2097/1359 3750/2117/1359 3730/2112/1359
f 1420/849/1360 1837/2040/1360 1943/1822/1360
f 2069/2118/1361 2031/2087/1361 2068/2119/1361
f 2103/2108/1362 3749/2104/1362 3748/2110/1362
f 292/1950/1363 495/620/1363 315/258/1363
f 1041/578/1364 1023/524/1364 1042/2120/1364
f 1987/1954/1365 1846/2121/1365 2098/2097/1365
f 2073/2122/1366 1955/2014/1366 1954/2013/1366
f 2075/2123/1367 2077/2124/1367 2078/2125/1367
f 3707/827/1368 1414/2115/1368 1413/2059/1368
f 1949/1830/1369 784/1683/1369 785/432/1369
f 3738/2011/1370 3723/2126/1370 3773/617/1370
f 464/407/1371 480/1426/1371 750/1863/1371
f 1139/568/1372 1157/872/1372 1152/575/1372
f 691/1308/1373 3768/2127/1373 3729/2039/1373
f 692/2128/1374 2105/2129/1374 691/1308/1374
f 2105/2129/1375 3745/2111/1375 3768/2127/1375
f 536/1398/1376 1858/1712/1376 448/278/1376
f 1122/548/1377 1091/556/1377 1146/573/1377
f 689/2105/1378 1611/2130/1378 688/378/1378
f 1987/1954/1379 1928/1799/1379 1946/1826/1379
f 721/1771/1380 542/1425/1380 547/1424/1380
f 1011/591/1381 1166/583/1381 1000/579/1381
f 448/278/1382 1860/1795/1382 267/240/1382
f 187/126/1383 224/1708/1383 225/615/1383
f 1984/2131/1384 1920/1784/1384 1921/2132/1384
f 2089/2133/1385 2091/2134/1385 2092/2135/1385
f 1998/1958/1386 1993/1894/1386 1606/1935/1386
f 3691/1412/1387 1600/1404/1387 3677/2067/1387
f 244/145/1388 496/1165/1388 250/147/1388
f 462/297/1389 469/355/1389 461/1395/1389
f 1822/924/1390 3650/1147/1390 3376/2136/1390
f 880/473/1391 890/692/1391 887/514/1391
f 1894/2137/1392 2095/2138/1392 1895/1952/1392
f 1874/2139/1393 1880/1735/1393 1872/1720/1393
f 2106/2140/1394 1852/1703/1394 2060/2141/1394
f 263/977/1395 145/105/1395 170/2142/1395
f 274/283/1396 256/1120/1396 450/280/1396
f 1829/2063/1397 2097/2095/1397 1981/2107/1397
f 612/2100/1398 677/372/1398 611/1464/1398
f 1683/1523/1399 1678/1505/1399 1682/1515/1399
f 1510/1194/1400 426/264/1400 164/117/1400
f 1543/1351/1401 1689/1514/1401 1688/1516/1401
f 1874/2139/1402 1882/1739/1402 1881/2143/1402
f 465/405/1403 754/414/1403 751/406/1403
f 749/408/1404 2114/2054/1404 463/409/1404
f 2114/2054/1405 466/2144/1405 463/409/1405
f 466/2144/1406 752/411/1406 465/405/1406
f 1750/2145/1407 454/1281/1407 1719/2146/1407
f 2109/2147/1408 2111/2148/1408 2112/2149/1408
f 579/345/1409 362/1189/1409 94/72/1409
f 473/290/1410 1602/1621/1410 472/288/1410
f 742/396/1411 2116/830/1411 460/298/1411
f 751/406/1412 474/289/1412 482/404/1412
f 476/293/1413 1768/1626/1413 473/290/1413
f 289/1261/1414 1478/1158/1414 288/1160/1414
f 743/2150/1415 2117/1862/1415 742/396/1415
f 756/1388/1416 739/392/1416 479/291/1416
f 176/365/1417 2119/2151/1417 1951/1831/1417
f 402/238/1418 295/1174/1418 404/236/1418
f 1956/2152/1419 177/163/1419 216/274/1419
f 3670/1457/1420 1641/1769/1420 3705/991/1420
f 2107/2153/1421 736/415/1421 744/398/1421
f 1435/2154/1422 2104/2109/1422 2105/2129/1422
f 930/469/1423 944/1761/1423 945/483/1423
f 2120/2155/1424 2122/2156/1424 2123/2157/1424
f 219/1190/1425 1471/1024/1425 325/1233/1425
f 744/398/1426 457/399/1426 2107/2153/1426
f 2125/2158/1427 2127/2159/1427 2124/2160/1427
f 2129/2161/1428 1965/2022/1428 2128/2162/1428
f 1936/2163/1429 2124/2160/1429 1937/2001/1429
f 206/136/1430 713/1837/1430 1492/1093/1430
f 1506/1173/1431 1507/2164/1431 1530/1782/1431
f 845/655/1432 822/1402/1432 846/662/1432
f 829/1400/1433 1323/657/1433 1328/2165/1433
f 442/271/1434 1519/1256/1434 444/272/1434
f 547/1424/1435 3100/2166/1435 721/1771/1435
f 12/2167/1436 721/1771/1436 3100/2166/1436
f 548/2168/1437 488/2169/1437 364/2170/1437
f 3105/2171/1438 3107/2172/1438 3106/2173/1438
f 3112/2174/1439 3110/2175/1439 3111/2176/1439
f 3119/2177/1440 3121/2178/1440 3120/2179/1440
f 3123/2180/1441 3125/2181/1441 3124/2182/1441
f 2130/2183/1442 1953/2184/1442 1952/2012/1442
f 2112/2149/1443 2132/2185/1443 2133/2186/1443
f 2135/2187/1444 2029/2086/1444 2134/2188/1444
f 2136/2189/1445 2138/2190/1445 2139/2191/1445
f 2141/2192/1446 2143/2193/1446 2140/2194/1446
f 1949/1830/1447 1930/1816/1447 1926/1798/1447
f 3523/2195/1448 3527/2196/1448 3530/2197/1448
f 2060/2141/1449 1857/2057/1449 1856/1741/1449
f 3763/2010/1450 2070/2198/1450 3765/2199/1450
f 1112/2200/1451 1064/555/1451 1107/545/1451
f 2144/2201/1452 1962/2202/1452 1961/2019/1452
f 3129/2203/1453 3126/2204/1453 3123/2180/1453
f 2146/2205/1454 2148/2206/1454 2149/2207/1454
f 1714/2208/1455 2151/2209/1455 1715/1765/1455
f 3750/2117/1456 1848/1697/1456 589/1699/1456
f 1186/1213/1457 2094/2210/1457 1686/1753/1457
f 848/902/1458 2153/2211/1458 2152/2212/1458
f 924/1362/1459 910/734/1459 920/1978/1459
f 2074/2213/1460 2145/2214/1460 2144/2201/1460
f 225/615/1461 1852/1703/1461 187/126/1461
f 649/756/1462 730/820/1462 650/2215/1462
f 1142/1180/1463 979/1008/1463 602/2216/1463
f 2154/2217/1464 2156/2218/1464 2157/2219/1464
f 2158/2220/1465 2160/2221/1465 2161/2222/1465
f 3726/1993/1466 574/342/1466 3727/1981/1466
f 2163/2223/1467 212/303/1467 2162/2224/1467
f 803/436/1468 928/466/1468 1071/538/1468
f 3131/2225/1469 3133/2226/1469 3132/2227/1469
f 258/157/1470 445/458/1470 257/155/1470
f 3741/1726/1471 2051/1975/1471 3742/2069/1471
f 2164/2228/1472 3390/470/1472 3389/472/1472
f 2150/2229/1473 2068/2119/1473 2151/2209/1473
f 657/2230/1474 3728/2080/1474 3723/2126/1474
f 797/433/1475 976/505/1475 795/440/1475
f 2166/2231/1476 2090/2232/1476 2089/2133/1476
f 1900/2233/1477 630/356/1477 729/1512/1477
f 3759/619/1478 13/10/1478 3732/2113/1478
f 2168/2234/1479 1599/1671/1479 1347/1433/1479
f 1638/1455/1480 1579/1866/1480 1639/1807/1480
f 1598/1670/1481 2171/2235/1481 2169/2236/1481
f 2172/2237/1482 1578/1651/1482 1577/1650/1482
f 2170/2238/1483 2175/2239/1483 2176/2240/1483
f 1347/1433/1484 2177/2241/1484 1348/2242/1484
f 3445/2243/1485 2181/2244/1485 3446/2245/1485
f 1591/2246/1486 2172/2237/1486 1592/1664/1486
f 1640/1767/1487 462/297/1487 459/299/1487
f 1374/2247/1488 2182/2248/1488 2183/2249/1488
f 3136/2250/1489 3142/2251/1489 3139/2252/1489
f 1598/1670/1490 2177/2241/1490 1599/1671/1490
f 3140/2253/1491 3137/2254/1491 3138/2255/1491
f 1375/1449/1492 1595/1667/1492 2184/2256/1492
f 1346/1435/1493 2186/2257/1493 2185/2258/1493
f 1589/1665/1494 2184/2256/1494 1582/2259/1494
f 2188/2260/1495 1583/1655/1495 1594/1666/1495
f 1593/1668/1496 1374/2247/1496 2183/2249/1496
f 2187/2261/1497 1592/1664/1497 2189/2262/1497
f 2174/2263/1498 1598/1670/1498 1597/2264/1498
f 3147/2265/1499 3111/2176/1499 3110/2175/1499
f 615/1285/1500 2015/1970/1500 709/385/1500
f 505/542/1501 48/34/1501 45/36/1501
f 762/835/1502 2190/2266/1502 1226/1242/1502
f 2192/2267/1503 2194/2268/1503 2191/2269/1503
f 387/228/1504 449/281/1504 764/417/1504
f 1420/849/1505 1984/2131/1505 1419/847/1505
f 1984/2131/1506 1982/2270/1506 1419/847/1506
f 1367/2271/1507 2055/2070/1507 1364/727/1507
f 1985/2272/1508 1921/2132/1508 1973/2273/1508
f 1496/1744/1509 404/236/1509 1916/1781/1509
f 1547/1358/1510 2024/2274/1510 2023/1955/1510
f 2195/2275/1511 1109/1148/1511 1843/2276/1511
f 1659/976/1512 3777/1489/1512 3778/1484/1512
f 3674/1918/1513 1645/1131/1513 3676/863/1513
f 1238/1268/1514 1843/2276/1514 1073/1101/1514
f 582/2277/1515 824/1217/1515 583/707/1515
f 2196/2278/1516 2198/2279/1516 2199/2280/1516
f 2197/2281/1517 2201/2282/1517 2198/2279/1517
f 2198/2279/1518 2202/2283/1518 2159/2284/1518
f 2199/2280/1519 2159/2284/1519 2158/2220/1519
f 1918/1787/1520 1921/2132/1520 1920/1784/1520
f 2155/2285/1521 1914/2286/1521 2156/2218/1521
f 902/2287/1522 2161/2222/1522 2160/2221/1522
f 1283/1338/1523 1078/1104/1523 2203/2288/1523
f 1280/2289/1524 1261/2290/1524 769/841/1524
f 1509/2291/1525 1507/2164/1525 1923/1791/1525
f 2205/2292/1526 2207/2293/1526 2204/2294/1526
f 2204/2294/1527 2209/2295/1527 2208/2296/1527
f 2211/2297/1528 2208/2296/1528 2210/2298/1528
f 2212/2299/1529 2204/2294/1529 2211/2297/1529
f 2214/2300/1530 2216/2301/1530 2213/2302/1530
f 2217/2303/1531 2216/2301/1531 2218/2304/1531
f 2223/2305/1532 3476/2306/1532 3498/2307/1532
f 2226/2308/1533 2225/2309/1533 2220/2310/1533
f 2227/2311/1534 2222/2312/1534 2226/2308/1534
f 2229/2313/1535 3498/2307/1535 3479/2314/1535
f 2230/2315/1536 2232/2316/1536 2233/2317/1536
f 2234/2318/1537 2233/2317/1537 2218/2304/1537
f 2235/2319/1538 2230/2315/1538 2234/2318/1538
f 2236/2320/1539 2231/2321/1539 2230/2315/1539
f 2233/2317/1540 2238/2322/1540 2239/2323/1540
f 2218/2304/1541 2239/2323/1541 2217/2303/1541
f 2237/2324/1542 2241/2325/1542 2231/2321/1542
f 2231/2321/1543 2242/2326/1543 2232/2316/1543
f 2232/2316/1544 2243/2327/1544 2238/2322/1544
f 2243/2327/1545 2245/2328/1545 2238/2322/1545
f 2245/2328/1546 2239/2323/1546 2238/2322/1546
f 2247/2329/1547 2249/2330/1547 2246/2331/1547
f 2241/2325/1548 2249/2330/1548 2242/2326/1548
f 2240/2332/1549 2246/2331/1549 2241/2325/1549
f 2251/2333/1550 2246/2331/1550 2250/2334/1550
f 2252/2335/1551 2254/2336/1551 2255/2337/1551
f 2257/2338/1552 2259/2339/1552 2256/2340/1552
f 3607/2341/1553 2261/2342/1553 2262/2343/1553
f 2263/2344/1554 2212/2299/1554 2265/2345/1554
f 2252/2335/1555 2265/2345/1555 2266/2346/1555
f 2267/2347/1556 2252/2335/1556 2255/2337/1556
f 2268/2348/1557 2263/2344/1557 2267/2347/1557
f 2270/2349/1558 2272/2350/1558 2269/2351/1558
f 2269/2351/1559 2206/2352/1559 2205/2292/1559
f 2264/2353/1560 2205/2292/1560 2212/2299/1560
f 2268/2348/1561 2269/2351/1561 2264/2353/1561
f 2272/2350/1562 2274/2354/1562 2206/2352/1562
f 2275/2355/1563 2272/2350/1563 2271/2356/1563
f 2277/2357/1564 2271/2356/1564 2276/2358/1564
f 2270/2349/1565 2276/2358/1565 2271/2356/1565
f 2268/2348/1566 2278/2359/1566 2270/2349/1566
f 2267/2347/1567 2279/2360/1567 2268/2348/1567
f 2255/2337/1568 2280/2361/1568 2267/2347/1568
f 2281/2362/1569 2254/2336/1569 2282/2363/1569
f 2283/2364/1570 2285/2365/1570 2286/2366/1570
f 2280/2361/1571 2286/2366/1571 2279/2360/1571
f 2281/2362/1572 2283/2364/1572 2280/2361/1572
f 2287/2367/1573 2284/2368/1573 2283/2364/1573
f 2289/2369/1574 2291/2370/1574 2292/2371/1574
f 2278/2359/1575 2292/2371/1575 2276/2358/1575
f 2279/2360/1576 2289/2369/1576 2278/2359/1576
f 2286/2366/1577 2290/2372/1577 2289/2369/1577
f 2276/2358/1578 2293/2373/1578 2277/2357/1578
f 2292/2371/1579 2294/2374/1579 2293/2373/1579
f 2295/2375/1580 2215/2376/1580 2296/2377/1580
f 2295/2375/1581 2297/2378/1581 2298/2379/1581
f 2295/2375/1582 2235/2319/1582 2234/2318/1582
f 2218/2304/1583 2295/2375/1583 2234/2318/1583
f 2299/2380/1584 2209/2295/1584 2207/2293/1584
f 2206/2352/1585 2299/2380/1585 2207/2293/1585
f 2301/2381/1586 2303/2382/1586 2304/2383/1586
f 2301/2381/1587 2300/2384/1587 2297/2378/1587
f 2305/2385/1588 2297/2378/1588 2296/2377/1588
f 2305/2385/1589 2302/2386/1589 2301/2381/1589
f 2296/2377/1590 2307/2387/1590 2305/2385/1590
f 2305/2385/1591 2308/2388/1591 2306/2389/1591
f 2215/2376/1592 2309/2390/1592 2307/2387/1592
f 2307/2387/1593 2221/2391/1593 2308/2388/1593
f 2311/2392/1594 2313/2393/1594 2310/2394/1594
f 2314/2395/1595 2316/2396/1595 2317/2397/1595
f 2318/2398/1596 2317/2397/1596 2319/2399/1596
f 2320/2400/1597 2314/2395/1597 2318/2398/1597
f 2321/2401/1598 2315/2402/1598 2314/2395/1598
f 2324/2403/1599 2326/2404/1599 2323/2405/1599
f 2323/2405/1600 2328/2406/1600 2327/2407/1600
f 2329/2408/1601 2323/2405/1601 2327/2407/1601
f 2330/2409/1602 2324/2403/1602 2323/2405/1602
f 2129/2161/1603 2338/2410/1603 2336/2411/1603
f 2339/2412/1604 2266/2346/1604 2265/2345/1604
f 2211/2297/1605 2265/2345/1605 2212/2299/1605
f 2210/2298/1606 2339/2412/1606 2211/2297/1606
f 2341/2413/1607 2340/2414/1607 2339/2412/1607
f 2340/2414/1608 2344/2415/1608 2266/2346/1608
f 2345/2416/1609 2347/2417/1609 2348/2418/1609
f 2345/2416/1610 2210/2298/1610 2208/2296/1610
f 2349/2419/1611 2208/2296/1611 2209/2295/1611
f 2349/2419/1612 2346/2420/1612 2345/2416/1612
f 2353/2421/1613 2352/2422/1613 2354/2423/1613
f 2353/2421/1614 2342/2424/1614 2341/2413/1614
f 2348/2418/1615 2341/2413/1615 2210/2298/1615
f 2347/2417/1616 2353/2421/1616 2348/2418/1616
f 2342/2424/1617 2343/2425/1617 2340/2414/1617
f 3431/1306/1618 616/2426/1618 697/1304/1618
f 2356/2427/1619 2333/2428/1619 2357/2429/1619
f 2356/2427/1620 2359/2430/1620 2358/2431/1620
f 2360/2432/1621 2358/2431/1621 2355/2433/1621
f 2360/2432/1622 2334/2434/1622 2356/2427/1622
f 2361/2435/1623 2328/2406/1623 2362/2436/1623
f 2357/2429/1624 2362/2436/1624 2359/2430/1624
f 2333/2428/1625 2361/2435/1625 2357/2429/1625
f 2332/2437/1626 2327/2407/1626 2361/2435/1626
f 2363/2438/1627 2254/2336/1627 2253/2439/1627
f 2363/2438/1628 2344/2415/1628 2364/2440/1628
f 2366/2441/1629 2364/2440/1629 2365/2442/1629
f 2282/2363/1630 2363/2438/1630 2366/2441/1630
f 2368/2443/1631 2366/2441/1631 2367/2444/1631
f 2367/2444/1632 2365/2442/1632 2369/2445/1632
f 2371/2446/1633 2369/2445/1633 2370/2447/1633
f 2372/2448/1634 2367/2444/1634 2371/2446/1634
f 2364/2440/1635 2343/2425/1635 2373/2449/1635
f 2358/2431/1636 2343/2425/1636 2355/2433/1636
f 2374/2450/1637 2358/2431/1637 2359/2430/1637
f 2365/2442/1638 2373/2449/1638 2374/2450/1638
f 2376/2451/1639 2369/2445/1639 2375/2452/1639
f 2377/2453/1640 2369/2445/1640 2365/2442/1640
f 2378/2454/1641 2375/2452/1641 2377/2453/1641
f 2379/2455/1642 2376/2451/1642 2375/2452/1642
f 2381/2456/1643 2380/2457/1643 2379/2455/1643
f 2383/2458/1644 2379/2455/1644 2378/2454/1644
f 2319/2399/1645 2381/2456/1645 2383/2458/1645
f 2317/2397/1646 2382/2459/1646 2381/2456/1646
f 2384/2460/1647 2359/2430/1647 2362/2436/1647
f 2385/2461/1648 2362/2436/1648 2328/2406/1648
f 2377/2453/1649 2385/2461/1649 2378/2454/1649
f 2377/2453/1650 2374/2450/1650 2384/2460/1650
f 2385/2461/1651 2326/2404/1651 2386/2462/1651
f 2386/2462/1652 2325/2463/1652 2387/2464/1652
f 2383/2458/1653 2387/2464/1653 2319/2399/1653
f 2378/2454/1654 2386/2462/1654 2383/2458/1654
f 2387/2464/1655 2389/2465/1655 2388/2466/1655
f 2388/2466/1656 2391/2467/1656 2390/2468/1656
f 2318/2398/1657 2390/2468/1657 2320/2400/1657
f 2319/2399/1658 2388/2466/1658 2318/2398/1658
f 2392/2469/1659 2312/2470/1659 2311/2392/1659
f 2395/2471/1660 2397/2472/1660 2394/2473/1660
f 2399/2474/1661 2401/2475/1661 2398/2476/1661
f 2398/2476/1662 2224/2477/1662 2223/2305/1662
f 2402/2478/1663 2223/2305/1663 2229/2313/1663
f 2403/2479/1664 2398/2476/1664 2402/2478/1664
f 2397/2472/1665 3562/2480/1665 3560/2481/1665
f 2404/2482/1666 2406/2483/1666 2407/2484/1666
f 2408/2485/1667 2407/2484/1667 2409/2486/1667
f 2410/2487/1668 3560/2481/1668 3547/2488/1668
f 2394/2473/1669 2389/2465/1669 2411/2489/1669
f 2411/2489/1670 2325/2463/1670 2324/2403/1670
f 2331/2490/1671 2411/2489/1671 2324/2403/1671
f 2412/2491/1672 2394/2473/1672 2411/2489/1672
f 2407/2484/1673 2400/2492/1673 2399/2474/1673
f 2409/2486/1674 2399/2474/1674 2403/2479/1674
f 2414/2493/1675 2402/2478/1675 2413/2494/1675
f 2413/2494/1676 2229/2313/1676 2415/2495/1676
f 2417/2496/1677 2415/2495/1677 2416/2497/1677
f 2418/2498/1678 2413/2494/1678 2417/2496/1678
f 2419/2499/1679 2403/2479/1679 2414/2493/1679
f 2420/2500/1680 2414/2493/1680 2418/2498/1680
f 2421/2501/1681 2419/2499/1681 2420/2500/1681
f 2422/2502/1682 2409/2486/1682 2419/2499/1682
f 3549/2503/1683 2410/2487/1683 3547/2488/1683
f 3550/2504/1684 2423/2505/1684 3549/2503/1684
f 2425/2506/1685 2420/2500/1685 2426/2507/1685
f 2427/2508/1686 2426/2507/1686 2428/2509/1686
f 3559/2510/1687 2425/2506/1687 2427/2508/1687
f 3546/2511/1688 2421/2501/1688 2425/2506/1688
f 2245/2328/1689 2217/2303/1689 2239/2323/1689
f 2244/2512/1690 2431/2513/1690 2245/2328/1690
f 2431/2513/1691 2434/2514/1691 2433/2515/1691
f 2433/2515/1692 2227/2311/1692 2435/2516/1692
f 2213/2302/1693 2435/2516/1693 2214/2300/1693
f 2217/2303/1694 2433/2515/1694 2213/2302/1694
f 3492/2517/1695 2416/2497/1695 2415/2495/1695
f 3479/2314/1696 2415/2495/1696 2229/2313/1696
f 2434/2514/1697 2228/2518/1697 2227/2311/1697
f 2432/2519/1698 2436/2520/1698 2434/2514/1698
f 2435/2516/1699 2226/2308/1699 2438/2521/1699
f 2438/2521/1700 2220/2310/1700 2219/2522/1700
f 2309/2390/1701 2219/2522/1701 2221/2391/1701
f 2214/2300/1702 2438/2521/1702 2309/2390/1702
f 2439/2523/1703 2416/2497/1703 2440/2524/1703
f 2441/2525/1704 2440/2524/1704 2442/2526/1704
f 2444/2527/1705 2441/2525/1705 2443/2528/1705
f 2444/2527/1706 2417/2496/1706 2439/2523/1706
f 2426/2507/1707 2418/2498/1707 2444/2527/1707
f 2426/2507/1708 2443/2528/1708 2428/2509/1708
f 2437/2529/1709 2446/2530/1709 2445/2531/1709
f 2445/2531/1710 2448/2532/1710 2447/2533/1710
f 3475/2534/1711 2447/2533/1711 3480/2535/1711
f 3491/2536/1712 2445/2531/1712 3475/2534/1712
f 2449/2537/1713 2242/2326/1713 2249/2330/1713
f 2450/2538/1714 2249/2330/1714 2248/2539/1714
f 2244/2512/1715 2449/2537/1715 2451/2540/1715
f 2451/2540/1716 2450/2538/1716 2452/2541/1716
f 2446/2530/1717 2452/2541/1717 2448/2532/1717
f 2432/2519/1718 2451/2540/1718 2446/2530/1718
f 2247/2329/1719 2454/2542/1719 2453/2543/1719
f 2453/2543/1720 2456/2544/1720 2455/2545/1720
f 2458/2546/1721 2455/2545/1721 2457/2547/1721
f 2248/2539/1722 2453/2543/1722 2458/2546/1722
f 1189/1215/1723 2095/2138/1723 1186/1213/1723
f 2355/2433/1724 2354/2423/1724 2360/2432/1724
f 2460/2548/1725 2288/2549/1725 2256/2340/1725
f 2461/2550/1726 2256/2340/1726 2259/2339/1726
f 2462/2551/1727 2460/2548/1727 2461/2550/1727
f 2463/2552/1728 2284/2368/1728 2460/2548/1728
f 2464/2553/1729 2285/2365/1729 2463/2552/1729
f 2465/2554/1730 2463/2552/1730 2462/2551/1730
f 2466/2555/1731 2464/2553/1731 2465/2554/1731
f 2467/2556/1732 2290/2372/1732 2464/2553/1732
f 2251/2333/1733 2468/2557/1733 2454/2542/1733
f 2454/2542/1734 2469/2558/1734 2456/2544/1734
f 2470/2559/1735 2370/2447/1735 2471/2560/1735
f 2472/2561/1736 2471/2560/1736 2473/2562/1736
f 2258/2563/1737 2470/2559/1737 2472/2561/1737
f 2257/2338/1738 2371/2446/1738 2470/2559/1738
f 2441/2525/1739 2475/2564/1739 2474/2565/1739
f 2474/2565/1740 2477/2566/1740 2476/2567/1740
f 2479/2568/1741 2476/2567/1741 2478/2569/1741
f 2479/2568/1742 2441/2525/1742 2474/2565/1742
f 2447/2533/1743 2481/2570/1743 2480/2571/1743
f 2480/2571/1744 2483/2572/1744 2482/2573/1744
f 3449/2574/1745 2482/2573/1745 3452/2575/1745
f 3480/2535/1746 2480/2571/1746 3449/2574/1746
f 2450/2538/1747 2458/2546/1747 2484/2576/1747
f 2484/2576/1748 2457/2547/1748 2485/2577/1748
f 2452/2541/1749 2484/2576/1749 2486/2578/1749
f 2486/2578/1750 2485/2577/1750 2487/2579/1750
f 2481/2570/1751 2487/2579/1751 2483/2572/1751
f 2448/2532/1752 2486/2578/1752 2481/2570/1752
f 2489/2580/1753 2491/2581/1753 2488/2582/1753
f 2488/2582/1754 328/500/1754 2492/2583/1754
f 2494/2584/1755 2492/2583/1755 2493/2585/1755
f 2495/2586/1756 2488/2582/1756 2494/2584/1756
f 2497/2587/1757 2499/2588/1757 2496/2589/1757
f 2496/2589/1758 2501/2590/1758 2500/2591/1758
f 2471/2560/1759 2500/2591/1759 2473/2562/1759
f 2471/2560/1760 2497/2587/1760 2496/2589/1760
f 2503/2592/1761 2494/2584/1761 2502/2593/1761
f 2504/2594/1762 2494/2584/1762 2493/2585/1762
f 2499/2588/1763 2504/2594/1763 2501/2590/1763
f 2498/2595/1764 2502/2593/1764 2499/2588/1764
f 2506/2596/1765 2508/2597/1765 2505/2598/1765
f 2509/2599/1766 2508/2597/1766 2510/2600/1766
f 3556/2601/1767 2505/2598/1767 2509/2599/1767
f 3535/2602/1768 2505/2598/1768 3534/2603/1768
f 2507/2604/1769 2479/2568/1769 2508/2597/1769
f 2508/2597/1770 2478/2569/1770 2510/2600/1770
f 2427/2508/1771 2514/2605/1771 2513/2606/1771
f 2515/2607/1772 2514/2605/1772 2516/2608/1772
f 3552/2609/1773 2513/2606/1773 2515/2607/1773
f 3554/2610/1774 2427/2508/1774 2513/2606/1774
f 2428/2509/1775 2516/2608/1775 2514/2605/1775
f 2517/2611/1776 2519/2612/1776 2520/2613/1776
f 2322/2614/1777 2430/2615/1777 2429/2616/1777
f 2521/2617/1778 2322/2614/1778 2313/2393/1778
f 2521/2617/1779 2312/2470/1779 2522/2618/1779
f 2524/2619/1780 2522/2618/1780 2523/2620/1780
f 2524/2619/1781 2315/2402/1781 2521/2617/1781
f 2525/2621/1782 2316/2396/1782 2524/2619/1782
f 2525/2621/1783 2523/2620/1783 2526/2622/1783
f 2528/2623/1784 2526/2622/1784 2527/2624/1784
f 2528/2623/1785 2382/2459/1785 2525/2621/1785
f 2529/2625/1786 2527/2624/1786 2530/2626/1786
f 2376/2451/1787 2530/2626/1787 2370/2447/1787
f 2380/2457/1788 2529/2625/1788 2376/2451/1788
f 2531/2627/1789 2506/2596/1789 2532/2628/1789
f 2531/2627/1790 2515/2607/1790 2516/2608/1790
f 2516/2608/1791 2507/2604/1791 2531/2627/1791
f 3535/2602/1792 2392/2469/1792 3548/2629/1792
f 3548/2629/1793 2311/2392/1793 3552/2609/1793
f 2533/2630/1794 2535/2631/1794 2142/2632/1794
f 2489/2580/1795 2537/2633/1795 2536/2634/1795
f 2536/2634/1796 2523/2620/1796 2522/2618/1796
f 2393/2635/1797 2522/2618/1797 2312/2470/1797
f 2490/2636/1798 2536/2634/1798 2393/2635/1798
f 2538/2637/1799 2495/2586/1799 2503/2592/1799
f 2539/2638/1800 2503/2592/1800 2498/2595/1800
f 2527/2624/1801 2538/2637/1801 2539/2638/1801
f 2526/2622/1802 2537/2633/1802 2538/2637/1802
f 2497/2587/1803 2530/2626/1803 2540/2639/1803
f 2540/2639/1804 2527/2624/1804 2539/2638/1804
f 2498/2595/1805 2540/2639/1805 2539/2638/1805
f 1423/857/1806 1022/527/1806 998/519/1806
f 1240/1269/1807 1056/1089/1807 1059/1088/1807
f 1573/1901/1808 1570/1914/1808 1572/1865/1808
f 2011/1911/1809 2013/2003/1809 2012/2640/1809
f 1112/2200/1810 1113/550/1810 1125/549/1810
f 1891/1945/1811 2542/2641/1811 2541/2642/1811
f 91/376/1812 448/278/1812 120/89/1812
f 2002/1902/1813 1569/1374/1813 1573/1901/1813
f 1418/850/1814 1409/828/1814 1333/683/1814
f 639/749/1815 1025/1053/1815 2543/2643/1815
f 706/2644/1816 2545/2645/1816 707/794/1816
f 1108/1149/1817 1010/1039/1817 1111/1150/1817
f 550/340/1818 356/205/1818 1458/1740/1818
f 1682/1515/1819 1684/1540/1819 1552/1517/1819
f 1745/2646/1820 1099/1125/1820 1746/1789/1820
f 259/156/1821 315/258/1821 258/157/1821
f 1432/873/1822 1399/809/1822 1442/938/1822
f 642/752/1823 519/2647/1823 518/675/1823
f 8/4/1824 239/333/1824 7/2648/1824
f 372/1253/1825 1520/1299/1825 3/220/1825
f 768/843/1826 1280/2289/1826 769/841/1826
f 920/1978/1827 909/735/1827 908/1980/1827
f 891/927/1828 2547/2649/1828 892/2650/1828
f 2545/2645/1829 639/749/1829 638/748/1829
f 2548/2651/1830 2549/2652/1830 2550/2653/1830
f 978/1007/1831 23/26/1831 22/2654/1831
f 619/733/1832 2550/2653/1832 2549/2652/1832
f 2551/2655/1833 628/738/1833 1799/1848/1833
f 2552/2656/1834 1799/1848/1834 2553/2657/1834
f 1175/2658/1835 2551/2655/1835 2552/2656/1835
f 1174/1203/1836 625/736/1836 2551/2655/1836
f 1481/1327/1837 45/36/1837 467/1050/1837
f 1416/851/1838 1315/648/1838 1415/1216/1838
f 628/738/1839 1301/1506/1839 1782/1847/1839
f 1172/1201/1840 701/791/1840 2554/2659/1840
f 2554/2659/1841 703/792/1841 1141/1178/1841
f 2552/2656/1842 1141/1178/1842 1175/2658/1842
f 2553/2657/1843 2554/2659/1843 2552/2656/1843
f 1721/2660/1844 1027/2661/1844 801/866/1844
f 1782/1847/1845 853/906/1845 1798/2662/1845
f 2556/2663/1846 774/1097/1846 636/747/1846
f 1005/1038/1847 1004/1035/1847 1136/1212/1847
f 1019/1047/1848 2557/2664/1848 1020/1048/1848
f 89/70/1849 1855/1706/1849 1877/1743/1849
f 1982/2270/1850 1422/2043/1850 1419/847/1850
f 1488/1796/1851 1486/1294/1851 1487/1072/1851
f 857/909/1852 1249/1283/1852 1252/1286/1852
f 126/91/1853 777/419/1853 1505/1163/1853
f 1294/1382/1854 911/948/1854 1295/1383/1854
f 591/716/1855 1068/1095/1855 1136/1212/1855
f 1020/1048/1856 2559/2665/1856 2558/2666/1856
f 2558/2666/1857 2561/2667/1857 2560/2668/1857
f 1250/1284/1858 2560/2668/1858 1251/1345/1858
f 1250/1284/1859 1020/1048/1859 2558/2666/1859
f 1247/1278/1860 2550/2653/1860 2562/2669/1860
f 2562/2669/1861 622/732/1861 621/2670/1861
f 1087/1116/1862 2562/2669/1862 621/2670/1862
f 526/2671/1863 2562/2669/1863 2563/2672/1863
f 1435/2154/1864 1437/1872/1864 1436/2061/1864
f 1986/2673/1865 1902/1757/1865 633/1886/1865
f 1035/2674/1866 1082/2675/1866 1036/1060/1866
f 2564/2676/1867 2565/2677/1867 2566/2678/1867
f 1167/1879/1868 2566/2678/1868 1168/1196/1868
f 892/2650/1869 2564/2676/1869 1167/1879/1869
f 3757/2679/1870 3395/1459/1870 3645/1692/1870
f 1026/1052/1871 2544/2680/1871 2545/2645/1871
f 600/720/1872 1842/1881/1872 597/721/1872
f 1297/2681/1873 650/2215/1873 730/820/1873
f 970/2682/1874 1173/1200/1874 515/1809/1874
f 1864/1723/1875 313/1793/1875 314/1823/1875
f 1273/1325/1876 1180/1301/1876 2567/2683/1876
f 72/53/1877 1465/1003/1877 71/2684/1877
f 1463/2685/1878 411/251/1878 412/253/1878
f 594/715/1879 642/752/1879 675/778/1879
f 1123/1161/1880 643/753/1880 918/953/1880
f 2568/2686/1881 894/929/1881 916/951/1881
f 1255/1293/1882 1213/2687/1882 1254/1291/1882
f 955/2688/1883 2569/2689/1883 2570/2690/1883
f 2569/2689/1884 955/2688/1884 954/986/1884
f 1417/883/1885 1416/851/1885 1415/1216/1885
f 1475/1082/1886 150/107/1886 143/101/1886
f 815/877/1887 1802/2691/1887 1801/1854/1887
f 1246/1277/1888 1148/2692/1888 1264/1314/1888
f 2571/2693/1889 793/860/1889 2572/2694/1889
f 1848/1697/1890 1785/2695/1890 1849/1698/1890
f 1027/2661/1891 1890/1944/1891 1028/1054/1891
f 2573/2696/1892 794/861/1892 793/860/1892
f 986/1016/1893 1256/1295/1893 957/988/1893
f 2575/2697/1894 2576/2698/1894 2577/2699/1894
f 981/1936/1895 983/1577/1895 982/508/1895
f 569/703/1896 663/769/1896 546/690/1896
f 2548/2651/1897 605/1279/1897 604/723/1897
f 543/688/1898 1975/2027/1898 544/1139/1898
f 1182/1210/1899 1172/1201/1899 2553/2657/1899
f 1587/1456/1900 468/353/1900 462/297/1900
f 416/1030/1901 409/249/1901 1528/1406/1901
f 1007/1197/1902 1732/1780/1902 1008/1037/1902
f 3757/2679/1903 618/1420/1903 3739/1694/1903
f 524/1114/1904 130/1099/1904 254/329/1904
f 1102/1775/1905 1019/1047/1905 1018/1128/1905
f 325/1233/1906 84/65/1906 219/1190/1906
f 557/426/1907 549/339/1907 714/424/1907
f 1452/1507/1908 851/2700/1908 850/904/1908
f 1816/2701/1909 604/723/1909 871/917/1909
f 1632/1446/1910 3629/1613/1910 3622/2702/1910
f 606/724/1911 844/899/1911 1281/1334/1911
f 2569/2689/1912 954/986/1912 2579/2703/1912
f 603/725/1913 871/917/1913 604/723/1913
f 253/1310/1914 533/325/1914 254/329/1914
f 383/1258/1915 1517/1235/1915 394/1237/1915
f 2580/2704/1916 2569/2689/1916 2579/2703/1916
f 1052/1079/1917 2579/2703/1917 897/1080/1917
f 1058/2705/1918 2580/2704/1918 1052/1079/1918
f 1057/1087/1919 2581/2706/1919 2580/2704/1919
f 2566/2678/1920 1118/1155/1920 2582/2707/1920
f 2582/2707/1921 1117/2708/1921 1302/1394/1921
f 626/2709/1922 1302/1394/1922 627/737/1922
f 1168/1196/1923 2582/2707/1923 626/2709/1923
f 663/769/1924 543/688/1924 546/690/1924
f 1464/2710/1925 1461/983/1925 1463/2685/1925
f 1289/1343/1926 1078/1104/1926 1077/2711/1926
f 2583/2712/1927 1116/1154/1927 1119/1156/1927
f 2583/2712/1928 2585/2713/1928 2584/2714/1928
f 2584/2714/1929 2581/2706/1929 2583/2712/1929
f 2584/2714/1930 2546/2715/1930 2586/2716/1930
f 2586/2716/1931 891/927/1931 2568/2686/1931
f 2570/2690/1932 2568/2686/1932 1123/1161/1932
f 2570/2690/1933 2584/2714/1933 2586/2716/1933
f 2027/1948/1934 2037/1718/1934 2025/1946/1934
f 1406/812/1935 1401/808/1935 1403/805/1935
f 509/464/1936 322/1069/1936 47/421/1936
f 1842/1881/1937 1184/1211/1937 597/721/1937
f 779/1682/1938 785/432/1938 784/1683/1938
f 1899/2046/1939 1903/1922/1939 1904/1921/1939
f 1275/2717/1940 1228/1244/1940 1227/2718/1940
f 554/1289/1941 216/274/1941 523/319/1941
f 1355/1985/1942 908/1980/1942 1354/700/1942
f 667/2719/1943 665/1387/1943 664/1386/1943
f 816/2720/1944 1801/1854/1944 2587/2721/1944
f 2587/2721/1945 1804/1856/1945 1276/1331/1945
f 2588/2722/1946 1276/1331/1946 1275/2717/1946
f 20/27/1947 2587/2721/1947 2588/2722/1947
f 811/876/1948 2572/2694/1948 812/874/1948
f 1804/1856/1949 1277/1332/1949 1276/1331/1949
f 1957/2723/1950 1959/2724/1950 1958/1839/1950
f 1028/1054/1951 2589/2725/1951 2590/2726/1951
f 1483/1063/1952 1472/1028/1952 1484/1064/1952
f 521/1090/1953 431/2727/1953 512/1121/1953
f 762/835/1954 1226/1242/1954 1225/1243/1954
f 1225/1243/1955 2549/2652/1955 2591/2728/1955
f 2591/2728/1956 1816/2701/1956 1815/1867/1956
f 763/836/1957 1815/1867/1957 1014/1043/1957
f 762/835/1958 2591/2728/1958 763/836/1958
f 704/795/1959 2593/2729/1959 705/793/1959
f 1032/1061/1960 1883/1938/1960 1033/1057/1960
f 1299/2730/1961 1226/1242/1961 2190/2266/1961
f 603/725/1962 1281/1334/1962 1280/2289/1962
f 636/747/1963 2543/2643/1963 2556/2663/1963
f 511/1032/1964 1500/1119/1964 1501/1137/1964
f 1797/1846/1965 527/681/1965 2594/2731/1965
f 2594/2731/1966 526/2671/1966 2563/2672/1966
f 1090/1118/1967 2563/2672/1967 1087/1116/1967
f 1090/1118/1968 1797/1846/1968 2594/2731/1968
f 996/534/1969 1317/856/1969 1022/527/1969
f 3756/1685/1970 558/338/1970 3753/1967/1970
f 218/1025/1971 100/2732/1971 97/74/1971
f 3427/2733/1972 3686/2106/1972 1777/1733/1972
f 1013/1042/1973 1841/2026/1973 1840/1880/1973
f 2596/2734/1974 1277/1332/1974 2595/2735/1974
f 2595/2735/1975 1803/1855/1975 2597/2736/1975
f 1300/1393/1976 2597/2736/1976 1016/1045/1976
f 1299/2730/1977 2595/2735/1977 1300/1393/1977
f 2598/2737/1978 1016/1045/1978 2597/2736/1978
f 1802/2691/1979 2597/2736/1979 1803/1855/1979
f 922/1076/1980 2598/2737/1980 1802/2691/1980
f 1051/1078/1981 686/781/1981 2598/2737/1981
f 791/859/1982 839/1381/1982 838/894/1982
f 732/2738/1983 1032/1061/1983 733/819/1983
f 1175/2658/1984 640/1179/1984 1003/1204/1984
f 1097/1123/1985 854/907/1985 2599/2739/1985
f 2599/2739/1986 857/909/1986 1029/2740/1986
f 1216/1234/1987 1029/2740/1987 985/1055/1987
f 1096/1124/1988 2599/2739/1988 1216/1234/1988
f 1521/1470/1989 143/101/1989 1476/1916/1989
f 1183/2741/1990 595/718/1990 513/674/1990
f 207/2742/1991 720/2743/1991 206/136/1991
f 1424/858/1992 1426/1939/1992 1425/912/1992
f 1183/2741/1993 1798/2662/1993 853/906/1993
f 834/893/1994 1257/1300/1994 1272/1324/1994
f 68/50/1995 174/252/1995 171/118/1995
f 532/323/1996 1526/1323/1996 502/306/1996
f 209/454/1997 446/2744/1997 447/621/1997
f 1991/1889/1998 910/734/1998 925/1895/1998
f 1179/1207/1999 1890/1944/1999 2555/2745/1999
f 893/928/2000 670/833/2000 669/774/2000
f 820/881/2001 1090/1118/2001 1089/1117/2001
f 1492/1093/2002 714/424/2002 549/339/2002
f 2600/2746/2003 1258/1303/2003 781/853/2003
f 585/942/2004 1867/1924/2004 586/710/2004
f 1498/1122/2005 449/281/2005 450/280/2005
f 1778/2747/2006 3382/969/2006 3396/2748/2006
f 971/999/2007 842/2749/2007 528/682/2007
f 2601/2750/2008 1050/1077/2008 1789/1835/2008
f 2602/2751/2009 963/995/2009 2195/2275/2009
f 759/832/2010 2195/2275/2010 1238/1268/2010
f 758/1302/2011 2602/2751/2011 759/832/2011
f 2600/2746/2012 1789/1835/2012 2602/2751/2012
f 172/120/2013 237/1748/2013 36/1275/2013
f 1843/2276/2014 1108/1149/2014 1111/1150/2014
f 1115/2752/2015 1249/1283/2015 1230/1246/2015
f 1800/1851/2016 1117/2708/2016 1116/1154/2016
f 71/2684/2017 306/1257/2017 70/54/2017
f 185/1134/2018 410/248/2018 184/247/2018
f 2603/2753/2019 1076/1103/2019 1075/1105/2019
f 162/176/2020 1526/1323/2020 161/113/2020
f 339/194/2021 407/244/2021 422/1252/2021
f 1098/1127/2022 2606/2754/2022 2605/2755/2022
f 535/420/2023 399/255/2023 294/254/2023
f 115/957/2024 113/2756/2024 112/1779/2024
f 2565/2677/2025 1119/1156/2025 1118/1155/2025
f 1503/1152/2026 503/310/2026 1504/1162/2026
f 879/2757/2027 887/514/2027 899/516/2027
f 1185/2758/2028 660/770/2028 847/901/2028
f 771/842/2029 962/1140/2029 872/916/2029
f 20/27/2030 817/878/2030 816/2720/2030
f 873/920/2031 912/1270/2031 911/948/2031
f 1817/2759/2032 843/898/2032 842/2749/2032
f 525/680/2033 842/2749/2033 841/897/2033
f 812/874/2034 793/860/2034 792/1202/2034
f 2572/2694/2035 793/860/2035 812/874/2035
f 1530/1782/2036 1508/2760/2036 1529/1745/2036
f 173/119/2037 530/459/2037 172/120/2037
f 644/2761/2038 917/952/2038 672/776/2038
f 1960/2762/2039 556/425/2039 1959/2724/2039
f 1485/1066/2040 351/1377/2040 74/58/2040
f 510/1399/2041 154/2763/2041 1490/1083/2041
f 2575/2697/2042 834/893/2042 2607/2764/2042
f 1213/2687/2043 2577/2699/2043 2608/2765/2043
f 702/1899/2044 517/677/2044 520/676/2044
f 1455/978/2045 508/307/2045 1454/970/2045
f 772/1834/2046 599/1129/2046 773/844/2046
f 583/707/2047 1794/2766/2047 580/708/2047
f 282/382/2048 446/2744/2048 167/173/2048
f 304/175/2049 1513/1296/2049 415/1031/2049
f 1223/2767/2050 1154/1186/2050 1224/1240/2050
f 145/105/2051 169/1852/2051 170/2142/2051
f 1215/1232/2052 1197/1220/2052 1196/1231/2052
f 1232/1320/2053 1210/1929/2053 1048/1227/2053
f 1266/1319/2054 1060/1221/2054 1197/1220/2054
f 1029/2740/2055 1252/1286/2055 1030/1056/2055
f 726/1209/2056 2542/2641/2056 1179/1207/2056
f 434/2768/2057 420/260/2057 433/1247/2057
f 19/23/2058 1147/1181/2058 1162/1250/2058
f 2609/2769/2059 1155/2770/2059 1154/1186/2059
f 98/76/2060 399/255/2060 126/91/2060
f 1258/1303/2061 594/715/2061 781/853/2061
f 363/2771/2062 634/363/2062 635/362/2062
f 1155/2770/2063 1061/1091/2063 1266/1319/2063
f 835/891/2064 2577/2699/2064 1212/1229/2064
f 1148/2692/2065 1870/2772/2065 1149/1182/2065
f 2611/2773/2066 833/889/2066 2610/2774/2066
f 2610/2774/2067 1085/1111/2067 1254/1291/2067
f 2608/2765/2068 1254/1291/2068 1213/2687/2068
f 2609/2769/2069 2610/2774/2069 2608/2765/2069
f 2613/2775/2070 1227/2718/2070 2612/2776/2070
f 2612/2776/2071 830/890/2071 2611/2773/2071
f 1223/2767/2072 2611/2773/2072 2609/2769/2072
f 1223/2767/2073 2613/2775/2073 2612/2776/2073
f 2614/2777/2074 20/27/2074 2588/2722/2074
f 2613/2775/2075 2588/2722/2075 1275/2717/2075
f 1222/1239/2076 2614/2777/2076 2613/2775/2076
f 1233/1260/2077 601/722/2077 2614/2777/2077
f 384/1198/2078 1516/1384/2078 383/1258/2078
f 2615/2778/2079 1234/1262/2079 1198/1313/2079
f 1049/1075/2080 1237/1264/2080 1236/1263/2080
f 1232/1320/2081 1143/2779/2081 1233/1260/2081
f 388/1508/2082 1516/1384/2082 1515/1758/2082
f 851/2700/2083 1285/2780/2083 852/905/2083
f 1153/1188/2084 1224/1240/2084 1154/1186/2084
f 1199/1223/2085 1148/2692/2085 1147/1181/2085
f 990/1018/2086 2542/2641/2086 725/814/2086
f 1150/1183/2087 1267/2781/2087 1244/1276/2087
f 2576/2698/2088 2608/2765/2088 2577/2699/2088
f 2616/2782/2089 1191/1218/2089 1239/1868/2089
f 67/1906/2090 1450/964/2090 66/51/2090
f 685/780/2091 1088/2783/2091 1015/1044/2091
f 1049/1075/2092 2571/2693/2092 2572/2694/2092
f 1062/1092/2093 18/1222/2093 17/22/2093
f 875/937/2094 1239/1868/2094 876/919/2094
f 1562/1369/2095 1566/1905/2095 1565/1367/2095
f 1234/1262/2096 1246/1277/2096 1264/1314/2096
f 17/22/2097 1195/1219/2097 1060/1221/2097
f 968/1000/2098 528/682/2098 527/681/2098
f 582/2277/2099 1302/1394/2099 1117/2708/2099
f 800/1774/2100 1721/2660/2100 801/866/2100
f 1027/2661/2101 798/867/2101 801/866/2101
f 1273/1325/2102 1720/1773/2102 2574/2784/2102
f 1143/2779/2103 602/2216/2103 601/722/2103
f 838/894/2104 1231/1251/2104 813/875/2104
f 35/20/2105 506/428/2105 1497/1106/2105
f 2574/2784/2106 799/865/2106 794/861/2106
f 305/1115/2107 307/189/2107 306/1257/2107
f 1973/2273/2108 1922/1786/2108 1974/1859/2108
f 2578/2785/2109 580/708/2109 1794/2766/2109
f 794/861/2110 798/867/2110 791/859/2110
f 2618/2786/2111 793/860/2111 2571/2693/2111
f 1235/2787/2112 2571/2693/2112 1236/1263/2112
f 2615/2778/2113 2618/2786/2113 1235/2787/2113
f 2619/2788/2114 2573/2696/2114 2618/2786/2114
f 371/217/2115 380/287/2115 370/218/2115
f 3677/2067/2116 1572/1865/2116 1570/1914/2116
f 1438/911/2117 1392/2114/2117 1202/603/2117
f 1267/2781/2118 1870/2772/2118 1210/1929/2118
f 1512/1199/2119 344/1315/2119 1479/1159/2119
f 1487/1072/2120 1484/1064/2120 1472/1028/2120
f 1554/1356/2121 1556/1372/2121 1534/1999/2121
f 1207/1226/2122 1221/1241/2122 1224/1240/2122
f 2617/2789/2123 1198/1313/2123 18/1222/2123
f 2620/2790/2124 1271/1326/2124 2619/2788/2124
f 2620/2790/2125 2615/2778/2125 2617/2789/2125
f 2607/2764/2126 2617/2789/2126 1062/1092/2126
f 2607/2764/2127 1272/1324/2127 2620/2790/2127
f 550/340/2128 263/977/2128 264/341/2128
f 2574/2784/2129 1271/1326/2129 1273/1325/2129
f 1331/742/2130 1330/2071/2130 1329/667/2130
f 1909/2047/2131 1904/1921/2131 1908/2791/2131
f 569/703/2132 2153/2211/2132 977/1006/2132
f 1522/1490/2133 1476/1916/2133 425/265/2133
f 955/2688/2134 1123/1161/2134 956/987/2134
f 337/1238/2135 64/49/2135 336/373/2135
f 1015/1044/2136 620/731/2136 1045/1070/2136
f 2622/2792/2137 760/834/2137 2621/2793/2137
f 2621/2793/2138 1013/1042/2138 1840/1880/2138
f 2623/2794/2139 1840/1880/2139 1788/1833/2139
f 831/888/2140 2621/2793/2140 2623/2794/2140
f 2596/2734/2141 2190/2266/2141 2624/2795/2141
f 2624/2795/2142 761/2796/2142 2622/2792/2142
f 1228/1244/2143 2622/2792/2143 831/888/2143
f 1274/1330/2144 2624/2795/2144 1228/1244/2144
f 1480/1225/2145 378/226/2145 1511/1255/2145
f 1248/1282/2146 1255/1293/2146 2625/2797/2146
f 2625/2797/2147 1084/1292/2147 832/1110/2147
f 2623/2794/2148 832/1110/2148 831/888/2148
f 1788/1833/2149 2625/2797/2149 2623/2794/2149
f 87/2798/2150 318/1290/2150 86/66/2150
f 1743/1790/2151 2578/2785/2151 1744/1788/2151
f 2605/2755/2152 2627/2799/2152 2626/2800/2152
f 588/1813/2153 3372/2801/2153 3401/1882/2153
f 1628/1023/2154 3413/2802/2154 1621/1640/2154
f 2006/1909/2155 2004/2803/2155 2003/1904/2155
f 605/1279/2156 841/897/2156 606/724/2156
f 1970/1840/2157 716/2804/2157 1971/1844/2157
f 670/833/2158 1238/1268/2158 671/775/2158
f 837/896/2159 2590/2726/2159 1294/1382/2159
f 863/1806/2160 862/1224/2160 859/448/2160
f 621/2670/2161 1088/2783/2161 1087/1116/2161
f 2590/2726/2162 873/920/2162 1294/1382/2162
f 2589/2725/2163 874/918/2163 2590/2726/2163
f 1016/1045/2164 1045/1070/2164 1300/1393/2164
f 305/1115/2165 1465/1003/2165 1466/1010/2165
f 1864/1723/2166 297/1067/2166 443/273/2166
f 1889/1943/2167 1915/1983/2167 2155/2285/2167
f 2629/2805/2168 2337/2806/2168 2126/2807/2168
f 2630/2808/2169 2126/2807/2169 2125/2158/2169
f 722/1770/2170 2060/2141/2170 542/1425/2170
f 2288/2549/2171 2368/2443/2171 2372/2448/2171
f 2633/2809/2172 1967/2023/2172 1966/2810/2172
f 2336/2411/2173 1966/2810/2173 2129/2161/2173
f 2636/2811/2174 2638/2812/2174 2635/2813/2174
f 2639/2814/2175 2641/2815/2175 2642/2816/2175
f 2643/2817/2176 2645/2818/2176 2646/2819/2176
f 2648/2820/2177 2650/2821/2177 2647/2822/2177
f 2647/2822/2178 2652/2823/2178 2651/2824/2178
f 2653/2825/2179 2651/2824/2179 2631/2826/2179
f 2654/2827/2180 2647/2822/2180 2653/2825/2180
f 2656/2828/2181 2658/2829/2181 2655/2830/2181
f 2660/2831/2182 2662/2832/2182 2659/2833/2182
f 2659/2833/2183 2663/2834/2183 2664/2835/2183
f 2666/2836/2184 2668/2837/2184 2665/2838/2184
f 2667/2839/2185 2670/2840/2185 2669/2841/2185
f 2671/2842/2186 2669/2841/2186 2673/2843/2186
f 2675/2844/2187 2673/2843/2187 2674/2845/2187
f 2189/2262/2188 2185/2258/2188 2187/2261/2188
f 2676/2846/2189 1575/1649/2189 2677/2847/2189
f 3457/2848/2190 2677/2847/2190 3468/2849/2190
f 3467/2850/2191 2669/2841/2191 3468/2849/2191
f 1578/1651/2192 2677/2847/2192 1575/1649/2192
f 2181/2244/2193 1581/1654/2193 2679/2851/2193
f 2134/2188/2194 2682/2852/2194 2681/2853/2194
f 2683/2854/2195 2682/2852/2195 2684/2855/2195
f 3507/2856/2196 2683/2854/2196 3508/2857/2196
f 3482/2858/2197 2681/2853/2197 3507/2856/2197
f 1361/1688/2198 2175/2239/2198 2174/2263/2198
f 1361/1688/2199 1597/2264/2199 1576/1687/2199
f 1577/1650/2200 2168/2234/2200 2172/2237/2200
f 1578/1651/2201 2685/2859/2201 2678/2860/2201
f 2678/2860/2202 3487/2861/2202 3467/2850/2202
f 2687/2862/2203 2173/2863/2203 1591/2246/2203
f 2688/2864/2204 3487/2861/2204 3481/2865/2204
f 1477/1917/2205 425/265/2205 1476/1916/2205
f 2690/2866/2206 3417/1427/2206 3418/1429/2206
f 2079/618/2207 24/2058/2207 13/10/2207
f 3395/2867/2208 2693/2868/2208 2694/2869/2208
f 1649/1612/2209 3785/2870/2209 3784/2871/2209
f 2698/2872/2210 2700/2873/2210 2697/2874/2210
f 2697/2874/2211 2701/2875/2211 2702/2876/2211
f 2704/2877/2212 2697/2874/2212 2703/2878/2212
f 3420/2074/2213 563/371/2213 564/381/2213
f 3398/1436/2214 1962/2202/2214 3429/1305/2214
f 441/317/2215 495/620/2215 440/269/2215
f 2706/2879/2216 2708/2880/2216 2705/2881/2216
f 2699/2882/2217 2705/2881/2217 2700/2873/2217
f 2709/2883/2218 2663/2834/2218 2662/2832/2218
f 2710/2884/2219 2674/2845/2219 2709/2883/2219
f 2712/2885/2220 2714/2886/2220 2711/2887/2220
f 2713/2888/2221 2716/2889/2221 2714/2886/2221
f 2716/2889/2222 2672/2890/2222 2671/2842/2222
f 2714/2886/2223 2671/2842/2223 2675/2844/2223
f 2718/2891/2224 1362/1440/2224 2676/2846/2224
f 3450/2892/2225 2676/2846/2225 3457/2848/2225
f 2718/2891/2226 2720/2893/2226 1359/1441/2226
f 3450/2892/2227 2719/2894/2227 2718/2891/2227
f 2717/2895/2228 2715/2896/2228 2721/2897/2228
f 2711/2887/2229 2675/2844/2229 2710/2884/2229
f 208/138/2230 224/1708/2230 50/39/2230
f 3663/2898/2231 2727/2899/2231 3662/2900/2231
f 3664/2901/2232 2724/2902/2232 3662/2900/2232
f 2691/2903/2233 3422/1476/2233 3417/1427/2233
f 175/208/2234 176/365/2234 93/73/2234
f 2731/2904/2235 2695/2905/2235 2696/2906/2235
f 2724/2902/2236 2696/2906/2236 2725/2907/2236
f 2729/2908/2237 2731/2904/2237 2724/2902/2237
f 2732/2909/2238 2733/2910/2238 2734/2911/2238
f 3664/2901/2239 2736/2912/2239 3654/2913/2239
f 3655/2914/2240 2735/2915/2240 3654/2913/2240
f 3657/2916/2241 2740/2917/2241 2741/2918/2241
f 3652/2919/2242 2739/2920/2242 3657/2916/2242
f 2744/2921/2243 2657/2922/2243 2739/2920/2243
f 2743/2923/2244 2744/2921/2244 2739/2920/2244
f 2745/2924/2245 2746/2925/2245 2646/2819/2245
f 3652/2919/2246 2747/2926/2246 3651/2927/2246
f 3655/2914/2247 2746/2925/2247 3651/2927/2247
f 2635/2813/2248 2749/2928/2248 2748/2929/2248
f 2748/2929/2249 2751/2930/2249 2750/2931/2249
f 2742/2932/2250 2748/2929/2250 2750/2931/2250
f 2741/2918/2251 2635/2813/2251 2748/2929/2251
f 2752/2933/2252 2742/2932/2252 2750/2931/2252
f 2753/2934/2253 2750/2931/2253 2751/2930/2253
f 2754/2935/2254 2752/2933/2254 2753/2934/2254
f 2755/2936/2255 2747/2926/2255 2752/2933/2255
f 2757/2937/2256 2759/2938/2256 2756/2939/2256
f 2756/2939/2257 2761/2940/2257 2760/2941/2257
f 2762/2942/2258 2760/2941/2258 2649/2943/2258
f 2763/2944/2259 2756/2939/2259 2762/2942/2259
f 2760/2941/2260 2765/2945/2260 2764/2946/2260
f 2640/2947/2261 2765/2945/2261 2641/2815/2261
f 2652/2823/2262 2764/2946/2262 2640/2947/2262
f 2649/2943/2263 2764/2946/2263 2650/2821/2263
f 2766/2948/2264 2641/2815/2264 2765/2945/2264
f 2766/2948/2265 2761/2940/2265 2767/2949/2265
f 2749/2928/2266 2767/2949/2266 2751/2930/2266
f 2749/2928/2267 2638/2812/2267 2766/2948/2267
f 2767/2949/2268 2759/2938/2268 2768/2950/2268
f 2768/2950/2269 2758/2951/2269 2769/2952/2269
f 2753/2934/2270 2769/2952/2270 2754/2935/2270
f 2751/2930/2271 2768/2950/2271 2753/2934/2271
f 2770/2953/2272 2771/2954/2272 2772/2955/2272
f 2773/2956/2273 2772/2955/2273 2774/2957/2273
f 2703/2878/2274 2702/2876/2274 2775/2958/2274
f 2705/2881/2275 2773/2956/2275 2776/2959/2275
f 2700/2873/2276 2776/2959/2276 2701/2875/2276
f 2777/2960/2277 2775/2958/2277 2702/2876/2277
f 2779/2961/2278 2702/2876/2278 2701/2875/2278
f 2781/2962/2279 2762/2942/2279 2780/2963/2279
f 2780/2963/2280 2649/2943/2280 2648/2820/2280
f 2782/2964/2281 2648/2820/2281 2654/2827/2281
f 2783/2965/2282 2780/2963/2282 2782/2964/2282
f 2781/2962/2283 2778/2966/2283 2777/2960/2283
f 2763/2944/2284 2777/2960/2284 2779/2961/2284
f 2776/2959/2285 2774/2957/2285 2784/2967/2285
f 2701/2875/2286 2784/2967/2286 2779/2961/2286
f 2757/2937/2287 2779/2961/2287 2784/2967/2287
f 2758/2951/2288 2784/2967/2288 2774/2957/2288
f 2772/2955/2289 2754/2935/2289 2769/2952/2289
f 2774/2957/2290 2769/2952/2290 2758/2951/2290
f 2785/2968/2291 2738/2969/2291 2755/2936/2291
f 2771/2954/2292 2755/2936/2292 2754/2935/2292
f 2733/2910/2293 2735/2915/2293 2785/2968/2293
f 2734/2911/2294 2785/2968/2294 2771/2954/2294
f 2786/2970/2295 2734/2911/2295 2770/2953/2295
f 2708/2880/2296 2770/2953/2296 2773/2956/2296
f 2786/2970/2297 2707/2971/2297 2787/2972/2297
f 2732/2909/2298 2787/2972/2298 2695/2905/2298
f 1847/1953/2299 1845/1705/2299 1846/2121/2299
f 2642/2816/2300 2766/2948/2300 2790/2973/2300
f 290/1376/2301 248/148/2301 249/1166/2301
f 2792/2974/2302 2635/2813/2302 2740/2917/2302
f 3653/2975/2303 2657/2922/2303 2656/2828/2303
f 2651/2824/2304 2794/2976/2304 2793/2977/2304
f 2766/2948/2305 2637/2978/2305 2790/2973/2305
f 2796/2979/2306 2798/2980/2306 2795/2981/2306
f 2655/2830/2307 2798/2980/2307 2656/2828/2307
f 3665/2982/2308 2799/2983/2308 2800/2984/2308
f 3665/2982/2309 2792/2974/2309 3653/2975/2309
f 2802/2985/2310 2804/2986/2310 2801/2987/2310
f 2801/2987/2311 2637/2978/2311 2636/2811/2311
f 2800/2984/2312 2636/2811/2312 2792/2974/2312
f 2799/2983/2313 2801/2987/2313 2800/2984/2313
f 2805/2988/2314 2807/2989/2314 2808/2990/2314
f 2808/2990/2315 2810/2991/2315 2805/2988/2315
f 2805/2988/2316 2812/2992/2316 2811/2993/2316
f 2813/2994/2317 2805/2988/2317 2811/2993/2317
f 1895/1952/2318 2459/2995/2318 2814/2996/2318
f 2815/2997/2319 2642/2816/2319 2790/2973/2319
f 2804/2986/2320 2790/2973/2320 2637/2978/2320
f 2803/2998/2321 2815/2997/2321 2804/2986/2321
f 2816/2999/2322 2812/2992/2322 2815/2997/2322
f 2809/3000/2323 2639/2814/2323 2810/2991/2323
f 2810/2991/2324 2642/2816/2324 2812/2992/2324
f 2817/3001/2325 2811/2993/2325 2816/2999/2325
f 2818/3002/2326 2816/2999/2326 2803/2998/2326
f 2819/3003/2327 2803/2998/2327 2802/2985/2327
f 2820/3004/2328 2802/2985/2328 2799/2983/2328
f 3656/3005/2329 2799/2983/2329 3666/3006/2329
f 2796/2979/2330 2821/3007/2330 2797/3008/2330
f 2821/3007/2331 2824/3009/2331 2823/3010/2331
f 1744/1788/2332 1794/2766/2332 1793/1842/2332
f 2825/3011/2333 2819/3003/2333 2820/3004/2333
f 2827/3012/2334 2817/3001/2334 2818/3002/2334
f 3656/3005/2335 2823/3010/2335 3658/3013/2335
f 616/2426/2336 565/3014/2336 617/2116/2336
f 3400/1605/2337 2787/2972/2337 2707/2971/2337
f 424/262/2338 538/331/2338 340/193/2338
f 2690/2866/2339 3499/3015/2339 3502/3016/2339
f 2830/3017/2340 1584/1656/2340 2188/2260/2340
f 2180/3018/2341 2680/3019/2341 2181/2244/2341
f 3499/3015/2342 2833/3020/2342 3511/3021/2342
f 1584/1656/2343 2679/2851/2343 1581/1654/2343
f 3446/2245/2344 2679/2851/2344 3511/3021/2344
f 2168/2234/2345 1346/1435/2345 2189/2262/2345
f 2687/2862/2346 1590/1663/2346 2834/3022/2346
f 2835/3023/2347 1590/1663/2347 2832/3024/2347
f 3501/3025/2348 2834/3022/2348 2835/3023/2348
f 3500/3026/2349 2687/2862/2349 2834/3022/2349
f 2839/3027/2350 3501/3025/2350 3472/3028/2350
f 2838/3029/2351 2832/3024/2351 2180/3018/2351
f 3473/3030/2352 2180/3018/2352 3445/2243/2352
f 3477/3031/2353 3472/3028/2353 3529/3032/2353
f 3407/1629/2354 2123/2157/2354 3369/1630/2354
f 3392/1648/2355 2131/3033/2355 3379/1700/2355
f 3564/3034/2356 698/367/2356 3710/2037/2356
f 2845/3035/2357 2837/3036/2357 2844/3037/2357
f 2844/3037/2358 2836/3038/2358 2839/3027/2358
f 3469/3039/2359 2839/3027/2359 3477/3031/2359
f 3470/3040/2360 2844/3037/2360 3469/3039/2360
f 2846/3041/2361 2688/2864/2361 2845/3035/2361
f 3517/3042/2362 2845/3035/2362 3470/3040/2362
f 1674/1502/2363 1664/1709/2363 1669/1805/2363
f 765/1469/2364 488/2169/2364 776/1467/2364
f 1353/699/2365 553/1280/2365 1750/2145/2365
f 364/2170/2366 1853/3043/2366 548/2168/2366
f 3433/2004/2367 2149/2207/2367 3421/3044/2367
f 2849/3045/2368 2806/3046/2368 2813/2994/2368
f 2852/3047/2369 2854/3048/2369 2851/3049/2369
f 1858/1712/2370 1861/1776/2370 1860/1795/2370
f 2850/3050/2371 2856/3051/2371 2857/3052/2371
f 2858/3053/2372 2850/3050/2372 2849/3045/2372
f 1456/1049/2373 507/1860/2373 508/307/2373
f 1564/3054/2374 1547/1358/2374 1563/1368/2374
f 2859/3055/2375 2849/3045/2375 2828/3056/2375
f 2860/3057/2376 2828/3056/2376 2827/3012/2376
f 3524/3058/2377 1561/1364/2377 3520/2049/2377
f 2806/3046/2378 2857/3052/2378 2807/2989/2378
f 2826/3059/2379 2818/3002/2379 2819/3003/2379
f 2828/3056/2380 2813/2994/2380 2817/3001/2380
f 2862/3060/2381 2853/3061/2381 2861/3062/2381
f 2861/3062/2382 2857/3052/2382 2856/3051/2382
f 3374/1653/2383 2856/3051/2383 3385/1661/2383
f 3371/1652/2384 2861/3062/2384 3374/1653/2384
f 2863/3063/2385 2632/3064/2385 2793/2977/2385
f 2863/3063/2386 2794/2976/2386 2809/3000/2386
f 2865/3065/2387 2809/3000/2387 2808/2990/2387
f 2866/3066/2388 2863/3063/2388 2865/3065/2388
f 2852/3047/2389 2808/2990/2389 2807/2989/2389
f 2851/3049/2390 2865/3065/2390 2852/3047/2390
f 711/366/2391 1882/1739/2391 712/364/2391
f 2823/3010/2392 2867/3067/2392 2868/3068/2392
f 533/325/2393 38/30/2393 254/329/2393
f 1443/945/2394 523/319/2394 243/320/2394
f 2827/3012/2395 2869/3069/2395 2860/3057/2395
f 2826/3059/2396 2870/3070/2396 2869/3069/2396
f 1519/1256/2397 207/2742/2397 194/135/2397
f 3658/3013/2398 2868/3068/2398 3660/3071/2398
f 1998/1958/2399 1605/1389/2399 2062/862/2399
f 3564/3034/2400 2146/2205/2400 3433/2004/2400
f 1787/1643/2401 1808/962/2401 1786/1638/2401
f 2873/3072/2402 2875/3073/2402 2872/3074/2402
f 2872/3074/2403 2877/3075/2403 2876/3076/2403
f 2876/3076/2404 2197/2281/2404 2872/3074/2404
f 2873/3072/2405 2197/2281/2405 2196/2278/2405
f 2390/2468/2406 2410/2487/2406 2423/2505/2406
f 3606/3077/2407 2879/3078/2407 3625/3079/2407
f 3606/3077/2408 2075/2123/2408 3596/3080/2408
f 2881/3081/2409 2883/3082/2409 2878/3083/2409
f 2878/3083/2410 2884/3084/2410 2879/3078/2410
f 2320/2400/2411 2423/2505/2411 2424/3085/2411
f 2885/3086/2412 2879/3078/2412 2884/3084/2412
f 2886/3087/2413 2888/3088/2413 2887/3089/2413
f 3618/3090/2414 2889/3091/2414 3643/3092/2414
f 3643/3092/2415 2880/3093/2415 3625/3079/2415
f 2890/3094/2416 1980/2042/2416 1979/2041/2416
f 3424/3095/2417 2078/2125/2417 2077/2124/2417
f 1795/3096/2418 1791/1677/2418 1790/1676/2418
f 3379/1700/2419 2034/2089/2419 3416/1861/2419
f 935/1265/2420 939/506/2420 936/3097/2420
f 656/3098/2421 658/3099/2421 657/2230/2421
f 617/2116/2422 697/1304/2422 616/2426/2422
f 1971/1844/2423 717/387/2423 783/1458/2423
f 1972/1845/2424 783/1458/2424 778/1836/2424
f 415/1031/2425 1511/1255/2425 378/226/2425
f 2892/3100/2426 868/1876/2426 867/913/2426
f 1290/1344/2427 1132/1169/2427 2616/2782/2427
f 1187/1754/2428 2894/3101/2428 1188/1214/2428
f 869/914/2429 2167/3102/2429 2166/2231/2429
f 1929/1800/2430 1926/1798/2430 1930/1816/2430
f 1115/2752/2431 1295/1383/2431 895/932/2431
f 731/818/2432 2896/3103/2432 2895/3104/2432
f 1580/1900/2433 1586/1454/2433 1585/1445/2433
f 2191/2269/2434 1687/3105/2434 1686/1753/2434
f 1132/1169/2435 825/884/2435 1191/1218/2435
f 2628/3106/2436 1891/1945/2436 2541/2642/2436
f 2897/3107/2437 2193/3108/2437 2898/3109/2437
f 782/852/2438 695/786/2438 2601/2750/2438
f 662/3110/2439 1976/2025/2439 1975/2027/2439
f 517/677/2440 674/882/2440 518/675/2440
f 1798/2662/2441 2553/2657/2441 1799/1848/2441
f 2899/3111/2442 586/710/2442 1867/1924/2442
f 2899/3111/2443 1866/1923/2443 1297/2681/2443
f 2901/3112/2444 1297/2681/2444 1031/1058/2444
f 2902/3113/2445 2899/3111/2445 2901/3112/2445
f 2903/3114/2446 2557/2664/2446 2556/2663/2446
f 2901/3112/2447 2561/2667/2447 2902/3113/2447
f 2906/3115/2448 1289/1343/2448 2905/3116/2448
f 2907/3117/2449 2909/3118/2449 2910/3119/2449
f 2911/3120/2450 2910/3119/2450 2912/3121/2450
f 1083/1108/2451 2907/3117/2451 2911/3120/2451
f 1035/2674/2452 2908/3122/2452 2907/3117/2452
f 1381/745/2453 1331/742/2453 1333/683/2453
f 1288/1342/2454 2160/2221/2454 2913/3123/2454
f 1885/1940/2455 2194/2268/2455 2897/3107/2455
f 906/941/2456 2915/3124/2456 648/758/2456
f 2917/3125/2457 2908/3122/2457 2916/3126/2457
f 2916/3126/2458 1034/1059/2458 2895/3104/2458
f 2915/3124/2459 2895/3104/2459 2896/3103/2459
f 2914/3127/2460 2916/3126/2460 2915/3124/2460
f 2918/3128/2461 2152/2212/2461 2919/3129/2461
f 2918/3128/2462 2912/3121/2462 2910/3119/2462
f 2909/3118/2463 2918/3128/2463 2910/3119/2463
f 2917/3125/2464 2914/3127/2464 2918/3128/2464
f 1080/1109/2465 2911/3120/2465 2920/3130/2465
f 2920/3130/2466 2912/3121/2466 2919/3129/2466
f 2152/2212/2467 2920/3130/2467 2919/3129/2467
f 572/702/2468 2920/3130/2468 2153/2211/2468
f 287/1803/2469 423/1316/2469 371/217/2469
f 2560/2668/2470 2904/3131/2470 2921/3132/2470
f 2921/3132/2471 1033/1057/2471 1883/1938/2471
f 1278/1335/2472 1883/1938/2472 1279/1333/2472
f 1251/1345/2473 2921/3132/2473 1278/1335/2473
f 1938/1814/2474 1944/1821/2474 1940/1818/2474
f 2555/2745/2475 1720/1773/2475 2567/2683/2475
f 1389/777/2476 1383/763/2476 1385/765/2476
f 3425/1731/2477 723/471/2477 687/379/2477
f 2593/2729/2478 2626/2800/2478 2627/2799/2478
f 1436/2061/2479 1981/2107/2479 1435/2154/2479
f 902/2287/2480 2616/2782/2480 875/937/2480
f 1367/2271/2481 1344/695/2481 1350/1519/2481
f 544/1139/2482 1841/2026/2482 1014/1043/2482
f 822/1402/2483 3684/587/2483 3695/589/2483
f 1813/1864/2484 2541/2642/2484 990/1018/2484
f 913/949/2485 1058/2705/2485 1052/1079/2485
f 1404/813/2486 1400/939/2486 1401/808/2486
f 519/2647/2487 703/792/2487 520/676/2487
f 1008/1037/2488 1004/1035/2488 1005/1038/2488
f 757/831/2489 892/2650/2489 1828/1878/2489
f 2567/2683/2490 1179/1207/2490 2555/2745/2490
f 431/2727/2491 1499/1317/2491 1498/1122/2491
f 770/1084/2492 571/1170/2492 570/701/2492
f 2009/1920/2493 1571/1373/2493 1568/1375/2493
f 1817/2759/2494 970/2682/2494 882/1808/2494
f 56/40/2495 83/78/2495 55/62/2495
f 324/3133/2496 1468/1012/2496 323/1065/2496
f 253/1310/2497 130/1099/2497 127/1810/2497
f 179/123/2498 439/270/2498 497/1328/2498
f 1678/1505/2499 1685/1552/2499 1684/1540/2499
f 1884/1937/2500 1036/1060/2500 2922/3134/2500
f 2922/3134/2501 1082/2675/2501 1081/1107/2501
f 1262/1312/2502 1081/1107/2502 571/1170/2502
f 1261/2290/2503 2922/3134/2503 1262/1312/2503
f 2923/3135/2504 2925/3136/2504 2926/3137/2504
f 2925/3136/2505 637/846/2505 775/845/2505
f 602/2216/2506 22/2654/2506 21/25/2506
f 1976/2025/2507 1185/2758/2507 1184/1211/2507
f 937/972/2508 584/709/2508 2167/3102/2508
f 1026/1052/2509 2167/3102/2509 584/709/2509
f 870/915/2510 2166/2231/2510 2927/3138/2510
f 2927/3138/2511 2089/2133/2511 2928/3139/2511
f 1003/1204/2512 593/750/2512 592/714/2512
f 2628/3106/2513 1912/1984/2513 1915/1983/2513
f 2092/2135/2514 1242/1271/2514 2929/3140/2514
f 2929/3140/2515 1241/1273/2515 1282/1337/2515
f 2913/3123/2516 1078/1104/2516 1288/1342/2516
f 626/2709/2517 1732/1780/2517 1168/1196/2517
f 178/121/2518 451/282/2518 501/308/2518
f 1018/1128/2519 1291/1346/2519 881/921/2519
f 1098/1127/2520 2931/3141/2520 1099/1125/2520
f 2900/3142/2521 2903/3114/2521 2932/3143/2521
f 2932/3143/2522 2556/2663/2522 2543/2643/2522
f 1025/1053/2523 2932/3143/2523 2543/2643/2523
f 587/711/2524 2900/3142/2524 2932/3143/2524
f 2601/2750/2525 781/853/2525 782/852/2525
f 2006/1909/2526 2018/1931/2526 2005/1907/2526
f 2005/1907/2527 2020/1933/2527 2008/1913/2527
f 404/236/2528 1506/1173/2528 1916/1781/2528
f 2930/3144/2529 2605/2755/2529 2933/3145/2529
f 2933/3145/2530 2626/2800/2530 2592/3146/2530
f 2934/3147/2531 2592/3146/2531 704/795/2531
f 2923/3135/2532 2933/3145/2532 2934/3147/2532
f 1828/1878/2533 1068/1095/2533 757/831/2533
f 2935/3148/2534 1099/1125/2534 2931/3141/2534
f 2936/3149/2535 2931/3141/2535 2926/3137/2535
f 1285/2780/2536 2936/3149/2536 1286/1340/2536
f 1743/1790/2537 2935/3148/2537 1285/2780/2537
f 1287/1341/2538 1722/3150/2538 595/718/2538
f 2937/3151/2539 2926/3137/2539 2925/3136/2539
f 2937/3151/2540 775/845/2540 1069/1096/2540
f 1722/3150/2541 1069/1096/2541 1102/1775/2541
f 1286/1340/2542 2937/3151/2542 1722/3150/2542
f 2930/3144/2543 2926/3137/2543 2931/3141/2543
f 732/2738/2544 2895/3104/2544 1034/1059/2544
f 2902/3113/2545 2559/2665/2545 2903/3114/2545
f 2938/3152/2546 637/846/2546 2924/3153/2546
f 2934/3147/2547 2924/3153/2547 2923/3135/2547
f 704/795/2548 2938/3152/2548 2934/3147/2548
f 707/794/2549 638/748/2549 2938/3152/2549
f 2603/2753/2550 1243/1272/2550 2939/3154/2550
f 2593/2729/2551 1243/1272/2551 705/793/2551
f 2627/2799/2552 2939/3154/2552 2593/2729/2552
f 1284/1339/2553 2941/3155/2553 1282/1337/2553
f 2940/3156/2554 2943/3157/2554 2941/3155/2554
f 2941/3155/2555 2944/3158/2555 2945/3159/2555
f 1282/1337/2556 2945/3159/2556 2929/3140/2556
f 1959/2724/2557 715/1838/2557 1970/1840/2557
f 897/1080/2558 954/986/2558 957/988/2558
f 726/1209/2559 836/892/2559 727/815/2559
f 2604/3160/2560 2606/2754/2560 2946/3161/2560
f 2946/3161/2561 1101/1126/2561 2905/3116/2561
f 1077/2711/2562 2905/3116/2562 1289/1343/2562
f 1076/1103/2563 2946/3161/2563 1077/2711/2563
f 1100/3162/2564 2905/3116/2564 1101/1126/2564
f 2947/3163/2565 1134/1843/2565 1133/1167/2565
f 2906/3115/2566 1133/1167/2566 1290/1344/2566
f 1100/3162/2567 2947/3163/2567 2906/3115/2567
f 1745/2646/2568 1793/1842/2568 2947/3163/2568
f 1031/1058/2569 2904/3131/2569 2901/3112/2569
f 2896/3103/2570 648/758/2570 2915/3124/2570
f 2547/2649/2571 2585/2713/2571 2565/2677/2571
f 1072/1100/2572 672/776/2572 671/775/2572
f 2948/3164/2573 2200/3165/2573 2876/3076/2573
f 2950/3166/2574 2876/3076/2574 2877/3075/2574
f 2951/3167/2575 2948/3164/2575 2950/3166/2575
f 2952/3168/2576 2949/3169/2576 2948/3164/2576
f 2954/3170/2577 2940/3156/2577 1284/1339/2577
f 2202/2283/2578 2955/3171/2578 2954/3170/2578
f 2956/3172/2579 2957/3173/2579 2955/3171/2579
f 2955/3171/2580 2942/3174/2580 2940/3156/2580
f 2958/3175/2581 2957/3173/2581 2953/3176/2581
f 2960/3177/2582 2959/3178/2582 2958/3175/2582
f 2961/3179/2583 2963/3180/2583 2959/3178/2583
f 2957/3173/2584 2963/3180/2584 2942/3174/2584
f 2952/3168/2585 2965/3181/2585 2964/3182/2585
f 2964/3182/2586 2967/3183/2586 2966/3184/2586
f 2966/3184/2587 2958/3175/2587 2964/3182/2587
f 2953/3176/2588 2964/3182/2588 2958/3175/2588
f 2968/3185/2589 2953/3176/2589 2956/3172/2589
f 2956/3172/2590 2201/2282/2590 2968/3185/2590
f 2200/3165/2591 2968/3185/2591 2201/2282/2591
f 2159/2284/2592 2913/3123/2592 2160/2221/2592
f 2155/2285/2593 2589/2725/2593 1889/1943/2593
f 2970/3186/2594 2152/2212/2594 2969/3187/2594
f 914/950/2595 1912/1984/2595 1813/1864/2595
f 1960/2762/2596 3616/1988/2596 555/1288/2596
f 2972/3188/2597 2974/3189/2597 2975/3190/2597
f 2973/3191/2598 2977/3192/2598 2974/3189/2598
f 2974/3189/2599 2156/2218/2599 1914/2286/2599
f 2975/3190/2600 1914/2286/2600 1913/1982/2600
f 2977/3192/2601 2157/2219/2601 2156/2218/2601
f 2976/3193/2602 2978/3194/2602 2977/3192/2602
f 2979/3195/2603 2199/2280/2603 2978/3194/2603
f 2978/3194/2604 2158/2220/2604 2157/2219/2604
f 2980/3196/2605 2945/3159/2605 2944/3158/2605
f 2945/3159/2606 2982/3197/2606 2929/3140/2606
f 2391/2467/2607 2397/2472/2607 2410/2487/2607
f 3416/1861/2608 2033/2091/2608 3394/1176/2608
f 3395/2867/2609 3628/3198/2609 3645/3199/2609
f 423/1316/2610 345/198/2610 371/217/2610
f 2059/1996/2611 1385/765/2611 2067/2009/2611
f 3382/969/2612 2842/3200/2612 3396/2748/2612
f 3628/3198/2613 2075/2123/2613 2078/2125/2613
f 2983/3201/2614 2110/3202/2614 2109/2147/2614
f 2889/3091/2615 2848/3203/2615 2880/3093/2615
f 2881/3081/2616 2693/2868/2616 2882/3204/2616
f 2534/3205/2617 2984/3206/2617 2874/3207/2617
f 2429/2616/2618 2313/2393/2618 2322/2614/2618
f 2884/3084/2619 2966/3184/2619 2885/3086/2619
f 2962/3208/2620 2986/3209/2620 2963/3180/2620
f 2518/3210/2621 2987/3211/2621 2986/3209/2621
f 2987/3211/2622 2943/3157/2622 2986/3209/2622
f 2986/3209/2623 2942/3174/2623 2963/3180/2623
f 2985/3212/2624 2987/3211/2624 2517/2611/2624
f 2988/3213/2625 2944/3158/2625 2987/3211/2625
f 2885/3086/2626 2967/3183/2626 2888/3088/2626
f 469/355/2627 483/294/2627 484/296/2627
f 690/1309/2628 3732/2113/2628 693/1307/2628
f 3425/1731/2629 2164/2228/2629 3389/472/2629
f 1960/2762/2630 3613/789/2630 3614/3214/2630
f 3401/1882/2631 1963/2020/2631 3398/1436/2631
f 3426/1883/2632 2165/3215/2632 2891/3216/2632
f 1146/573/2633 1130/559/2633 1151/571/2633
f 2511/3217/2634 2490/2636/2634 2512/3218/2634
f 2928/3139/2635 2092/2135/2635 2989/3219/2635
f 2989/3219/2636 2929/3140/2636 2982/3197/2636
f 2883/3082/2637 2960/3177/2637 2884/3084/2637
f 2965/3181/2638 2888/3088/2638 2967/3183/2638
f 1642/1768/2639 481/413/2639 755/412/2639
f 3709/2051/2640 1411/825/2640 3719/826/2640
f 1937/2001/2641 3593/3220/2641 3627/3221/2641
f 2991/3222/2642 2473/2562/2642 2500/2591/2642
f 2993/3223/2643 2500/2591/2643 2501/2590/2643
f 1934/2002/2644 3627/3221/2644 3624/3224/2644
f 2994/3225/2645 2258/2563/2645 2472/2561/2645
f 2992/3226/2646 2472/2561/2646 2473/2562/2646
f 3593/3220/2647 2994/3225/2647 2992/3226/2647
f 3591/3227/2648 2262/2343/2648 2994/3225/2648
f 2682/2852/2649 2996/3228/2649 2684/2855/2649
f 2682/2852/2650 2032/2088/2650 2995/3229/2650
f 2997/3230/2651 2998/3231/2651 2999/3232/2651
f 3001/3233/2652 3002/3234/2652 3000/3235/2652
f 3001/3233/2653 2996/3228/2653 2997/3230/2653
f 3004/3236/2654 3002/3234/2654 3003/3237/2654
f 3005/3238/2655 2666/2836/2655 2665/2838/2655
f 2673/2843/2656 2670/2840/2656 3005/3238/2656
f 3005/3238/2657 2674/2845/2657 2673/2843/2657
f 2664/2835/2658 3005/3238/2658 3006/3239/2658
f 3006/3239/2659 2665/2838/2659 3007/3240/2659
f 3008/3241/2660 3010/3242/2660 2999/3232/2660
f 3011/3243/2661 2999/3232/2661 2998/3231/2661
f 3009/3244/2662 3007/3240/2662 3010/3242/2662
f 3012/3245/2663 2668/2837/2663 3013/3246/2663
f 3013/3246/2664 3014/3247/2664 3012/3245/2664
f 2686/3248/2665 2847/3249/2665 3013/3246/2665
f 2667/2839/2666 3013/3246/2666 2668/2837/2666
f 3014/3247/2667 3003/3237/2667 3012/3245/2667
f 3012/3245/2668 3007/3240/2668 2665/2838/2668
f 2789/3250/2669 3451/3251/2669 3493/3252/2669
f 3014/3247/2670 3016/3253/2670 3004/3236/2670
f 3517/3042/2671 2789/3250/2671 3493/3252/2671
f 2847/3249/2672 3015/3254/2672 3014/3247/2672
f 3010/3242/2673 3003/3237/2673 3002/3234/2673
f 2999/3232/2674 3002/3234/2674 2997/3230/2674
f 2032/2088/2675 3017/3255/2675 2995/3229/2675
f 2995/3229/2676 2998/3231/2676 2996/3228/2676
f 2337/2806/2677 2128/2162/2677 2260/3256/2677
f 3011/3243/2678 3017/3255/2678 3018/3257/2678
f 2069/2118/2679 3018/3257/2679 3017/3255/2679
f 3020/3258/2680 2664/2835/2680 3019/3259/2680
f 3019/3259/2681 3006/3239/2681 3009/3244/2681
f 3022/3260/2682 3019/3259/2682 3021/3261/2682
f 3021/3261/2683 3009/3244/2683 3008/3241/2683
f 3023/3262/2684 3008/3241/2684 3011/3243/2684
f 3024/3263/2685 3021/3261/2685 3023/3262/2685
f 3025/3264/2686 2659/2833/2686 3020/3258/2686
f 3027/3265/2687 2644/3266/2687 3026/3267/2687
f 3029/3268/2688 3026/3267/2688 3028/3269/2688
f 3031/3270/2689 3028/3269/2689 3030/3271/2689
f 3030/3271/2690 3032/3272/2690 3033/3273/2690
f 3028/3269/2691 3025/3264/2691 3032/3272/2691
f 3034/3274/2692 3023/3262/2692 3035/3275/2692
f 3034/3274/2693 1714/2208/2693 1713/1764/2693
f 3036/3276/2694 3038/3277/2694 3039/3278/2694
f 3037/3279/2695 3033/3273/2695 3038/3277/2695
f 3040/3280/2696 3030/3271/2696 3037/3279/2696
f 3041/3281/2697 3037/3279/2697 3036/3276/2697
f 1967/2023/2698 3040/3280/2698 3041/3281/2698
f 3712/651/2699 1312/644/2699 1318/855/2699
f 1042/2120/2700 1024/523/2700 1043/624/2700
f 1773/1631/2701 3689/1414/2701 1610/1413/2701
f 1968/2024/2702 3041/3281/2702 3042/3282/2702
f 3023/3262/2703 3018/3257/2703 3035/3275/2703
f 3035/3275/2704 2150/2229/2704 1714/2208/2704
f 1715/1765/2705 3641/3283/2705 3626/3284/2705
f 3043/3285/2706 2457/2547/2706 2455/2545/2706
f 3045/3286/2707 2455/2545/2707 2456/2544/2707
f 1712/1766/2708 3626/3284/2708 3634/3287/2708
f 3046/3288/2709 3039/3278/2709 3047/3289/2709
f 2266/2346/2710 2253/2439/2710 2252/2335/2710
f 2372/2448/2711 2256/2340/2711 2288/2549/2711
f 1965/2022/2712 3570/3290/2712 3571/3291/2712
f 2461/2550/2713 3049/3292/2713 2462/2551/2713
f 2259/2339/2714 3048/3293/2714 2461/2550/2714
f 2128/2162/2715 3571/3291/2715 3630/3294/2715
f 3050/3295/2716 2469/2558/2716 2466/2555/2716
f 3046/3288/2717 3603/3296/2717 3604/3297/2717
f 3644/3298/2718 3046/3288/2718 3604/3297/2718
f 3052/3299/2719 2466/2555/2719 2465/2554/2719
f 2462/2551/2720 3052/3299/2720 2465/2554/2720
f 3570/3290/2721 3042/3282/2721 3644/3298/2721
f 2485/2577/2722 3044/3300/2722 3053/3301/2722
f 3641/3283/2723 3053/3301/2723 3044/3300/2723
f 2487/2579/2724 3053/3301/2724 3054/3302/2724
f 3619/3303/2725 3054/3302/2725 3053/3301/2725
f 938/973/2726 2893/3304/2726 2898/3109/2726
f 1886/3305/2727 2897/3107/2727 3055/3306/2727
f 2335/3307/2728 2354/2423/2728 2352/2422/2728
f 2287/2367/2729 2282/2363/2729 2368/2443/2729
f 2261/2342/2730 2258/2563/2730 2262/2343/2730
f 2640/2947/2731 2794/2976/2731 2652/2823/2731
f 2631/2826/2732 2793/2977/2732 2632/3064/2732
f 2814/2996/2733 1327/1409/2733 1895/1952/2733
f 336/373/2734 168/174/2734 337/1238/2734
f 1833/1690/2735 1839/1877/2735 1838/1887/2735
f 2722/3308/2736 3466/3309/2736 3451/3251/2736
f 3016/3253/2737 3000/3235/2737 3004/3236/2737
f 2891/3216/2738 3508/2857/2738 3462/3310/2738
f 3001/3233/2739 2683/2854/2739 2684/2855/2739
f 3000/3235/2740 3057/3311/2740 3001/3233/2740
f 2723/3312/2741 3462/3310/2741 3466/3309/2741
f 3729/2039/2742 676/370/2742 612/2100/2742
f 2067/2009/2743 1384/760/2743 2070/2198/2743
f 1331/742/2744 1334/668/2744 1333/683/2744
f 1542/1349/2745 1741/1662/2745 1742/1580/2745
f 3431/1306/2746 2073/2122/2746 3391/2073/2746
f 3420/2074/2747 1953/2184/2747 3392/1648/2747
f 3058/3313/2748 2478/2569/2748 3059/3314/2748
f 3610/3315/2749 3059/3314/2749 3609/3316/2749
f 3601/3317/2750 3058/3313/2750 3610/3315/2750
f 3061/3318/2751 2510/2600/2751 3058/3313/2751
f 3108/3319/2752 3109/3320/2752 3107/2172/2752
f 3463/3321/2753 2134/2188/2753 3482/2858/2753
f 3054/3302/2754 2483/2572/2754 2487/2579/2754
f 3636/3322/2755 3062/3323/2755 3054/3302/2755
f 3505/3324/2756 2477/2566/2756 3452/2575/2756
f 3062/3323/2757 2482/2573/2757 2483/2572/2757
f 3637/3325/2758 3063/3326/2758 3062/3323/2758
f 3647/3327/2759 3064/3328/2759 3505/3324/2759
f 3065/3329/2760 2478/2569/2760 2476/2567/2760
f 3064/3328/2761 2476/2567/2761 2477/2566/2761
f 3640/3330/2762 3065/3329/2762 3064/3328/2762
f 3635/3331/2763 3059/3314/2763 3065/3329/2763
f 3060/3332/2764 2149/2207/2764 2148/2206/2764
f 2126/2807/2765 2260/3256/2765 2127/2159/2765
f 2076/3333/2766 2848/3203/2766 2077/2124/2766
f 3543/3334/2767 2147/3335/2767 2146/2205/2767
f 3578/3336/2768 2140/2194/2768 3580/3337/2768
f 2519/2612/2769 2693/2868/2769 2871/3338/2769
f 1827/1679/2770 779/1682/2770 1826/1680/2770
f 3572/3339/2771 2121/3340/2771 3565/3341/2771
f 3565/3341/2772 3595/3342/2772 3649/3343/2772
f 326/499/2773 3633/3344/2773 3581/3345/2773
f 329/501/2774 3066/3346/2774 326/499/2774
f 3648/3347/2775 3061/3318/2775 3601/3317/2775
f 3542/3348/2776 2509/2599/2776 3061/3318/2776
f 2883/3082/2777 2962/3208/2777 2961/3179/2777
f 3581/3345/2778 327/3349/2778 326/499/2778
f 329/501/2779 2491/2581/2779 2511/3217/2779
f 3068/3350/2780 2111/2148/2780 2110/3202/2780
f 2534/3205/2781 2110/3202/2781 2535/2631/2781
f 2874/3207/2782 3068/3350/2782 2534/3205/2782
f 3069/3351/2783 2873/3072/2783 2196/2278/2783
f 3566/3352/2784 2112/2149/2784 3568/3353/2784
f 2492/2583/2785 3071/3354/2785 2493/2585/2785
f 327/3349/2786 2492/2583/2786 328/500/2786
f 3589/3355/2787 2109/2147/2787 3566/3352/2787
f 3623/3356/2788 1934/2002/2788 3624/3224/2788
f 2504/2594/2789 2993/3223/2789 2501/2590/2789
f 2493/2585/2790 3072/3357/2790 2504/2594/2790
f 3568/3353/2791 2133/2186/2791 3623/3356/2791
f 2979/3195/2792 3074/3358/2792 3073/3359/2792
f 3073/3359/2793 1935/2000/2793 2132/2185/2793
f 3069/3351/2794 2132/2185/2794 2111/2148/2794
f 2196/2278/2795 3073/3359/2795 3069/3351/2795
f 718/389/2796 1875/3360/2796 786/431/2796
f 2973/3191/2797 2630/2808/2797 3075/3361/2797
f 3075/3361/2798 2125/2158/2798 1936/2163/2798
f 3074/3358/2799 1936/2163/2799 1935/2000/2799
f 2976/3193/2800 3075/3361/2800 3074/3358/2800
f 3113/3362/2801 3115/3363/2801 3114/3364/2801
f 2066/2008/2802 1412/829/2802 1411/825/2802
f 3676/863/2803 1644/1133/2803 3671/3365/2803
f 131/95/2804 434/2768/2804 65/52/2804
f 1531/1710/2805 554/1289/2805 523/319/2805
f 2877/3075/2806 3077/3366/2806 2950/3166/2806
f 2875/3073/2807 3076/3367/2807 2877/3075/2807
f 1865/1722/2808 331/488/2808 1924/1792/2808
f 3042/3282/2809 3036/3276/2809 3046/3288/2809
f 1509/2291/2810 311/1824/2810 1508/2760/2810
f 2887/3089/2811 2990/3368/2811 3079/3369/2811
f 3079/3369/2812 3081/3370/2812 3080/3371/2812
f 3583/3372/2813 1964/2021/2813 3579/3373/2813
f 3579/3373/2814 1980/2042/2814 3618/3090/2814
f 3080/3371/2815 3077/3366/2815 3082/3374/2815
f 3082/3374/2816 3076/3367/2816 3083/3375/2816
f 3638/3376/2817 3083/3375/2817 3615/3377/2817
f 3583/3372/2818 3082/3374/2818 3638/3376/2818
f 3083/3375/2819 3078/3378/2819 3084/3379/2819
f 3084/3379/2820 2984/3206/2820 3085/3380/2820
f 3611/3381/2821 3085/3380/2821 3608/3382/2821
f 3615/3377/2822 3084/3379/2822 3611/3381/2822
f 3081/3370/2823 2950/3166/2823 3077/3366/2823
f 2518/3210/2824 2882/3204/2824 2519/2612/2824
f 3085/3380/2825 2533/2630/2825 3086/3383/2825
f 3086/3383/2826 2142/2632/2826 2141/2192/2826
f 3642/3384/2827 2141/2192/2827 3578/3336/2827
f 3608/3382/2828 3086/3383/2828 3642/3384/2828
f 2133/2186/2829 1935/2000/2829 1934/2002/2829
f 2139/2191/2830 2689/3385/2830 3060/3332/2830
f 2063/2007/2831 1380/746/2831 1412/829/2831
f 1428/923/2832 1430/868/2832 1429/871/2832
f 2142/2632/2833 2983/3201/2833 2143/2193/2833
f 2393/2635/2834 2512/3218/2834 2490/2636/2834
f 471/393/2835 1588/1378/2835 1600/1404/2835
f 325/1233/2836 227/1026/2836 228/335/2836
f 2990/3368/2837 2951/3167/2837 3081/3370/2837
f 2954/3170/2838 2913/3123/2838 2202/2283/2838
f 2162/2224/2839 1886/3305/2839 2163/2223/2839
f 2321/2401/2840 2424/3085/2840 2430/2615/2840
f 2163/2223/2841 3055/3306/2841 3087/3386/2841
f 3087/3386/2842 2893/3304/2842 2892/3100/2842
f 2874/3207/2843 3078/3378/2843 2875/3073/2843
f 1508/2760/2844 1903/1922/2844 1906/3387/2844
f 2035/3388/2845 2131/3033/2845 2130/2183/2845
f 3592/3389/2846 2121/3340/2846 2120/2155/2846
f 1871/1724/2847 1880/1735/2847 1879/1729/2847
f 935/1265/2848 940/3390/2848 934/479/2848
f 3055/3306/2849 2898/3109/2849 2893/3304/2849
f 2161/2222/2850 2157/2219/2850 2158/2220/2850
f 656/3098/2851 3646/1177/2851 3407/1629/2851
f 1124/572/2852 1120/1825/2852 1122/548/2852
f 2187/2261/2853 1375/1449/2853 2184/2256/2853
f 1576/1687/2854 1596/1669/2854 1577/1650/2854
f 1376/1450/2855 2185/2258/2855 2186/2257/2855
f 3143/3391/2856 3144/3392/2856 3142/2251/2856
f 3089/3393/2857 1349/1434/2857 1348/2242/2857
f 2177/2241/2858 3088/3394/2858 1348/2242/2858
f 3088/3394/2859 2169/2236/2859 3090/3395/2859
f 1376/1450/2860 3091/3396/2860 1373/1448/2860
f 3091/3396/2861 2182/2248/2861 1373/1448/2861
f 1594/1666/2862 2720/2893/2862 2188/2260/2862
f 1582/2259/2863 2680/3019/2863 2832/3024/2863
f 1583/1655/2864 2184/2256/2864 1595/1667/2864
f 2175/2239/2865 3093/3397/2865 3094/3398/2865
f 2176/2240/2866 3094/3398/2866 3095/3399/2866
f 2189/2262/2867 2172/2237/2867 2168/2234/2867
f 2832/3024/2868 1589/1665/2868 1582/2259/2868
f 127/1810/2869 1525/1322/2869 1524/1311/2869
f 1528/1406/2870 502/306/2870 1526/1323/2870
f 1062/1092/2871 2575/2697/2871 2607/2764/2871
f 3096/3400/2872 848/902/2872 2970/3186/2872
f 849/903/2873 2971/3401/2873 914/950/2873
f 1241/1273/2874 1075/1105/2874 1283/1338/2874
f 1242/1271/2875 706/2644/2875 705/793/2875
f 917/952/2876 2568/2686/2876 916/951/2876
f 2090/2232/2877 706/2644/2877 2091/2134/2877
f 2154/2217/2878 901/936/2878 2589/2725/2878
f 1908/2791/2879 497/1328/2879 439/270/2879
f 1284/1339/2880 2203/2288/2880 2954/3170/2880
f 1457/971/2881 1456/1049/2881 1455/978/2881
f 2603/2753/2882 2627/2799/2882 2604/3160/2882
f 2807/2989/2883 2853/3061/2883 2852/3047/2883
f 1646/3402/2884 1618/1545/2884 1653/1472/2884
f 137/985/2885 1459/1195/2885 77/59/2885
f 1288/1342/2886 1290/1344/2886 2616/2782/2886
f 33/19/2887 408/1002/2887 67/1906/2887
f 1888/1942/2888 3097/3403/2888 2894/3101/2888
f 100/2732/2889 293/427/2889 99/75/2889
f 2045/1968/2890 2027/1948/2890 2028/1947/2890
f 531/1763/2891 350/1014/2891 199/131/2891
f 1887/1941/2892 3098/3404/2892 3097/3403/2892
f 226/1029/2893 204/170/2893 229/276/2893
f 3704/2034/2894 1781/1632/2894 1783/1636/2894
f 1927/3405/2895 1831/1681/2895 1925/1797/2895
f 215/305/2896 2162/2224/2896 212/303/2896
f 3514/3406/2897 3464/3407/2897 3471/3408/2897
f 458/284/2898 753/410/2898 2108/3409/2898
f 1888/1942/2899 1687/3105/2899 1885/1940/2899
f 3142/2251/2900 3132/2227/2900 3139/2252/2900
f 3123/2180/2901 3146/3410/2901 3156/3411/2901
f 3157/3412/2902 3123/2180/2902 3156/3411/2902
f 3159/3413/2903 3110/2175/2903 3108/3319/2903
f 3115/3363/2904 3161/3414/2904 3151/3415/2904
f 3122/3416/2905 3157/3412/2905 3162/3417/2905
f 3163/3418/2906 3122/3416/2906 3104/3419/2906
f 3130/3420/2907 3158/3421/2907 3164/3422/2907
f 3136/2250/2908 3138/2255/2908 3137/2254/2908
f 3124/2182/2909 3145/3423/2909 3146/3410/2909
f 3108/3319/2910 3160/3424/2910 3159/3413/2910
f 3146/3410/2911 3150/3425/2911 3151/3415/2911
f 3156/3411/2912 3151/3415/2912 3161/3414/2912
f 3149/3426/2913 3124/2182/2913 3125/2181/2913
f 3119/2177/2914 3129/2203/2914 3157/3412/2914
f 3153/3427/2915 3126/2204/2915 3152/3428/2915
f 3154/3429/2916 3164/3422/2916 3155/3430/2916
f 3166/3431/2917 3171/3432/2917 3165/3433/2917
f 3167/3434/2918 3172/3435/2918 3171/3432/2918
f 3132/2227/2919 3165/3433/2919 3171/3432/2919
f 3177/1547/2920 3104/3419/2920 3101/3436/2920
f 3139/2252/2921 3171/3432/2921 3138/2255/2921
f 3138/2255/2922 3172/3435/2922 3140/2253/2922
f 3178/3437/2923 3155/3430/2923 3164/3422/2923
f 3179/3438/2924 3169/3439/2924 3174/3440/2924
f 3180/3441/2925 3175/3442/2925 3176/3443/2925
f 3173/1549/2926 3163/3418/2926 3177/1547/2926
f 3145/3423/2927 3160/3424/2927 3150/3425/2927
f 3159/3413/2928 3143/3391/2928 3136/2250/2928
f 3106/2173/2929 3118/3444/2929 3105/2171/2929
f 3103/3445/2930 3161/3414/2930 3116/3446/2930
f 3162/3417/2931 3104/3419/2931 3122/3416/2931
f 3167/3434/2932 3134/3447/2932 3135/3448/2932
f 3156/3411/2933 3162/3417/2933 3157/3412/2933
f 3121/2178/2934 3170/3449/2934 3168/3450/2934
f 3164/3422/2935 3179/3438/2935 3178/3437/2935
f 3168/3450/2936 3120/2179/2936 3121/2178/2936
f 3128/3451/2937 3149/3426/2937 3127/3452/2937
f 3127/3452/2938 3125/2181/2938 3153/3427/2938
f 3152/3428/2939 3130/3420/2939 3154/3429/2939
f 3147/2265/2940 3136/2250/2940 3137/2254/2940
f 3158/3421/2941 3120/2179/2941 3179/3438/2941
f 3118/3444/2942 3151/3415/2942 3150/3425/2942
f 3178/3437/2943 3174/3440/2943 3175/3442/2943
f 3114/3364/2944 3118/3444/2944 3117/3453/2944
f 548/2168/2945 3099/3454/2945 547/1424/2945
f 3101/3436/2946 3103/3445/2946 3102/3455/2946
f 438/1811/2947 787/439/2947 437/322/2947
f 631/358/2948 114/956/2948 262/159/2948
f 1792/1645/2949 1739/1711/2949 1791/1677/2949
f 500/961/2950 498/1329/2950 497/1328/2950
f 11/8/2951 3109/3320/2951 3112/2174/2951
f 12/2167/2952 3107/2172/2952 3109/3320/2952
f 3107/2172/2953 3099/3454/2953 3106/2173/2953
f 3106/2173/2954 1853/3043/2954 3117/3453/2954
f 3117/3453/2955 365/3456/2955 3114/3364/2955
f 377/224/2956 118/85/2956 119/99/2956
f 3101/3436/2957 1719/2146/2957 3177/1547/2957
f 3436/3457/2958 737/395/2958 738/1466/2958
f 743/2150/2959 2115/2052/2959 2118/3458/2959
f 3442/3459/2960 3439/3460/2960 3440/3461/2960
f 3440/3461/2961 3438/3462/2961 3437/1736/2961
f 3453/3463/2962 3455/3464/2962 3454/3465/2962
f 3273/3466/2963 3461/3467/2963 3274/3468/2963
f 3485/3469/2964 3484/3470/2964 3486/3471/2964
f 3490/3472/2965 3458/3473/2965 3460/3474/2965
f 3495/3475/2966 3454/3465/2966 3455/3464/2966
f 3506/3476/2967 3447/3477/2967 3504/3478/2967
f 3509/3479/2968 3443/3480/2968 3506/3476/2968
f 3512/3481/2969 3439/3460/2969 3510/3482/2969
f 3512/3481/2970 3513/1737/2970 3438/3462/2970
f 1760/1599/2971 3515/3483/2971 3514/3406/2971
f 3510/3482/2972 3441/3484/2972 3509/3479/2972
f 3503/3485/2973 3454/3465/2973 3496/3486/2973
f 1726/783/2974 3518/3487/2974 3519/784/2974
f 1558/1366/2975 3520/2049/2975 1561/1364/2975
f 1667/1493/2976 3524/3058/2976 3523/2195/2976
f 3530/2197/2977 3526/3488/2977 3525/3489/2977
f 3525/3489/2978 3532/3490/2978 3531/3491/2978
f 1549/1495/2979 3523/2195/2979 1548/1357/2979
f 2024/2274/2980 3525/3489/2980 2026/1956/2980
f 2026/1956/2981 3531/3491/2981 2028/1947/2981
f 3533/3492/2982 3494/3493/2982 3490/3472/2982
f 3536/3494/2983 3495/3475/2983 3494/3493/2983
f 3541/3495/2984 3504/3478/2984 3540/3496/2984
f 3551/3497/2985 3509/3479/2985 3545/3498/2985
f 3540/3496/2986 3503/3485/2986 3539/3499/2986
f 766/1468/2987 3551/3497/2987 765/1469/2987
f 3553/3500/2988 3510/3482/2988 3551/3497/2988
f 765/1469/2989 3545/3498/2989 487/3501/2989
f 487/3501/2990 3541/3495/2990 634/363/2990
f 634/363/2991 3540/3496/2991 552/361/2991
f 3555/3502/2992 3540/3496/2992 3539/3499/2992
f 3278/3503/2993 3464/3407/2993 3275/3504/2993
f 3561/3505/2994 3537/3506/2994 3536/3494/2994
f 3558/3507/2995 3538/3508/2995 3537/3506/2995
f 3504/3478/2996 3497/3509/2996 3503/3485/2996
f 1758/1601/2997 3518/3487/2997 1727/1562/2997
f 3567/3510/2998 3331/3511/2998 3333/3512/2998
f 3335/3513/2999 3567/3510/2999 3333/3512/2999
f 3573/563/3000 552/361/3000 3555/3502/3000
f 3474/3514/3001 3461/3467/3001 3459/3515/3001
f 3569/3516/3002 3555/3502/3002 3557/3517/3002
f 3494/3493/3003 3455/3464/3003 3458/3473/3003
f 3488/3518/3004 3486/3471/3004 3489/3519/3004
f 3456/3520/3005 3458/3473/3005 3455/3464/3005
f 3489/3519/3006 3574/3521/3006 3488/3518/3006
f 3486/3471/3007 3456/3520/3007 3453/3463/3007
f 3576/3522/3008 3582/3523/3008 3577/3524/3008
f 3574/3521/3009 3519/784/3009 3488/3518/3009
f 3575/3525/3010 3584/2048/3010 3574/3521/3010
f 3527/2196/3011 3520/2049/3011 3584/2048/3011
f 3527/2196/3012 3576/3522/3012 3526/3488/3012
f 3526/3488/3013 3577/3524/3013 3532/3490/3013
f 3586/3526/3014 3532/3490/3014 3577/3524/3014
f 3587/3527/3015 3531/3491/3015 3532/3490/3015
f 3585/3528/3016 3577/3524/3016 3582/3523/3016
f 1537/1969/3017 2028/1947/3017 3531/3491/3017
f 3586/3526/3018 3590/3529/3018 3588/3530/3018
f 3113/3362/3019 1353/699/3019 3102/3455/3019
f 3102/3455/3020 1750/2145/3020 3101/3436/3020
f 309/180/3021 251/151/3021 381/227/3021
f 1951/1831/3022 3512/3481/3022 3553/3500/3022
f 3460/3474/3023 3459/3515/3023 3461/3467/3023
f 3448/3531/3024 3443/3480/3024 3444/3532/3024
f 3436/3457/3025 736/415/3025 2113/2053/3025
f 3444/3532/3026 3441/3484/3026 3442/3459/3026
f 3537/3506/3027 3496/3486/3027 3495/3475/3027
f 3114/3364/3028 366/698/3028 3113/3362/3028
f 1760/1599/3029 3516/3533/3029 1758/1601/3029
f 3588/3530/3030 3587/3527/3030 3586/3526/3030
f 1536/1347/3031 3597/3534/3031 1065/1348/3031
f 3594/3535/3032 1537/1969/3032 3587/3527/3032
f 1735/1596/3033 1755/1603/3033 1734/1574/3033
f 1268/641/3034 1265/629/3034 1259/1755/3034
f 1269/637/3035 1209/605/3035 1265/629/3035
f 858/612/3036 1296/628/3036 1303/632/3036
f 487/3501/3037 364/2170/3037 488/2169/3037
f 114/956/3038 403/237/3038 113/2756/3038
f 3558/3507/3039 3563/3536/3039 3567/3510/3039
f 3465/3537/3040 3274/3468/3040 3461/3467/3040
f 3567/3510/3041 3557/3517/3041 3558/3507/3041
f 3337/561/3042 3569/3516/3042 3335/3513/3042
f 3563/3536/3043 3316/3538/3043 3331/3511/3043
f 429/268/3044 389/1321/3044 428/266/3044
f 1473/1027/3045 1487/1072/3045 1472/1028/3045
f 1627/1444/3046 1697/1536/3046 1630/1443/3046
f 819/3539/3047 1328/2165/3047 818/665/3047
f 1328/2165/3048 806/658/3048 992/510/3048
f 3702/1397/3049 1850/1555/3049 3674/1918/3049
f 1997/1959/3050 2062/862/3050 2061/864/3050
f 3747/2064/3051 2064/2029/3051 2063/2007/3051
f 680/1206/3052 3675/3540/3052 3690/854/3052
f 1785/2695/3053 623/1422/3053 624/1421/3053
f 3599/3541/3054 3588/3530/3054 3590/3529/3054
f 936/3097/3055 866/474/3055 940/3390/3055
f 1931/1801/3056 1875/3360/3056 787/439/3056
f 29/18/3057 101/111/3057 156/110/3057
f 1309/639/3058 3715/646/3058 3716/642/3058
f 3766/2017/3059 2072/2018/3059 3761/2028/3059
f 1725/1563/3060 1543/1351/3060 1555/1354/3060
f 10/9/3061 2106/2140/3061 722/1770/3061
f 579/345/3062 95/1041/3062 578/346/3062
f 3137/2254/3063 3148/3542/3063 3147/2265/3063
f 1312/644/3064 1021/521/3064 1318/855/3064
f 3105/2171/3065 3150/3425/3065 3160/3424/3065
f 3102/3455/3066 3116/3446/3066 3113/3362/3066
f 3471/3408/3067 3465/3537/3067 3474/3514/3067
f 3483/3543/3068 3474/3514/3068 3484/3470/3068
f 3490/3472/3069 3316/3538/3069 3533/3492/3069
f 3538/3508/3070 3503/3485/3070 3496/3486/3070
f 3545/3498/3071 3506/3476/3071 3541/3495/3071
f 3561/3505/3072 3533/3492/3072 3563/3536/3072
f 3484/3470/3073 3459/3515/3073 3456/3520/3073
f 3460/3474/3074 3288/3544/3074 3490/3472/3074
f 3598/3545/3075 3594/3535/3075 3588/3530/3075
f 3489/3519/3076 3453/3463/3076 3600/3546/3076
f 3600/3546/3077 3575/3525/3077 3489/3519/3077
f 1259/1755/3078 1263/631/3078 1260/1919/3078
f 3557/3517/3079 3539/3499/3079 3538/3508/3079
f 1737/1582/3080 1739/1711/3080 1738/1641/3080
f 1751/2045/3081 1545/1597/3081 1748/1587/3081
f 679/2078/3082 559/337/3082 678/598/3082
f 3497/3509/3083 3453/3463/3083 3454/3465/3083
f 3600/3546/3084 3447/3477/3084 3448/3531/3084
f 3181/3547/3085 3183/3548/3085 3184/3549/3085
f 3185/3550/3086 3187/3551/3086 3188/3552/3086
f 3188/3552/3087 3189/3553/3087 3190/3554/3087
f 3193/3555/3088 3195/3556/3088 3196/3557/3088
f 3194/3558/3089 3198/3559/3089 3195/3556/3089
f 3192/3560/3090 3190/3554/3090 3189/3553/3090
f 3199/3561/3091 3201/3562/3091 3202/3563/3091
f 3203/3564/3092 3205/3565/3092 3206/3566/3092
f 3209/3567/3093 3206/3566/3093 3210/3568/3093
f 3211/3569/3094 3213/3570/3094 3208/3571/3094
f 3216/3572/3095 3218/3573/3095 3219/3574/3095
f 3216/3572/3096 3222/3575/3096 3223/3576/3096
f 3223/3576/3097 3224/3577/3097 3225/3578/3097
f 3204/3579/3098 3225/3578/3098 3224/3577/3098
f 3220/3580/3099 3217/3581/3099 3221/3582/3099
f 3227/3583/3100 3191/3584/3100 3228/3585/3100
f 3229/3586/3101 3222/3575/3101 3211/3569/3101
f 3198/3559/3102 3231/3587/3102 3195/3556/3102
f 3222/3575/3103 3212/3588/3103 3211/3569/3103
f 3203/3564/3104 3226/3589/3104 3204/3579/3104
f 3237/3590/3105 3203/3564/3105 3209/3567/3105
f 3199/3561/3106 3209/3567/3106 3238/3591/3106
f 3239/3592/3107 3190/3554/3107 3227/3583/3107
f 3188/3552/3108 3240/3593/3108 3185/3550/3108
f 3195/3556/3109 3241/3594/3109 3196/3557/3109
f 3242/3595/3110 3184/3549/3110 3183/3548/3110
f 3202/3563/3111 3237/3590/3111 3199/3561/3111
f 3243/3596/3112 3202/3563/3112 3201/3562/3112
f 3210/3568/3113 3238/3591/3113 3209/3567/3113
f 3229/3586/3114 3204/3579/3114 3224/3577/3114
f 3185/3550/3115 3230/3597/3115 3198/3559/3115
f 3186/3598/3116 3198/3559/3116 3197/3599/3116
f 3236/3600/3117 3231/3587/3117 3226/3589/3117
f 3226/3589/3118 3230/3597/3118 3225/3578/3118
f 3225/3578/3119 3240/3593/3119 3223/3576/3119
f 3239/3592/3120 3223/3576/3120 3240/3593/3120
f 3228/3585/3121 3217/3581/3121 3227/3583/3121
f 3236/3600/3122 3242/3595/3122 3241/3594/3122
f 3183/3548/3123 3241/3594/3123 3242/3595/3123
f 3182/3601/3124 3196/3557/3124 3183/3548/3124
f 3214/3602/3125 3247/3603/3125 3215/3604/3125
f 3227/3583/3126 3216/3572/3126 3239/3592/3126
f 3208/3571/3127 3229/3586/3127 3211/3569/3127
f 3233/3605/3128 3206/3566/3128 3205/3565/3128
f 3232/3606/3129 3210/3568/3129 3206/3566/3129
f 3234/3607/3130 3244/3608/3130 3210/3568/3130
f 3207/3609/3131 3205/3565/3131 3229/3586/3131
f 3246/3610/3132 3248/3611/3132 3247/3603/3132
f 3247/3603/3133 3249/3612/3133 3215/3604/3133
f 3212/3588/3134 3245/3613/3134 3213/3570/3134
f 3219/3574/3135 3248/3611/3135 3212/3588/3135
f 3218/3573/3136 3249/3612/3136 3248/3611/3136
f 3250/3614/3137 3184/3549/3137 3243/3596/3137
f 3168/3450/3138 3200/3615/3138 3169/3439/3138
f 3244/3608/3139 3252/3616/3139 3238/3591/3139
f 3251/3617/3140 3235/3618/3140 3253/3619/3140
f 3238/3591/3141 3200/3615/3141 3199/3561/3141
f 3201/3562/3142 3170/3449/3142 3243/3596/3142
f 3173/1549/3143 3243/3596/3143 3170/3449/3143
f 3251/3617/3144 3174/3440/3144 3252/3616/3144
f 3253/3619/3145 3175/3442/3145 3251/3617/3145
f 3252/3616/3146 3169/3439/3146 3200/3615/3146
f 214/304/3147 3189/3553/3147 215/305/3147
f 215/305/3148 3187/3551/3148 3098/3404/3148
f 3187/3551/3149 3097/3403/3149 3098/3404/3149
f 3186/3598/3150 2894/3101/3150 3097/3403/3150
f 3197/3599/3151 1188/1214/3151 2894/3101/3151
f 3194/3558/3152 1189/1215/3152 1188/1214/3152
f 2459/2995/3153 3193/3555/3153 3182/3601/3153
f 2814/2996/3154 3182/3601/3154 3181/3547/3154
f 2791/3620/3155 3181/3547/3155 3250/3614/3155
f 3149/3426/3156 3142/2251/3156 3144/3392/3156
f 1948/1828/3157 1844/1704/3157 1847/1953/3157
f 1212/1229/3158 727/815/3158 835/891/3158
f 1496/1744/3159 112/1779/3159 113/2756/3159
f 1492/1093/3160 193/137/3160 206/136/3160
f 1096/1124/3161 1009/1040/3161 964/996/3161
f 926/467/3162 804/478/3162 927/477/3162
f 155/210/3163 5/6/3163 154/2763/3163
f 3448/3531/3164 3582/3523/3164 3600/3546/3164
f 1130/559/3165 1137/567/3165 1139/568/3165
f 417/277/3166 319/1274/3166 414/446/3166
f 541/1423/3167 776/1467/3167 488/2169/3167
f 3254/3621/3168 2170/2238/3168 2176/2240/3168
f 3254/3621/3169 2169/2236/3169 2171/2235/3169
f 2176/2240/3170 3092/3622/3170 3254/3621/3170
f 3256/3623/3171 3258/3624/3171 3255/3625/3171
f 3257/3626/3172 3260/3627/3172 3258/3624/3172
f 3259/3628/3173 3262/3629/3173 3260/3627/3173
f 3261/3630/3174 3264/3631/3174 3262/3629/3174
f 3265/3632/3175 3267/3633/3175 3268/3634/3175
f 3268/3634/3176 3269/3635/3176 3270/3636/3176
f 3271/3637/3177 3270/3636/3177 3269/3635/3177
f 3273/3466/3178 3272/3638/3178 3271/3637/3178
f 3276/3639/3179 3278/3503/3179 3275/3504/3179
f 3279/3640/3180 3277/3641/3180 3276/3639/3180
f 3281/3642/3181 3280/3643/3181 3279/3640/3181
f 3283/3644/3182 3282/3645/3182 3281/3642/3182
f 3285/3646/3183 3284/3647/3183 3283/3644/3183
f 3288/3544/3184 3271/3637/3184 3287/3648/3184
f 3287/3648/3185 3269/3635/3185 3289/3649/3185
f 3289/3649/3186 3267/3633/3186 3290/3650/3186
f 3290/3650/3187 3266/3651/3187 3291/3652/3187
f 3266/3651/3188 3293/3653/3188 3291/3652/3188
f 3292/3654/3189 3294/3655/3189 3293/3653/3189
f 3263/3656/3190 3295/3657/3190 3294/3655/3190
f 3261/3630/3191 3296/3658/3191 3295/3657/3191
f 3259/3628/3192 3297/3659/3192 3296/3658/3192
f 3257/3626/3193 3298/3660/3193 3297/3659/3193
f 3298/3660/3194 3299/3661/3194 3096/3400/3194
f 2824/3009/3195 3301/3662/3195 2867/3067/3195
f 3302/3663/3196 2824/3009/3196 2822/3664/3196
f 3303/3665/3197 2822/3664/3197 2796/2979/3197
f 2795/2981/3198 3303/3665/3198 2796/2979/3198
f 3305/3666/3199 2655/2830/3199 2658/2829/3199
f 2745/2924/3200 3308/3667/3200 2744/2921/3200
f 3310/3668/3201 3312/3669/3201 3309/3670/3201
f 3314/3671/3202 3309/3670/3202 3313/3672/3202
f 2646/2819/3203 3307/3673/3203 2745/2924/3203
f 3309/3670/3204 3027/3265/3204 3029/3268/3204
f 3313/3672/3205 3029/3268/3205 3031/3270/3205
f 3316/3538/3206 3287/3648/3206 3315/3674/3206
f 3315/3674/3207 3289/3649/3207 3317/3675/3207
f 3317/3675/3208 3290/3650/3208 3318/3676/3208
f 3318/3676/3209 3291/3652/3209 3319/3677/3209
f 3319/3677/3210 3293/3653/3210 3320/3678/3210
f 3293/3653/3211 3321/3679/3211 3320/3678/3211
f 3294/3655/3212 3322/3680/3212 3321/3679/3212
f 3295/3657/3213 3323/3681/3213 3322/3680/3213
f 3296/3658/3214 3324/3682/3214 3323/3681/3214
f 3297/3659/3215 3325/3683/3215 3324/3682/3215
f 3298/3660/3216 2970/3186/3216 3325/3683/3216
f 3324/3682/3217 2192/2267/3217 2191/2269/3217
f 3323/3681/3218 2191/2269/3218 1686/1753/3218
f 3322/3680/3219 1686/1753/3219 2094/2210/3219
f 3321/3679/3220 2094/2210/3220 1894/2137/3220
f 3326/3684/3221 3321/3679/3221 1894/2137/3221
f 3327/3685/3222 3320/3678/3222 3326/3684/3222
f 3328/3686/3223 3319/3677/3223 3327/3685/3223
f 3329/3687/3224 3318/3676/3224 3328/3686/3224
f 3315/3674/3225 3329/3687/3225 3330/3688/3225
f 3316/3538/3226 3330/3688/3226 3331/3511/3226
f 3332/3689/3227 3331/3511/3227 3330/3688/3227
f 3330/3688/3228 3328/3686/3228 3332/3689/3228
f 3332/3689/3229 3327/3685/3229 3334/3690/3229
f 3335/3513/3230 3332/3689/3230 3334/3690/3230
f 3334/3690/3231 3326/3684/3231 3336/3691/3231
f 3337/561/3232 3334/3690/3232 3336/3691/3232
f 3336/3691/3233 1894/2137/3233 1326/1951/3233
f 3277/3641/3234 3274/3468/3234 3278/3503/3234
f 3280/3643/3235 3272/3638/3235 3277/3641/3235
f 3282/3645/3236 3270/3636/3236 3280/3643/3236
f 3284/3647/3237 3268/3634/3237 3282/3645/3237
f 3338/3692/3238 3286/3693/3238 3285/3646/3238
f 3340/3694/3239 3342/3695/3239 3339/3696/3239
f 3338/3692/3240 3304/3697/3240 3306/3698/3240
f 3343/3699/3241 3339/3696/3241 3338/3692/3241
f 3311/3700/3242 3305/3666/3242 3308/3667/3242
f 3340/3694/3243 3311/3700/3243 3310/3668/3243
f 3341/3701/3244 3310/3668/3244 3314/3671/3244
f 3344/3702/3245 3341/3701/3245 3345/3703/3245
f 3345/3703/3246 3314/3671/3246 3346/3704/3246
f 3346/3704/3247 3313/3672/3247 2634/3705/3247
f 2634/3705/3248 3031/3270/3248 3040/3280/3248
f 3348/3706/3249 3345/3703/3249 3347/3707/3249
f 3347/3707/3250 3346/3704/3250 3349/3708/3250
f 3349/3708/3251 2634/3705/3251 2633/2809/3251
f 3350/3709/3252 2633/2809/3252 2336/2411/3252
f 3351/3710/3253 3349/3708/3253 3350/3709/3253
f 3352/3711/3254 3347/3707/3254 3351/3710/3254
f 3265/3632/3255 3286/3693/3255 3353/3712/3255
f 3339/3696/3256 3353/3712/3256 3286/3693/3256
f 3292/3654/3257 3265/3632/3257 3353/3712/3257
f 3263/3656/3258 3353/3712/3258 3264/3631/3258
f 3342/3695/3259 3264/3631/3259 3353/3712/3259
f 3262/3629/3260 3344/3702/3260 3348/3706/3260
f 3260/3627/3261 3348/3706/3261 3352/3711/3261
f 3258/3624/3262 3352/3711/3262 3354/3713/3262
f 3355/3714/3263 2336/2411/3263 2338/2410/3263
f 3356/3715/3264 3350/3709/3264 3355/3714/3264
f 3354/3713/3265 3351/3710/3265 3356/3715/3265
f 3357/3716/3266 2338/2410/3266 2629/2805/3266
f 2972/3188/3267 2629/2805/3267 2630/2808/3267
f 2975/3190/3268 3357/3716/3268 2972/3188/3268
f 3358/3717/3269 3355/3714/3269 3357/3716/3269
f 3255/3625/3270 3354/3713/3270 3359/3718/3270
f 3359/3718/3271 3356/3715/3271 3358/3717/3271
f 3299/3661/3272 3255/3625/3272 3360/3719/3272
f 3360/3719/3273 3359/3718/3273 1913/1982/3273
f 3359/3718/3274 2975/3190/3274 1913/1982/3274
f 1912/1984/3275 3360/3719/3275 1913/1982/3275
f 2971/3401/3276 3299/3661/3276 3360/3719/3276
f 3301/3662/3277 3275/3504/3277 3361/3720/3277
f 3300/3721/3278 3276/3639/3278 3301/3662/3278
f 3302/3663/3279 3279/3640/3279 3300/3721/3279
f 3303/3665/3280 3281/3642/3280 3302/3663/3280
f 3304/3697/3281 3283/3644/3281 3303/3665/3281
f 3343/3699/3282 3306/3698/3282 3305/3666/3282
f 3307/3673/3283 3311/3700/3283 3308/3667/3283
f 2645/2818/3284 3312/3669/3284 3307/3673/3284
f 2795/2981/3285 3306/3698/3285 3304/3697/3285
f 2658/2829/3286 3308/3667/3286 3305/3666/3286
f 2867/3067/3287 3361/3720/3287 3373/925/3287
f 3337/561/3288 1326/1951/3288 3370/1407/3288
f 1854/1707/3289 1877/1743/3289 1855/1706/3289
f 1695/1530/3290 1677/1804/3290 1709/1557/3290
f 1906/3387/3291 1896/3722/3291 1907/1869/3291
f 1630/1443/3292 1694/1529/3292 1710/1558/3292
f 1655/1475/3293 1657/1485/3293 1651/1474/3293
f 1759/1600/3294 1821/926/3294 1760/1599/3294
f 2007/1908/3295 2000/1898/3295 2004/2803/3295
f 1696/1537/3296 1676/1528/3296 1695/1530/3296
f 1710/1558/3297 1656/1531/3297 1654/1473/3297
f 923/2032/3298 3758/1363/3298 668/360/3298
f 3515/3483/3299 3275/3504/3299 3464/3407/3299
f 1538/1500/3300 1723/1571/3300 1662/1479/3300
f 3776/1572/3301 1560/1494/3301 3782/1480/3301
f 1898/3723/3302 78/61/3302 1897/1870/3302
f 64/49/3303 7/2648/3303 240/374/3303
f 139/97/3304 1504/1162/3304 140/96/3304
f 1086/530/3305 1110/544/3305 1079/528/3305
f 1464/2710/3306 1860/1795/3306 1861/1776/3306
f 1460/984/3307 1862/1777/3307 1459/1195/3307
f 442/271/3308 719/388/3308 207/2742/3308
f 1783/1636/3309 3694/3724/3309 3704/2034/3309
f 1784/1637/3310 2012/2640/3310 1783/1636/3310
f 1427/3725/3311 999/518/3311 1169/580/3311
f 821/666/3312 989/511/3312 991/512/3312
f 1529/1745/3313 1906/3387/3313 1495/1746/3313
f 1879/1729/3314 1880/1735/3314 1876/614/3314
f 1863/1794/3315 1463/2685/3315 1892/3726/3315
f 1892/3726/3316 412/253/3316 432/476/3316
f 301/1005/3317 1893/1749/3317 300/182/3317
f 1763/1604/3318 1823/3727/3318 1762/1674/3318
f 261/160/3319 1905/1762/3319 52/158/3319
f 2009/1920/3320 2004/2803/3320 2000/1898/3320
f 3671/3365/3321 1717/3728/3321 3694/3724/3321
f 272/164/3322 540/1248/3322 1893/1749/3322
f 1832/2092/3323 1826/1680/3323 1831/1681/3323
f 1698/1551/3324 1693/1527/3324 1696/1537/3324
f 1737/1582/3325 1749/1644/3325 1747/1588/3325
f 302/181/3326 1868/1721/3326 271/1004/3326
f 1862/1777/3327 1859/1713/3327 1905/1762/3327
f 1748/1587/3328 1737/1582/3328 1747/1588/3328
f 958/498/3329 960/1370/3329 959/713/3329
f 1545/1597/3330 1690/1518/3330 1544/1350/3330
f 415/1031/3331 303/1405/3331 304/175/3331
f 140/96/3332 107/80/3332 108/109/3332
f 1988/1686/3333 3753/1967/3333 1990/2079/3333
f 269/239/3334 1892/3726/3334 539/1249/3334
f 1896/3722/3335 1898/3723/3335 1897/1870/3335
f 1425/912/3336 1427/3725/3336 1428/923/3336
f 2192/2267/3337 2970/3186/3337 2969/3187/3337
f 2898/3109/3338 3362/3729/3338 938/973/3338
f 2152/2212/3339 3362/3729/3339 2969/3187/3339
f 2193/3108/3340 2969/3187/3340 3362/3729/3340
f 2914/3127/3341 938/973/3341 3362/3729/3341
f 2746/2925/3342 2643/2817/3342 2646/2819/3342
f 3363/3730/3343 2643/2817/3343 2737/3731/3343
f 2736/2912/3344 3363/3730/3344 2737/3731/3344
f 2273/3732/3345 2235/2319/3345 2274/2354/3345
f 2237/2324/3346 2273/3732/3346 2275/2355/3346
f 2240/2332/3347 2275/2355/3347 2277/2357/3347
f 2250/2334/3348 2277/2357/3348 2293/2373/3348
f 2251/2333/3349 2293/2373/3349 2294/2374/3349
f 2298/2379/3350 2300/2384/3350 2299/2380/3350
f 2274/2354/3351 2298/2379/3351 2299/2380/3351
f 2350/3733/3352 2304/2383/3352 2303/2382/3352
f 2349/2419/3353 2300/2384/3353 2304/2383/3353
f 2294/2374/3354 2467/2556/3354 2468/2557/3354
f 2468/2557/3355 2466/2555/3355 2469/2558/3355
f 2644/3266/3356 2661/3734/3356 2660/2831/3356
f 3026/3267/3357 2660/2831/3357 3025/3264/3357
f 3022/3260/3358 3033/3273/3358 3032/3272/3358
f 3020/3258/3359 3032/3272/3359 3025/3264/3359
f 3034/3274/3360 3039/3278/3360 3038/3277/3360
f 3024/3263/3361 3038/3277/3361 3033/3273/3361
f 3039/3278/3362 1712/1766/3362 3047/3289/3362
f 3051/3735/3363 2456/2544/3363 2469/2558/3363
f 3603/3296/3364 3045/3286/3364 3051/3735/3364
f 3363/3730/3365 2662/2832/3365 2661/3734/3365
f 3364/3736/3366 2709/2883/3366 3363/3730/3366
f 220/144/3367 87/2798/3367 84/65/3367
f 237/1748/3368 235/334/3368 234/429/3368
f 240/374/3369 239/333/3369 183/332/3369
f 2/2/3370 288/1160/3370 287/1803/3370
f 137/985/3371 292/1950/3371 259/156/3371
f 319/1274/3372 202/134/3372 320/383/3372
f 321/326/3373 323/1065/3373 322/1069/3373
f 242/142/3374 220/144/3374 228/335/3374
f 231/1164/3375 232/187/3375 222/311/3375
f 363/2771/3376 365/3456/3376 364/2170/3376
f 170/2142/3377 168/174/3377 167/173/3377
f 1193/592/3378 1203/609/3378 1292/625/3378
f 3721/623/3379 1270/647/3379 3713/1756/3379
f 788/434/3380 804/478/3380 803/436/3380
f 3717/900/3381 993/536/3381 994/535/3381
f 3672/762/3382 1377/741/3382 1379/759/3382
f 2097/2095/3383 2102/2102/3383 2103/2108/3383
f 3704/2034/3384 1717/3728/3384 1716/967/3384
f 298/438/3385 1875/3360/3385 442/271/3385
f 2100/2096/3386 1927/3405/3386 1928/1799/3386
f 692/2128/3387 1978/1871/3387 1437/1872/3387
f 1414/2115/3388 1202/603/3388 1392/2114/3388
f 1631/1447/3389 1566/1905/3389 1585/1445/3389
f 1772/3737/3390 1780/1633/3390 1775/1617/3390
f 1676/1528/3391 1674/1502/3391 1677/1804/3391
f 168/174/3392 392/1462/3392 337/1238/3392
f 1669/1805/3393 3775/1481/3393 3774/1750/3393
f 1671/1522/3394 1538/1500/3394 1670/1497/3394
f 1664/1709/3395 1670/1497/3395 1663/1499/3395
f 951/490/3396 959/713/3396 950/492/3396
f 802/437/3397 1071/538/3397 1079/528/3397
f 2829/3738/3398 2713/2888/3398 2712/2885/3398
f 2730/3739/3399 2715/2896/3399 2713/2888/3399
f 2719/2894/3400 2188/2260/3400 2720/2893/3400
f 3521/3740/3401 2830/3017/3401 2719/2894/3401
f 2691/2903/3402 2721/2897/3402 2715/2896/3402
f 3089/3393/3403 3090/3395/3403 3091/3396/3403
f 3090/3395/3404 3092/3622/3404 3091/3396/3404
f 3093/3397/3405 1359/1441/3405 2720/2893/3405
f 3093/3397/3406 1593/1668/3406 3094/3398/3406
f 3094/3398/3407 2183/2249/3407 3095/3399/3407
f 3095/3399/3408 2182/2248/3408 3092/3622/3408
f 3365/3741/3409 2710/2884/3409 3364/3736/3409
f 2728/3742/3410 3364/3736/3410 2736/2912/3410
f 2178/3743/3411 3432/3744/3411 2179/3745/3411
f 2145/2214/3412 3429/1305/3412 1962/2202/3412
f 2841/3746/3413 3428/1732/3413 2843/3747/3413
f 3430/3748/3414 2077/2124/3414 2848/3203/3414
f 1736/1573/3415 1718/3749/3415 1751/2045/3415
f 1176/584/3416 1158/574/3416 1159/576/3416
f 3425/1731/3417 2138/2190/3417 2137/3750/3417
f 3418/1429/3418 2692/3751/3418 2690/2866/3418
f 3786/1488/3419 1646/3402/3419 1651/1474/3419
f 1477/1917/3420 146/104/3420 493/347/3420
f 3414/1556/3421 2891/3216/3421 2723/3312/3421
f 3415/3752/3422 2699/2882/3422 2698/2872/3422
f 3412/1606/3423 2695/2905/3423 2787/2972/3423
f 1342/694/3424 1336/685/3424 1338/678/3424
f 2689/3385/3425 3421/3044/3425 2149/2207/3425
f 2138/2190/3426 3409/796/3426 2689/3385/3426
f 2695/2905/3427 3408/803/3427 2696/2906/3427
f 3250/3614/3428 3411/1548/3428 2791/3620/3428
f 3663/2898/3429 3405/3753/3429 2726/3754/3429
f 2696/2906/3430 3404/1546/3430 2725/2907/3430
f 2179/3745/3431 3403/3755/3431 2840/3756/3431
f 2840/3756/3432 3528/3757/3432 3478/3758/3432
f 3413/2802/3433 2706/2879/3433 2699/2882/3433
f 1764/1639/3434 1810/935/3434 1763/1604/3434
f 3402/1022/3435 2707/2971/3435 2706/2879/3435
f 2871/3338/3436 3406/3759/3436 3399/3760/3436
f 1908/2791/3437 312/959/3437 500/961/3437
f 298/438/3438 296/1172/3438 295/1174/3438
f 2692/3751/3439 3397/1144/3439 2833/3020/3439
f 2833/3020/3440 3434/1143/3440 2178/3743/3440
f 2843/3747/3441 3396/2748/3441 2842/3200/3441
f 300/182/3442 421/259/3442 43/188/3442
f 199/131/3443 124/90/3443 531/1763/3443
f 1836/1873/3444 1838/1887/3444 1837/2040/3444
f 3592/3389/3445 3394/1176/3445 2033/2091/3445
f 3393/1132/3446 2723/3312/3446 2722/3308/3446
f 1910/1949/3447 440/269/3447 495/620/3447
f 1954/2013/3448 3391/2073/3448 2073/2122/3448
f 3736/1175/3449 657/2230/3449 3738/2011/3449
f 3387/1751/3450 2698/2872/3450 2704/2877/3450
f 2855/3761/3451 3385/1661/3451 2856/3051/3451
f 3383/3762/3452 2855/3761/3452 2858/3053/3452
f 667/2719/3453 3744/1361/3453 923/2032/3453
f 3381/1590/3454 2730/3739/3454 2829/3738/3454
f 720/2743/3455 716/2804/3455 713/1837/3455
f 1754/1595/3456 1762/1674/3456 1755/1603/3456
f 3378/963/3457 2858/3053/3457 2859/3055/3457
f 3380/934/3458 2859/3055/3458 2860/3057/3458
f 2870/3070/3459 3377/3763/3459 2869/3069/3459
f 2860/3057/3460 3377/3763/3460 3380/934/3460
f 3660/3071/3461 3384/1146/3461 2870/3070/3461
f 2788/3764/3462 3375/968/3462 2789/3250/3462
f 2789/3250/3463 3393/1132/3463 2722/3308/3463
f 1001/600/3464 1000/579/3464 997/517/3464
f 3373/925/3465 2868/3068/3465 2867/3067/3465
f 539/1249/3466 432/476/3466 433/1247/3466
f 2890/3094/3467 3430/3748/3467 2848/3203/3467
f 1979/2041/3468 3372/3765/3468 2890/3094/3468
f 208/138/3469 1877/1743/3469 1876/614/3469
f 195/233/3470 193/137/3470 192/1185/3470
f 1787/1643/3471 1806/1660/3471 1796/2065/3471
f 1909/2047/3472 439/270/3472 440/269/3472
f 264/341/3473 170/2142/3473 167/173/3473
f 2791/3620/3474 3368/1408/3474 1327/1409/3474
f 3478/3758/3475 3427/2733/3475 2841/3746/3475
f 2721/2897/3476 3502/3016/3476 3521/3740/3476
f 1956/2152/3477 3513/1737/3477 2119/2151/3477
f 940/3390/3478 879/2757/3478 942/480/3478
f 3516/3533/3479 3471/3408/3479 3483/3543/3479
f 3639/3766/3480 3505/3324/3480 3063/3326/3480
f 3063/3326/3481 3452/2575/3481 2482/2573/3481
f 2136/2189/3482 3482/2858/3482 2137/3750/3482
f 3466/3309/3483 3057/3311/3483 3056/3767/3483
f 3462/3310/3484 2683/2854/3484 3057/3311/3484
f 3451/3251/3485 3056/3767/3485 3016/3253/3485
f 2846/3041/3486 3493/3252/3486 3015/3254/3486
f 3493/3252/3487 3016/3253/3487 3015/3254/3487
f 3614/3214/3488 3605/3768/3488 3612/1989/3488
f 554/1289/3489 3617/1738/3489 1956/2152/3489
f 3361/3720/3490 1821/926/3490 3373/925/3490
f 1563/1368/3491 2023/1955/3491 2022/1934/3491
f 2788/3764/3492 3470/3040/3492 2842/3200/3492
f 2842/3200/3493 3469/3039/3493 2843/3747/3493
f 2843/3747/3494 3477/3031/3494 2841/3746/3494
f 3529/3032/3495 2838/3029/3495 3473/3030/3495
f 3478/3758/3496 3473/3030/3496 2840/3756/3496
f 2841/3746/3497 3529/3032/3497 3478/3758/3497
f 2840/3756/3498 3445/2243/3498 2179/3745/3498
f 3472/3028/3499 2835/3023/3499 2838/3029/3499
f 2837/3036/3500 3481/2865/3500 3500/3026/3500
f 2836/3038/3501 3500/3026/3501 3501/3025/3501
f 2178/3743/3502 3511/3021/3502 2833/3020/3502
f 2831/3769/3503 3511/3021/3503 2679/2851/3503
f 3502/3016/3504 2831/3769/3504 2830/3017/3504
f 2717/2895/3505 3521/3740/3505 3450/2892/3505
f 2717/2895/3506 3457/2848/3506 2672/2890/3506
f 3481/2865/3507 2685/2859/3507 2687/2862/3507
f 3467/2850/3508 2686/3248/3508 2667/2839/3508
f 2137/3750/3509 3507/2856/3509 2164/2228/3509
f 2164/2228/3510 3508/2857/3510 2165/3215/3510
f 2678/2860/3511 3468/2849/3511 2677/2847/3511
f 2672/2890/3512 3468/2849/3512 2669/2841/3512
f 3528/3757/3513 1776/2081/3513 3686/2106/3513
f 3622/2702/3514 1650/3770/3514 1658/1487/3514
f 2442/2526/3515 3449/2574/3515 2475/2564/3515
f 2475/2564/3516 3452/2575/3516 2477/2566/3516
f 2440/2524/3517 3491/2536/3517 3475/2534/3517
f 2440/2524/3518 3480/2535/3518 2442/2526/3518
f 2436/2520/3519 3479/2314/3519 2228/2518/3519
f 2437/2529/3520 3492/2517/3520 2436/2520/3520
f 2228/2518/3521 3498/2307/3521 2222/2312/3521
f 2222/2312/3522 3476/2306/3522 2225/2309/3522
f 2179/3745/3523 3446/2245/3523 2178/3743/3523
f 3518/3487/3524 3483/3543/3524 3485/3469/3524
f 700/368/3525 3746/2030/3525 3747/2064/3525
f 711/366/3526 3620/2056/3526 1876/614/3526
f 2108/3409/3527 2113/2053/3527 2107/2153/3527
f 3519/784/3528 3485/3469/3528 3488/3518/3528
f 3602/1990/3529 3437/1736/3529 3616/1988/3529
f 2118/3458/3530 749/408/3530 750/1863/3530
f 2044/616/3531 2039/1957/3531 2043/1961/3531
f 3617/1738/3532 3616/1988/3532 3437/1736/3532
f 624/1421/3533 3430/3771/3533 1785/2695/3533
f 1614/1610/3534 3418/1429/3534 1612/1428/3534
f 1614/1610/3535 3397/1144/3535 3435/3772/3535
f 3621/1575/3536 1565/1367/3536 1631/1447/3536
f 2037/1718/3537 2017/1927/3537 2022/1934/3537
f 939/506/3538 975/1715/3538 864/451/3538
f 942/480/3539 899/516/3539 966/1560/3539
f 1366/729/3540 1364/727/3540 1365/728/3540
f 980/1714/3541 1104/537/3541 984/1576/3541
f 936/3097/3542 864/451/3542 865/452/3542
f 1621/1640/3543 3415/3752/3543 1620/1416/3543
f 3785/2870/3544 3405/3753/3544 3661/3773/3544
f 3403/3755/3545 746/2082/3545 1776/2081/3545
f 3432/3744/3546 745/2035/3546 746/2082/3546
f 1825/2044/3547 3406/1461/3547 1615/1460/3547
f 1643/3774/3548 1613/1477/3548 1637/989/3548
f 1641/1769/3549 755/412/3549 1766/992/3549
f 1546/975/3550 3621/1575/3550 1659/976/3550
f 3622/2702/3551 1631/1447/3551 1632/1446/3551
f 2116/830/3552 480/1426/3552 481/413/3552
f 1617/802/3553 3412/1606/3553 1711/1559/3553
f 3421/3044/3554 1611/2130/3554 708/2005/3554
f 1532/790/3555 1957/2723/3555 1533/1510/3555
f 1548/1357/3556 3530/2197/3556 2024/2274/3556
f 2043/1961/3557 2021/1932/3557 2038/1716/3557
f 767/1742/3558 1950/1832/3558 766/1468/3558
f 1951/1831/3559 766/1468/3559 1950/1832/3559
f 3067/3775/3560 3556/2601/3560 3542/3348/3560
f 3572/3339/3561 3542/3348/3561 3648/3347/3561
f 2123/2157/3562 3544/3776/3562 3543/3334/3562
f 3369/1630/3563 3543/3334/3563 3564/3034/3563
f 1643/3774/3564 3699/993/3564 1612/1428/3564
f 1719/2146/3565 3368/1408/3565 3411/1548/3565
f 2532/2628/3566 3552/2609/3566 2515/2607/3566
f 2506/2596/3567 3548/2629/3567 2532/2628/3567
f 2310/2394/3568 3559/2510/3568 3554/2610/3568
f 2310/2394/3569 3552/2609/3569 2311/2392/3569
f 2512/3218/3570 3534/2603/3570 2511/3217/3570
f 2511/3217/3571 3556/2601/3571 329/501/3571
f 2424/3085/3572 3546/2511/3572 2430/2615/3572
f 2429/2616/3573 3546/2511/3573 3559/2510/3573
f 2421/2501/3574 3549/2503/3574 2422/2502/3574
f 3549/2503/3575 2408/2485/3575 2422/2502/3575
f 3547/2488/3576 2404/2482/3576 2408/2485/3576
f 3560/2481/3577 2405/3777/3577 2404/2482/3577
f 710/386/3578 3751/1997/3578 614/384/3578
f 1796/2065/3579 3383/3762/3579 1808/962/3579
f 1810/935/3580 3377/3763/3580 1823/3727/3580
f 3396/2748/3581 1779/1734/3581 1778/2747/3581
f 1717/3728/3582 3393/1132/3582 3375/968/3582
f 1652/990/3583 3381/1590/3583 1765/838/3583
f 3377/3763/3584 1824/1675/3584 1823/3727/3584
f 1849/1698/3585 3430/3771/3585 3372/2801/3585
f 2070/2198/3586 3672/762/3586 3700/2060/3586
f 3765/2199/3587 3700/2060/3587 3771/2015/3587
f 2057/1987/3588 3726/1993/3588 2054/1986/3588
f 2122/2156/3589 3648/3347/3589 3544/3776/3589
f 608/351/3590 3763/2010/3590 607/352/3590
f 2135/2187/3591 3647/3327/3591 3639/3766/3591
f 2120/2155/3592 3646/1177/3592 3592/3389/3592
f 1330/2071/3593 3692/661/3593 1304/634/3593
f 3717/900/3594 1434/3778/3594 1417/883/3594
f 3047/3289/3595 3634/3287/3595 3603/3296/3595
f 2013/2003/3596 3694/3724/3596 2012/2640/3596
f 1317/856/3597 3712/651/3597 1318/855/3597
f 2052/3779/3598 3760/1728/3598 489/302/3598
f 2033/2091/3599 3595/3342/3599 3592/3389/3599
f 3687/664/3600 1324/663/3600 846/662/3600
f 1952/2012/3601 3642/3384/3601 2130/2183/3601
f 2130/2183/3602 3578/3336/3602 2035/3388/3602
f 2074/2213/3603 3611/3381/3603 1955/2014/3603
f 1955/2014/3604 3608/3382/3604 1952/2012/3604
f 1961/2019/3605 3638/3376/3605 2144/2201/3605
f 2144/2201/3606 3615/3377/3606 2074/2213/3606
f 3079/3369/3607 3618/3090/3607 2887/3089/3607
f 3080/3371/3608 3579/3373/3608 3079/3369/3608
f 3071/3354/3609 3623/3356/3609 3072/3357/3609
f 3072/3357/3610 3624/3224/3610 2993/3223/3610
f 3589/3355/3611 3070/3780/3611 327/3349/3611
f 3070/3780/3612 3568/3353/3612 3071/3354/3612
f 2143/2193/3613 3589/3355/3613 3581/3345/3613
f 3544/3776/3614 3601/3317/3614 2147/3335/3614
f 3581/3345/3615 2140/2194/3615 2143/2193/3615
f 3649/3343/3616 2036/2090/3616 3580/3337/3616
f 3633/3344/3617 3580/3337/3617 2140/2194/3617
f 3066/3346/3618 3649/3343/3618 3633/3344/3618
f 3067/3775/3619 3565/3341/3619 3066/3346/3619
f 2035/3388/3620 3580/3337/3620 2036/2090/3620
f 2139/2191/3621 3609/3316/3621 3635/3331/3621
f 2136/2189/3622 3635/3331/3622 3640/3330/3622
f 3463/3321/3623 3640/3330/3623 3647/3327/3623
f 2030/3781/3624 3639/3766/3624 3637/3325/3624
f 2031/2087/3625 3637/3325/3625 3636/3322/3625
f 2147/3335/3626 3610/3315/3626 2148/2206/3626
f 2148/2206/3627 3609/3316/3627 3060/3332/3627
f 3768/2127/3628 562/380/3628 676/370/3628
f 2068/2119/3629 3636/3322/3629 3619/3303/3629
f 2151/2209/3630 3619/3303/3630 3641/3283/3630
f 3570/3290/3631 3052/3299/3631 3049/3292/3631
f 3644/3298/3632 3050/3295/3632 3052/3299/3632
f 3604/3297/3633 3051/3735/3633 3050/3295/3633
f 3630/3294/3634 3048/3293/3634 2261/2342/3634
f 3571/3291/3635 3049/3292/3635 3048/3293/3635
f 3634/3287/3636 3043/3285/3636 3045/3286/3636
f 3626/3284/3637 3044/3300/3637 3043/3285/3637
f 1772/3737/3638 3697/1619/3638 1773/1631/3638
f 1268/641/3639 3715/646/3639 1310/640/3639
f 2127/2159/3640 3607/2341/3640 3591/3227/3640
f 2124/2160/3641 3591/3227/3641 3593/3220/3641
f 3624/3224/3642 2991/3222/3642 2993/3223/3642
f 3627/3221/3643 2992/3226/3643 2991/3222/3643
f 693/1307/3644 3734/2075/3644 1978/1871/3644
f 2694/2869/3645 3596/3080/3645 3628/3198/3645
f 3645/3199/3646 2078/2125/3646 3423/3782/3646
f 3668/402/3647 746/2082/3647 745/2035/3647
f 2886/3087/3648 3625/3079/3648 2879/3078/3648
f 2887/3089/3649 3643/3092/3649 2886/3087/3649
f 2878/3083/3650 3596/3080/3650 2881/3081/3650
f 2076/3333/3651 3625/3079/3651 2880/3093/3651
f 2260/3256/3652 3630/3294/3652 3607/2341/3652
f 3719/826/3653 1413/2059/3653 24/2058/3653
f 3764/2103/3654 566/1430/3654 694/1352/3654
f 3745/2111/3655 565/3014/3655 562/380/3655
f 3706/1625/3656 1777/1733/3656 3686/2106/3656
f 689/2105/3657 3746/2030/3657 2065/2033/3657
f 3675/3540/3658 3766/2017/3658 682/377/3658
f 2055/2070/3659 3770/1991/3659 2057/1987/3659
f 3669/761/3660 1332/2072/3660 1377/741/3660
f 1771/1620/3661 3681/1618/3661 1774/1627/3661
f 659/1628/3662 3711/2038/3662 658/3099/3662
f 3369/1630/3663 3710/2037/3663 659/1628/3663
f 2054/1986/3664 3727/1981/3664 2053/1979/3664
f 2048/1974/3665 3760/1728/3665 2050/1727/3665
f 2053/1979/3666 3758/1363/3666 924/1362/3666
f 3701/1396/3667 687/379/3667 723/471/3667
f 1639/1807/3668 3705/991/3668 1643/3774/3668
f 1600/1404/3669 3678/1380/3669 3677/2067/3669
f 607/352/3670 3765/2199/3670 681/1205/3670
f 2083/2076/3671 3725/1965/3671 3724/2068/3671
f 1767/1611/3672 3703/2036/3672 3696/1609/3672
f 3679/1635/3673 1778/2747/3673 1779/1734/3673
f 3731/2031/3674 3759/619/3674 690/1309/3674
f 1607/1403/3675 3689/1414/3675 1609/1411/3675
f 3748/2110/3676 617/2116/3676 565/3014/3676
f 2083/2076/3677 3734/2075/3677 14/12/3677
f 2099/2098/3678 3730/2112/3678 3733/2099/3678
f 658/3099/3679 3772/2050/3679 3728/2080/3679
f 2061/864/3680 3671/3365/3680 2013/2003/3680
f 1774/1627/3681 3706/1625/3681 3682/1623/3681
f 3714/887/3682 1408/823/3682 1434/3778/3682
f 681/1205/3683 3771/2015/3683 3675/3540/3683
f 846/662/3684 3695/589/3684 3687/664/3684
f 3723/2126/3685 2080/2077/3685 2079/618/3685
f 3444/3532/3686 3585/3528/3686 3448/3531/3686
f 3442/3459/3687 3590/3529/3687 3444/3532/3687
f 3612/1989/3688 3597/3534/3688 3598/3545/3688
f 3599/3541/3689 3440/3461/3689 3602/1990/3689
f 1065/1348/3690 3605/3768/3690 1070/788/3690
f 3598/3545/3691 3602/1990/3691 3612/1989/3691
f 2711/2887/3692 3366/3783/3692 2712/2885/3692
f 3365/3741/3693 2727/2899/3693 3366/3783/3693
f 2712/2885/3694 3367/3784/3694 2829/3738/3694
f 3366/3783/3695 2726/3754/3695 3367/3784/3695
f 3381/1590/3696 3367/3784/3696 3388/3785/3696
f 3388/3785/3697 2726/3754/3697 3405/3753/3697
f 2868/3068/3698 3650/1147/3698 3660/3071/3698
f 2049/1994/3699 3755/1977/3699 2048/1974/3699
f 3404/1546/3700 3663/2898/3700 2725/2907/3700
f 664/1386/3701 3735/1890/3701 667/2719/3701
f 1846/2121/3702 3769/1695/3702 3750/2117/3702
f 2825/3011/3703 3660/3071/3703 2870/3070/3703
f 2820/3004/3704 3658/3013/3704 2825/3011/3704
f 2821/3007/3705 3666/3006/3705 2797/3008/3705
f 2656/2828/3706 3665/2982/3706 3653/2975/3706
f 2797/3008/3707 3665/2982/3707 2798/2980/3707
f 2740/2917/3708 3653/2975/3708 2792/2974/3708
f 2738/2969/3709 3651/2927/3709 2747/2926/3709
f 2743/2923/3710 3651/2927/3710 2746/2925/3710
f 2742/2932/3711 3657/2916/3711 2741/2918/3711
f 2739/2920/3712 3659/3786/3712 3657/2916/3712
f 2737/3731/3713 3654/2913/3713 2736/2912/3713
f 2729/2908/3714 3654/2913/3714 2735/2915/3714
f 2728/3742/3715 3662/2900/3715 2727/2899/3715
f 2725/2907/3716 3662/2900/3716 2724/2902/3716
f 1661/1482/3717 3782/1480/3717 1560/1494/3717
f 3781/1593/3718 1756/1602/3718 1761/1592/3718
f 3774/1750/3719 1665/1483/3719 1668/974/3719
f 3777/1489/3720 1651/1474/3720 1657/1485/3720
f 1616/1874/3721 3739/1694/3721 1836/1873/3721
f 1845/1705/3722 3754/1583/3722 3769/1695/3722
f 3631/1614/3723 1633/1452/3723 1634/839/3723
f 1648/3787/3724 3631/1614/3724 3632/1591/3724
f 3785/2870/3725 3404/1546/3725 1647/3788/3725
f 3388/3785/3726 1648/3787/3726 3632/1591/3726
f 3776/1572/3727 1662/1479/3727 1723/1571/3727
f 1559/1365/3728 3787/1568/3728 1729/1561/3728
f 3739/1694/3729 1833/1690/3729 1836/1873/3729
f 1650/3770/3730 3784/2871/3730 3786/1488/3730
f 3784/2871/3731 1647/3788/3731 1646/3402/3731
f 1094/533/3732 1095/532/3732 3789/3789/3732
f 1043/624/3733 1293/626/3733 3789/3789/3733
f 1218/604/3734 827/610/3734 3789/3789/3734
f 3684/587/3735 828/1401/3735 3789/3789/3735
f 1105/1491/3736 1094/533/3736 3789/3789/3736
f 1106/546/3737 1107/545/3737 3789/3789/3737
f 821/666/3738 991/512/3738 3789/3789/3738
f 1205/3790/3739 3722/622/3739 3789/3789/3739
f 1217/630/3740 1218/604/3740 3789/3789/3740
f 1293/626/3741 1204/608/3741 3789/3789/3741
f 1041/578/3742 1042/2120/3742 3789/3789/3742
f 983/1577/3743 1105/1491/3743 3789/3789/3743
f 1204/608/3744 1205/3790/3744 3789/3789/3744
f 3722/622/3745 1260/1919/3745 3789/3789/3745
f 1260/1919/3746 1263/631/3746 3789/3789/3746
f 828/1401/3747 819/3539/3747 3789/3789/3747
f 827/610/3748 3684/587/3748 3789/3789/3748
f 1095/532/3749 1106/546/3749 3789/3789/3749
f 1042/2120/3750 1043/624/3750 3789/3789/3750
f 1064/555/3751 1063/554/3751 3789/3789/3751
f 988/509/3752 982/508/3752 3789/3789/3752
f 991/512/3753 988/509/3753 3789/3789/3753
f 982/508/3754 983/1577/3754 3789/3789/3754
f 1053/551/3755 1046/553/3755 3789/3789/3755
f 818/665/3756 821/666/3756 3789/3789/3756
f 819/3539/3757 818/665/3757 3789/3789/3757
f 1263/631/3758 1217/630/3758 3789/3789/3758
f 1107/545/3759 1064/555/3759 3789/3789/3759
f 1063/554/3760 1053/551/3760 3789/3789/3760
f 1046/553/3761 1041/578/3761 3789/3789/3761
f 2346/2420/3762 2350/3733/3762 3790/3791/3762
f 2347/2417/3763 2346/2420/3763 3790/3791/3763
f 3476/2306/3764 2224/2477/3764 3790/3791/3764
f 2330/2409/3765 2329/2408/3765 3790/3791/3765
f 2329/2408/3766 2332/2437/3766 3790/3791/3766
f 2220/2310/3767 2225/2309/3767 3790/3791/3767
f 2221/2391/3768 2219/2522/3768 3790/3791/3768
f 2334/2434/3769 2335/3307/3769 3790/3791/3769
f 2401/2475/3770 2400/2492/3770 3790/3791/3770
f 2332/2437/3771 2333/2428/3771 3790/3791/3771
f 2406/2483/3772 2405/3777/3772 3790/3791/3772
f 2335/3307/3773 2352/2422/3773 3790/3791/3773
f 2412/2491/3774 2331/2490/3774 3790/3791/3774
f 2395/2471/3775 2412/2491/3775 3790/3791/3775
f 2308/2388/3776 2221/2391/3776 3790/3791/3776
f 2396/3792/3777 2395/2471/3777 3790/3791/3777
f 2351/3793/3778 2347/2417/3778 3790/3791/3778
f 2352/2422/3779 2351/3793/3779 3790/3791/3779
f 2303/2382/3780 2302/2386/3780 3790/3791/3780
f 2225/2309/3781 3476/2306/3781 3790/3791/3781
f 2400/2492/3782 2406/2483/3782 3790/3791/3782
f 2405/3777/3783 3562/2480/3783 3790/3791/3783
f 2224/2477/3784 2401/2475/3784 3790/3791/3784
f 2350/3733/3785 2303/2382/3785 3790/3791/3785
f 2331/2490/3786 2330/2409/3786 3790/3791/3786
f 2302/2386/3787 2306/2389/3787 3790/3791/3787
f 2333/2428/3788 2334/2434/3788 3790/3791/3788
f 2219/2522/3789 2220/2310/3789 3790/3791/3789
f 3562/2480/3790 2396/3792/3790 3790/3791/3790
f 2306/2389/3791 2308/2388/3791 3790/3791/3791
f 3793/3794/3792 3796/3795/3792 3797/3796/3792
f 3793/3794/3793 3798/3797/3793 3794/3798/3793
f 3791/3799/3794 3796/3795/3794 3792/3800/3794
f 3797/3796/3795 3802/3801/3795 3798/3797/3795
f 3796/3795/3796 3799/3802/3796 3800/3803/3796
f 3796/3795/3797 3801/3804/3797 3797/3796/3797
f 3801/3804/3798 3806/3805/3798 3802/3801/3798
f 3800/3803/3799 3803/3806/3799 3804/3807/3799
f 3801/3804/3800 3804/3807/3800 3805/3808/3800
f 3806/3805/3801 3809/3809/3801 3810/3810/3801
f 3803/3806/3802 3808/3811/3802 3804/3807/3802
f 3804/3807/3803 3809/3809/3803 3805/3808/3803
f 3809/3809/3804 3814/3812/3804 3810/3810/3804
f 3808/3811/3805 3811/3813/3805 3812/3814/3805
f 3809/3809/3806 3812/3814/3806 3813/3815/3806
f 3814/3812/3807 3817/3816/3807 3818/3817/3807
f 3812/3814/3808 3815/3818/3808 3816/3819/3808
f 3812/3814/3809 3817/3816/3809 3813/3815/3809
f 3818/3817/3810 3821/3820/3810 3822/3821/3810
f 3816/3819/3811 3819/3822/3811 3820/3823/3811
f 3817/3816/3812 3820/3823/3812 3821/3820/3812
f 3821/3820/3813 3826/3824/3813 3822/3821/3813
f 3819/3822/3814 3824/3825/3814 3820/3823/3814
f 3820/3823/3815 3825/3826/3815 3821/3820/3815
f 3825/3826/3816 3830/3827/3816 3826/3824/3816
f 3824/3825/3817 3827/3828/3817 3828/3829/3817
f 3825/3826/3818 3828/3829/3818 3829/3830/3818
f 3829/3830/3819 3834/3831/3819 3830/3827/3819
f 3827/3828/3820 3832/3832/3820 3828/3829/3820
f 3828/3829/3821 3833/3833/3821 3829/3830/3821
f 3833/3833/3822 3838/3834/3822 3834/3831/3822
f 3832/3832/3823 3835/3835/3823 3836/3836/3823
f 3833/3833/3824 3836/3836/3824 3837/3837/3824
f 3838/3834/3825 3841/3838/3825 3842/3839/3825
f 3835/3835/3826 3840/3840/3826 3836/3836/3826
f 3836/3836/3827 3841/3838/3827 3837/3837/3827
f 3841/3838/3828 3846/3841/3828 3842/3839/3828
f 3840/3840/3829 3843/3842/3829 3844/3843/3829
f 3841/3838/3830 3844/3843/3830 3845/3844/3830
f 3846/3841/3831 3849/3845/3831 3850/3846/3831
f 3843/3842/3832 3848/3847/3832 3844/3843/3832
f 3844/3843/3833 3849/3845/3833 3845/3844/3833
f 3850/3846/3834 3853/3848/3834 3854/3849/3834
f 3848/3847/3835 3851/3850/3835 3852/3851/3835
f 3849/3845/3836 3852/3851/3836 3853/3848/3836
f 3854/3849/3837 3857/3852/3837 3858/3853/3837
f 3851/3850/3838 3856/3854/3838 3852/3851/3838
f 3852/3851/3839 3857/3852/3839 3853/3848/3839
f 3857/3852/3840 3862/3855/3840 3858/3853/3840
f 3856/3854/3841 3859/3856/3841 3860/3857/3841
f 3857/3852/3842 3860/3857/3842 3861/3858/3842
f 3861/3858/3843 3866/3859/3843 3862/3855/3843
f 3859/3856/3844 3864/3860/3844 3860/3857/3844
f 3860/3857/3845 3865/3861/3845 3861/3858/3845
f 3865/3861/3846 3870/3862/3846 3866/3859/3846
f 3864/3860/3847 3867/3863/3847 3868/3864/3847
f 3865/3861/3848 3868/3864/3848 3869/3865/3848
f 3870/3862/3849 3873/3866/3849 3874/3867/3849
f 3867/3863/3850 3872/3868/3850 3868/3864/3850
f 3868/3864/3851 3873/3866/3851 3869/3865/3851
f 3873/3866/3852 3878/3869/3852 3874/3867/3852
f 3872/3868/3853 3875/3870/3853 3876/3871/3853
f 3873/3866/3854 3876/3871/3854 3877/3872/3854
f 3878/3869/3855 3881/3873/3855 3882/3874/3855
f 3875/3870/3856 3880/3875/3856 3876/3871/3856
f 3876/3871/3857 3881/3873/3857 3877/3872/3857
f 3882/3874/3858 3885/3876/3858 3886/3877/3858
f 3880/3875/3859 3883/3878/3859 3884/3879/3859
f 3881/3873/3860 3884/3879/3860 3885/3876/3860
f 3886/3877/3861 3889/3880/3861 3890/3881/3861
f 3883/3878/3862 3888/3882/3862 3884/3879/3862
f 3884/3879/3863 3889/3880/3863 3885/3876/3863
f 3890/3881/3864 3893/3883/3864 3894/3884/3864
f 3888/3882/3865 3891/3885/3865 3892/3886/3865
f 3889/3880/3866 3892/3886/3866 3893/3883/3866
f 3893/3883/3867 3898/3887/3867 3894/3884/3867
f 3891/3885/3868 3896/3888/3868 3892/3886/3868
f 3892/3886/3869 3897/3889/3869 3893/3883/3869
f 3897/3889/3870 3902/3890/3870 3898/3887/3870
f 3896/3888/3871 3899/3891/3871 3900/3892/3871
f 3897/3889/3872 3900/3892/3872 3901/3893/3872
f 3902/3890/3873 3905/3894/3873 3906/3895/3873
f 3899/3891/3874 3904/3896/3874 3900/3892/3874
f 3900/3892/3875 3905/3894/3875 3901/3893/3875
f 3905/3894/3876 3910/3897/3876 3906/3895/3876
f 3904/3896/3877 3907/3898/3877 3908/3899/3877
f 3905/3894/3878 3908/3899/3878 3909/3900/3878
f 3910/3897/3879 3914/3901/3879 3915/3902/3879
f 3907/3898/3880 3913/3903/3880 3908/3899/3880
f 3908/3899/3881 3914/3901/3881 3909/3900/3881
f 3915/3902/3882 3918/3904/3882 3919/3905/3882
f 3912/3906/3883 3917/3907/3883 3913/3903/3883
f 3914/3901/3884 3917/3907/3884 3918/3904/3884
f 3791/3799/3885 3911/3908/3885 3795/3909/3885
f 3795/3909/3886 3911/3908/3886 3799/3802/3886
f 3799/3802/3887 3911/3908/3887 3803/3806/3887
f 3803/3806/3888 3911/3908/3888 3807/3910/3888
f 3807/3910/3889 3911/3908/3889 3811/3813/3889
f 3811/3813/3890 3911/3908/3890 3815/3818/3890
f 3815/3818/3891 3911/3908/3891 3819/3822/3891
f 3819/3822/3892 3911/3908/3892 3823/3911/3892
f 3823/3911/3893 3911/3908/3893 3827/3828/3893
f 3827/3828/3894 3911/3908/3894 3831/3912/3894
f 3831/3912/3895 3911/3908/3895 3835/3835/3895
f 3835/3835/3896 3911/3908/3896 3839/3913/3896
f 3839/3913/3897 3911/3908/3897 3843/3842/3897
f 3843/3842/3898 3911/3908/3898 3847/3914/3898
f 3847/3914/3899 3911/3908/3899 3851/3850/3899
f 3851/3850/3900 3911/3908/3900 3855/3915/3900
f 3855/3915/3901 3911/3908/3901 3859/3856/3901
f 3859/3856/3902 3911/3908/3902 3863/3916/3902
f 3863/3916/3903 3911/3908/3903 3867/3863/3903
f 3867/3863/3904 3911/3908/3904 3871/3917/3904
f 3871/3917/3905 3911/3908/3905 3875/3870/3905
f 3875/3870/3906 3911/3908/3906 3879/3918/3906
f 3879/3918/3907 3911/3908/3907 3883/3878/3907
f 3883/3878/3908 3911/3908/3908 3887/3919/3908
f 3887/3919/3909 3911/3908/3909 3891/3885/3909
f 3891/3885/3910 3911/3908/3910 3895/3920/3910
f 3895/3920/3911 3911/3908/3911 3899/3891/3911
f 3899/3891/3912 3911/3908/3912 3903/3921/3912
f 3903/3921/3913 3911/3908/3913 3907/3898/3913
f 3907/3898/3914 3911/3908/3914 3912/3906/3914
f 3912/3906/3915 3911/3908/3915 3916/3922/3915
f 3919/3905/3916 3793/3794/3916 3794/3798/3916
f 3917/3907/3917 3791/3799/3917 3792/3800/3917
f 3917/3907/3918 3793/3794/3918 3918/3904/3918
f 3916/3922/3919 3911/3908/3919 3791/3799/3919
f 3928/3923/3920 3940/3924/3920 3941/3925/3920
f 3925/3926/3921 3939/3927/3921 3926/3928/3921
f 3924/3929/3922 3936/3930/3922 3937/3931/3922
f 3922/3932/3923 3934/3933/3923 3935/3934/3923
f 3930/3935/3924 3944/3936/3924 3931/3937/3924
f 3928/3923/3925 3942/3938/3925 3929/3939/3925
f 3926/3928/3926 3940/3924/3926 3927/3940/3926
f 3925/3941/3927 3937/3931/3927 3938/3942/3927
f 3922/3932/3928 3936/3930/3928 3923/3943/3928
f 3920/3944/3929 3934/3933/3929 3921/3945/3929
f 3931/3937/3930 3945/3946/3930 3932/3947/3930
f 3930/3935/3931 3942/3938/3931 3943/3948/3931
f 3935/3934/3932 3949/3949/3932 3936/3930/3932
f 3933/3950/3933 3947/3951/3933 3934/3933/3933
f 3945/3946/3934 3957/3952/3934 3958/3953/3934
f 3942/3938/3935 3956/3954/3935 3943/3948/3935
f 3941/3925/3936 3953/3955/3936 3954/3956/3936
f 3938/3957/3937 3952/3958/3937 3939/3927/3937
f 3937/3931/3938 3949/3949/3938 3950/3959/3938
f 3935/3934/3939 3947/3951/3939 3948/3960/3939
f 3944/3936/3940 3956/3954/3940 3957/3952/3940
f 3941/3925/3941 3955/3961/3941 3942/3938/3941
f 3939/3927/3942 3953/3955/3942 3940/3924/3942
f 3938/3942/3943 3950/3959/3943 3951/3962/3943
f 3948/3960/3944 3962/3963/3944 3949/3949/3944
f 3947/3951/3945 3959/3964/3945 3960/3965/3945
f 3957/3952/3946 3971/3966/3946 3958/3953/3946
f 3955/3961/3947 3969/3967/3947 3956/3954/3947
f 3954/3956/3948 3966/3968/3948 3967/3969/3948
f 3951/3970/3949 3965/3971/3949 3952/3958/3949
f 3949/3949/3950 3963/3972/3950 3950/3959/3950
f 3948/3960/3951 3960/3965/3951 3961/3973/3951
f 3956/3954/3952 3970/3974/3952 3957/3952/3952
f 3954/3956/3953 3968/3975/3953 3955/3961/3953
f 3953/3955/3954 3965/3971/3954 3966/3968/3954
f 3951/3962/3955 3963/3972/3955 3964/3976/3955
f 3962/3963/3956 3974/3977/3956 3975/3978/3956
f 3959/3964/3957 3973/3979/3957 3960/3965/3957
f 3971/3966/3958 3983/3980/3958 3984/3981/3958
f 3969/3967/3959 3981/3982/3959 3982/3983/3959
f 3966/3968/3960 3980/3984/3960 3967/3969/3960
f 3964/3985/3961 3978/3986/3961 3965/3971/3961
f 3962/3963/3962 3976/3987/3962 3963/3972/3962
f 3960/3965/3963 3974/3977/3963 3961/3973/3963
f 3969/3967/3964 3983/3980/3964 3970/3974/3964
f 3968/3975/3965 3980/3984/3965 3981/3982/3965
f 3966/3968/3966 3978/3986/3966 3979/3988/3966
f 3964/3976/3967 3976/3987/3967 3977/3989/3967
f 3974/3977/3968 3988/3990/3968 3975/3978/3968
f 3973/3979/3969 3985/3991/3969 3986/3992/3969
f 3983/3980/3970 3997/3993/3970 3984/3981/3970
f 3982/3983/3971 3994/3994/3971 3995/3995/3971
f 3979/3988/3972 3993/3996/3972 3980/3984/3972
f 3978/3986/3973 3990/3997/3973 3991/3998/3973
f 3976/3987/3974 3988/3990/3974 3989/3999/3974
f 3973/3979/3975 3987/4000/3975 3974/3977/3975
f 3983/3980/3976 3995/3995/3976 3996/4001/3976
f 3981/3982/3977 3993/3996/3977 3994/3994/3977
f 3978/3986/3978 3992/4002/3978 3979/3988/3978
f 3976/3987/3979 3990/4003/3979 3977/3989/3979
f 3988/3990/3980 4000/4004/3980 4001/4005/3980
f 3985/3991/3981 3999/4006/3981 3986/3992/3981
f 3997/3993/3982 4009/4007/3982 4010/4008/3982
f 3995/3995/3983 4007/4009/3983 4008/4010/3983
f 3992/4002/3984 4006/4011/3984 3993/3996/3984
f 3990/3997/3985 4004/4012/3985 3991/3998/3985
f 3989/3999/3986 4001/4005/3986 4002/4013/3986
f 3986/3992/3987 4000/4004/3987 3987/4000/3987
f 3996/4001/3988 4008/4010/3988 4009/4007/3988
f 3994/3994/3989 4006/4011/3989 4007/4009/3989
f 3991/3998/3990 4005/4014/3990 3992/4002/3990
f 3990/4003/3991 4002/4013/3991 4003/4015/3991
f 4001/4005/3992 4013/4016/3992 4014/4017/3992
f 3999/4006/3993 4011/4018/3993 4012/4019/3993
f 4009/4007/3994 4023/4020/3994 4010/4008/3994
f 4008/4010/3995 4020/4021/3995 4021/4022/3995
f 4005/4014/3996 4019/4023/3996 4006/4011/3996
f 4003/4024/3997 4017/4025/3997 4004/4012/3997
f 4001/4005/3998 4015/4026/3998 4002/4013/3998
f 3999/4006/3999 4013/4016/3999 4000/4004/3999
f 4008/4010/4000 4022/4027/4000 4009/4007/4000
f 4007/4009/4001 4019/4023/4001 4020/4021/4001
f 4005/4014/4002 4017/4025/4002 4018/4028/4002
f 4003/4015/4003 4015/4026/4003 4016/4029/4003
f 4014/4017/4004 4026/4030/4004 4027/4031/4004
f 4012/4019/4005 4024/4032/4005 4025/4033/4005
f 4022/4027/4006 4036/4034/4006 4023/4020/4006
f 4020/4021/4007 4034/4035/4007 4021/4022/4007
f 4018/4028/4008 4032/4036/4008 4019/4023/4008
f 4017/4025/4009 4029/4037/4009 4030/4038/4009
f 4014/4017/4010 4028/4039/4010 4015/4026/4010
f 4012/4019/4011 4026/4030/4011 4013/4016/4011
f 4022/4027/4012 4034/4035/4012 4035/4040/4012
f 4020/4021/4013 4032/4036/4013 4033/4041/4013
f 4018/4028/4014 4030/4038/4014 4031/4042/4014
f 4015/4026/4015 4029/4043/4015 4016/4029/4015
f 4026/4030/4016 4040/4044/4016 4027/4031/4016
f 4024/4032/4017 4038/4045/4017 4025/4033/4017
f 4035/4040/4018 4049/4046/4018 4036/4034/4018
f 4034/4035/4019 4046/4047/4019 4047/4048/4019
f 4032/4036/4020 4044/4049/4020 4045/4050/4020
f 4029/4037/4021 4043/4051/4021 4030/4038/4021
f 4028/4039/4022 4040/4044/4022 4041/4052/4022
f 4026/4030/4023 4038/4045/4023 4039/4053/4023
f 4034/4035/4024 4048/4054/4024 4035/4040/4024
f 4032/4036/4025 4046/4047/4025 4033/4041/4025
f 4030/4038/4026 4044/4049/4026 4031/4042/4026
f 4029/4043/4027 4041/4052/4027 4042/4055/4027
f 4039/4053/4028 4053/4056/4028 4040/4044/4028
f 4037/4057/4029 4051/4058/4029 4038/4045/4029
f 4049/4046/4030 4061/4059/4030 4062/4060/4030
f 4046/4047/4031 4060/4061/4031 4047/4048/4031
f 4045/4050/4032 4057/4062/4032 4058/4063/4032
f 4042/4064/4033 4056/4065/4033 4043/4051/4033
f 4041/4052/4034 4053/4056/4034 4054/4066/4034
f 4039/4053/4035 4051/4058/4035 4052/4067/4035
f 4048/4054/4036 4060/4061/4036 4061/4059/4036
f 4045/4050/4037 4059/4068/4037 4046/4047/4037
f 4043/4051/4038 4057/4062/4038 4044/4049/4038
f 4042/4055/4039 4054/4066/4039 4055/4069/4039
f 4052/4067/4040 4066/4070/4040 4053/4056/4040
f 4051/4058/4041 4063/4071/4041 4064/4072/4041
f 4061/4059/4042 4075/4073/4042 4062/4060/4042
f 4059/4068/4043 4073/4074/4043 4060/4061/4043
f 4058/4063/4044 4070/4075/4044 4071/4076/4044
f 4055/4077/4045 4069/4078/4045 4056/4065/4045
f 4053/4056/4046 4067/4079/4046 4054/4066/4046
f 4052/4067/4047 4064/4072/4047 4065/4080/4047
f 4060/4061/4048 4074/4081/4048 4061/4059/4048
f 4058/4063/4049 4072/4082/4049 4059/4068/4049
f 4057/4062/4050 4069/4078/4050 4070/4075/4050
f 4055/4069/4051 4067/4079/4051 4068/4083/4051
f 4066/4070/4052 4078/4084/4052 4079/4085/4052
f 4063/4071/4053 4077/4086/4053 4064/4072/4053
f 4075/4073/4054 4087/4087/4054 4088/4088/4054
f 4072/4082/4055 4086/4089/4055 4073/4074/4055
f 4070/4075/4056 4084/4090/4056 4071/4076/4056
f 4068/4091/4057 4082/4092/4057 4069/4078/4057
f 4066/4070/4058 4080/4093/4058 4067/4079/4058
f 4064/4072/4059 4078/4084/4059 4065/4080/4059
f 4073/4074/4060 4087/4087/4060 4074/4081/4060
f 4072/4082/4061 4084/4090/4061 4085/4094/4061
f 4070/4075/4062 4082/4092/4062 4083/4095/4062
f 4068/4083/4063 4080/4093/4063 4081/4096/4063
f 4078/4084/4064 4092/4097/4064 4079/4085/4064
f 4077/4086/4065 4089/4098/4065 4090/4099/4065
f 4087/4087/4066 4101/4100/4066 4088/4088/4066
f 4085/4094/4067 4099/4101/4067 4086/4089/4067
f 4084/4090/4068 4096/4102/4068 4097/4103/4068
f 4082/4092/4069 4094/4104/4069 4095/4105/4069
f 4080/4093/4070 4092/4097/4070 4093/4106/4070
f 4077/4086/4071 4091/4107/4071 4078/4084/4071
f 4087/4087/4072 4099/4101/4072 4100/4108/4072
f 4085/4094/4073 4097/4103/4073 4098/4109/4073
f 4082/4092/4074 4096/4102/4074 4083/4095/4074
f 4080/4093/4075 4094/4110/4075 4081/4096/4075
f 4092/4097/4076 4104/4111/4076 4105/4112/4076
f 4089/4098/4077 4103/4113/4077 4090/4099/4077
f 4101/4100/4078 4113/4114/4078 4114/4115/4078
f 4099/4101/4079 4111/4116/4079 4112/4117/4079
f 4096/4102/4080 4110/4118/4080 4097/4103/4080
f 4094/4104/4081 4108/4119/4081 4095/4105/4081
f 4093/4106/4082 4105/4112/4082 4106/4120/4082
f 4090/4099/4083 4104/4111/4083 4091/4107/4083
f 4100/4108/4084 4112/4117/4084 4113/4114/4084
f 4098/4109/4085 4110/4118/4085 4111/4116/4085
f 4095/4105/4086 4109/4121/4086 4096/4102/4086
f 4094/4110/4087 4106/4120/4087 4107/4122/4087
f 4105/4112/4088 4117/4123/4088 4118/4124/4088
f 4103/4113/4089 4115/4125/4089 4116/4126/4089
f 4113/4114/4090 4127/4127/4090 4114/4115/4090
f 4112/4117/4091 4124/4128/4091 4125/4129/4091
f 4109/4121/4092 4123/4130/4092 4110/4118/4092
f 4107/4131/4093 4121/4132/4093 4108/4119/4093
f 4105/4112/4094 4119/4133/4094 4106/4120/4094
f 4103/4113/4095 4117/4123/4095 4104/4111/4095
f 4112/4117/4096 4126/4134/4096 4113/4114/4096
f 4111/4116/4097 4123/4130/4097 4124/4128/4097
f 4109/4121/4098 4121/4132/4098 4122/4135/4098
f 4107/4122/4099 4119/4133/4099 4120/4136/4099
f 4118/4124/4100 4130/4137/4100 4131/4138/4100
f 4116/4126/4101 4128/4139/4101 4129/4140/4101
f 4126/4134/4102 4140/4141/4102 4127/4127/4102
f 4124/4128/4103 4138/4142/4103 4125/4129/4103
f 4122/4135/4104 4136/4143/4104 4123/4130/4104
f 4121/4132/4105 4133/4144/4105 4134/4145/4105
f 4118/4124/4106 4132/4146/4106 4119/4133/4106
f 4116/4126/4107 4130/4137/4107 4117/4123/4107
f 4125/4129/4108 4139/4147/4108 4126/4134/4108
f 4124/4128/4109 4136/4143/4109 4137/4148/4109
f 4122/4135/4110 4134/4145/4110 4135/4149/4110
f 4119/4133/4111 4133/4150/4111 4120/4136/4111
f 4130/4137/4112 4144/4151/4112 4131/4138/4112
f 4128/4139/4113 4142/4152/4113 4129/4140/4113
f 4140/4141/4114 4152/4153/4114 4153/4154/4114
f 4138/4142/4115 4150/4155/4115 4151/4156/4115
f 4136/4143/4116 4148/4157/4116 4149/4158/4116
f 4133/4144/4117 4147/4159/4117 4134/4145/4117
f 4132/4146/4118 4144/4151/4118 4145/4160/4118
f 4130/4137/4119 4142/4152/4119 4143/4161/4119
f 4139/4147/4120 4151/4156/4120 4152/4153/4120
f 4136/4143/4121 4150/4155/4121 4137/4148/4121
f 4134/4145/4122 4148/4157/4122 4135/4149/4122
f 4133/4150/4123 4145/4160/4123 4146/4162/4123
f 4143/4161/4124 4157/4163/4124 4144/4151/4124
f 4141/4164/4125 4155/4165/4125 4142/4152/4125
f 4153/4154/4126 4165/4166/4126 4166/4167/4126
f 4150/4155/4127 4164/4168/4127 4151/4156/4127
f 4149/4158/4128 4161/4169/4128 4162/4170/4128
f 4146/4171/4129 4160/4172/4129 4147/4159/4129
f 4145/4160/4130 4157/4163/4130 4158/4173/4130
f 4143/4161/4131 4155/4165/4131 4156/4174/4131
f 4152/4153/4132 4164/4168/4132 4165/4166/4132
f 4149/4158/4133 4163/4175/4133 4150/4155/4133
f 4147/4159/4134 4161/4169/4134 4148/4157/4134
f 4146/4162/4135 4158/4173/4135 4159/4176/4135
f 4156/4174/4136 4170/4177/4136 4157/4163/4136
f 4155/4165/4137 4167/4178/4137 4168/4179/4137
f 4165/4166/4138 4179/4180/4138 4166/4167/4138
f 4163/4175/4139 4177/4181/4139 4164/4168/4139
f 4162/4170/4140 4174/4182/4140 4175/4183/4140
f 4159/4184/4141 4173/4185/4141 4160/4172/4141
f 4157/4163/4142 4171/4186/4142 4158/4173/4142
f 4156/4174/4143 4168/4179/4143 4169/4187/4143
f 4164/4168/4144 4178/4188/4144 4165/4166/4144
f 4163/4175/4145 4175/4183/4145 4176/4189/4145
f 4161/4169/4146 4173/4185/4146 4174/4182/4146
f 4159/4176/4147 4171/4186/4147 4172/4190/4147
f 4169/4187/4148 4183/4191/4148 4170/4177/4148
f 4167/4178/4149 4181/4192/4149 4168/4179/4149
f 4179/4180/4150 4191/4193/4150 4192/4194/4150
f 4177/4181/4151 4189/4195/4151 4190/4196/4151
f 4175/4183/4152 4187/4197/4152 4188/4198/4152
f 4172/4199/4153 4186/4200/4153 4173/4185/4153
f 4170/4177/4154 4184/4201/4154 4171/4186/4154
f 4169/4187/4155 4181/4192/4155 4182/4202/4155
f 4177/4181/4156 4191/4193/4156 4178/4188/4156
f 4175/4183/4157 4189/4195/4157 4176/4189/4157
f 4174/4182/4158 4186/4200/4158 4187/4197/4158
f 4171/4186/4159 4185/4203/4159 4172/4190/4159
f 4182/4202/4160 4196/4204/4160 4183/4191/4160
f 4181/4192/4161 4193/4205/4161 4194/4206/4161
f 4191/4193/4162 4205/4207/4162 4192/4194/4162
f 4189/4195/4163 4203/4208/4163 4190/4196/4163
f 4188/4198/4164 4200/4209/4164 4201/4210/4164
f 4186/4200/4165 4198/4211/4165 4199/4212/4165
f 4184/4201/4166 4196/4204/4166 4197/4213/4166
f 4181/4192/4167 4195/4214/4167 4182/4202/4167
f 4191/4193/4168 4203/4208/4168 4204/4215/4168
f 4189/4195/4169 4201/4210/4169 4202/4216/4169
f 4186/4200/4170 4200/4209/4170 4187/4197/4170
f 4184/4201/4171 4198/4217/4171 4185/4203/4171
f 4196/4204/4172 4209/4218/4172 4210/4219/4172
f 4193/4205/4173 4208/4220/4173 4194/4206/4173
f 4205/4207/4174 4218/4221/4174 4219/4222/4174
f 4203/4208/4175 4216/4223/4175 4217/4224/4175
f 4200/4209/4176 4215/4225/4176 4201/4210/4176
f 4199/4212/4177 4212/4226/4177 4213/4227/4177
f 4197/4213/4178 4210/4219/4178 4211/4228/4178
f 4194/4206/4179 4209/4218/4179 4195/4214/4179
f 4204/4215/4180 4217/4224/4180 4218/4221/4180
f 4202/4216/4181 4215/4225/4181 4216/4223/4181
f 4199/4212/4182 4214/4229/4182 4200/4209/4182
f 4197/4213/4183 4212/4230/4183 4198/4217/4183
f 4210/4219/4184 4222/4231/4184 4223/4232/4184
f 4208/4220/4185 4220/4233/4185 4221/4234/4185
f 4218/4221/4186 4232/4235/4186 4219/4222/4186
f 4217/4224/4187 4229/4236/4187 4230/4237/4187
f 4214/4229/4188 4228/4238/4188 4215/4225/4188
f 4213/4227/4189 4225/4239/4189 4226/4240/4189
f 4210/4219/4190 4224/4241/4190 4211/4228/4190
f 4208/4220/4191 4222/4231/4191 4209/4218/4191
f 4217/4224/4192 4231/4242/4192 4218/4221/4192
f 4216/4223/4193 4228/4238/4193 4229/4236/4193
f 4214/4229/4194 4226/4240/4194 4227/4243/4194
f 4211/4228/4195 4225/4244/4195 4212/4230/4195
f 4223/4232/4196 4235/4245/4196 4236/4246/4196
f 4221/4234/4197 4233/4247/4197 4234/4248/4197
f 4232/4235/4198 4244/4249/4198 4245/4250/4198
f 4229/4236/4199 4243/4251/4199 4230/4237/4199
f 4227/4243/4200 4241/4252/4200 4228/4238/4200
f 4226/4240/4201 4238/4253/4201 4239/4254/4201
f 4223/4232/4202 4237/4255/4202 4224/4241/4202
f 4221/4234/4203 4235/4245/4203 4222/4231/4203
f 4231/4242/4204 4243/4251/4204 4244/4249/4204
f 4229/4236/4205 4241/4252/4205 4242/4256/4205
f 4227/4243/4206 4239/4254/4206 4240/4257/4206
f 4224/4241/4207 4238/4258/4207 4225/4244/4207
f 4235/4245/4208 4249/4259/4208 4236/4246/4208
f 4233/4247/4209 4247/4260/4209 4234/4248/4209
f 4244/4249/4210 4258/4261/4210 4245/4250/4210
f 4243/4251/4211 4255/4262/4211 4256/4263/4211
f 4241/4252/4212 4253/4264/4212 4254/4265/4212
f 4238/4253/4213 4252/4266/4213 4239/4254/4213
f 4237/4255/4214 4249/4259/4214 4250/4267/4214
f 4235/4245/4215 4247/4260/4215 4248/4268/4215
f 4243/4251/4216 4257/4269/4216 4244/4249/4216
f 4241/4252/4217 4255/4262/4217 4242/4256/4217
f 4239/4254/4218 4253/4264/4218 4240/4257/4218
f 4238/4258/4219 4250/4267/4219 4251/4270/4219
f 4248/4268/4220 4262/4271/4220 4249/4259/4220
f 4246/4272/4221 4260/4273/4221 4247/4260/4221
f 4258/4261/4222 4270/4274/4222 4271/4275/4222
f 4255/4262/4223 4269/4276/4223 4256/4263/4223
f 4254/4265/4224 4266/4277/4224 4267/4278/4224
f 4252/4266/4225 4264/4279/4225 4265/4280/4225
f 4250/4267/4226 4262/4271/4226 4263/4281/4226
f 4248/4268/4227 4260/4273/4227 4261/4282/4227
f 4257/4269/4228 4269/4276/4228 4270/4274/4228
f 4254/4265/4229 4268/4283/4229 4255/4262/4229
f 4252/4266/4230 4266/4277/4230 4253/4264/4230
f 4250/4267/4231 4264/4284/4231 4251/4270/4231
f 4261/4282/4232 4275/4285/4232 4262/4271/4232
f 4260/4273/4233 4272/4286/4233 4273/4287/4233
f 4270/4274/4234 4284/4288/4234 4271/4275/4234
f 4268/4283/4235 4282/4289/4235 4269/4276/4235
f 4267/4278/4236 4279/4290/4236 4280/4291/4236
f 4265/4280/4237 4277/4292/4237 4278/4293/4237
f 4262/4271/4238 4276/4294/4238 4263/4281/4238
f 4261/4282/4239 4273/4287/4239 4274/4295/4239
f 4269/4276/4240 4283/4296/4240 4270/4274/4240
f 4267/4278/4241 4281/4297/4241 4268/4283/4241
f 4266/4277/4242 4278/4293/4242 4279/4290/4242
f 4263/4281/4243 4277/4298/4243 4264/4284/4243
f 4275/4285/4244 4287/4299/4244 4288/4300/4244
f 4272/4286/4245 4286/4301/4245 4273/4287/4245
f 4284/4288/4246 4296/4302/4246 4297/4303/4246
f 4282/4289/4247 4294/4304/4247 4295/4305/4247
f 4280/4291/4248 4292/4306/4248 4293/4307/4248
f 4277/4292/4249 4291/4308/4249 4278/4293/4249
f 4275/4285/4250 4289/4309/4250 4276/4294/4250
f 4274/4295/4251 4286/4301/4251 4287/4299/4251
f 4282/4289/4252 4296/4302/4252 4283/4296/4252
f 4280/4291/4253 4294/4304/4253 4281/4297/4253
f 4279/4290/4254 4291/4308/4254 4292/4306/4254
f 4277/4298/4255 4289/4309/4255 4290/4310/4255
f 4287/4299/4256 4301/4311/4256 4288/4300/4256
f 4285/4312/4257 4299/4313/4257 4286/4301/4257
f 4296/4302/4258 4310/4314/4258 4297/4303/4258
f 4294/4304/4259 4308/4315/4259 4295/4305/4259
f 4293/4307/4260 4305/4316/4260 4306/4317/4260
f 4291/4308/4261 4303/4318/4261 4304/4319/4261
f 4289/4309/4262 4301/4311/4262 4302/4320/4262
f 4286/4301/4263 4300/4321/4263 4287/4299/4263
f 4296/4302/4264 4308/4315/4264 4309/4322/4264
f 4294/4304/4265 4306/4317/4265 4307/4323/4265
f 4291/4308/4266 4305/4316/4266 4292/4306/4266
f 4289/4309/4267 4303/4324/4267 4290/4310/4267
f 4301/4311/4268 4313/4325/4268 4314/4326/4268
f 4298/4327/4269 4312/4328/4269 4299/4313/4269
f 4310/4314/4270 4322/4329/4270 4323/4330/4270
f 4308/4315/4271 4320/4331/4271 4321/4332/4271
f 4305/4316/4272 4319/4333/4272 4306/4317/4272
f 4303/4318/4273 4317/4334/4273 4304/4319/4273
f 4302/4320/4274 4314/4326/4274 4315/4335/4274
f 4299/4313/4275 4313/4325/4275 4300/4321/4275
f 4309/4322/4276 4321/4332/4276 4322/4329/4276
f 4306/4317/4277 4320/4331/4277 4307/4323/4277
f 4304/4319/4278 4318/4336/4278 4305/4316/4278
f 4303/4324/4279 4315/4335/4279 4316/4337/4279
f 4314/4326/4280 4326/4338/4280 4327/4339/4280
f 4312/4328/4281 4324/4340/4281 4325/4341/4281
f 4322/4329/4282 4336/4342/4282 4323/4330/4282
f 4321/4332/4283 4333/4343/4283 4334/4344/4283
f 4318/4336/4284 4332/4345/4284 4319/4333/4284
f 4316/4346/4285 4330/4347/4285 4317/4334/4285
f 4314/4326/4286 4328/4348/4286 4315/4335/4286
f 4312/4328/4287 4326/4338/4287 4313/4325/4287
f 4321/4332/4288 4335/4349/4288 4322/4329/4288
f 4320/4331/4289 4332/4345/4289 4333/4343/4289
f 4318/4336/4290 4330/4347/4290 4331/4350/4290
f 4316/4337/4291 4328/4348/4291 4329/4351/4291
f 4206/4352/4292 3932/3947/4292 3945/3946/4292
f 4206/4352/4293 3945/3946/4293 3958/3953/4293
f 4206/4352/4294 3958/3953/4294 3971/3966/4294
f 4206/4352/4295 3971/3966/4295 3984/3981/4295
f 4206/4352/4296 3984/3981/4296 3997/3993/4296
f 4206/4352/4297 3997/3993/4297 4010/4008/4297
f 4206/4352/4298 4010/4008/4298 4023/4020/4298
f 4206/4352/4299 4023/4020/4299 4036/4034/4299
f 4206/4352/4300 4036/4034/4300 4049/4046/4300
f 4206/4352/4301 4049/4046/4301 4062/4060/4301
f 4206/4352/4302 4062/4060/4302 4075/4073/4302
f 4206/4352/4303 4075/4073/4303 4088/4088/4303
f 4206/4352/4304 4088/4088/4304 4101/4100/4304
f 4206/4352/4305 4101/4100/4305 4114/4115/4305
f 4206/4352/4306 4114/4115/4306 4127/4127/4306
f 4206/4352/4307 4127/4127/4307 4140/4141/4307
f 4206/4352/4308 4140/4141/4308 4153/4154/4308
f 4206/4352/4309 4153/4154/4309 4166/4167/4309
f 4206/4352/4310 4166/4167/4310 4179/4180/4310
f 4206/4352/4311 4179/4180/4311 4192/4194/4311
f 4206/4352/4312 4192/4194/4312 4205/4207/4312
f 4206/4352/4313 4205/4207/4313 4219/4222/4313
f 4206/4352/4314 4219/4222/4314 4232/4235/4314
f 4206/4352/4315 4232/4235/4315 4245/4250/4315
f 4206/4352/4316 4245/4250/4316 4258/4261/4316
f 4206/4352/4317 4258/4261/4317 4271/4275/4317
f 4206/4352/4318 4271/4275/4318 4284/4288/4318
f 4206/4352/4319 4284/4288/4319 4297/4303/4319
f 4206/4352/4320 4297/4303/4320 4310/4314/4320
f 4206/4352/4321 4310/4314/4321 4323/4330/4321
f 4206/4352/4322 4323/4330/4322 4336/4342/4322
f 4327/4339/4323 3922/3932/4323 3923/3943/4323
f 4325/4341/4324 3920/3944/4324 3921/3945/4324
f 4336/4342/4325 3931/3937/4325 3932/3947/4325
f 4333/4343/4326 3930/3935/4326 4334/4344/4326
f 4331/4350/4327 3928/3923/4327 4332/4345/4327
f 4330/4347/4328 3925/3926/4328 3926/3928/4328
f 4327/4339/4329 3924/3929/4329 4328/4348/4329
f 4325/4341/4330 3922/3932/4330 4326/4338/4330
f 4206/4352/4331 4336/4342/4331 3932/3947/4331
f 4335/4349/4332 3930/3935/4332 3931/3937/4332
f 4333/4343/4333 3928/3923/4333 3929/3939/4333
f 4331/4350/4334 3926/3928/4334 3927/3940/4334
f 4328/4348/4335 3925/3941/4335 4329/4351/4335
f 3794/3798/4336 4324/4340/4336 3919/3905/4336
f 4324/4340/4337 3915/3902/4337 3919/3905/4337
f 4311/4353/4338 3910/3897/4338 3915/3902/4338
f 4298/4327/4339 3906/3895/4339 3910/3897/4339
f 3906/3895/4340 4272/4286/4340 3902/3890/4340
f 3902/3890/4341 4259/4354/4341 3898/3887/4341
f 3898/3887/4342 4246/4272/4342 3894/3884/4342
f 4246/4272/4343 3890/3881/4343 3894/3884/4343
f 3890/3881/4344 4220/4233/4344 3886/3877/4344
f 4220/4233/4345 3882/3874/4345 3886/3877/4345
f 4207/4355/4346 3878/3869/4346 3882/3874/4346
f 4193/4205/4347 3874/3867/4347 3878/3869/4347
f 3874/3867/4348 4167/4178/4348 3870/3862/4348
f 3870/3862/4349 4154/4356/4349 3866/3859/4349
f 3866/3859/4350 4141/4164/4350 3862/3855/4350
f 4141/4164/4351 3858/3853/4351 3862/3855/4351
f 3858/3853/4352 4115/4125/4352 3854/3849/4352
f 4115/4125/4353 3850/3846/4353 3854/3849/4353
f 4102/4357/4354 3846/3841/4354 3850/3846/4354
f 4089/4098/4355 3842/3839/4355 3846/3841/4355
f 3842/3839/4356 4063/4071/4356 3838/3834/4356
f 3838/3834/4357 4050/4358/4357 3834/3831/4357
f 3834/3831/4358 4037/4057/4358 3830/3827/4358
f 4037/4057/4359 3826/3824/4359 3830/3827/4359
f 3826/3824/4360 4011/4018/4360 3822/3821/4360
f 4011/4018/4361 3818/3817/4361 3822/3821/4361
f 3998/4359/4362 3814/3812/4362 3818/3817/4362
f 3985/3991/4363 3810/3810/4363 3814/3812/4363
f 3810/3810/4364 3959/3964/4364 3806/3805/4364
f 3806/3805/4365 3946/4360/4365 3802/3801/4365
f 3802/3801/4366 3933/3950/4366 3798/3797/4366
f 3933/3950/4367 3794/3798/4367 3798/3797/4367
f 4339/4361/4368 4342/4362/4368 4343/4363/4368
f 4339/4361/3793 4344/4364/3793 4340/4365/3793
f 4338/4366/4369 4341/4367/4369 4342/4362/4369
f 4343/4363/4370 4348/4368/4370 4344/4364/4370
f 4341/4367/4371 4346/4369/4371 4342/4362/4371
f 4342/4362/4372 4347/4370/4372 4343/4363/4372
f 4347/4370/3798 4352/4371/3798 4348/4368/3798
f 4346/4369/4373 4349/4372/4373 4350/4373/4373
f 4347/4370/3800 4350/4373/3800 4351/4374/3800
f 4352/4371/4374 4355/4375/4374 4356/4376/4374
f 4349/4372/3802 4354/4377/3802 4350/4373/3802
f 4350/4373/3803 4355/4375/3803 4351/4374/3803
f 4355/4375/3804 4360/4378/3804 4356/4376/3804
f 4354/4377/3805 4357/4379/3805 4358/4380/3805
f 4355/4375/4375 4358/4380/4375 4359/4381/4375
f 4360/4378/3807 4363/4382/3807 4364/4383/3807
f 4357/4379/4376 4362/4384/4376 4358/4380/4376
f 4358/4380/3809 4363/4382/3809 4359/4381/3809
f 4364/4383/4377 4367/4385/4377 4368/4386/4377
f 4362/4384/3811 4365/4387/3811 4366/4388/3811
f 4363/4382/3812 4366/4388/3812 4367/4385/3812
f 4368/4386/4378 4371/4389/4378 4372/4390/4378
f 4365/4387/4379 4370/4391/4379 4366/4388/4379
f 4366/4388/3815 4371/4389/3815 4367/4385/3815
f 4372/4390/4380 4375/4392/4380 4376/4393/4380
f 4370/4391/4381 4373/4394/4381 4374/4395/4381
f 4371/4389/3818 4374/4395/3818 4375/4392/3818
f 4375/4392/4382 4380/4396/4382 4376/4393/4382
f 4373/4394/3820 4378/4397/3820 4374/4395/3820
f 4374/4395/3821 4379/4398/3821 4375/4392/3821
f 4379/4398/3822 4384/4399/3822 4380/4396/3822
f 4377/4400/4383 4382/4401/4383 4378/4397/4383
f 4379/4398/3824 4382/4401/3824 4383/4402/3824
f 4384/4399/3825 4387/4403/3825 4388/4404/3825
f 4381/4405/4384 4386/4406/4384 4382/4401/4384
f 4382/4401/4385 4387/4403/4385 4383/4402/4385
f 4387/4403/4386 4392/4407/4386 4388/4404/4386
f 4386/4406/3829 4389/4408/3829 4390/4409/3829
f 4387/4403/3830 4390/4409/3830 4391/4410/3830
f 4392/4407/3831 4395/4411/3831 4396/4412/3831
f 4389/4408/4387 4394/4413/4387 4390/4409/4387
f 4390/4409/3833 4395/4411/3833 4391/4410/3833
f 4396/4412/4388 4399/4414/4388 4400/4415/4388
f 4393/4416/4389 4398/4417/4389 4394/4413/4389
f 4395/4411/4390 4398/4417/4390 4399/4414/4390
f 4400/4415/3837 4403/4418/3837 4404/4419/3837
f 4398/4417/4391 4401/4420/4391 4402/4421/4391
f 4398/4417/4392 4403/4418/4392 4399/4414/4392
f 4403/4418/3840 4408/4422/3840 4404/4419/3840
f 4401/4420/3841 4406/4423/3841 4402/4421/3841
f 4403/4418/4393 4406/4423/4393 4407/4424/4393
f 4407/4424/3843 4412/4425/3843 4408/4422/3843
f 4406/4423/4394 4409/4426/4394 4410/4427/4394
f 4406/4423/4395 4411/4428/4395 4407/4424/4395
f 4411/4428/3846 4416/4429/3846 4412/4425/3846
f 4410/4427/3847 4413/4430/3847 4414/4431/3847
f 4411/4428/4396 4414/4431/4396 4415/4432/4396
f 4416/4429/4397 4419/4433/4397 4420/4434/4397
f 4413/4430/4398 4418/4435/4398 4414/4431/4398
f 4414/4431/4399 4419/4433/4399 4415/4432/4399
f 4419/4433/4400 4424/4436/4400 4420/4434/4400
f 4418/4435/4401 4421/4437/4401 4422/4438/4401
f 4419/4433/4402 4422/4438/4402 4423/4439/4402
f 4424/4436/3855 4427/4440/3855 4428/4441/3855
f 4421/4437/3856 4426/4442/3856 4422/4438/3856
f 4422/4438/3857 4427/4440/3857 4423/4439/3857
f 4428/4441/3858 4431/4443/3858 4432/4444/3858
f 4426/4442/3859 4429/4445/3859 4430/4446/3859
f 4427/4440/4403 4430/4446/4403 4431/4443/4403
f 4431/4443/4404 4436/4447/4404 4432/4444/4404
f 4429/4445/3862 4434/4448/3862 4430/4446/3862
f 4430/4446/3863 4435/4449/3863 4431/4443/3863
f 4435/4449/4405 4440/4450/4405 4436/4447/4405
f 4434/4448/3865 4437/4451/3865 4438/4452/3865
f 4435/4449/4406 4438/4452/4406 4439/4453/4406
f 4439/4453/3867 4444/4454/3867 4440/4450/3867
f 4437/4451/4407 4442/4455/4407 4438/4452/4407
f 4438/4452/4408 4443/4456/4408 4439/4453/4408
f 4443/4456/3870 4448/4457/3870 4444/4454/3870
f 4442/4455/3871 4445/4458/3871 4446/4459/3871
f 4443/4456/3872 4446/4459/3872 4447/4460/3872
f 4448/4457/4409 4451/4461/4409 4452/4462/4409
f 4445/4458/3874 4450/4463/3874 4446/4459/3874
f 4446/4459/4410 4451/4461/4410 4447/4460/4410
f 4451/4461/4411 4456/4464/4411 4452/4462/4411
f 4450/4463/4412 4453/4465/4412 4454/4466/4412
f 4451/4461/4413 4454/4466/4413 4455/4467/4413
f 4456/4464/4414 4460/4468/4414 4461/4469/4414
f 4453/4465/4415 4459/4470/4415 4454/4466/4415
f 4454/4466/4416 4460/4468/4416 4455/4467/4416
f 4461/4469/3882 4464/4471/3882 4465/4472/3882
f 4459/4470/4417 4462/4473/4417 4463/4474/4417
f 4460/4468/4418 4463/4474/4418 4464/4471/4418
f 4337/4475/4419 4457/4476/4419 4341/4367/4419
f 4341/4367/4420 4457/4476/4420 4345/4477/4420
f 4345/4477/3887 4457/4476/3887 4349/4372/3887
f 4349/4372/3888 4457/4476/3888 4353/4478/3888
f 4353/4478/3889 4457/4476/3889 4357/4379/3889
f 4357/4379/4421 4457/4476/4421 4361/4479/4421
f 4361/4479/3891 4457/4476/3891 4365/4387/3891
f 4365/4387/3892 4457/4476/3892 4369/4480/3892
f 4369/4480/3893 4457/4476/3893 4373/4394/3893
f 4373/4394/3894 4457/4476/3894 4377/4400/3894
f 4377/4400/4422 4457/4476/4422 4381/4405/4422
f 4381/4405/3896 4457/4476/3896 4385/4481/3896
f 4385/4481/3897 4457/4476/3897 4389/4408/3897
f 4389/4408/3898 4457/4476/3898 4393/4416/3898
f 4393/4416/4423 4457/4476/4423 4397/4482/4423
f 4397/4482/4424 4457/4476/4424 4401/4420/4424
f 4401/4420/4425 4457/4476/4425 4405/4483/4425
f 4405/4483/4426 4457/4476/4426 4409/4426/4426
f 4409/4426/3903 4457/4476/3903 4413/4430/3903
f 4413/4430/4427 4457/4476/4427 4417/4484/4427
f 4417/4484/3905 4457/4476/3905 4421/4437/3905
f 4421/4437/4428 4457/4476/4428 4425/4485/4428
f 4425/4485/3907 4457/4476/3907 4429/4445/3907
f 4429/4445/3908 4457/4476/3908 4433/4486/3908
f 4433/4486/3909 4457/4476/3909 4437/4451/3909
f 4437/4451/3910 4457/4476/3910 4441/4487/3910
f 4441/4487/4429 4457/4476/4429 4445/4458/4429
f 4445/4458/3912 4457/4476/3912 4449/4488/3912
f 4449/4488/3913 4457/4476/3913 4453/4465/3913
f 4453/4465/3914 4457/4476/3914 4458/4489/3914
f 4458/4489/4430 4457/4476/4430 4462/4473/4430
f 4465/4472/3916 4339/4361/3916 4340/4365/3916
f 4462/4473/3917 4338/4366/3917 4463/4474/3917
f 4463/4474/4431 4339/4361/4431 4464/4471/4431
f 4462/4473/4432 4457/4476/4432 4337/4475/4432
f 4474/4490/3920 4486/4491/3920 4487/4492/3920
f 4471/4493/3921 4485/4494/3921 4472/4495/3921
f 4470/4496/3922 4482/4497/3922 4483/4498/3922
f 4468/4499/3923 4480/4500/3923 4481/4501/3923
f 4477/4502/4433 4489/4503/4433 4490/4504/4433
f 4474/4490/4434 4488/4505/4434 4475/4506/4434
f 4472/4495/4435 4486/4491/4435 4473/4507/4435
f 4471/4508/3927 4483/4498/3927 4484/4509/3927
f 4468/4499/3928 4482/4497/3928 4469/4510/3928
f 4466/4511/4436 4480/4500/4436 4467/4512/4436
f 4478/4513/4437 4490/4504/4437 4491/4514/4437
f 4476/4515/4438 4488/4505/4438 4489/4503/4438
f 4481/4501/4439 4495/4516/4439 4482/4497/4439
f 4479/4517/3933 4493/4518/3933 4480/4500/3933
f 4491/4514/3934 4503/4519/3934 4504/4520/3934
f 4488/4505/4440 4502/4521/4440 4489/4503/4440
f 4487/4492/3936 4499/4522/3936 4500/4523/3936
f 4485/4494/4441 4497/4524/4441 4498/4525/4441
f 4483/4498/4442 4495/4516/4442 4496/4526/4442
f 4481/4501/3939 4493/4518/3939 4494/4527/3939
f 4490/4504/3940 4502/4521/3940 4503/4519/3940
f 4487/4492/4443 4501/4528/4443 4488/4505/4443
f 4485/4494/4444 4499/4522/4444 4486/4491/4444
f 4483/4498/4445 4497/4529/4445 4484/4509/4445
f 4494/4527/3944 4508/4530/3944 4495/4516/3944
f 4493/4518/3945 4505/4531/3945 4506/4532/3945
f 4503/4519/3946 4517/4533/3946 4504/4520/3946
f 4501/4528/3947 4515/4534/3947 4502/4521/3947
f 4500/4523/3948 4512/4535/3948 4513/4536/3948
f 4498/4525/4446 4510/4537/4446 4511/4538/4446
f 4495/4516/3950 4509/4539/3950 4496/4526/3950
f 4494/4527/3951 4506/4532/3951 4507/4540/3951
f 4502/4521/3952 4516/4541/3952 4503/4519/3952
f 4501/4528/4447 4513/4536/4447 4514/4542/4447
f 4499/4522/3954 4511/4538/3954 4512/4535/3954
f 4496/4526/4448 4510/4543/4448 4497/4529/4448
f 4507/4540/4449 4521/4544/4449 4508/4530/4449
f 4505/4531/3957 4519/4545/3957 4506/4532/3957
f 4517/4533/3958 4529/4546/3958 4530/4547/3958
f 4515/4534/4450 4527/4548/4450 4528/4549/4450
f 4512/4535/3960 4526/4550/3960 4513/4536/3960
f 4510/4537/3961 4524/4551/3961 4511/4538/3961
f 4508/4530/3962 4522/4552/3962 4509/4539/3962
f 4507/4540/4451 4519/4545/4451 4520/4553/4451
f 4515/4534/3964 4529/4546/3964 4516/4541/3964
f 4513/4536/4452 4527/4548/4452 4514/4542/4452
f 4512/4535/3966 4524/4551/3966 4525/4554/3966
f 4510/4543/3967 4522/4552/3967 4523/4555/3967
f 4520/4553/4453 4534/4556/4453 4521/4544/4453
f 4519/4545/3969 4531/4557/3969 4532/4558/3969
f 4529/4546/4454 4543/4559/4454 4530/4547/4454
f 4527/4548/4455 4541/4560/4455 4528/4549/4455
f 4526/4550/4456 4538/4561/4456 4539/4562/4456
f 4524/4551/3973 4536/4563/3973 4537/4564/3973
f 4522/4552/4457 4534/4556/4457 4535/4565/4457
f 4520/4553/4458 4532/4558/4458 4533/4566/4458
f 4529/4546/4459 4541/4560/4459 4542/4567/4459
f 4526/4550/4460 4540/4568/4460 4527/4548/4460
f 4524/4551/3978 4538/4561/3978 4525/4554/3978
f 4522/4552/3979 4536/4569/3979 4523/4555/3979
f 4534/4556/3980 4546/4570/3980 4547/4571/3980
f 4531/4557/4461 4545/4572/4461 4532/4558/4461
f 4543/4559/3982 4555/4573/3982 4556/4574/3982
f 4541/4560/3983 4553/4575/3983 4554/4576/3983
f 4538/4561/3984 4552/4577/3984 4539/4562/3984
f 4537/4564/4462 4549/4578/4462 4550/4579/4462
f 4535/4565/3986 4547/4571/3986 4548/4580/3986
f 4532/4558/3987 4546/4570/3987 4533/4566/3987
f 4542/4567/4463 4554/4576/4463 4555/4573/4463
f 4540/4568/3989 4552/4577/3989 4553/4575/3989
f 4537/4564/3990 4551/4581/3990 4538/4561/3990
f 4535/4565/4464 4549/4582/4464 4536/4569/4464
f 4547/4571/3992 4559/4583/3992 4560/4584/3992
f 4545/4572/3993 4557/4585/3993 4558/4586/3993
f 4555/4573/3994 4569/4587/3994 4556/4574/3994
f 4554/4576/4465 4566/4588/4465 4567/4589/4465
f 4551/4581/3996 4565/4590/3996 4552/4577/3996
f 4550/4579/4466 4562/4591/4466 4563/4592/4466
f 4547/4571/4467 4561/4593/4467 4548/4580/4467
f 4545/4572/4468 4559/4583/4468 4546/4570/4468
f 4554/4576/4000 4568/4594/4000 4555/4573/4000
f 4553/4575/4469 4565/4590/4469 4566/4588/4469
f 4551/4581/4002 4563/4592/4002 4564/4595/4002
f 4548/4580/4470 4562/4596/4470 4549/4582/4470
f 4560/4584/4004 4572/4597/4004 4573/4598/4004
f 4558/4586/4005 4570/4599/4005 4571/4600/4005
f 4569/4587/4471 4581/4601/4471 4582/4602/4471
f 4566/4588/4007 4580/4603/4007 4567/4589/4007
f 4564/4595/4472 4578/4604/4472 4565/4590/4472
f 4563/4592/4009 4575/4605/4009 4576/4606/4009
f 4560/4584/4473 4574/4607/4473 4561/4593/4473
f 4558/4586/4011 4572/4597/4011 4559/4583/4011
f 4568/4594/4012 4580/4603/4012 4581/4601/4012
f 4566/4588/4013 4578/4604/4013 4579/4608/4013
f 4564/4595/4474 4576/4606/4474 4577/4609/4474
f 4561/4593/4015 4575/4610/4015 4562/4596/4015
f 4572/4597/4016 4586/4611/4016 4573/4598/4016
f 4570/4599/4017 4584/4612/4017 4571/4600/4017
f 4582/4602/4475 4594/4613/4475 4595/4614/4475
f 4580/4603/4019 4592/4615/4019 4593/4616/4019
f 4578/4604/4020 4590/4617/4020 4591/4618/4020
f 4575/4605/4021 4589/4619/4021 4576/4606/4021
f 4574/4607/4476 4586/4611/4476 4587/4620/4476
f 4572/4597/4477 4584/4612/4477 4585/4621/4477
f 4580/4603/4024 4594/4613/4024 4581/4601/4024
f 4578/4604/4025 4592/4615/4025 4579/4608/4025
f 4576/4606/4478 4590/4617/4478 4577/4609/4478
f 4575/4610/4027 4587/4620/4027 4588/4622/4027
f 4585/4621/4028 4599/4623/4028 4586/4611/4028
f 4583/4624/4029 4597/4625/4029 4584/4612/4029
f 4595/4614/4030 4607/4626/4030 4608/4627/4030
f 4592/4615/4031 4606/4628/4031 4593/4616/4031
f 4591/4618/4479 4603/4629/4479 4604/4630/4479
f 4589/4619/4480 4601/4631/4480 4602/4632/4480
f 4587/4620/4481 4599/4623/4481 4600/4633/4481
f 4585/4621/4035 4597/4625/4035 4598/4634/4035
f 4594/4613/4036 4606/4628/4036 4607/4626/4036
f 4591/4618/4037 4605/4635/4037 4592/4615/4037
f 4589/4619/4038 4603/4629/4038 4590/4617/4038
f 4587/4620/4482 4601/4636/4482 4588/4622/4482
f 4598/4634/4040 4612/4637/4040 4599/4623/4040
f 4597/4625/4041 4609/4638/4041 4610/4639/4041
f 4607/4626/4042 4621/4640/4042 4608/4627/4042
f 4605/4635/4043 4619/4641/4043 4606/4628/4043
f 4604/4630/4044 4616/4642/4044 4617/4643/4044
f 4602/4632/4483 4614/4644/4483 4615/4645/4483
f 4599/4623/4046 4613/4646/4046 4600/4633/4046
f 4598/4634/4047 4610/4639/4047 4611/4647/4047
f 4606/4628/4484 4620/4648/4484 4607/4626/4484
f 4604/4630/4049 4618/4649/4049 4605/4635/4049
f 4603/4629/4050 4615/4645/4050 4616/4642/4050
f 4600/4633/4485 4614/4650/4485 4601/4636/4485
f 4612/4637/4486 4624/4651/4486 4625/4652/4486
f 4609/4638/4053 4623/4653/4053 4610/4639/4053
f 4621/4640/4054 4633/4654/4054 4634/4655/4054
f 4618/4649/4055 4632/4656/4055 4619/4641/4055
f 4617/4643/4487 4629/4657/4487 4630/4658/4487
f 4614/4644/4057 4628/4659/4057 4615/4645/4057
f 4612/4637/4058 4626/4660/4058 4613/4646/4058
f 4611/4647/4488 4623/4653/4488 4624/4651/4488
f 4619/4641/4489 4633/4654/4489 4620/4648/4489
f 4617/4643/4490 4631/4661/4490 4618/4649/4490
f 4616/4642/4491 4628/4659/4491 4629/4657/4491
f 4614/4650/4063 4626/4660/4063 4627/4662/4063
f 4624/4651/4492 4638/4663/4492 4625/4652/4492
f 4623/4653/4065 4635/4664/4065 4636/4665/4065
f 4633/4654/4493 4647/4666/4493 4634/4655/4493
f 4631/4661/4067 4645/4667/4067 4632/4656/4067
f 4630/4658/4068 4642/4668/4068 4643/4669/4068
f 4628/4659/4069 4640/4670/4069 4641/4671/4069
f 4626/4660/4070 4638/4663/4070 4639/4672/4070
f 4624/4651/4494 4636/4665/4494 4637/4673/4494
f 4633/4654/4072 4645/4667/4072 4646/4674/4072
f 4630/4658/4495 4644/4675/4495 4631/4661/4495
f 4628/4659/4074 4642/4668/4074 4629/4657/4074
f 4626/4660/4075 4640/4676/4075 4627/4662/4075
f 4638/4663/4076 4650/4677/4076 4651/4678/4076
f 4635/4664/4077 4649/4679/4077 4636/4665/4077
f 4647/4666/4496 4659/4680/4496 4660/4681/4496
f 4645/4667/4079 4657/4682/4079 4658/4683/4079
f 4642/4668/4080 4656/4684/4080 4643/4669/4080
f 4641/4671/4497 4653/4685/4497 4654/4686/4497
f 4639/4672/4082 4651/4678/4082 4652/4687/4082
f 4636/4665/4083 4650/4677/4083 4637/4673/4083
f 4646/4674/4084 4658/4683/4084 4659/4680/4084
f 4644/4675/4498 4656/4684/4498 4657/4682/4498
f 4641/4671/4086 4655/4688/4086 4642/4668/4086
f 4639/4672/4499 4653/4689/4499 4640/4676/4499
f 4651/4678/4500 4663/4690/4500 4664/4691/4500
f 4649/4679/4089 4661/4692/4089 4662/4693/4089
f 4659/4680/4501 4673/4694/4501 4660/4681/4501
f 4658/4683/4091 4670/4695/4091 4671/4696/4091
f 4655/4688/4092 4669/4697/4092 4656/4684/4092
f 4654/4686/4502 4666/4698/4502 4667/4699/4502
f 4651/4678/4094 4665/4700/4094 4652/4687/4094
f 4649/4679/4095 4663/4690/4095 4650/4677/4095
f 4658/4683/4096 4672/4701/4096 4659/4680/4096
f 4657/4682/4503 4669/4697/4503 4670/4695/4503
f 4655/4688/4504 4667/4699/4504 4668/4702/4504
f 4652/4687/4505 4666/4703/4505 4653/4689/4505
f 4664/4691/4100 4676/4704/4100 4677/4705/4100
f 4662/4693/4101 4674/4706/4101 4675/4707/4101
f 4673/4694/4506 4685/4708/4506 4686/4709/4506
f 4670/4695/4507 4684/4710/4507 4671/4696/4507
f 4668/4702/4104 4682/4711/4104 4669/4697/4104
f 4667/4699/4105 4679/4712/4105 4680/4713/4105
f 4664/4691/4106 4678/4714/4106 4665/4700/4106
f 4662/4693/4107 4676/4704/4107 4663/4690/4107
f 4672/4701/4508 4684/4710/4508 4685/4708/4508
f 4670/4695/4109 4682/4711/4109 4683/4715/4109
f 4668/4702/4110 4680/4713/4110 4681/4716/4110
f 4665/4700/4111 4679/4717/4111 4666/4703/4111
f 4676/4704/4509 4690/4718/4509 4677/4705/4509
f 4674/4706/4113 4688/4719/4113 4675/4707/4113
f 4685/4708/4510 4699/4720/4510 4686/4709/4510
f 4684/4710/4511 4696/4721/4511 4697/4722/4511
f 4682/4711/4116 4694/4723/4116 4695/4724/4116
f 4679/4712/4117 4693/4725/4117 4680/4713/4117
f 4678/4714/4118 4690/4718/4118 4691/4726/4118
f 4676/4704/4512 4688/4719/4512 4689/4727/4512
f 4684/4710/4513 4698/4728/4513 4685/4708/4513
f 4682/4711/4121 4696/4721/4121 4683/4715/4121
f 4680/4713/4122 4694/4723/4122 4681/4716/4122
f 4679/4717/4123 4691/4726/4123 4692/4729/4123
f 4689/4727/4124 4703/4730/4124 4690/4718/4124
f 4687/4731/4125 4701/4732/4125 4688/4719/4125
f 4699/4720/4126 4711/4733/4126 4712/4734/4126
f 4696/4721/4514 4710/4735/4514 4697/4722/4514
f 4695/4724/4128 4707/4736/4128 4708/4737/4128
f 4693/4725/4515 4705/4738/4515 4706/4739/4515
f 4691/4726/4516 4703/4730/4516 4704/4740/4516
f 4689/4727/4131 4701/4732/4131 4702/4741/4131
f 4698/4728/4132 4710/4735/4132 4711/4733/4132
f 4695/4724/4517 4709/4742/4517 4696/4721/4517
f 4693/4725/4134 4707/4736/4134 4694/4723/4134
f 4691/4726/4518 4705/4743/4518 4692/4729/4518
f 4702/4741/4136 4716/4744/4136 4703/4730/4136
f 4701/4732/4519 4713/4745/4519 4714/4746/4519
f 4711/4733/4138 4725/4747/4138 4712/4734/4138
f 4709/4742/4139 4723/4748/4139 4710/4735/4139
f 4708/4737/4140 4720/4749/4140 4721/4750/4140
f 4706/4739/4520 4718/4751/4520 4719/4752/4520
f 4703/4730/4142 4717/4753/4142 4704/4740/4142
f 4702/4741/4143 4714/4746/4143 4715/4754/4143
f 4710/4735/4144 4724/4755/4144 4711/4733/4144
f 4708/4737/4521 4722/4756/4521 4709/4742/4521
f 4707/4736/4146 4719/4752/4146 4720/4749/4146
f 4704/4740/4522 4718/4757/4522 4705/4743/4522
f 4716/4744/4523 4728/4758/4523 4729/4759/4523
f 4714/4746/4524 4726/4760/4524 4727/4761/4524
f 4725/4747/4150 4737/4762/4150 4738/4763/4150
f 4723/4748/4151 4735/4764/4151 4736/4765/4151
f 4721/4750/4152 4733/4766/4152 4734/4767/4152
f 4718/4751/4525 4732/4768/4525 4719/4752/4525
f 4716/4744/4154 4730/4769/4154 4717/4753/4154
f 4715/4754/4155 4727/4761/4155 4728/4758/4155
f 4723/4748/4156 4737/4762/4156 4724/4755/4156
f 4721/4750/4157 4735/4764/4157 4722/4756/4157
f 4720/4749/4526 4732/4768/4526 4733/4766/4526
f 4718/4757/4527 4730/4769/4527 4731/4770/4527
f 4728/4758/4160 4742/4771/4160 4729/4759/4160
f 4727/4761/4161 4739/4772/4161 4740/4773/4161
f 4737/4762/4528 4751/4774/4528 4738/4763/4528
f 4736/4765/4529 4748/4775/4529 4749/4776/4529
f 4733/4766/4530 4747/4777/4530 4734/4767/4530
f 4732/4768/4531 4744/4778/4531 4745/4779/4531
f 4730/4769/4166 4742/4771/4166 4743/4780/4166
f 4727/4761/4167 4741/4781/4167 4728/4758/4167
f 4737/4762/4532 4749/4776/4532 4750/4782/4532
f 4735/4764/4533 4747/4777/4533 4748/4775/4533
f 4732/4768/4170 4746/4783/4170 4733/4766/4170
f 4730/4769/4171 4744/4784/4171 4731/4770/4171
f 4742/4771/4172 4755/4785/4172 4756/4786/4172
f 4739/4772/4173 4754/4787/4173 4740/4773/4173
f 4751/4774/4174 4764/4788/4174 4765/4789/4174
f 4749/4776/4534 4762/4790/4534 4763/4791/4534
f 4746/4783/4176 4761/4792/4176 4747/4777/4176
f 4744/4778/4535 4759/4793/4535 4745/4779/4535
f 4743/4780/4178 4756/4786/4178 4757/4794/4178
f 4740/4773/4179 4755/4785/4179 4741/4781/4179
f 4750/4782/4536 4763/4791/4536 4764/4788/4536
f 4748/4775/4181 4761/4792/4181 4762/4790/4181
f 4745/4779/4182 4760/4795/4182 4746/4783/4182
f 4744/4784/4537 4757/4794/4537 4758/4796/4537
f 4756/4786/4184 4768/4797/4184 4769/4798/4184
f 4754/4787/4538 4766/4799/4538 4767/4800/4538
f 4764/4788/4186 4778/4801/4186 4765/4789/4186
f 4763/4791/4539 4775/4802/4539 4776/4803/4539
f 4760/4795/4188 4774/4804/4188 4761/4792/4188
f 4758/4805/4540 4772/4806/4540 4759/4793/4540
f 4756/4786/4190 4770/4807/4190 4757/4794/4190
f 4754/4787/4191 4768/4797/4191 4755/4785/4191
f 4763/4791/4192 4777/4808/4192 4764/4788/4192
f 4762/4790/4193 4774/4804/4193 4775/4802/4193
f 4760/4795/4194 4772/4806/4194 4773/4809/4194
f 4758/4796/4541 4770/4807/4541 4771/4810/4541
f 4769/4798/4196 4781/4811/4196 4782/4812/4196
f 4767/4800/4197 4779/4813/4197 4780/4814/4197
f 4778/4801/4198 4790/4815/4198 4791/4816/4198
f 4775/4802/4542 4789/4817/4542 4776/4803/4542
f 4773/4809/4200 4787/4818/4200 4774/4804/4200
f 4772/4806/4201 4784/4819/4201 4785/4820/4201
f 4769/4798/4202 4783/4821/4202 4770/4807/4202
f 4767/4800/4203 4781/4811/4203 4768/4797/4203
f 4777/4808/4543 4789/4817/4543 4790/4815/4543
f 4775/4802/4205 4787/4818/4205 4788/4822/4205
f 4773/4809/4206 4785/4820/4206 4786/4823/4206
f 4770/4807/4207 4784/4824/4207 4771/4810/4207
f 4781/4811/4208 4795/4825/4208 4782/4812/4208
f 4779/4813/4209 4793/4826/4209 4780/4814/4209
f 4790/4815/4210 4804/4827/4210 4791/4816/4210
f 4789/4817/4211 4801/4828/4211 4802/4829/4211
f 4787/4818/4212 4799/4830/4212 4800/4831/4212
f 4784/4819/4213 4798/4832/4213 4785/4820/4213
f 4783/4821/4544 4795/4825/4544 4796/4833/4544
f 4781/4811/4215 4793/4826/4215 4794/4834/4215
f 4789/4817/4545 4803/4835/4545 4790/4815/4545
f 4787/4818/4217 4801/4828/4217 4788/4822/4217
f 4785/4820/4218 4799/4830/4218 4786/4823/4218
f 4784/4824/4219 4796/4833/4219 4797/4836/4219
f 4794/4834/4220 4808/4837/4220 4795/4825/4220
f 4792/4838/4546 4806/4839/4546 4793/4826/4546
f 4804/4827/4222 4816/4840/4222 4817/4841/4222
f 4801/4828/4547 4815/4842/4547 4802/4829/4547
f 4800/4831/4548 4812/4843/4548 4813/4844/4548
f 4797/4845/4549 4811/4846/4549 4798/4832/4549
f 4796/4833/4226 4808/4837/4226 4809/4847/4226
f 4794/4834/4227 4806/4839/4227 4807/4848/4227
f 4803/4835/4228 4815/4842/4228 4816/4840/4228
f 4800/4831/4229 4814/4849/4229 4801/4828/4229
f 4798/4832/4230 4812/4843/4230 4799/4830/4230
f 4797/4836/4550 4809/4847/4550 4810/4850/4550
f 4807/4848/4232 4821/4851/4232 4808/4837/4232
f 4806/4839/4233 4818/4852/4233 4819/4853/4233
f 4816/4840/4234 4830/4854/4234 4817/4841/4234
f 4814/4849/4551 4828/4855/4551 4815/4842/4551
f 4813/4844/4236 4825/4856/4236 4826/4857/4236
f 4810/4858/4552 4824/4859/4552 4811/4846/4552
f 4808/4837/4238 4822/4860/4238 4809/4847/4238
f 4807/4848/4553 4819/4853/4553 4820/4861/4553
f 4815/4842/4554 4829/4862/4554 4816/4840/4554
f 4813/4844/4241 4827/4863/4241 4814/4849/4241
f 4812/4843/4242 4824/4859/4242 4825/4856/4242
f 4810/4850/4555 4822/4860/4555 4823/4864/4555
f 4821/4851/4244 4833/4865/4244 4834/4866/4244
f 4818/4852/4245 4832/4867/4245 4819/4853/4245
f 4830/4854/4246 4842/4868/4246 4843/4869/4246
f 4827/4863/4556 4841/4870/4556 4828/4855/4556
f 4825/4856/4557 4839/4871/4557 4826/4857/4557
f 4823/4872/4249 4837/4873/4249 4824/4859/4249
f 4821/4851/4250 4835/4874/4250 4822/4860/4250
f 4819/4853/4558 4833/4865/4558 4820/4861/4558
f 4828/4855/4559 4842/4868/4559 4829/4862/4559
f 4826/4857/4253 4840/4875/4253 4827/4863/4253
f 4825/4856/4254 4837/4873/4254 4838/4876/4254
f 4823/4864/4255 4835/4874/4255 4836/4877/4255
f 4834/4866/4560 4846/4878/4560 4847/4879/4560
f 4832/4867/4257 4844/4880/4257 4845/4881/4257
f 4842/4868/4258 4856/4882/4258 4843/4869/4258
f 4840/4875/4561 4854/4883/4561 4841/4870/4561
f 4838/4876/4562 4852/4884/4562 4839/4871/4562
f 4837/4873/4563 4849/4885/4563 4850/4886/4563
f 4835/4874/4262 4847/4879/4262 4848/4887/4262
f 4832/4867/4263 4846/4878/4263 4833/4865/4263
f 4842/4868/4264 4854/4883/4264 4855/4888/4264
f 4840/4875/4265 4852/4884/4265 4853/4889/4265
f 4837/4873/4266 4851/4890/4266 4838/4876/4266
f 4835/4874/4564 4849/4891/4564 4836/4877/4564
f 4847/4879/4268 4859/4892/4268 4860/4893/4268
f 4844/4880/4565 4858/4894/4565 4845/4881/4565
f 4856/4882/4270 4868/4895/4270 4869/4896/4270
f 4854/4883/4271 4866/4897/4271 4867/4898/4271
f 4851/4890/4272 4865/4899/4272 4852/4884/4272
f 4850/4886/4566 4862/4900/4566 4863/4901/4566
f 4848/4887/4274 4860/4893/4274 4861/4902/4274
f 4845/4881/4275 4859/4892/4275 4846/4878/4275
f 4855/4888/4276 4867/4898/4276 4868/4895/4276
f 4853/4889/4567 4865/4899/4567 4866/4897/4567
f 4850/4886/4278 4864/4903/4278 4851/4890/4278
f 4848/4887/4568 4862/4904/4568 4849/4891/4568
f 4860/4893/4280 4872/4905/4280 4873/4906/4280
f 4858/4894/4281 4870/4907/4281 4871/4908/4281
f 4868/4895/4282 4882/4909/4282 4869/4896/4282
f 4867/4898/4569 4879/4910/4569 4880/4911/4569
f 4864/4903/4284 4878/4912/4284 4865/4899/4284
f 4863/4901/4570 4875/4913/4570 4876/4914/4570
f 4860/4893/4286 4874/4915/4286 4861/4902/4286
f 4858/4894/4287 4872/4905/4287 4859/4892/4287
f 4867/4898/4288 4881/4916/4288 4868/4895/4288
f 4866/4897/4571 4878/4912/4571 4879/4910/4571
f 4864/4903/4290 4876/4914/4290 4877/4917/4290
f 4861/4902/4572 4875/4918/4572 4862/4904/4572
f 4752/4919/4573 4478/4513/4573 4491/4514/4573
f 4752/4919/4293 4491/4514/4293 4504/4520/4293
f 4752/4919/4574 4504/4520/4574 4517/4533/4574
f 4752/4919/4295 4517/4533/4295 4530/4547/4295
f 4752/4919/4296 4530/4547/4296 4543/4559/4296
f 4752/4919/4575 4543/4559/4575 4556/4574/4575
f 4752/4919/4298 4556/4574/4298 4569/4587/4298
f 4752/4919/4299 4569/4587/4299 4582/4602/4299
f 4752/4919/4300 4582/4602/4300 4595/4614/4300
f 4752/4919/4301 4595/4614/4301 4608/4627/4301
f 4752/4919/4576 4608/4627/4576 4621/4640/4576
f 4752/4919/4303 4621/4640/4303 4634/4655/4303
f 4752/4919/4304 4634/4655/4304 4647/4666/4304
f 4752/4919/4577 4647/4666/4577 4660/4681/4577
f 4752/4919/4306 4660/4681/4306 4673/4694/4306
f 4752/4919/4578 4673/4694/4578 4686/4709/4578
f 4752/4919/4308 4686/4709/4308 4699/4720/4308
f 4752/4919/4579 4699/4720/4579 4712/4734/4579
f 4752/4919/4580 4712/4734/4580 4725/4747/4580
f 4752/4919/4311 4725/4747/4311 4738/4763/4311
f 4752/4919/4312 4738/4763/4312 4751/4774/4312
f 4752/4919/4313 4751/4774/4313 4765/4789/4313
f 4752/4919/4314 4765/4789/4314 4778/4801/4314
f 4752/4919/4315 4778/4801/4315 4791/4816/4315
f 4752/4919/4316 4791/4816/4316 4804/4827/4316
f 4752/4919/4317 4804/4827/4317 4817/4841/4317
f 4752/4919/4318 4817/4841/4318 4830/4854/4318
f 4752/4919/4319 4830/4854/4319 4843/4869/4319
f 4752/4919/4320 4843/4869/4320 4856/4882/4320
f 4752/4919/4581 4856/4882/4581 4869/4896/4581
f 4752/4919/4582 4869/4896/4582 4882/4909/4582
f 4873/4906/4323 4468/4499/4323 4469/4510/4323
f 4871/4908/4324 4466/4511/4324 4467/4512/4324
f 4881/4916/4583 4478/4513/4583 4882/4909/4583
f 4879/4910/4584 4476/4515/4584 4880/4911/4584
f 4877/4917/4327 4474/4490/4327 4878/4912/4327
f 4876/4914/4328 4471/4493/4328 4472/4495/4328
f 4873/4906/4329 4470/4496/4329 4874/4915/4329
f 4871/4908/4585 4468/4499/4585 4872/4905/4585
f 4752/4919/4331 4882/4909/4331 4478/4513/4331
f 4880/4911/4586 4477/4502/4586 4881/4916/4586
f 4879/4910/4333 4474/4490/4333 4475/4506/4333
f 4877/4917/4334 4472/4495/4334 4473/4507/4334
f 4874/4915/4335 4471/4508/4335 4875/4918/4335
f 4340/4365/4336 4870/4907/4336 4465/4472/4336
f 4870/4907/4337 4461/4469/4337 4465/4472/4337
f 4857/4920/4338 4456/4464/4338 4461/4469/4338
f 4844/4880/4339 4452/4462/4339 4456/4464/4339
f 4452/4462/4340 4818/4852/4340 4448/4457/4340
f 4448/4457/4341 4805/4921/4341 4444/4454/4341
f 4444/4454/4342 4792/4838/4342 4440/4450/4342
f 4792/4838/4587 4436/4447/4587 4440/4450/4587
f 4436/4447/4344 4766/4799/4344 4432/4444/4344
f 4766/4799/4345 4428/4441/4345 4432/4444/4345
f 4753/4922/4346 4424/4436/4346 4428/4441/4346
f 4739/4772/4347 4420/4434/4347 4424/4436/4347
f 4420/4434/4348 4713/4745/4348 4416/4429/4348
f 4416/4429/4349 4700/4923/4349 4412/4425/4349
f 4412/4425/4350 4687/4731/4350 4408/4422/4350
f 4687/4731/4351 4404/4419/4351 4408/4422/4351
f 4404/4419/4588 4661/4692/4588 4400/4415/4588
f 4661/4692/4589 4396/4412/4589 4400/4415/4589
f 4648/4924/4354 4392/4407/4354 4396/4412/4354
f 4635/4664/4590 4388/4404/4590 4392/4407/4590
f 4388/4404/4591 4609/4638/4591 4384/4399/4591
f 4384/4399/4357 4596/4925/4357 4380/4396/4357
f 4380/4396/4592 4583/4624/4592 4376/4393/4592
f 4583/4624/4593 4372/4390/4593 4376/4393/4593
f 4372/4390/4594 4557/4585/4594 4368/4386/4594
f 4557/4585/4361 4364/4383/4361 4368/4386/4361
f 4544/4926/4362 4360/4378/4362 4364/4383/4362
f 4531/4557/4595 4356/4376/4595 4360/4378/4595
f 4356/4376/4596 4505/4531/4596 4352/4371/4596
f 4352/4371/4365 4492/4927/4365 4348/4368/4365
f 4348/4368/4597 4479/4517/4597 4344/4364/4597
f 4479/4517/4598 4340/4365/4598 4344/4364/4598
f 4/1/4599 3/220/4599 2/2/4599
f 8/4/4600 7/2648/4600 6/5/4600
f 9/7/4601 12/2167/4601 11/8/4601
f 13/10/4602 24/2058/4602 15/11/4602
f 28/13/4603 27/314/4603 26/14/4603
f 32/16/4604 31/1747/4604 30/17/4604
f 33/19/4605 36/1275/4605 35/20/4605
f 17/22/4606 18/1222/4606 19/23/4606
f 21/25/4607 22/2654/4607 23/26/4607
f 37/28/4608 40/140/4608 39/29/4608
f 44/31/4609 43/188/4609 42/32/4609
f 48/34/4610 47/421/4610 46/35/4610
f 49/37/4611 52/158/4611 51/38/4611
f 56/40/4612 55/62/4612 54/41/4612
f 25/15/4613 26/14/4613 58/43/4613
f 62/45/4614 61/475/4614 60/46/4614
f 63/48/4615 5/6/4615 6/5/4615
f 68/50/4616 67/1906/4616 66/51/4616
f 72/53/4617 71/2684/4617 70/54/4617
f 73/56/4618 76/309/4618 75/57/4618
f 77/59/4619 80/946/4619 79/60/4619
f 55/62/4620 83/78/4620 82/63/4620
f 84/65/4621 87/2798/4621 86/66/4621
f 92/68/4622 91/376/4622 90/69/4622
f 96/71/4623 95/1041/4623 94/72/4623
f 97/74/4624 100/2732/4624 99/75/4624
f 102/77/4625 101/111/4625 30/17/4625
f 104/79/4626 108/109/4626 107/80/4626
f 109/82/4627 111/191/4627 32/16/4627
f 116/84/4628 119/99/4628 118/85/4628
f 123/87/4629 122/1130/4629 121/88/4629
f 124/90/4630 98/76/4630 126/91/4630
f 134/93/4631 133/171/4631 132/94/4631
f 140/96/4632 102/77/4632 56/40/4632
f 136/98/4633 135/250/4633 119/99/4633
f 141/100/4634 144/1410/4634 143/101/4634
f 148/103/4635 147/348/4635 146/104/4635
f 151/106/4636 142/102/4636 150/107/4636
f 108/109/4637 104/79/4637 156/110/4637
f 163/112/4638 162/176/4638 161/113/4638
f 166/115/4639 118/85/4639 165/116/4639
f 171/118/4640 174/252/4640 173/119/4640
f 178/121/4641 181/316/4641 180/122/4641
f 186/124/4642 189/1752/4642 188/125/4642
f 191/127/4643 134/93/4643 131/95/4643
f 198/129/4644 201/212/4644 200/130/4644
f 205/132/4645 204/170/4645 203/133/4645
f 194/135/4646 207/2742/4646 206/136/4646
f 92/68/4647 89/70/4647 208/138/4647
f 88/139/4648 230/177/4648 39/29/4648
f 93/73/4649 176/365/4649 238/141/4649
f 242/142/4650 241/162/4650 221/143/4650
f 244/145/4651 246/241/4651 54/41/4651
f 250/147/4652 249/1166/4652 248/148/4652
f 252/150/4653 87/2798/4653 221/143/4653
f 106/152/4654 256/1120/4654 255/153/4654
f 257/155/4655 260/982/4655 259/156/4655
f 52/158/4656 49/37/4656 262/159/4656
f 266/161/4657 265/1136/4657 241/162/4657
f 177/163/4658 175/208/4658 59/47/4658
f 272/164/4659 271/1004/4659 270/165/4659
f 277/167/4660 276/221/4660 275/168/4660
f 280/169/4661 211/453/4661 203/133/4661
f 133/171/4662 134/93/4662 88/139/4662
f 281/172/4663 282/382/4663 167/173/4663
f 140/96/4664 108/109/4664 101/111/4664
f 304/175/4665 303/1405/4665 162/176/4665
f 230/177/4666 254/329/4666 38/30/4666
f 310/178/4667 155/210/4667 152/179/4667
f 302/181/4668 301/1005/4668 300/182/4668
f 233/184/4669 231/1164/4669 317/185/4669
f 152/179/4670 222/311/4670 232/187/4670
f 43/188/4671 44/31/4671 299/183/4671
f 104/79/4672 105/154/4672 307/189/4672
f 335/190/4673 81/64/4673 82/63/4673
f 338/192/4674 341/243/4674 340/193/4674
f 346/195/4675 349/257/4675 348/196/4675
f 345/198/4676 344/1315/4676 343/199/4676
f 353/201/4677 27/314/4677 28/13/4677
f 354/203/4678 244/145/4678 245/146/4678
f 356/205/4679 117/86/4679 358/206/4679
f 175/208/4680 362/1189/4680 361/209/4680
f 155/210/4681 154/2763/4681 153/211/4681
f 201/212/4682 218/1025/4682 97/74/4682
f 368/213/4683 367/463/4683 157/214/4683
f 369/216/4684 287/1803/4684 371/217/4684
f 373/219/4685 372/1253/4685 3/220/4685
f 276/221/4686 277/167/4686 376/222/4686
f 377/224/4687 119/99/4687 379/225/4687
f 381/227/4688 251/151/4688 221/143/4688
f 69/55/4689 273/279/4689 387/228/4689
f 395/230/4690 398/245/4690 397/231/4690
f 195/233/4691 210/1184/4691 401/234/4691
f 404/236/4692 113/2756/4692 403/237/4692
f 1/3/4693 346/195/4693 347/197/4693
f 269/239/4694 268/166/4694 123/87/4694
f 246/241/4695 334/979/4695 53/42/4695
f 348/196/4696 374/1432/4696 405/242/4696
f 407/244/4697 406/330/4697 376/222/4697
f 391/246/4698 390/375/4698 184/247/4698
f 409/249/4699 379/225/4699 119/99/4699
f 411/251/4700 173/119/4700 174/252/4700
f 99/75/4701 293/427/4701 294/254/4701
f 418/256/4702 357/207/4702 358/206/4702
f 370/218/4703 380/287/4703 349/257/4703
f 58/43/4704 196/1772/4704 258/157/4704
f 132/94/4705 133/171/4705 421/259/4705
f 347/197/4706 348/196/4706 341/243/4706
f 346/195/4707 1/3/4707 369/216/4707
f 405/242/4708 382/1259/4708 393/261/4708
f 427/263/4709 418/256/4709 426/264/4709
f 428/266/4710 431/2727/4710 430/267/4710
f 180/122/4711 441/317/4711 440/269/4711
f 257/155/4712 445/458/4712 173/119/4712
f 216/274/4713 177/163/4713 60/46/4713
f 229/276/4714 204/170/4714 205/132/4714
f 267/240/4715 123/87/4715 120/89/4715
f 273/279/4716 274/283/4716 450/280/4716
f 46/35/4717 452/1068/4717 75/57/4717
f 69/55/4718 70/54/4718 274/283/4718
f 458/284/4719 457/399/4719 456/285/4719
f 380/287/4720 345/198/4720 342/200/4720
f 472/288/4721 475/1607/4721 474/289/4721
f 479/291/4722 478/403/4722 477/292/4722
f 483/294/4723 486/391/4723 485/295/4723
f 462/297/4724 461/1395/4724 460/298/4724
f 492/300/4725 491/445/4725 490/301/4725
f 212/303/4726 213/4928/4726 214/304/4726
f 502/306/4727 409/249/4727 135/250/4727
f 508/307/4728 507/1860/4728 501/308/4728
f 503/310/4729 231/1164/4729 222/311/4729
f 197/313/4730 26/14/4730 27/314/4730
f 181/316/4731 360/423/4731 441/317/4731
f 155/210/4732 310/178/4732 522/318/4732
f 523/319/4733 216/274/4733 217/275/4733
f 436/321/4734 438/1811/4734 437/322/4734
f 532/323/4735 502/306/4735 534/324/4735
f 321/326/4736 509/464/4736 283/327/4736
f 191/127/4737 524/1114/4737 254/329/4737
f 375/223/4738 376/222/4738 406/330/4738
f 522/318/4739 182/1141/4739 183/332/4739
f 353/201/4740 109/82/4740 110/83/4740
f 561/336/4741 560/1385/4741 559/337/4741
f 549/339/4742 551/944/4742 550/340/4742
f 233/184/4743 252/150/4743 251/151/4743
f 574/342/4744 577/1973/4744 576/343/4744
f 533/325/4745 534/324/4745 579/345/4745
f 493/347/4746 146/104/4746 147/348/4746
f 590/350/4747 609/1891/4747 608/351/4747
f 468/353/4748 471/393/4748 470/354/4748
f 630/356/4749 633/1886/4749 632/357/4749
f 574/342/4750 575/344/4750 673/359/4750
f 552/361/4751 553/1280/4751 635/362/4751
f 712/364/4752 238/141/4752 176/365/4752
f 698/367/4753 708/2005/4753 700/368/4753
f 676/370/4754 562/380/4754 563/371/4754
f 336/373/4755 64/49/4755 240/374/4755
f 153/211/4756 223/1033/4756 222/311/4756
f 120/89/4757 121/88/4757 90/69/4757
f 682/377/4758 689/2105/4758 688/378/4758
f 562/380/4759 565/3014/4759 564/381/4759
f 282/382/4760 281/172/4760 391/246/4760
f 614/384/4761 615/1285/4761 709/385/4761
f 717/387/4762 720/2743/4762 719/388/4762
f 735/390/4763 456/285/4763 486/391/4763
f 739/392/4764 470/354/4764 471/393/4764
f 737/395/4765 743/2150/4765 742/396/4765
f 744/398/4766 486/391/4766 456/285/4766
f 748/400/4767 747/1622/4767 3667/401/4767
f 739/392/4768 740/394/4768 478/403/4768
f 482/404/4769 464/407/4769 465/405/4769
f 464/407/4770 750/1863/4770 749/408/4770
f 753/410/4771 458/284/4771 455/286/4771
f 751/406/4772 754/414/4772 476/293/4772
f 474/289/4773 475/1607/4773 755/412/4773
f 754/414/4774 756/1388/4774 479/291/4774
f 485/295/4775 486/391/4775 744/398/4775
f 485/295/4776 737/395/4776 741/397/4776
f 129/416/4777 387/228/4777 764/417/4777
f 317/185/4778 231/1164/4778 777/419/4778
f 157/214/4779 509/464/4779 47/421/4779
f 359/422/4780 28/13/4780 25/15/4780
f 714/424/4781 715/1838/4781 556/425/4781
f 86/66/4782 294/254/4782 293/427/4782
f 235/334/4783 110/83/4783 506/428/4783
f 780/430/4784 718/389/4784 786/431/4784
f 797/433/4785 795/440/4785 788/434/4785
f 796/435/4786 788/434/4786 803/436/4786
f 298/438/4787 295/1174/4787 437/322/4787
f 795/440/4788 790/504/4788 789/441/4788
f 809/442/4789 810/461/4789 808/443/4789
f 710/386/4790 709/385/4790 491/445/4790
f 266/161/4791 417/277/4791 414/446/4791
f 859/448/4792 862/1224/4792 861/449/4792
f 864/451/4793 863/1806/4793 859/448/4793
f 211/453/4794 210/1184/4794 209/454/4794
f 886/455/4795 885/653/4795 884/456/4795
f 445/458/4796 196/1772/4796 197/313/4796
f 878/460/4797 862/1224/4797 810/461/4797
f 883/462/4798 880/473/4798 860/450/4798
f 367/463/4799 283/327/4799 509/464/4799
f 903/465/4800 929/539/4800 928/466/4800
f 926/467/4801 927/477/4801 931/468/4801
f 3390/470/4802 724/1884/4802 723/471/4802
f 880/473/4803 879/2757/4803 866/474/4803
f 217/275/4804 60/46/4804 61/475/4804
f 174/252/4805 435/1102/4805 432/476/4805
f 789/441/4806 932/1267/4806 927/477/4806
f 934/479/4807 940/3390/4807 942/480/4807
f 907/482/4808 930/469/4808 945/483/4808
f 865/452/4809 859/448/4809 860/450/4809
f 905/485/4810 907/482/4810 946/484/4810
f 333/487/4811 332/1471/4811 331/488/4811
f 945/483/4812 944/1761/4812 951/490/4812
f 948/491/4813 951/490/4813 950/492/4813
f 952/494/4814 948/491/4814 949/493/4814
f 943/496/4815 941/481/4815 961/497/4815
f 326/499/4816 327/3349/4816 328/500/4816
f 972/502/4817 973/1760/4817 807/503/4817
f 790/504/4818 795/440/4818 976/505/4818
f 987/507/4819 981/1936/4819 982/508/4819
f 992/510/4820 806/658/4820 807/503/4820
f 991/512/4821 989/511/4821 987/507/4821
f 286/513/4822 285/1062/4822 284/328/4822
f 887/514/4823 888/696/4823 900/515/4823
f 997/517/4824 1000/579/4824 999/518/4824
f 1012/520/4825 1001/600/4825 997/517/4825
f 1038/522/4826 1037/594/4826 1024/523/4826
f 1040/525/4827 1038/522/4827 1023/524/4827
f 1021/521/4828 997/517/4828 998/519/4828
f 1079/528/4829 1071/538/4829 1074/529/4829
f 1093/531/4830 1103/547/4830 1095/532/4830
f 996/534/4831 995/602/4831 994/535/4831
f 861/449/4832 877/457/4832 884/456/4832
f 796/435/4833 1093/531/4833 1104/537/4833
f 1071/538/4834 928/466/4834 929/539/4834
f 504/540/4835 332/1471/4835 159/541/4835
f 138/543/4836 137/985/4836 77/59/4836
f 1110/544/4837 1112/2200/4837 1107/545/4837
f 1079/528/4838 1110/544/4838 1103/547/4838
f 802/437/4839 1103/547/4839 1093/531/4839
f 1122/548/4840 1120/1825/4840 1125/549/4840
f 1053/551/4841 1121/564/4841 1126/552/4841
f 1125/549/4842 1120/1825/4842 1063/554/4842
f 1086/530/4843 1074/529/4843 1091/556/4843
f 1129/557/4844 1128/560/4844 1131/558/4844
f 1128/560/4845 905/485/4845 947/486/4845
f 3337/561/4846 3370/1407/4846 453/562/4846
f 1121/564/4847 1124/572/4847 1127/565/4847
f 1131/558/4848 947/486/4848 1138/566/4848
f 1139/568/4849 1137/567/4849 1144/569/4849
f 1122/548/4850 1146/573/4850 1151/571/4850
f 1091/556/4851 1092/1554/4851 1129/557/4851
f 1158/574/4852 1130/559/4852 1139/568/4852
f 1159/576/4853 1158/574/4853 1152/575/4853
f 1046/553/4854 1126/552/4854 1039/526/4854
f 1000/579/4855 1166/583/4855 1169/580/4855
f 1137/567/4856 1138/566/4856 1145/581/4856
f 1170/582/4857 1159/576/4857 1160/577/4857
f 1158/574/4858 1171/585/4858 1151/571/4858
f 1176/584/4859 1040/525/4859 1127/565/4859
f 1038/522/4860 1040/525/4860 1176/584/4860
f 3684/587/4861 827/610/4861 823/588/4861
f 1178/590/4862 1177/586/4862 1170/582/4862
f 1177/586/4863 1176/584/4863 1159/576/4863
f 1193/592/4864 1037/594/4864 1178/590/4864
f 1037/594/4865 1038/522/4865 1177/586/4865
f 1200/595/4866 1193/592/4866 1192/593/4866
f 655/597/4867 679/2078/4867 678/598/4867
f 1194/596/4868 1192/593/4868 1001/600/4868
f 1192/593/4869 1178/590/4869 1011/591/4869
f 1201/601/4870 994/535/4870 995/602/4870
f 1218/604/4871 1217/630/4871 1209/605/4871
f 1206/607/4872 1205/3790/4872 1204/608/4872
f 827/610/4873 1218/604/4873 1208/606/4873
f 823/588/4874 1208/606/4874 1219/611/4874
f 1208/606/4875 1209/605/4875 1220/613/4875
f 1876/614/4876 3620/2056/4876 225/615/4876
f 2044/616/4877 2052/3779/4877 489/302/4877
f 3773/617/4878 3723/2126/4878 2079/618/4878
f 57/44/4879 58/43/4879 315/258/4879
f 202/134/4880 203/133/4880 209/454/4880
f 3722/622/4881 1205/3790/4881 1206/607/4881
f 1043/624/4882 1024/523/4882 1292/625/4882
f 1293/626/4883 1292/625/4883 1203/609/4883
f 1037/594/4884 1193/592/4884 1292/625/4884
f 1219/611/4885 1220/613/4885 1298/627/4885
f 1265/629/4886 1209/605/4886 1217/630/4886
f 1303/632/4887 1296/628/4887 1305/633/4887
f 1296/628/4888 1298/627/4888 1306/635/4888
f 1307/636/4889 1298/627/4889 1220/613/4889
f 1308/638/4890 1306/635/4890 1298/627/4890
f 1309/639/4891 1308/638/4891 1307/636/4891
f 1310/640/4892 1307/636/4892 1269/637/4892
f 3716/642/4893 3715/646/4893 1311/643/4893
f 1313/645/4894 1314/649/4894 1308/638/4894
f 3715/646/4895 3713/1756/4895 1270/647/4895
f 1315/648/4896 1316/684/4896 1314/649/4896
f 3720/650/4897 1315/648/4897 1313/645/4897
f 3712/651/4898 1313/645/4898 1309/639/4898
f 886/455/4899 878/460/4899 809/442/4899
f 885/653/4900 886/455/4900 1319/652/4900
f 845/655/4901 1322/659/4901 1321/656/4901
f 1321/656/4902 1319/652/4902 809/442/4902
f 1323/657/4903 1321/656/4903 805/444/4903
f 1322/659/4904 1320/654/4904 1319/652/4904
f 3693/660/4905 1303/632/4905 1304/634/4905
f 846/662/4906 1324/663/4906 1322/659/4906
f 1324/663/4907 1325/686/4907 1320/654/4907
f 3687/664/4908 858/612/4908 1303/632/4908
f 818/665/4909 1328/2165/4909 992/510/4909
f 1329/667/4910 1330/2071/4910 1304/634/4910
f 1334/668/4911 1329/667/4911 1305/633/4911
f 1314/649/4912 1334/668/4912 1306/635/4912
f 1337/669/4913 1335/679/4913 3683/670/4913
f 514/672/4914 515/1809/4914 516/673/4914
f 518/675/4915 519/2647/4915 520/676/4915
f 1338/678/4916 1336/685/4916 1335/679/4916
f 525/680/4917 526/2671/4917 527/681/4917
f 1333/683/4918 1334/668/4918 1314/649/4918
f 1336/685/4919 1320/654/4919 1325/686/4919
f 1335/679/4920 1325/686/4920 3692/661/4920
f 1339/687/4921 890/692/4921 883/462/4921
f 543/688/4922 544/1139/4922 545/689/4922
f 1340/691/4923 889/1112/4923 890/692/4923
f 1339/687/4924 884/456/4924 885/653/4924
f 1340/691/4925 1339/687/4925 1341/693/4925
f 1341/693/4926 885/653/4926 1320/654/4926
f 1344/695/4927 900/515/4927 888/696/4927
f 366/698/4928 363/2771/4928 635/362/4928
f 1354/700/4929 908/1980/4929 953/495/4929
f 570/701/4930 571/1170/4930 572/702/4930
f 1356/704/4931 1355/1985/4931 1354/700/4931
f 1357/705/4932 1354/700/4932 949/493/4932
f 581/706/4933 582/2277/4933 583/707/4933
f 584/709/4934 585/942/4934 586/710/4934
f 1358/712/4935 1357/705/4935 950/492/4935
f 592/714/4936 593/750/4936 594/715/4936
f 596/717/4937 514/672/4937 513/674/4937
f 598/719/4938 599/1129/4938 600/720/4938
f 601/722/4939 602/2216/4939 21/25/4939
f 604/723/4940 605/1279/4940 606/724/4940
f 1363/726/4941 1356/704/4941 1357/705/4941
f 1364/727/4942 1363/726/4942 1358/712/4942
f 1366/729/4943 967/1579/4943 900/515/4943
f 1368/730/4944 1369/740/4944 1140/570/4944
f 620/731/4945 621/2670/4945 622/732/4945
f 910/734/4946 1370/739/4946 1368/730/4946
f 625/736/4947 626/2709/4947 627/737/4947
f 909/735/4948 1368/730/4948 1144/569/4948
f 1370/739/4949 1371/821/4949 1369/740/4949
f 1377/741/4950 1332/2072/4950 1331/742/4950
f 1378/744/4951 1372/743/4951 1381/745/4951
f 636/747/4952 637/846/4952 638/748/4952
f 593/750/4953 640/1179/4953 641/751/4953
f 643/753/4954 644/2761/4954 645/754/4954
f 546/690/4955 647/994/4955 570/701/4955
f 649/756/4956 650/2215/4956 651/757/4956
f 1379/759/4957 1377/741/4957 1372/743/4957
f 1384/760/4958 1382/764/4958 3669/761/4958
f 1383/763/4959 1338/678/4959 1337/669/4959
f 1382/764/4960 1337/669/4960 3688/671/4960
f 1385/765/4961 1383/763/4961 1382/764/4961
f 1352/766/4962 889/1112/4962 1340/691/4962
f 661/768/4963 662/3110/4963 663/769/4963
f 1351/771/4964 1352/766/4964 1386/767/4964
f 1386/767/4965 1340/691/4965 1342/694/4965
f 669/774/4966 670/833/4966 671/775/4966
f 1387/772/4967 1386/767/4967 1388/773/4967
f 518/675/4968 674/882/4968 675/778/4968
f 1388/773/4969 1342/694/4969 1338/678/4969
f 683/779/4970 684/785/4970 685/780/4970
f 3522/782/4971 1558/1366/4971 1726/783/4971
f 684/785/4972 683/779/4972 695/786/4972
f 1070/788/4973 3605/3768/4973 3613/789/4973
f 701/791/4974 702/1899/4974 520/676/4974
f 705/793/4975 706/2644/4975 707/794/4975
f 688/378/4976 1611/2130/4976 3409/796/4976
f 15/11/4977 1393/800/4977 1390/798/4977
f 1393/800/4978 1392/2114/4978 1391/801/4978
f 1617/802/4979 1618/1545/4979 3408/803/4979
f 1403/805/4980 1401/808/4980 1398/806/4980
f 1401/808/4981 1400/939/4981 1399/809/4981
f 1390/798/4982 1391/801/4982 1397/810/4982
f 1406/812/4983 1395/1849/4983 1396/811/4983
f 725/814/4984 726/1209/4984 727/815/4984
f 1396/811/4985 1397/810/4985 1405/817/4985
f 731/818/4986 732/2738/4986 733/819/4986
f 1402/807/4987 1398/806/4987 1369/740/4987
f 1410/822/4988 1409/828/4988 1408/823/4988
f 1411/825/4989 1412/829/4989 1410/822/4989
f 3719/826/4990 1411/825/4990 1407/824/4990
f 1381/745/4991 1333/683/4991 1409/828/4991
f 1380/746/4992 1381/745/4992 1410/822/4992
f 2116/830/4993 1642/1768/4993 459/299/4993
f 757/831/4994 758/1302/4994 759/832/4994
f 760/834/4995 761/2796/4995 762/835/4995
f 1635/837/4996 1652/990/4996 1765/838/4996
f 3718/840/4997 1415/1216/4997 1315/648/4997
f 769/841/4998 770/1084/4998 771/842/4998
f 728/816/4999 772/1834/4999 773/844/4999
f 636/747/5000 774/1097/5000 775/845/5000
f 1419/847/5001 1422/2043/5001 1421/848/5001
f 1418/850/5002 1333/683/5002 1316/684/5002
f 594/715/5003 675/778/5003 782/852/5003
f 3690/854/5004 3675/3540/5004 682/377/5004
f 1318/855/5005 1021/521/5005 1022/527/5005
f 995/602/5006 996/534/5006 1423/857/5006
f 791/859/5007 792/1202/5007 793/860/5007
f 2062/862/5008 3674/1918/5008 3676/863/5008
f 799/865/5009 800/1774/5009 801/866/5009
f 1430/868/5010 1427/3725/5010 1169/580/5010
f 1431/870/5011 1432/873/5011 1429/871/5011
f 1157/872/5012 1140/570/5012 1432/873/5012
f 812/874/5013 792/1202/5013 813/875/5013
f 815/877/5014 816/2720/5014 817/878/5014
f 1431/870/5015 1430/868/5015 1165/869/5015
f 1433/880/5016 1434/3778/5016 1408/823/5016
f 820/881/5017 684/785/5017 696/787/5017
f 1417/883/5018 1434/3778/5018 1433/880/5018
f 583/707/5019 824/1217/5019 825/884/5019
f 1201/601/5020 1414/2115/5020 3708/886/5020
f 831/888/5021 832/1110/5021 833/889/5021
f 835/891/5022 727/815/5022 836/892/5022
f 838/894/5023 839/1381/5023 840/895/5023
f 841/897/5024 842/2749/5024 843/898/5024
f 994/535/5025 1201/601/5025 3714/887/5025
f 847/901/5026 660/770/5026 848/902/5026
f 850/904/5027 851/2700/5027 852/905/5027
f 854/907/5028 855/1009/5028 856/908/5028
f 1439/910/5029 1397/810/5029 1391/801/5029
f 1425/912/5030 1439/910/5030 1438/911/5030
f 867/913/5031 868/1876/5031 869/914/5031
f 768/843/5032 771/842/5032 872/916/5032
f 874/918/5033 875/937/5033 876/919/5033
f 1424/858/5034 1438/911/5034 1202/603/5034
f 881/921/5035 882/1808/5035 514/672/5035
f 1429/871/5036 1441/940/5036 1440/922/5036
f 1822/924/5037 3376/2136/5037 3373/925/5037
f 891/927/5038 892/2650/5038 893/928/5038
f 896/930/5039 897/1080/5039 898/931/5039
f 1809/933/5040 3378/963/5040 3380/934/5040
f 901/936/5041 902/2287/5041 875/937/5041
f 1442/938/5042 1399/809/5042 1400/939/5042
f 906/941/5043 648/758/5043 651/757/5043
f 1444/943/5044 550/340/5044 551/944/5044
f 261/160/5045 1446/1017/5045 80/946/5045
f 911/948/5046 912/1270/5046 913/949/5046
f 914/950/5047 915/1019/5047 598/719/5047
f 916/951/5048 669/774/5048 672/776/5048
f 918/953/5049 643/753/5049 646/755/5049
f 1447/955/5050 262/159/5050 114/956/5050
f 921/958/5051 922/1076/5051 815/877/5051
f 312/959/5052 313/1793/5052 499/960/5052
f 1808/962/5053 3383/3762/5053 3378/963/5053
f 80/946/5054 1446/1017/5054 1447/955/5054
f 1450/964/5055 1453/1001/5055 1451/965/5055
f 1716/967/5056 1717/3728/5056 3375/968/5056
f 355/204/5057 1455/978/5057 1454/970/5057
f 451/282/5058 75/57/5058 76/309/5058
f 109/82/5059 353/201/5059 352/202/5059
f 906/941/5060 585/942/5060 937/972/5060
f 1440/922/5061 1405/817/5061 1397/810/5061
f 1668/974/5062 1549/1495/5062 1546/975/5062
f 111/191/5063 109/82/5063 1457/971/5063
f 263/977/5064 1458/1740/5064 494/349/5064
f 501/308/5065 507/1860/5065 181/316/5065
f 335/190/5066 1457/971/5066 1455/978/5066
f 53/42/5067 334/979/5067 291/980/5067
f 1462/981/5068 1460/984/5068 260/982/5068
f 259/156/5069 260/982/5069 1460/984/5069
f 954/986/5070 955/2688/5070 956/987/5070
f 1637/989/5071 1613/1477/5071 1652/990/5071
f 3705/991/5072 1641/1769/5072 1766/992/5072
f 545/689/5073 962/1140/5073 647/994/5073
f 963/995/5074 921/958/5074 964/996/5074
f 1407/824/5075 1408/823/5075 3708/886/5075
f 411/251/5076 1461/983/5076 260/982/5076
f 969/998/5077 970/2682/5077 971/999/5077
f 1453/1001/5078 1450/964/5078 408/1002/5078
f 271/1004/5079 272/164/5079 301/1005/5079
f 977/1006/5080 848/902/5080 660/770/5080
f 978/1007/5081 22/2654/5081 979/1008/5081
f 1465/1003/5082 408/1002/5082 34/21/5082
f 1467/1011/5083 1469/1015/5083 1468/1012/5083
f 350/1014/5084 351/1377/5084 1469/1015/5084
f 1467/1011/5085 1449/1013/5085 199/131/5085
f 919/954/5086 985/1055/5086 986/1016/5086
f 262/159/5087 1447/955/5087 1446/1017/5087
f 62/45/5088 59/47/5088 534/324/5088
f 990/1018/5089 725/814/5089 773/844/5089
f 357/207/5090 418/256/5090 427/263/5090
f 236/315/5091 27/314/5091 353/201/5091
f 1629/1021/5092 3400/1605/5092 3402/1022/5092
f 201/212/5093 198/129/5093 1471/1024/5093
f 378/226/5094 379/225/5094 416/1030/5094
f 417/277/5095 266/161/5095 242/142/5095
f 153/211/5096 510/1399/5096 511/1032/5096
f 96/71/5097 238/141/5097 41/33/5097
f 1002/1034/5098 1003/1204/5098 592/714/5098
f 1006/1036/5099 1007/1197/5099 1008/1037/5099
f 919/954/5100 646/755/5100 1010/1039/5100
f 37/28/5101 38/30/5101 578/346/5101
f 1013/1042/5102 760/834/5102 763/836/5102
f 686/781/5103 685/780/5103 1015/1044/5103
f 1017/1046/5104 1018/1128/5104 1019/1047/5104
f 352/202/5105 28/13/5105 359/422/5105
f 179/123/5106 1481/1327/5106 467/1050/5106
f 66/51/5107 1450/964/5107 529/966/5107
f 1026/1052/5108 584/709/5108 587/711/5108
f 597/721/5109 847/901/5109 849/903/5109
f 840/895/5110 1027/2661/5110 1028/1054/5110
f 985/1055/5111 1029/2740/5111 1030/1056/5111
f 733/819/5112 1032/1061/5112 1033/1057/5112
f 1034/1059/5113 1035/2674/5113 1036/1060/5113
f 285/1062/5114 280/169/5114 1483/1063/5114
f 280/169/5115 204/170/5115 1482/1051/5115
f 284/328/5116 1483/1063/5116 1484/1064/5116
f 323/1065/5117 1468/1012/5117 1469/1015/5117
f 298/438/5118 442/271/5118 443/273/5118
f 96/71/5119 40/140/5119 37/28/5119
f 452/1068/5120 1485/1066/5120 74/58/5120
f 322/1069/5121 323/1065/5121 1485/1066/5121
f 619/733/5122 1044/1392/5122 1045/1070/5122
f 1448/1071/5123 1488/1796/5123 1487/1072/5123
f 198/129/5124 1448/1071/5124 1489/1073/5124
f 1047/1074/5125 1048/1227/5125 1049/1075/5125
f 922/1076/5126 921/958/5126 1050/1077/5126
f 896/930/5127 913/949/5127 1052/1079/5127
f 430/267/5128 1490/1083/5128 1491/1081/5128
f 149/108/5129 150/107/5129 1475/1082/5129
f 1490/1083/5130 154/2763/5130 5/6/5130
f 361/209/5131 579/345/5131 534/324/5131
f 770/1084/5132 570/701/5132 647/994/5132
f 1054/1085/5133 838/894/5133 837/896/5133
f 1369/740/5134 1398/806/5134 1399/809/5134
f 1057/1087/5135 1058/2705/5135 1059/1088/5135
f 521/1090/5136 510/1399/5136 1490/1083/5136
f 17/22/5137 1060/1221/5137 1061/1091/5137
f 264/341/5138 1493/1336/5138 1492/1093/5138
f 674/882/5139 696/787/5139 782/852/5139
f 1067/1094/5140 1007/1197/5140 1006/1036/5140
f 1069/1096/5141 775/845/5141 774/1097/5141
f 1494/1098/5142 386/229/5142 129/416/5142
f 645/754/5143 644/2761/5143 1072/1100/5143
f 65/52/5144 434/2768/5144 435/1102/5144
f 1076/1103/5145 1077/2711/5145 1078/1104/5145
f 34/21/5146 35/20/5146 1497/1106/5146
f 1081/1107/5147 1082/2675/5147 1083/1108/5147
f 832/1110/5148 1084/1292/5148 1085/1111/5148
f 1343/697/5149 888/696/5149 889/1112/5149
f 283/327/5150 367/463/5150 401/234/5150
f 308/1113/5151 1497/1106/5151 506/428/5151
f 529/966/5152 1451/965/5152 1494/1098/5152
f 1466/1010/5153 1497/1106/5153 308/1113/5153
f 1087/1116/5154 1088/2783/5154 1089/1117/5154
f 1500/1119/5155 1498/1122/5155 450/280/5155
f 512/1121/5156 431/2727/5156 1498/1122/5156
f 814/879/5157 817/878/5157 1097/1123/5157
f 1099/1125/5158 1100/3162/5158 1101/1126/5158
f 596/717/5159 1102/1775/5159 1018/1128/5159
f 915/1019/5160 773/844/5160 599/1129/5160
f 268/166/5161 270/165/5161 122/1130/5161
f 1645/1131/5162 3414/1556/5162 3393/1132/5162
f 185/1134/5163 182/1141/5163 1502/1135/5163
f 223/1033/5164 511/1032/5164 1501/1137/5164
f 544/1139/5165 1014/1043/5165 962/1140/5165
f 355/204/5166 245/146/5166 81/64/5166
f 182/1141/5167 522/318/5167 310/178/5167
f 1769/1142/5168 745/2035/5168 3434/1143/5168
f 3783/1145/5169 1824/1675/5169 3384/1146/5169
f 1109/1148/5170 963/995/5170 965/997/5170
f 200/130/5171 97/74/5171 98/76/5171
f 1111/1150/5172 1010/1039/5172 646/755/5172
f 1454/970/5173 508/307/5173 76/309/5173
f 419/1151/5174 125/92/5174 1503/1152/5174
f 1114/1153/5175 1115/2752/5175 895/932/5175
f 164/117/5176 426/264/5176 418/256/5176
f 1116/1154/5177 1117/2708/5177 1118/1155/5177
f 537/1157/5178 92/68/5178 50/39/5178
f 1478/1158/5179 1480/1225/5179 1479/1159/5179
f 814/879/5180 1096/1124/5180 964/996/5180
f 1504/1162/5181 503/310/5181 278/312/5181
f 1505/1163/5182 777/419/5182 231/1164/5182
f 125/92/5183 126/91/5183 1505/1163/5183
f 496/1165/5184 351/1377/5184 249/1166/5184
f 410/248/5185 319/1274/5185 320/383/5185
f 1133/1167/5186 1134/1843/5186 1135/1168/5186
f 571/1170/5187 1081/1107/5187 1080/1109/5187
f 591/716/5188 1136/1212/5188 1004/1035/5188
f 296/1172/5189 1507/2164/5189 1506/1173/5189
f 354/203/5190 1454/970/5190 73/56/5190
f 65/52/5191 66/51/5191 190/128/5191
f 684/785/5192 820/881/5192 1089/1117/5192
f 3736/1175/5193 610/1465/5193 3394/1176/5193
f 1141/1178/5194 703/792/5194 641/751/5194
f 1142/1180/5195 1143/2779/5195 838/894/5195
f 1147/1181/5196 1148/2692/5196 1149/1182/5196
f 210/1184/5197 195/233/5197 192/1185/5197
f 1154/1186/5198 1155/2770/5198 1156/1187/5198
f 362/1189/5199 175/208/5199 93/73/5199
f 85/67/5200 100/2732/5200 219/1190/5200
f 1161/1191/5201 1162/1250/5201 1163/1192/5201
f 164/117/5202 165/116/5202 1478/1158/5202
f 1445/947/5203 80/946/5203 77/59/5203
f 1067/1094/5204 1167/1879/5204 1168/1196/5204
f 384/1198/5205 385/1254/5205 343/199/5205
f 516/673/5206 515/1809/5206 1173/1200/5206
f 1174/1203/5207 1175/2658/5207 1003/1204/5207
f 590/350/5208 607/352/5208 681/1205/5208
f 1179/1207/5209 1180/1301/5209 1181/1208/5209
f 1182/1210/5210 1183/2741/5210 513/674/5210
f 1184/1211/5211 1185/2758/5211 847/901/5211
f 894/929/5212 893/928/5212 669/774/5212
f 1441/940/5213 1400/939/5213 1405/817/5213
f 1006/1036/5214 1005/1038/5214 1136/1212/5214
f 1186/1213/5215 1187/1754/5215 1188/1214/5215
f 3717/900/5216 1417/883/5216 1415/1216/5216
f 824/1217/5217 1190/1850/5217 1191/1218/5217
f 413/447/5218 185/1134/5218 265/1136/5218
f 1195/1219/5219 1196/1231/5219 1197/1220/5219
f 18/1222/5220 1198/1313/5220 1199/1223/5220
f 862/1224/5221 878/460/5221 877/457/5221
f 1480/1225/5222 1478/1158/5222 165/116/5222
f 1164/1193/5223 1163/1192/5223 1207/1226/5223
f 339/194/5224 340/193/5224 538/331/5224
f 1048/1227/5225 1210/1929/5225 1211/1228/5225
f 1212/1229/5226 1213/2687/5226 1214/1230/5226
f 1196/1231/5227 1161/1191/5227 1164/1193/5227
f 1471/1024/5228 1489/1073/5228 1473/1027/5228
f 919/954/5229 1009/1040/5229 1216/1234/5229
f 1517/1235/5230 1491/1081/5230 5/6/5230
f 1514/1236/5231 1515/1758/5231 384/1198/5231
f 394/1237/5232 1517/1235/5232 63/48/5232
f 1222/1239/5233 1223/2767/5233 1224/1240/5233
f 134/93/5234 191/127/5234 230/177/5234
f 1226/1242/5235 1044/1392/5235 619/733/5235
f 830/890/5236 1227/2718/5236 1228/1244/5236
f 1229/1245/5237 1142/1180/5237 1054/1085/5237
f 53/42/5238 124/90/5238 125/92/5238
f 433/1247/5239 420/260/5239 540/1248/5239
f 1162/1250/5240 1147/1181/5240 1150/1183/5240
f 1231/1251/5241 1047/1074/5241 811/876/5241
f 422/1252/5242 395/230/5242 372/1253/5242
f 424/262/5243 340/193/5243 341/243/5243
f 339/194/5244 422/1252/5244 373/219/5244
f 243/320/5245 116/84/5245 1444/943/5245
f 385/1254/5246 374/1432/5246 342/200/5246
f 1479/1159/5247 1480/1225/5247 1511/1255/5247
f 1519/1256/5248 400/235/5248 368/213/5248
f 105/154/5249 255/153/5249 306/1257/5249
f 277/167/5250 1475/1082/5250 1474/1171/5250
f 385/1254/5251 384/1198/5251 383/1258/5251
f 194/135/5252 195/233/5252 400/235/5252
f 407/244/5253 398/245/5253 395/230/5253
f 1221/1241/5254 1232/1320/5254 1233/1260/5254
f 3/220/5255 1520/1299/5255 289/1261/5255
f 1234/1262/5256 1235/2787/5256 1236/1263/5256
f 393/261/5257 394/1237/5257 337/1238/5257
f 935/1265/5258 934/479/5258 933/1266/5258
f 452/1068/5259 46/35/5259 47/421/5259
f 1073/1101/5260 1072/1100/5260 671/775/5260
f 419/1151/5261 139/97/5261 56/40/5261
f 876/919/5262 1239/1868/5262 1240/1269/5262
f 1242/1271/5263 705/793/5263 1243/1272/5263
f 413/447/5264 414/446/5264 319/1274/5264
f 33/19/5265 171/118/5265 172/120/5265
f 16/24/5266 19/23/5266 1162/1250/5266
f 1231/1251/5267 1143/2779/5267 1048/1227/5267
f 1163/1192/5268 1150/1183/5268 1244/1276/5268
f 1211/1228/5269 1245/1930/5269 1246/1277/5269
f 1247/1278/5270 526/2671/5270 525/680/5270
f 553/1280/5271 552/361/5271 453/562/5271
f 1248/1282/5272 772/1834/5272 728/816/5272
f 856/908/5273 1229/1245/5273 1230/1246/5273
f 308/1113/5274 29/18/5274 156/110/5274
f 427/263/5275 1477/1917/5275 493/347/5275
f 1250/1284/5276 1251/1345/5276 844/899/5276
f 608/351/5277 609/1891/5277 615/1285/5277
f 1252/1286/5278 1249/1283/5278 1114/1153/5278
f 557/426/5279 556/425/5279 555/1288/5279
f 1444/943/5280 116/84/5280 117/86/5280
f 316/186/5281 317/185/5281 535/420/5281
f 1254/1291/5282 1085/1111/5282 1084/1292/5282
f 1486/1294/5283 324/3133/5283 321/326/5283
f 1256/1295/5284 1253/1287/5284 1114/1153/5284
f 163/112/5285 160/114/5285 1514/1236/5285
f 1451/965/5286 69/55/5286 386/229/5286
f 1518/1297/5287 1522/1490/5287 1523/1298/5287
f 1257/1300/5288 836/892/5288 1181/1208/5288
f 1030/1056/5289 1252/1286/5289 1253/1287/5289
f 758/1302/5290 757/831/5290 591/716/5290
f 697/1304/5291 567/1353/5291 3429/1305/5291
f 243/320/5292 217/275/5292 136/98/5292
f 4/1/5293 347/197/5293 338/192/5293
f 693/1307/5294 692/2128/5294 691/1308/5294
f 712/364/5295 44/31/5295 41/33/5295
f 253/1310/5296 127/1810/5296 1524/1311/5296
f 769/841/5297 1261/2290/5297 1262/1312/5297
f 70/54/5298 306/1257/5298 255/153/5298
f 393/261/5299 276/221/5299 375/223/5299
f 1153/1188/5300 1156/1187/5300 1215/1232/5300
f 1198/1313/5301 1234/1262/5301 1264/1314/5301
f 1195/1219/5302 16/24/5302 1161/1191/5302
f 288/1160/5303 1479/1159/5303 344/1315/5303
f 764/417/5304 449/281/5304 1499/1317/5304
f 1156/1187/5305 1155/2770/5305 1266/1319/5305
f 1244/1276/5306 1267/2781/5306 1232/1320/5306
f 1527/1318/5307 1499/1317/5307 428/266/5307
f 128/418/5308 764/417/5308 1527/1318/5308
f 1524/1311/5309 1525/1322/5309 161/113/5309
f 103/81/5310 106/152/5310 105/154/5310
f 1272/1324/5311 1257/1300/5311 1273/1325/5311
f 1428/923/5312 1440/922/5312 1439/910/5312
f 1481/1327/5313 179/123/5313 497/1328/5313
f 1274/1330/5314 1275/2717/5314 1276/1331/5314
f 1279/1333/5315 1280/2289/5315 1281/1334/5315
f 167/173/5316 446/2744/5316 1493/1336/5316
f 1493/1336/5317 446/2744/5317 192/1185/5317
f 1282/1337/5318 1241/1273/5318 1283/1338/5318
f 852/905/5319 1285/2780/5319 1286/1340/5319
f 3695/589/5320 823/588/5320 858/612/5320
f 1278/1335/5321 1281/1334/5321 844/899/5321
f 1017/1046/5322 1250/1284/5322 843/898/5322
f 1525/1322/5323 1527/1318/5323 389/1321/5323
f 576/343/5324 1537/1969/5324 1536/1347/5324
f 575/344/5325 1536/1347/5325 1065/1348/5325
f 1542/1349/5326 1545/1597/5326 1544/1350/5326
f 1171/585/5327 1127/565/5327 1124/572/5327
f 694/1352/5328 566/1430/5328 567/1353/5328
f 277/167/5329 397/231/5329 398/245/5329
f 933/1266/5330 934/479/5330 941/481/5330
f 1555/1354/5331 1553/1359/5331 1550/1355/5331
f 1546/975/5332 1549/1495/5332 1548/1357/5332
f 1553/1359/5333 1552/1517/5333 1551/1360/5333
f 3744/1361/5334 925/1895/5334 924/1362/5334
f 1561/1364/5335 1560/1494/5335 1559/1365/5335
f 1565/1367/5336 1564/3054/5336 1563/1368/5336
f 1365/728/5337 1358/712/5337 959/713/5337
f 1550/1355/5338 1551/1360/5338 1557/1371/5338
f 1571/1373/5339 1570/1914/5339 1569/1374/5339
f 290/1376/5340 249/1166/5340 351/1377/5340
f 539/1249/5341 540/1248/5341 268/166/5341
f 1588/1378/5342 1587/1456/5342 3673/1379/5342
f 839/1381/5343 791/859/5343 798/867/5343
f 1055/1086/5344 837/896/5344 1294/1382/5344
f 1516/1384/5345 429/268/5345 1491/1081/5345
f 560/1385/5346 561/336/5346 664/1386/5346
f 752/411/5347 455/286/5347 756/1388/5347
f 957/988/5348 1256/1295/5348 898/931/5348
f 394/1237/5349 393/261/5349 382/1259/5349
f 1031/1058/5350 1297/2681/5350 730/820/5350
f 1605/1389/5351 1606/1935/5351 1604/1390/5351
f 912/1270/5352 1240/1269/5352 1059/1088/5352
f 1044/1392/5353 1299/2730/5353 1300/1393/5353
f 1501/1137/5354 1500/1119/5354 256/1120/5354
f 581/706/5355 1301/1506/5355 627/737/5355
f 461/1395/5356 741/397/5356 742/396/5356
f 1603/1391/5357 680/1206/5357 3690/854/5357
f 1605/1389/5358 1603/1391/5358 3701/1396/5358
f 903/465/5359 926/467/5359 930/469/5359
f 92/68/5360 537/1157/5360 536/1398/5360
f 510/1399/5361 521/1090/5361 512/1121/5361
f 435/1102/5362 434/2768/5362 433/1247/5362
f 829/1400/5363 819/3539/5363 828/1401/5363
f 470/354/5364 739/392/5364 735/390/5364
f 1607/1403/5365 740/394/5365 471/393/5365
f 303/1405/5366 416/1030/5366 1528/1406/5366
f 454/1281/5367 453/562/5367 3370/1407/5367
f 3370/1407/5368 1326/1951/5368 1327/1409/5368
f 226/1029/5369 229/276/5369 228/335/5369
f 182/1141/5370 185/1134/5370 184/247/5370
f 145/105/5371 146/104/5371 144/1410/5371
f 223/1033/5372 279/1138/5372 278/312/5372
f 1513/1296/5373 1514/1236/5373 1512/1199/5373
f 740/394/5374 1607/1403/5374 1609/1411/5374
f 3691/1412/5375 1608/1915/5375 1610/1413/5375
f 808/443/5376 807/503/5376 806/658/5376
f 48/34/5377 159/541/5377 158/215/5377
f 1622/1415/5378 1621/1640/5378 1620/1416/5378
f 279/1138/5379 103/81/5379 107/80/5379
f 652/1418/5380 655/597/5380 654/599/5380
f 618/1420/5381 629/1691/5381 624/1421/5381
f 541/1423/5382 548/2168/5382 547/1424/5382
f 110/83/5383 32/16/5383 29/18/5383
f 482/404/5384 474/289/5384 481/413/5384
f 3417/1427/5385 1613/1477/5385 1612/1428/5385
f 566/1430/5386 573/1812/5386 568/1431/5386
f 374/1432/5387 385/1254/5387 382/1259/5387
f 1347/1433/5388 1348/2242/5388 1349/1434/5388
f 1523/1298/5389 1522/1490/5389 425/265/5389
f 932/1267/5390 933/1266/5390 931/468/5390
f 3398/1436/5391 3429/1305/5391 567/1353/5391
f 1619/1417/5392 1620/1416/5392 1626/1437/5392
f 1360/1439/5393 1361/1688/5393 1362/1440/5393
f 1619/1417/5394 1624/1538/5394 1623/1442/5394
f 1630/1443/5395 1629/1021/5395 1628/1023/5395
f 1585/1445/5396 1586/1454/5396 1632/1446/5396
f 1373/1448/5397 1374/2247/5397 1375/1449/5397
f 1636/1451/5398 1635/837/5398 1634/839/5398
f 1574/1453/5399 1638/1455/5399 1636/1451/5399
f 1638/1455/5400 1637/989/5400 1635/837/5400
f 1587/1456/5401 1640/1767/5401 3670/1457/5401
f 524/1114/5402 191/127/5402 190/128/5402
f 783/1458/5403 717/387/5403 718/389/5403
f 390/375/5404 240/374/5404 183/332/5404
f 61/475/5405 62/45/5405 135/250/5405
f 3395/1459/5406 1616/1874/5406 1615/1460/5406
f 392/1462/5407 151/106/5407 149/108/5407
f 613/1463/5408 612/2100/5408 611/1464/5408
f 451/282/5409 467/1050/5409 45/36/5409
f 738/1466/5410 737/395/5410 485/295/5410
f 776/1467/5411 767/1742/5411 766/1468/5411
f 396/232/5412 397/231/5412 1474/1171/5412
f 332/1471/5413 333/487/5413 158/215/5413
f 1653/1472/5414 1618/1545/5414 1617/802/5414
f 1651/1474/5415 1646/3402/5415 1653/1472/5415
f 3422/1476/5416 1652/990/5416 1613/1477/5416
f 3780/1478/5417 1663/1499/5417 1662/1479/5417
f 318/1290/5418 535/420/5418 294/254/5418
f 3775/1481/5419 3780/1478/5419 1661/1482/5419
f 3778/1484/5420 3777/1489/5420 1657/1485/5420
f 1658/1487/5421 1650/3770/5421 3786/1488/5421
f 1518/1297/5422 396/232/5422 1521/1470/5422
f 1104/537/5423 1093/531/5423 1094/533/5423
f 390/375/5424 391/246/5424 281/172/5424
f 1665/1483/5425 1661/1482/5425 1666/1492/5425
f 1666/1492/5426 1661/1482/5426 1560/1494/5426
f 1668/974/5427 1665/1483/5427 1667/1493/5427
f 1673/1496/5428 1671/1522/5428 1670/1497/5428
f 3778/1484/5429 3774/1750/5429 1668/974/5429
f 1663/1499/5430 1670/1497/5430 1538/1500/5430
f 1675/1501/5431 1673/1496/5431 1672/1498/5431
f 1520/1299/5432 1523/1298/5432 1510/1194/5432
f 1681/1503/5433 1680/1526/5433 1679/1504/5433
f 1301/1506/5434 581/706/5434 580/708/5434
f 400/235/5435 401/234/5435 367/463/5435
f 953/495/5436 1145/581/5436 1138/566/5436
f 160/114/5437 161/113/5437 389/1321/5437
f 1532/790/5438 666/1511/5438 1066/1509/5438
f 1533/1510/5439 665/1387/5439 666/1511/5439
f 729/1512/5440 630/356/5440 631/358/5440
f 1689/1514/5441 1683/1523/5441 1682/1515/5441
f 1555/1354/5442 1543/1351/5442 1688/1516/5442
f 1688/1516/5443 1682/1515/5443 1552/1517/5443
f 1350/1519/5444 1344/695/5444 1343/697/5444
f 1691/1521/5445 1690/1518/5445 1671/1522/5445
f 1683/1523/5446 1689/1514/5446 1690/1518/5446
f 1681/1503/5447 1683/1523/5447 1691/1521/5447
f 1680/1526/5448 1681/1503/5448 1692/1525/5448
f 1693/1527/5449 1692/1525/5449 1675/1501/5449
f 1694/1529/5450 1696/1537/5450 1695/1530/5450
f 1692/1525/5451 1691/1521/5451 1673/1496/5451
f 1622/1415/5452 1623/1442/5452 1700/1532/5452
f 1701/1533/5453 1624/1538/5453 1699/1534/5453
f 1697/1536/5454 1698/1551/5454 1696/1537/5454
f 1624/1538/5455 1619/1417/5455 1625/1438/5455
f 1624/1538/5456 1701/1533/5456 1703/1539/5456
f 1684/1540/5457 1685/1552/5457 1705/1541/5457
f 1552/1517/5458 1684/1540/5458 1704/1542/5458
f 1551/1360/5459 1704/1542/5459 1706/1543/5459
f 1704/1542/5460 1705/1541/5460 1707/1544/5460
f 1618/1545/5461 1647/3788/5461 3404/1546/5461
f 3177/1547/5462 1719/2146/5462 3411/1548/5462
f 1160/577/5463 1152/575/5463 1157/872/5463
f 1623/1442/5464 1703/1539/5464 1708/1550/5464
f 1700/1532/5465 1708/1550/5465 1698/1551/5465
f 1705/1541/5466 1701/1533/5466 1702/1535/5466
f 1685/1552/5467 1703/1539/5467 1701/1533/5467
f 1092/1554/5468 904/1553/5468 1128/560/5468
f 1850/1555/5469 3426/1883/5469 3414/1556/5469
f 1679/1504/5470 1708/1550/5470 1703/1539/5470
f 1680/1526/5471 1698/1551/5471 1708/1550/5471
f 1709/1557/5472 1677/1804/5472 1660/1486/5472
f 1656/1531/5473 1695/1530/5473 1709/1557/5473
f 1126/552/5474 1127/565/5474 1040/525/5474
f 1710/1558/5475 1711/1559/5475 1629/1021/5475
f 1654/1473/5476 1617/802/5476 1711/1559/5476
f 941/481/5477 942/480/5477 966/1560/5477
f 1729/1561/5478 1728/1585/5478 1727/1562/5478
f 1725/1563/5479 1555/1354/5479 1554/1356/5479
f 1690/1518/5480 1718/3749/5480 1540/1565/5480
f 1540/1565/5481 1736/1573/5481 1733/1566/5481
f 3787/1568/5482 1731/1578/5482 1730/1569/5482
f 1723/1571/5483 1731/1578/5483 3787/1568/5483
f 1736/1573/5484 1735/1596/5484 1734/1574/5484
f 3621/1575/5485 3622/2702/5485 1658/1487/5485
f 984/1576/5486 1104/537/5486 1105/1491/5486
f 1733/1566/5487 1734/1574/5487 1730/1569/5487
f 967/1579/5488 1366/729/5488 1365/728/5488
f 1539/1567/5489 1733/1566/5489 1731/1578/5489
f 1742/1580/5490 1741/1662/5490 1740/1581/5490
f 1558/1366/5491 1559/1365/5491 1729/1561/5491
f 623/1422/5492 1835/1696/5492 3754/1583/5492
f 3787/1568/5493 3788/1570/5493 1728/1585/5493
f 1752/1586/5494 1751/2045/5494 1748/1587/5494
f 3788/1570/5495 3779/1598/5495 1757/1589/5495
f 3381/1590/5496 3388/3785/5496 3632/1591/5496
f 1761/1592/5497 1824/1675/5497 3783/1145/5497
f 1747/1588/5498 1749/1644/5498 1753/1594/5498
f 1752/1586/5499 1753/1594/5499 1754/1595/5499
f 3632/1591/5500 3631/1614/5500 1634/839/5500
f 1545/1597/5501 1542/1349/5501 1742/1580/5501
f 1730/1569/5502 1756/1602/5502 3779/1598/5502
f 1760/1599/5503 1758/1601/5503 1757/1589/5503
f 1727/1562/5504 1728/1585/5504 1757/1589/5504
f 1734/1574/5505 1755/1603/5505 1756/1602/5505
f 498/1329/5506 504/540/5506 505/542/5506
f 1755/1603/5507 1762/1674/5507 1761/1592/5507
f 1759/1600/5508 1757/1589/5508 3779/1598/5508
f 1753/1594/5509 1764/1639/5509 1763/1604/5509
f 3400/1605/5510 1629/1021/5510 1711/1559/5510
f 475/1607/5511 1767/1611/5511 1766/992/5511
f 3668/402/5512 3703/2036/5512 1601/1608/5512
f 3696/1609/5513 3703/2036/5513 1769/1142/5513
f 475/1607/5514 472/288/5514 1601/1608/5514
f 1649/1612/5515 1650/3770/5515 3629/1613/5515
f 477/292/5516 478/403/5516 1609/1411/5516
f 3698/1616/5517 1772/3737/5517 1775/1617/5517
f 3697/1619/5518 1770/1615/5518 1609/1411/5518
f 3698/1616/5519 1771/1620/5519 1770/1615/5519
f 1771/1620/5520 1768/1626/5520 477/292/5520
f 1602/1621/5521 1768/1626/5521 747/1622/5521
f 455/286/5522 456/285/5522 735/390/5522
f 747/1622/5523 1774/1627/5523 3682/1623/5523
f 3681/1618/5524 1775/1617/5524 3685/1624/5524
f 1768/1626/5525 1771/1620/5525 1774/1627/5525
f 3696/1609/5526 1614/1610/5526 1612/1428/5526
f 659/1628/5527 656/3098/5527 3407/1629/5527
f 1773/1631/5528 1610/1413/5528 1781/1632/5528
f 1780/1633/5529 1781/1632/5529 3680/1634/5529
f 1783/1636/5530 1781/1632/5530 1610/1413/5530
f 1786/1638/5531 1808/962/5531 1809/933/5531
f 1627/1444/5532 1628/1023/5532 1621/1640/5532
f 1738/1641/5533 1739/1711/5533 1807/1642/5533
f 1749/1644/5534 1786/1638/5534 1764/1639/5534
f 1792/1645/5535 1795/3096/5535 1812/1646/5535
f 3392/1648/5536 3379/1700/5536 677/372/5536
f 1575/1649/5537 1576/1687/5537 1577/1650/5537
f 1811/1647/5538 1812/1646/5538 3371/1652/5538
f 1581/1654/5539 1582/2259/5539 1583/1655/5539
f 1814/1657/5540 1724/1564/5540 1535/1658/5540
f 1806/1660/5541 1811/1647/5541 3374/1653/5541
f 1725/1563/5542 1724/1564/5542 1814/1657/5542
f 1590/1663/5543 1591/2246/5543 1592/1664/5543
f 1594/1666/5544 1583/1655/5544 1595/1667/5544
f 1596/1669/5545 1597/2264/5545 1598/1670/5545
f 1807/1642/5546 1792/1645/5546 1811/1647/5546
f 1814/1657/5547 1818/1659/5547 1820/1672/5547
f 1762/1674/5548 1823/3727/5548 1824/1675/5548
f 1819/1673/5549 1820/1672/5549 1790/1676/5549
f 1741/1662/5550 1814/1657/5550 1819/1673/5550
f 3781/1593/5551 3783/1145/5551 1822/924/5551
f 1830/1678/5552 1829/2063/5552 1827/1679/5552
f 1831/1681/5553 1826/1680/5553 779/1682/5553
f 1989/1684/5554 3737/1888/5554 3756/1685/5554
f 1194/596/5555 1311/643/5555 1270/647/5555
f 1576/1687/5556 1575/1649/5556 1362/1440/5556
f 3743/1584/5557 3754/1583/5557 1834/1689/5557
f 629/1691/5558 3757/2679/5558 3645/1692/5558
f 1311/643/5559 1194/596/5559 1012/520/5559
f 618/1420/5560 623/1422/5560 3743/1584/5560
f 3769/1695/5561 3754/1583/5561 1835/1696/5561
f 1849/1698/5562 588/1813/5562 589/1699/5562
f 3379/1700/5563 3416/1861/5563 611/1464/5563
f 3424/1701/5564 624/1421/5564 629/1691/5564
f 330/489/5565 331/488/5565 444/272/5565
f 1851/1702/5566 186/124/5566 187/126/5566
f 1844/1704/5567 1839/1877/5567 1834/1689/5567
f 1855/1706/5568 90/69/5568 121/88/5568
f 188/125/5569 729/1512/5569 734/1513/5569
f 1664/1709/5570 1663/1499/5570 3780/1478/5570
f 330/489/5571 368/213/5571 158/215/5571
f 1531/1710/5572 1443/945/5572 551/944/5572
f 1740/1581/5573 1819/1673/5573 1791/1677/5573
f 1858/1712/5574 537/1157/5574 51/38/5574
f 980/1714/5575 974/1759/5575 975/1715/5575
f 966/1560/5576 899/516/5576 900/515/5576
f 1166/583/5577 1160/577/5577 1165/869/5577
f 2038/1716/5578 2021/1932/5578 2019/1717/5578
f 1873/1719/5579 1874/2139/5579 1872/1720/5579
f 443/273/5580 444/272/5580 1865/1722/5580
f 1868/1721/5581 1872/1720/5581 1871/1724/5581
f 3741/1726/5582 2056/1853/5582 2050/1727/5582
f 1869/1725/5583 1871/1724/5583 1879/1729/5583
f 688/378/5584 3419/797/5584 3425/1731/5584
f 270/165/5585 1869/1725/5585 1878/1730/5585
f 3428/1732/5586 3427/2733/5586 1777/1733/5586
f 1074/529/5587 929/539/5587 1092/1554/5587
f 1880/1735/5588 1881/2143/5588 711/366/5588
f 3437/1736/5589 3438/3462/5589 3513/1737/5589
f 1873/1719/5590 302/181/5590 299/183/5590
f 1882/1739/5591 299/183/5591 44/31/5591
f 493/347/5592 494/349/5592 1458/1740/5592
f 1856/1741/5593 1857/2057/5593 767/1742/5593
f 1775/1617/5594 1780/1633/5594 3679/1635/5594
f 1878/1730/5595 1879/1729/5595 1876/614/5595
f 1496/1744/5596 1530/1782/5596 1529/1745/5596
f 246/241/5597 244/145/5597 250/147/5597
f 1470/1020/5598 1458/1740/5598 356/205/5598
f 111/191/5599 82/63/5599 31/1747/5599
f 211/453/5600 280/169/5600 285/1062/5600
f 133/171/5601 42/32/5601 43/188/5601
f 530/459/5602 197/313/5602 236/315/5602
f 1893/1749/5603 540/1248/5603 420/260/5603
f 1738/1641/5604 1787/1643/5604 1786/1638/5604
f 1660/1486/5605 1669/1805/5605 3774/1750/5605
f 1620/1416/5606 3415/3752/5606 3387/1751/5606
f 262/159/5607 49/37/5607 734/1513/5607
f 189/1752/5608 1900/2233/5608 729/1512/5608
f 1686/1753/5609 1687/3105/5609 1187/1754/5609
f 49/37/5610 50/39/5610 224/1708/5610
f 1429/871/5611 1432/873/5611 1442/938/5611
f 1259/1755/5612 3721/623/5612 3713/1756/5612
f 1902/1757/5613 436/321/5613 402/238/5613
f 160/114/5614 388/1508/5614 1515/1758/5614
f 1449/1013/5615 1448/1071/5615 198/129/5615
f 496/1165/5616 73/56/5616 74/58/5616
f 974/1759/5617 981/1936/5617 987/507/5617
f 931/468/5618 933/1266/5618 943/496/5618
f 993/536/5619 3718/840/5619 3720/650/5619
f 3685/1624/5620 3679/1635/5620 1779/1734/5620
f 1459/1195/5621 1862/1777/5621 1905/1762/5621
f 291/980/5622 290/1376/5622 531/1763/5622
f 1713/1764/5623 1714/2208/5623 1715/1765/5623
f 1640/1767/5624 459/299/5624 1642/1768/5624
f 1655/1475/5625 1653/1472/5625 1654/1473/5625
f 9/7/5626 10/9/5626 722/1770/5626
f 463/409/5627 466/2144/5627 465/405/5627
f 472/288/5628 1602/1621/5628 748/400/5628
f 196/1772/5629 58/43/5629 26/14/5629
f 1720/1773/5630 1721/2660/5630 800/1774/5630
f 595/718/5631 1722/3150/5631 1102/1775/5631
f 1462/981/5632 1464/2710/5632 1861/1776/5632
f 1051/1078/5633 1050/1077/5633 695/786/5633
f 1911/1778/5634 1897/1870/5634 78/61/5634
f 112/1779/5635 1907/1869/5635 1911/1778/5635
f 31/1747/5636 82/63/5636 83/78/5636
f 1732/1780/5637 1174/1203/5637 1002/1034/5637
f 1916/1781/5638 1506/1173/5638 1530/1782/5638
f 484/296/5639 741/397/5639 461/1395/5639
f 1917/1783/5640 1918/1787/5640 1920/1784/5640
f 436/321/5641 1902/1757/5641 1922/1786/5641
f 166/115/5642 358/206/5642 117/86/5642
f 1541/1524/5643 1540/1565/5643 1539/1567/5643
f 1744/1788/5644 1745/2646/5644 1746/1789/5644
f 1923/1791/5645 1507/2164/5645 296/1172/5645
f 1229/1245/5646 856/908/5646 855/1009/5646
f 1924/1792/5647 331/488/5647 332/1471/5647
f 313/1793/5648 1865/1722/5648 1924/1792/5648
f 1863/1794/5649 269/239/5649 267/240/5649
f 499/960/5650 1924/1792/5650 504/540/5650
f 1449/1013/5651 1468/1012/5651 1488/1796/5651
f 1925/1797/5652 1831/1681/5652 784/1683/5652
f 1928/1799/5653 1927/3405/5653 1925/1797/5653
f 1931/1801/5654 438/1811/5654 1917/1783/5654
f 369/216/5655 1/3/5655 2/2/5655
f 1677/1804/5656 1674/1502/5656 1669/1805/5656
f 864/451/5657 975/1715/5657 972/502/5657
f 1639/1807/5658 1643/3774/5658 1637/989/5658
f 882/1808/5659 970/2682/5659 515/1809/5659
f 334/979/5660 247/149/5660 248/148/5660
f 127/1810/5661 130/1099/5661 129/416/5661
f 438/1811/5662 436/321/5662 1918/1787/5662
f 573/1812/5663 589/1699/5663 588/1813/5663
f 890/692/5664 889/1112/5664 888/696/5664
f 1932/1802/5665 1917/1783/5665 1919/1785/5665
f 1933/1815/5666 1932/1802/5666 1938/1814/5666
f 1939/1817/5667 1930/1816/5667 1938/1814/5667
f 1941/1819/5668 1939/1817/5668 1940/1818/5668
f 1942/1820/5669 1940/1818/5669 1944/1821/5669
f 314/1823/5670 313/1793/5670 312/959/5670
f 972/502/5671 808/443/5671 810/461/5671
f 1121/564/5672 1053/551/5672 1063/554/5672
f 1946/1826/5673 1928/1799/5673 1929/1800/5673
f 1110/544/5674 1106/546/5674 1095/532/5674
f 1948/1828/5675 1946/1826/5675 1945/1827/5675
f 850/904/5676 1782/1847/5676 1301/1506/5676
f 785/432/5677 786/431/5677 1933/1815/5677
f 711/366/5678 176/365/5678 1951/1831/5678
f 1947/1829/5679 1945/1827/5679 1939/1817/5679
f 1945/1827/5680 1929/1800/5680 1930/1816/5680
f 1788/1833/5681 600/720/5681 772/1834/5681
f 1789/1835/5682 1050/1077/5682 921/958/5682
f 778/1836/5683 783/1458/5683 780/430/5683
f 713/1837/5684 716/2804/5684 715/1838/5684
f 1958/1839/5685 1959/2724/5685 1970/1840/5685
f 1793/1842/5686 1794/2766/5686 826/885/5686
f 392/1462/5687 275/168/5687 276/221/5687
f 1969/1841/5688 1970/1840/5688 1971/1844/5688
f 1797/1846/5689 702/1899/5689 969/998/5689
f 790/504/5690 935/1265/5690 932/1267/5690
f 1782/1847/5691 1798/2662/5691 1799/1848/5691
f 1394/799/5692 1390/798/5692 1396/811/5692
f 1190/1850/5693 824/1217/5693 1800/1851/5693
f 1287/1341/5694 1183/2741/5694 853/906/5694
f 2056/1853/5695 1367/2271/5695 1350/1519/5695
f 1801/1854/5696 1802/2691/5696 1803/1855/5696
f 1134/1843/5697 826/885/5697 825/884/5697
f 817/878/5698 23/26/5698 1805/1857/5698
f 1922/1786/5699 1902/1757/5699 1977/1858/5699
f 507/1860/5700 359/422/5700 360/423/5700
f 3416/1861/5701 3394/1176/5701 610/1465/5701
f 2117/1862/5702 2118/3458/5702 750/1863/5702
f 915/1019/5703 914/950/5703 1813/1864/5703
f 1574/1453/5704 1580/1900/5704 1572/1865/5704
f 1206/607/5705 1203/609/5705 1200/595/5705
f 1815/1867/5706 1816/2701/5706 871/917/5706
f 1604/1390/5707 590/350/5707 680/1206/5707
f 1190/1850/5708 1240/1269/5708 1239/1868/5708
f 1291/1346/5709 1817/2759/5709 882/1808/5709
f 1907/1869/5710 1896/3722/5710 1897/1870/5710
f 1978/1871/5711 652/1418/5711 653/1419/5711
f 1836/1873/5712 1837/2040/5712 1615/1460/5712
f 36/1275/5713 237/1748/5713 234/429/5713
f 1943/1822/5714 1944/1821/5714 1983/1875/5714
f 868/1876/5715 938/973/5715 937/972/5715
f 1839/1877/5716 1844/1704/5716 1947/1829/5716
f 1055/1086/5717 1115/2752/5717 1230/1246/5717
f 1828/1878/5718 892/2650/5718 1167/1879/5718
f 286/513/5719 401/234/5719 210/1184/5719
f 115/957/5720 1911/1778/5720 79/60/5720
f 374/1432/5721 348/196/5721 349/257/5721
f 1840/1880/5722 1841/2026/5722 1842/1881/5722
f 279/1138/5723 1501/1137/5723 106/152/5723
f 1073/1101/5724 1843/2276/5724 1111/1150/5724
f 895/932/5725 1295/1383/5725 911/948/5725
f 786/431/5726 1931/1801/5726 1932/1802/5726
f 3401/1882/5727 3398/1436/5727 568/1431/5727
f 3426/1883/5728 1850/1555/5728 724/1884/5728
f 1901/1885/5729 1986/2673/5729 633/1886/5729
f 1838/1887/5730 1839/1877/5730 1941/1819/5730
f 1854/1707/5731 121/88/5731 122/1130/5731
f 972/502/5732 975/1715/5732 974/1759/5732
f 903/465/5733 907/482/5733 905/485/5733
f 3737/1888/5734 1989/1684/5734 1991/1889/5734
f 1604/1390/5735 1992/1926/5735 609/1891/5735
f 1994/1892/5736 1996/1912/5736 1995/1893/5736
f 1989/1684/5737 1371/821/5737 1370/739/5737
f 3735/1890/5738 1991/1889/5738 925/1895/5738
f 1116/1154/5739 1057/1087/5739 1056/1089/5739
f 1014/1043/5740 1815/1867/5740 872/916/5740
f 1999/1896/5741 1997/1959/5741 2001/1897/5741
f 1173/1200/5742 969/998/5742 702/1899/5742
f 1580/1900/5743 2002/1902/5743 1573/1901/5743
f 2002/1902/5744 1566/1905/5744 1567/1903/5744
f 2003/1904/5745 2004/2803/5745 1568/1375/5745
f 2002/1902/5746 1580/1900/5746 1585/1445/5746
f 67/1906/5747 68/50/5747 171/118/5747
f 395/230/5748 396/232/5748 1518/1297/5748
f 314/1823/5749 1509/2291/5749 1923/1791/5749
f 2005/1907/5750 1996/1912/5750 2007/1908/5750
f 2010/1910/5751 2009/1920/5751 2011/1911/5751
f 1996/1912/5752 2005/1907/5752 2008/1913/5752
f 1570/1914/5753 1571/1373/5753 2010/1910/5753
f 1476/1916/5754 143/101/5754 144/1410/5754
f 989/511/5755 807/503/5755 973/1760/5755
f 1605/1389/5756 3702/1397/5756 3674/1918/5756
f 271/1004/5757 1868/1721/5757 1869/1725/5757
f 1260/1919/5758 3722/622/5758 3721/623/5758
f 1608/1915/5759 2010/1910/5759 1784/1637/5759
f 2000/1898/5760 2001/1897/5760 2011/1911/5760
f 311/1824/5761 312/959/5761 1904/1921/5761
f 651/757/5762 650/2215/5762 1866/1923/5762
f 2014/1925/5763 615/1285/5763 609/1891/5763
f 1996/1912/5764 1994/1892/5764 1999/1896/5764
f 1567/1903/5765 1562/1369/5765 2017/1927/5765
f 1210/1929/5766 1870/2772/5766 1245/1930/5766
f 2016/1928/5767 2017/1927/5767 2019/1717/5767
f 2003/1904/5768 1567/1903/5768 2016/1928/5768
f 2018/1931/5769 2019/1717/5769 2021/1932/5769
f 1562/1369/5770 1563/1368/5770 2022/1934/5770
f 1993/1894/5771 1992/1926/5771 1604/1390/5771
f 980/1714/5772 984/1576/5772 981/1936/5772
f 1066/1509/5773 923/2032/5773 668/360/5773
f 1884/1937/5774 1261/2290/5774 1279/1333/5774
f 1426/1939/5775 1423/857/5775 998/519/5775
f 1885/1940/5776 1886/3305/5776 1887/1941/5776
f 855/1009/5777 854/907/5777 1805/1857/5777
f 1889/1943/5778 1028/1054/5778 1890/1944/5778
f 40/140/5779 41/33/5779 42/32/5779
f 1495/1746/5780 1906/3387/5780 1907/1869/5780
f 1502/1135/5781 310/178/5781 309/180/5781
f 2025/1946/5782 2026/1956/5782 2028/1947/5782
f 138/543/5783 1898/3723/5783 1910/1949/5783
f 1326/1951/5784 1894/2137/5784 1895/1952/5784
f 965/997/5785 964/996/5785 1009/1040/5785
f 1946/1826/5786 1948/1828/5786 1847/1953/5786
f 2023/1955/5787 2024/2274/5787 2026/1956/5787
f 2039/1957/5788 2040/1971/5788 2020/1933/5788
f 2025/1946/5789 2037/1718/5789 2022/1934/5789
f 1999/1896/5790 1994/1892/5790 1998/1958/5790
f 491/445/5791 2040/1971/5791 2039/1957/5791
f 2041/1960/5792 2044/616/5792 2043/1961/5792
f 2042/1962/5793 2043/1961/5793 2038/1716/5793
f 2084/1963/5794 2085/1966/5794 3752/1964/5794
f 2085/1966/5795 1990/2079/5795 3753/1967/5795
f 1995/1893/5796 2014/1925/5796 1992/1926/5796
f 576/343/5797 2046/1972/5797 2045/1968/5797
f 2015/1970/5798 2008/1913/5798 2020/1933/5798
f 2046/1972/5799 2041/1960/5799 2042/1962/5799
f 577/1973/5800 2047/1992/5800 2046/1972/5800
f 709/385/5801 2015/1970/5801 2040/1971/5801
f 1351/771/5802 2049/1994/5802 2048/1974/5802
f 1345/1520/5803 2048/1974/5803 2050/1727/5803
f 2051/1975/5804 2052/3779/5804 2044/616/5804
f 3767/1976/5805 710/386/5805 492/300/5805
f 3755/1977/5806 492/300/5806 489/302/5806
f 920/1978/5807 1355/1985/5807 2053/1979/5807
f 908/1980/5808 909/735/5808 1145/581/5808
f 3727/1981/5809 574/342/5809 668/360/5809
f 1913/1982/5810 1914/2286/5810 1915/1983/5810
f 3737/1888/5811 664/1386/5811 561/336/5811
f 1983/1875/5812 1944/1821/5812 1919/1785/5812
f 1355/1985/5813 1356/704/5813 2054/1986/5813
f 1364/727/5814 2055/2070/5814 2057/1987/5814
f 3616/1988/5815 3614/3214/5815 3612/1989/5815
f 3770/1991/5816 3742/2069/5816 2051/1975/5816
f 929/539/5817 903/465/5817 904/1553/5817
f 252/150/5818 233/184/5818 316/186/5818
f 1356/704/5819 1363/726/5819 2057/1987/5819
f 2014/1925/5820 1995/1893/5820 2008/1913/5820
f 3726/1993/5821 3770/1991/5821 2047/1992/5821
f 2049/1994/5822 1351/771/5822 1387/772/5822
f 2058/1995/5823 1387/772/5823 1389/777/5823
f 3751/1997/5824 2058/1995/5824 2059/1996/5824
f 3767/1976/5825 2049/1994/5825 2058/1995/5825
f 542/1425/5826 2060/2141/5826 1856/1741/5826
f 952/494/5827 1138/566/5827 947/486/5827
f 1724/1564/5828 1554/1356/5828 1534/1999/5828
f 1935/2000/5829 1936/2163/5829 1937/2001/5829
f 1997/1959/5830 2061/864/5830 2013/2003/5830
f 3433/2004/5831 3421/3044/5831 708/2005/5831
f 1586/1454/5832 1636/1451/5832 1633/1452/5832
f 3740/2006/5833 3747/2064/5833 2063/2007/5833
f 3762/1998/5834 2059/1996/5834 2067/2009/5834
f 52/158/5835 1905/1762/5835 1859/1713/5835
f 610/1465/5836 3736/1175/5836 3738/2011/5836
f 1952/2012/5837 1953/2184/5837 1954/2013/5837
f 3771/2015/5838 3700/2060/5838 2071/2016/5838
f 2071/2016/5839 1379/759/5839 1378/744/5839
f 1961/2019/5840 1962/2202/5840 1963/2020/5840
f 1965/2022/5841 1966/2810/5841 1967/2023/5841
f 1345/1520/5842 1343/697/5842 1352/766/5842
f 3673/1379/5843 3670/1457/5843 1639/1807/5843
f 1976/2025/5844 1842/1881/5844 1841/2026/5844
f 3761/2028/5845 2072/2018/5845 2064/2029/5845
f 613/1463/5846 3738/2011/5846 3773/617/5846
f 666/1511/5847 667/2719/5847 923/2032/5847
f 708/2005/5848 1611/2130/5848 2065/2033/5848
f 1716/967/5849 1778/2747/5849 3680/1634/5849
f 745/2035/5850 1769/1142/5850 3703/2036/5850
f 3710/2037/5851 698/367/5851 699/369/5851
f 690/1309/5852 691/1308/5852 3729/2039/5852
f 961/497/5853 966/1560/5853 967/1579/5853
f 1421/848/5854 1825/2044/5854 1615/1460/5854
f 1964/2021/5855 1963/2020/5855 1979/2041/5855
f 1735/1596/5856 1736/1573/5856 1751/2045/5856
f 1910/1949/5857 1898/3723/5857 1899/2046/5857
f 3522/782/5858 3574/3521/5858 3584/2048/5858
f 3772/2050/5859 3740/2006/5859 2066/2008/5859
f 1070/788/5860 1066/1509/5860 673/359/5860
f 946/484/5861 945/483/5861 948/491/5861
f 3711/2038/5862 699/369/5862 3740/2006/5862
f 2115/2052/5863 3436/3457/5863 2113/2053/5863
f 654/599/5864 2082/2062/5864 2081/2055/5864
f 3620/2056/5865 767/1742/5865 1857/2057/5865
f 1393/800/5866 15/11/5866 24/2058/5866
f 944/1761/5867 943/496/5867 958/498/5867
f 3700/2060/5868 3672/762/5868 1379/759/5868
f 1436/2061/5869 1437/1872/5869 653/1419/5869
f 3693/660/5870 3692/661/5870 1325/686/5870
f 2082/2062/5871 778/1836/5871 1827/1679/5871
f 1829/2063/5872 1436/2061/5872 2081/2055/5872
f 699/369/5873 700/368/5873 3747/2064/5873
f 1838/1887/5874 1942/1820/5874 1943/1822/5874
f 3702/1397/5875 3701/1396/5875 723/471/5875
f 1796/2065/5876 1806/1660/5876 3385/1661/5876
f 245/146/5877 54/41/5877 55/62/5877
f 1767/1611/5878 3696/1609/5878 3699/993/5878
f 1608/1915/5879 3691/1412/5879 3677/2067/5879
f 3724/2068/5880 3725/1965/5880 655/597/5880
f 2056/1853/5881 3741/1726/5881 3742/2069/5881
f 1371/821/5882 1989/1684/5882 1988/1686/5882
f 3688/671/5883 3683/670/5883 1330/2071/5883
f 265/1136/5884 1502/1135/5884 381/227/5884
f 564/381/5885 616/2426/5885 3391/2073/5885
f 3734/2075/5886 3724/2068/5886 652/1418/5886
f 1394/799/5887 1395/1849/5887 2084/1963/5887
f 2080/2077/5888 3709/2051/5888 3719/826/5888
f 1394/799/5889 2083/2076/5889 14/12/5889
f 3752/1964/5890 3753/1967/5890 558/338/5890
f 1406/812/5891 1403/805/5891 1990/2079/5891
f 1395/1849/5892 1406/812/5892 2085/1966/5892
f 3728/2080/5893 3772/2050/5893 3709/2051/5893
f 3667/401/5894 3682/1623/5894 1776/2081/5894
f 3725/1965/5895 3752/1964/5895 679/2078/5895
f 2086/2083/5896 1972/1845/5896 778/1836/5896
f 559/337/5897 2087/2084/5897 2086/2083/5897
f 3678/1380/5898 3673/1379/5898 1579/1866/5898
f 2087/2084/5899 1969/1841/5899 1972/1845/5899
f 678/598/5900 2086/2083/5900 2082/2062/5900
f 665/1387/5901 1533/1510/5901 2088/2085/5901
f 2088/2085/5902 1958/1839/5902 1969/1841/5902
f 320/383/5903 202/134/5903 447/621/5903
f 1533/1510/5904 1957/2723/5904 1958/1839/5904
f 614/384/5905 3751/1997/5905 3762/1998/5905
f 2029/2086/5906 2030/3781/5906 2031/2087/5906
f 2034/2089/5907 2035/3388/5907 2036/2090/5907
f 560/1385/5908 2088/2085/5908 2087/2084/5908
f 1832/2092/5909 1927/3405/5909 2096/2093/5909
f 1830/1678/5910 1832/2092/5910 2093/2094/5910
f 2047/1992/5911 2051/1975/5911 2041/1960/5911
f 2100/2096/5912 1987/1954/5912 2098/2097/5912
f 2072/2018/5913 1378/744/5913 1380/746/5913
f 3733/2099/5914 3730/2112/5914 573/1812/5914
f 3731/2031/5915 3729/2039/5915 612/2100/5915
f 2093/2094/5916 2096/2093/5916 2101/2101/5916
f 2102/2102/5917 2101/2101/5917 3764/2103/5917
f 682/377/5918 3766/2017/5918 3761/2028/5918
f 3682/1623/5919 3706/1625/5919 3686/2106/5919
f 2101/2101/5920 2099/2098/5920 3733/2099/5920
f 1402/807/5921 1988/1686/5921 1990/2079/5921
f 1981/2107/5922 2097/2095/5922 2103/2108/5922
f 2104/2109/5923 2103/2108/5923 3748/2110/5923
f 3730/2112/5924 3750/2117/5924 589/1699/5924
f 3732/2113/5925 13/10/5925 14/12/5925
f 360/423/5926 25/15/5926 57/44/5926
f 633/1886/5927 1902/1757/5927 403/237/5927
f 2096/2093/5928 2100/2096/5928 2099/2098/5928
f 1392/2114/5929 1393/800/5929 1413/2059/5929
f 1453/1001/5930 72/53/5930 69/55/5930
f 3749/2104/5931 3764/2103/5931 694/1352/5931
f 2098/2097/5932 1846/2121/5932 3750/2117/5932
f 1420/849/5933 1421/848/5933 1837/2040/5933
f 2069/2118/5934 2032/2088/5934 2031/2087/5934
f 2103/2108/5935 2102/2102/5935 3749/2104/5935
f 292/1950/5936 1910/1949/5936 495/620/5936
f 1041/578/5937 1039/526/5937 1023/524/5937
f 1987/1954/5938 1847/1953/5938 1846/2121/5938
f 2073/2122/5939 2074/2213/5939 1955/2014/5939
f 2075/2123/5940 2076/3333/5940 2077/2124/5940
f 3707/827/5941 3708/886/5941 1414/2115/5941
f 1949/1830/5942 1926/1798/5942 784/1683/5942
f 3738/2011/5943 657/2230/5943 3723/2126/5943
f 464/407/5944 482/404/5944 480/1426/5944
f 1139/568/5945 1140/570/5945 1157/872/5945
f 691/1308/5946 2105/2129/5946 3768/2127/5946
f 692/2128/5947 1435/2154/5947 2105/2129/5947
f 2105/2129/5948 2104/2109/5948 3745/2111/5948
f 536/1398/5949 537/1157/5949 1858/1712/5949
f 1122/548/5950 1113/550/5950 1091/556/5950
f 689/2105/5951 2065/2033/5951 1611/2130/5951
f 1987/1954/5952 2100/2096/5952 1928/1799/5952
f 721/1771/5953 722/1770/5953 542/1425/5953
f 1011/591/5954 1170/582/5954 1166/583/5954
f 448/278/5955 1858/1712/5955 1860/1795/5955
f 187/126/5956 188/125/5956 224/1708/5956
f 1984/2131/5957 1983/1875/5957 1920/1784/5957
f 2089/2133/5958 2090/2232/5958 2091/2134/5958
f 1998/1958/5959 1994/1892/5959 1993/1894/5959
f 3691/1412/5960 1607/1403/5960 1600/1404/5960
f 244/145/5961 354/203/5961 496/1165/5961
f 462/297/5962 468/353/5962 469/355/5962
f 1822/924/5963 3783/1145/5963 3650/1147/5963
f 880/473/5964 883/462/5964 890/692/5964
f 1894/2137/5965 2094/2210/5965 2095/2138/5965
f 1874/2139/5966 1881/2143/5966 1880/1735/5966
f 2106/2140/5967 1851/1702/5967 1852/1703/5967
f 263/977/5968 148/103/5968 145/105/5968
f 274/283/5969 255/153/5969 256/1120/5969
f 1829/2063/5970 1830/1678/5970 2097/2095/5970
f 612/2100/5971 676/370/5971 677/372/5971
f 1683/1523/5972 1681/1503/5972 1678/1505/5972
f 1510/1194/5973 1523/1298/5973 426/264/5973
f 1543/1351/5974 1544/1350/5974 1689/1514/5974
f 1874/2139/5975 1873/1719/5975 1882/1739/5975
f 465/405/5976 752/411/5976 754/414/5976
f 749/408/5977 2115/2052/5977 2114/2054/5977
f 2114/2054/5978 2108/3409/5978 466/2144/5978
f 466/2144/5979 753/410/5979 752/411/5979
f 1750/2145/5980 553/1280/5980 454/1281/5980
f 2109/2147/5981 2110/3202/5981 2111/2148/5981
f 579/345/5982 361/209/5982 362/1189/5982
f 473/290/5983 1768/1626/5983 1602/1621/5983
f 742/396/5984 2117/1862/5984 2116/830/5984
f 751/406/5985 473/290/5985 474/289/5985
f 476/293/5986 477/292/5986 1768/1626/5986
f 289/1261/5987 1510/1194/5987 1478/1158/5987
f 743/2150/5988 2118/3458/5988 2117/1862/5988
f 756/1388/5989 735/390/5989 739/392/5989
f 176/365/5990 177/163/5990 2119/2151/5990
f 402/238/5991 437/322/5991 295/1174/5991
f 1956/2152/5992 2119/2151/5992 177/163/5992
f 3670/1457/5993 1640/1767/5993 1641/1769/5993
f 2107/2153/5994 2113/2053/5994 736/415/5994
f 1435/2154/5995 1981/2107/5995 2104/2109/5995
f 930/469/5996 931/468/5996 944/1761/5996
f 2120/2155/5997 2121/3340/5997 2122/2156/5997
f 219/1190/5998 218/1025/5998 1471/1024/5998
f 2125/2158/5999 2126/2807/5999 2127/2159/5999
f 2129/2161/6000 1966/2810/6000 1965/2022/6000
f 1936/2163/6001 2125/2158/6001 2124/2160/6001
f 206/136/6002 720/2743/6002 713/1837/6002
f 845/655/6003 829/1400/6003 822/1402/6003
f 829/1400/6004 845/655/6004 1323/657/6004
f 547/1424/6005 3099/3454/6005 3100/2166/6005
f 12/2167/6006 9/7/6006 721/1771/6006
f 548/2168/6007 541/1423/6007 488/2169/6007
f 3105/2171/6008 3108/3319/6008 3107/2172/6008
f 3112/2174/6009 3109/3320/6009 3110/2175/6009
f 3119/2177/6010 3122/3416/6010 3121/2178/6010
f 3123/2180/6011 3126/2204/6011 3125/2181/6011
f 2130/2183/6012 2131/3033/6012 1953/2184/6012
f 2112/2149/6013 2111/2148/6013 2132/2185/6013
f 2135/2187/6014 2030/3781/6014 2029/2086/6014
f 2136/2189/6015 2137/3750/6015 2138/2190/6015
f 2141/2192/6016 2142/2632/6016 2143/2193/6016
f 1949/1830/6017 1933/1815/6017 1930/1816/6017
f 3523/2195/6018 3524/3058/6018 3527/2196/6018
f 2060/2141/6019 1852/1703/6019 1857/2057/6019
f 3763/2010/6020 2067/2009/6020 2070/2198/6020
f 1112/2200/6021 1125/549/6021 1064/555/6021
f 2144/2201/6022 2145/2214/6022 1962/2202/6022
f 3129/2203/6023 3130/3420/6023 3126/2204/6023
f 2146/2205/6024 2147/3335/6024 2148/2206/6024
f 1714/2208/6025 2150/2229/6025 2151/2209/6025
f 3750/2117/6026 3769/1695/6026 1848/1697/6026
f 1186/1213/6027 2095/2138/6027 2094/2210/6027
f 848/902/6028 977/1006/6028 2153/2211/6028
f 924/1362/6029 925/1895/6029 910/734/6029
f 2074/2213/6030 2073/2122/6030 2145/2214/6030
f 225/615/6031 1857/2057/6031 1852/1703/6031
f 649/756/6032 731/818/6032 730/820/6032
f 1142/1180/6033 1229/1245/6033 979/1008/6033
f 2154/2217/6034 2155/2285/6034 2156/2218/6034
f 2158/2220/6035 2159/2284/6035 2160/2221/6035
f 3726/1993/6036 577/1973/6036 574/342/6036
f 2163/2223/6037 213/4928/6037 212/303/6037
f 803/436/6038 804/478/6038 928/466/6038
f 3131/2225/6039 3128/3451/6039 3133/2226/6039
f 258/157/6040 196/1772/6040 445/458/6040
f 3741/1726/6041 2052/3779/6041 2051/1975/6041
f 2164/2228/6042 2165/3215/6042 3390/470/6042
f 2150/2229/6043 2069/2118/6043 2068/2119/6043
f 657/2230/6044 658/3099/6044 3728/2080/6044
f 797/433/6045 980/1714/6045 976/505/6045
f 2166/2231/6046 2167/3102/6046 2090/2232/6046
f 1900/2233/6047 1901/1885/6047 630/356/6047
f 3759/619/6048 2079/618/6048 13/10/6048
f 2168/2234/6049 1596/1669/6049 1599/1671/6049
f 1638/1455/6050 1574/1453/6050 1579/1866/6050
f 1598/1670/6051 2170/2238/6051 2171/2235/6051
f 2172/2237/6052 2173/2863/6052 1578/1651/6052
f 2170/2238/6053 2174/2263/6053 2175/2239/6053
f 1347/1433/6054 1599/1671/6054 2177/2241/6054
f 3445/2243/6055 2180/3018/6055 2181/2244/6055
f 1591/2246/6056 2173/2863/6056 2172/2237/6056
f 1640/1767/6057 1587/1456/6057 462/297/6057
f 1374/2247/6058 1373/1448/6058 2182/2248/6058
f 3136/2250/6059 3143/3391/6059 3142/2251/6059
f 1598/1670/6060 2169/2236/6060 2177/2241/6060
f 3140/2253/6061 3141/4929/6061 3137/2254/6061
f 1375/1449/6062 1374/2247/6062 1595/1667/6062
f 1346/1435/6063 1349/1434/6063 2186/2257/6063
f 1589/1665/6064 2187/2261/6064 2184/2256/6064
f 2188/2260/6065 1584/1656/6065 1583/1655/6065
f 1593/1668/6066 1595/1667/6066 1374/2247/6066
f 2187/2261/6067 1589/1665/6067 1592/1664/6067
f 2174/2263/6068 2170/2238/6068 1598/1670/6068
f 3147/2265/6069 3148/3542/6069 3111/2176/6069
f 615/1285/6070 2014/1925/6070 2015/1970/6070
f 505/542/6071 159/541/6071 48/34/6071
f 762/835/6072 761/2796/6072 2190/2266/6072
f 2192/2267/6073 2193/3108/6073 2194/2268/6073
f 387/228/6074 273/279/6074 449/281/6074
f 1420/849/6075 1983/1875/6075 1984/2131/6075
f 1984/2131/6076 1985/2272/6076 1982/2270/6076
f 1367/2271/6077 2056/1853/6077 2055/2070/6077
f 1985/2272/6078 1984/2131/6078 1921/2132/6078
f 1496/1744/6079 113/2756/6079 404/236/6079
f 1547/1358/6080 1548/1357/6080 2024/2274/6080
f 2195/2275/6081 963/995/6081 1109/1148/6081
f 1659/976/6082 1658/1487/6082 3777/1489/6082
f 3674/1918/6083 1850/1555/6083 1645/1131/6083
f 1238/1268/6084 2195/2275/6084 1843/2276/6084
f 582/2277/6085 1800/1851/6085 824/1217/6085
f 2196/2278/6086 2197/2281/6086 2198/2279/6086
f 2197/2281/6087 2200/3165/6087 2201/2282/6087
f 2198/2279/6088 2201/2282/6088 2202/2283/6088
f 2199/2280/6089 2198/2279/6089 2159/2284/6089
f 1918/1787/6090 1922/1786/6090 1921/2132/6090
f 2155/2285/6091 1915/1983/6091 1914/2286/6091
f 902/2287/6092 901/936/6092 2161/2222/6092
f 1283/1338/6093 1075/1105/6093 1078/1104/6093
f 1280/2289/6094 1279/1333/6094 1261/2290/6094
f 1509/2291/6095 1530/1782/6095 1507/2164/6095
f 2205/2292/6096 2206/2352/6096 2207/2293/6096
f 2204/2294/6097 2207/2293/6097 2209/2295/6097
f 2211/2297/6098 2204/2294/6098 2208/2296/6098
f 2212/2299/6099 2205/2292/6099 2204/2294/6099
f 2214/2300/6100 2215/2376/6100 2216/2301/6100
f 2217/2303/6101 2213/2302/6101 2216/2301/6101
f 2223/2305/6102 2224/2477/6102 3476/2306/6102
f 2226/2308/6103 2222/2312/6103 2225/2309/6103
f 2227/2311/6104 2228/2518/6104 2222/2312/6104
f 2229/2313/6105 2223/2305/6105 3498/2307/6105
f 2230/2315/6106 2231/2321/6106 2232/2316/6106
f 2234/2318/6107 2230/2315/6107 2233/2317/6107
f 2235/2319/6108 2236/2320/6108 2230/2315/6108
f 2236/2320/6109 2237/2324/6109 2231/2321/6109
f 2233/2317/6110 2232/2316/6110 2238/2322/6110
f 2218/2304/6111 2233/2317/6111 2239/2323/6111
f 2237/2324/6112 2240/2332/6112 2241/2325/6112
f 2231/2321/6113 2241/2325/6113 2242/2326/6113
f 2232/2316/6114 2242/2326/6114 2243/2327/6114
f 2243/2327/6115 2244/2512/6115 2245/2328/6115
f 2247/2329/6116 2248/2539/6116 2249/2330/6116
f 2241/2325/6117 2246/2331/6117 2249/2330/6117
f 2240/2332/6118 2250/2334/6118 2246/2331/6118
f 2251/2333/6119 2247/2329/6119 2246/2331/6119
f 2252/2335/6120 2253/2439/6120 2254/2336/6120
f 2257/2338/6121 2258/2563/6121 2259/2339/6121
f 3607/2341/6122 3630/3294/6122 2261/2342/6122
f 2263/2344/6123 2264/2353/6123 2212/2299/6123
f 2252/2335/6124 2263/2344/6124 2265/2345/6124
f 2267/2347/6125 2263/2344/6125 2252/2335/6125
f 2268/2348/6126 2264/2353/6126 2263/2344/6126
f 2270/2349/6127 2271/2356/6127 2272/2350/6127
f 2269/2351/6128 2272/2350/6128 2206/2352/6128
f 2264/2353/6129 2269/2351/6129 2205/2292/6129
f 2268/2348/6130 2270/2349/6130 2269/2351/6130
f 2272/2350/6131 2273/3732/6131 2274/2354/6131
f 2275/2355/6132 2273/3732/6132 2272/2350/6132
f 2277/2357/6133 2275/2355/6133 2271/2356/6133
f 2270/2349/6134 2278/2359/6134 2276/2358/6134
f 2268/2348/6135 2279/2360/6135 2278/2359/6135
f 2267/2347/6136 2280/2361/6136 2279/2360/6136
f 2255/2337/6137 2281/2362/6137 2280/2361/6137
f 2281/2362/6138 2255/2337/6138 2254/2336/6138
f 2283/2364/6139 2284/2368/6139 2285/2365/6139
f 2280/2361/6140 2283/2364/6140 2286/2366/6140
f 2281/2362/6141 2287/2367/6141 2283/2364/6141
f 2287/2367/6142 2288/2549/6142 2284/2368/6142
f 2289/2369/6143 2290/2372/6143 2291/2370/6143
f 2278/2359/6144 2289/2369/6144 2292/2371/6144
f 2279/2360/6145 2286/2366/6145 2289/2369/6145
f 2286/2366/6146 2285/2365/6146 2290/2372/6146
f 2276/2358/6147 2292/2371/6147 2293/2373/6147
f 2292/2371/6148 2291/2370/6148 2294/2374/6148
f 2295/2375/6149 2216/2301/6149 2215/2376/6149
f 2295/2375/6150 2296/2377/6150 2297/2378/6150
f 2295/2375/6151 2298/2379/6151 2235/2319/6151
f 2218/2304/6152 2216/2301/6152 2295/2375/6152
f 2299/2380/6153 2300/2384/6153 2209/2295/6153
f 2206/2352/6154 2274/2354/6154 2299/2380/6154
f 2301/2381/6155 2302/2386/6155 2303/2382/6155
f 2301/2381/6156 2304/2383/6156 2300/2384/6156
f 2305/2385/6157 2301/2381/6157 2297/2378/6157
f 2305/2385/6158 2306/2389/6158 2302/2386/6158
f 2296/2377/6159 2215/2376/6159 2307/2387/6159
f 2305/2385/6160 2307/2387/6160 2308/2388/6160
f 2215/2376/6161 2214/2300/6161 2309/2390/6161
f 2307/2387/6162 2309/2390/6162 2221/2391/6162
f 2311/2392/6163 2312/2470/6163 2313/2393/6163
f 2314/2395/6164 2315/2402/6164 2316/2396/6164
f 2318/2398/6165 2314/2395/6165 2317/2397/6165
f 2320/2400/6166 2321/2401/6166 2314/2395/6166
f 2321/2401/6167 2322/2614/6167 2315/2402/6167
f 2324/2403/6168 2325/2463/6168 2326/2404/6168
f 2323/2405/6169 2326/2404/6169 2328/2406/6169
f 2329/2408/6170 2330/2409/6170 2323/2405/6170
f 2330/2409/6171 2331/2490/6171 2324/2403/6171
f 2129/2161/6172 2337/2806/6172 2338/2410/6172
f 2339/2412/6173 2340/2414/6173 2266/2346/6173
f 2211/2297/6174 2339/2412/6174 2265/2345/6174
f 2210/2298/6175 2341/2413/6175 2339/2412/6175
f 2341/2413/6176 2342/2424/6176 2340/2414/6176
f 2340/2414/6177 2343/2425/6177 2344/2415/6177
f 2345/2416/6178 2346/2420/6178 2347/2417/6178
f 2345/2416/6179 2348/2418/6179 2210/2298/6179
f 2349/2419/6180 2345/2416/6180 2208/2296/6180
f 2349/2419/6181 2350/3733/6181 2346/2420/6181
f 2353/2421/6182 2351/3793/6182 2352/2422/6182
f 2353/2421/6183 2354/2423/6183 2342/2424/6183
f 2348/2418/6184 2353/2421/6184 2341/2413/6184
f 2347/2417/6185 2351/3793/6185 2353/2421/6185
f 2342/2424/6186 2355/2433/6186 2343/2425/6186
f 3431/1306/6187 3391/2073/6187 616/2426/6187
f 2356/2427/6188 2334/2434/6188 2333/2428/6188
f 2356/2427/6189 2357/2429/6189 2359/2430/6189
f 2360/2432/6190 2356/2427/6190 2358/2431/6190
f 2360/2432/6191 2335/3307/6191 2334/2434/6191
f 2361/2435/6192 2327/2407/6192 2328/2406/6192
f 2357/2429/6193 2361/2435/6193 2362/2436/6193
f 2333/2428/6194 2332/2437/6194 2361/2435/6194
f 2332/2437/6195 2329/2408/6195 2327/2407/6195
f 2363/2438/6196 2253/2439/6196 2344/2415/6196
f 2366/2441/6197 2363/2438/6197 2364/2440/6197
f 2282/2363/6198 2254/2336/6198 2363/2438/6198
f 2368/2443/6199 2282/2363/6199 2366/2441/6199
f 2367/2444/6200 2366/2441/6200 2365/2442/6200
f 2371/2446/6201 2367/2444/6201 2369/2445/6201
f 2372/2448/6202 2368/2443/6202 2367/2444/6202
f 2364/2440/6203 2344/2415/6203 2343/2425/6203
f 2358/2431/6204 2373/2449/6204 2343/2425/6204
f 2374/2450/6205 2373/2449/6205 2358/2431/6205
f 2365/2442/6206 2364/2440/6206 2373/2449/6206
f 2376/2451/6207 2370/2447/6207 2369/2445/6207
f 2377/2453/6208 2375/2452/6208 2369/2445/6208
f 2378/2454/6209 2379/2455/6209 2375/2452/6209
f 2379/2455/6210 2380/2457/6210 2376/2451/6210
f 2381/2456/6211 2382/2459/6211 2380/2457/6211
f 2383/2458/6212 2381/2456/6212 2379/2455/6212
f 2319/2399/6213 2317/2397/6213 2381/2456/6213
f 2317/2397/6214 2316/2396/6214 2382/2459/6214
f 2384/2460/6215 2374/2450/6215 2359/2430/6215
f 2385/2461/6216 2384/2460/6216 2362/2436/6216
f 2377/2453/6217 2384/2460/6217 2385/2461/6217
f 2377/2453/6218 2365/2442/6218 2374/2450/6218
f 2385/2461/6219 2328/2406/6219 2326/2404/6219
f 2386/2462/6220 2326/2404/6220 2325/2463/6220
f 2383/2458/6221 2386/2462/6221 2387/2464/6221
f 2378/2454/6222 2385/2461/6222 2386/2462/6222
f 2387/2464/6223 2325/2463/6223 2389/2465/6223
f 2388/2466/6224 2389/2465/6224 2391/2467/6224
f 2318/2398/6225 2388/2466/6225 2390/2468/6225
f 2319/2399/6226 2387/2464/6226 2388/2466/6226
f 2392/2469/6227 2393/2635/6227 2312/2470/6227
f 2395/2471/6228 2396/3792/6228 2397/2472/6228
f 2399/2474/6229 2400/2492/6229 2401/2475/6229
f 2398/2476/6230 2401/2475/6230 2224/2477/6230
f 2402/2478/6231 2398/2476/6231 2223/2305/6231
f 2403/2479/6232 2399/2474/6232 2398/2476/6232
f 2397/2472/6233 2396/3792/6233 3562/2480/6233
f 2404/2482/6234 2405/3777/6234 2406/2483/6234
f 2408/2485/6235 2404/2482/6235 2407/2484/6235
f 2410/2487/6236 2397/2472/6236 3560/2481/6236
f 2394/2473/6237 2391/2467/6237 2389/2465/6237
f 2411/2489/6238 2389/2465/6238 2325/2463/6238
f 2331/2490/6239 2412/2491/6239 2411/2489/6239
f 2412/2491/6240 2395/2471/6240 2394/2473/6240
f 2407/2484/6241 2406/2483/6241 2400/2492/6241
f 2409/2486/6242 2407/2484/6242 2399/2474/6242
f 2414/2493/6243 2403/2479/6243 2402/2478/6243
f 2413/2494/6244 2402/2478/6244 2229/2313/6244
f 2417/2496/6245 2413/2494/6245 2415/2495/6245
f 2418/2498/6246 2414/2493/6246 2413/2494/6246
f 2419/2499/6247 2409/2486/6247 2403/2479/6247
f 2420/2500/6248 2419/2499/6248 2414/2493/6248
f 2421/2501/6249 2422/2502/6249 2419/2499/6249
f 2422/2502/6250 2408/2485/6250 2409/2486/6250
f 3549/2503/6251 2423/2505/6251 2410/2487/6251
f 3550/2504/6252 2424/3085/6252 2423/2505/6252
f 2425/2506/6253 2421/2501/6253 2420/2500/6253
f 2427/2508/6254 2425/2506/6254 2426/2507/6254
f 3559/2510/6255 3546/2511/6255 2425/2506/6255
f 3546/2511/6256 3550/2504/6256 2421/2501/6256
f 2245/2328/6257 2431/2513/6257 2217/2303/6257
f 2244/2512/6258 2432/2519/6258 2431/2513/6258
f 2431/2513/6259 2432/2519/6259 2434/2514/6259
f 2433/2515/6260 2434/2514/6260 2227/2311/6260
f 2213/2302/6261 2433/2515/6261 2435/2516/6261
f 2217/2303/6262 2431/2513/6262 2433/2515/6262
f 3492/2517/6263 3491/2536/6263 2416/2497/6263
f 3479/2314/6264 3492/2517/6264 2415/2495/6264
f 2434/2514/6265 2436/2520/6265 2228/2518/6265
f 2432/2519/6266 2437/2529/6266 2436/2520/6266
f 2435/2516/6267 2227/2311/6267 2226/2308/6267
f 2438/2521/6268 2226/2308/6268 2220/2310/6268
f 2309/2390/6269 2438/2521/6269 2219/2522/6269
f 2214/2300/6270 2435/2516/6270 2438/2521/6270
f 2439/2523/6271 2417/2496/6271 2416/2497/6271
f 2441/2525/6272 2439/2523/6272 2440/2524/6272
f 2444/2527/6273 2439/2523/6273 2441/2525/6273
f 2444/2527/6274 2418/2498/6274 2417/2496/6274
f 2426/2507/6275 2420/2500/6275 2418/2498/6275
f 2426/2507/6276 2444/2527/6276 2443/2528/6276
f 2437/2529/6277 2432/2519/6277 2446/2530/6277
f 2445/2531/6278 2446/2530/6278 2448/2532/6278
f 3475/2534/6279 2445/2531/6279 2447/2533/6279
f 3491/2536/6280 2437/2529/6280 2445/2531/6280
f 2449/2537/6281 2243/2327/6281 2242/2326/6281
f 2450/2538/6282 2449/2537/6282 2249/2330/6282
f 2244/2512/6283 2243/2327/6283 2449/2537/6283
f 2451/2540/6284 2449/2537/6284 2450/2538/6284
f 2446/2530/6285 2451/2540/6285 2452/2541/6285
f 2432/2519/6286 2244/2512/6286 2451/2540/6286
f 2247/2329/6287 2251/2333/6287 2454/2542/6287
f 2453/2543/6288 2454/2542/6288 2456/2544/6288
f 2458/2546/6289 2453/2543/6289 2455/2545/6289
f 2248/2539/6290 2247/2329/6290 2453/2543/6290
f 1189/1215/6291 2459/2995/6291 2095/2138/6291
f 2355/2433/6292 2342/2424/6292 2354/2423/6292
f 2460/2548/6293 2284/2368/6293 2288/2549/6293
f 2461/2550/6294 2460/2548/6294 2256/2340/6294
f 2462/2551/6295 2463/2552/6295 2460/2548/6295
f 2463/2552/6296 2285/2365/6296 2284/2368/6296
f 2464/2553/6297 2290/2372/6297 2285/2365/6297
f 2465/2554/6298 2464/2553/6298 2463/2552/6298
f 2466/2555/6299 2467/2556/6299 2464/2553/6299
f 2467/2556/6300 2291/2370/6300 2290/2372/6300
f 2251/2333/6301 2294/2374/6301 2468/2557/6301
f 2454/2542/6302 2468/2557/6302 2469/2558/6302
f 2470/2559/6303 2371/2446/6303 2370/2447/6303
f 2472/2561/6304 2470/2559/6304 2471/2560/6304
f 2258/2563/6305 2257/2338/6305 2470/2559/6305
f 2257/2338/6306 2372/2448/6306 2371/2446/6306
f 2441/2525/6307 2442/2526/6307 2475/2564/6307
f 2474/2565/6308 2475/2564/6308 2477/2566/6308
f 2479/2568/6309 2474/2565/6309 2476/2567/6309
f 2479/2568/6310 2443/2528/6310 2441/2525/6310
f 2447/2533/6311 2448/2532/6311 2481/2570/6311
f 2480/2571/6312 2481/2570/6312 2483/2572/6312
f 3449/2574/6313 2480/2571/6313 2482/2573/6313
f 3480/2535/6314 2447/2533/6314 2480/2571/6314
f 2450/2538/6315 2248/2539/6315 2458/2546/6315
f 2484/2576/6316 2458/2546/6316 2457/2547/6316
f 2452/2541/6317 2450/2538/6317 2484/2576/6317
f 2486/2578/6318 2484/2576/6318 2485/2577/6318
f 2481/2570/6319 2486/2578/6319 2487/2579/6319
f 2448/2532/6320 2452/2541/6320 2486/2578/6320
f 2489/2580/6321 2490/2636/6321 2491/2581/6321
f 2488/2582/6322 2491/2581/6322 328/500/6322
f 2494/2584/6323 2488/2582/6323 2492/2583/6323
f 2495/2586/6324 2489/2580/6324 2488/2582/6324
f 2497/2587/6325 2498/2595/6325 2499/2588/6325
f 2496/2589/6326 2499/2588/6326 2501/2590/6326
f 2471/2560/6327 2496/2589/6327 2500/2591/6327
f 2471/2560/6328 2370/2447/6328 2497/2587/6328
f 2503/2592/6329 2495/2586/6329 2494/2584/6329
f 2504/2594/6330 2502/2593/6330 2494/2584/6330
f 2499/2588/6331 2502/2593/6331 2504/2594/6331
f 2498/2595/6332 2503/2592/6332 2502/2593/6332
f 2506/2596/6333 2507/2604/6333 2508/2597/6333
f 2509/2599/6334 2505/2598/6334 2508/2597/6334
f 3556/2601/6335 3534/2603/6335 2505/2598/6335
f 3535/2602/6336 2506/2596/6336 2505/2598/6336
f 2507/2604/6337 2443/2528/6337 2479/2568/6337
f 2508/2597/6338 2479/2568/6338 2478/2569/6338
f 2427/2508/6339 2428/2509/6339 2514/2605/6339
f 2515/2607/6340 2513/2606/6340 2514/2605/6340
f 3552/2609/6341 3554/2610/6341 2513/2606/6341
f 3554/2610/6342 3559/2510/6342 2427/2508/6342
f 2428/2509/6343 2443/2528/6343 2516/2608/6343
f 2517/2611/6344 2518/3210/6344 2519/2612/6344
f 2322/2614/6345 2321/2401/6345 2430/2615/6345
f 2521/2617/6346 2315/2402/6346 2322/2614/6346
f 2521/2617/6347 2313/2393/6347 2312/2470/6347
f 2524/2619/6348 2521/2617/6348 2522/2618/6348
f 2524/2619/6349 2316/2396/6349 2315/2402/6349
f 2525/2621/6350 2382/2459/6350 2316/2396/6350
f 2525/2621/6351 2524/2619/6351 2523/2620/6351
f 2528/2623/6352 2525/2621/6352 2526/2622/6352
f 2528/2623/6353 2380/2457/6353 2382/2459/6353
f 2529/2625/6354 2528/2623/6354 2527/2624/6354
f 2376/2451/6355 2529/2625/6355 2530/2626/6355
f 2380/2457/6356 2528/2623/6356 2529/2625/6356
f 2531/2627/6357 2507/2604/6357 2506/2596/6357
f 2531/2627/6358 2532/2628/6358 2515/2607/6358
f 2516/2608/6359 2443/2528/6359 2507/2604/6359
f 3535/2602/6360 2512/3218/6360 2392/2469/6360
f 3548/2629/6361 2392/2469/6361 2311/2392/6361
f 2533/2630/6362 2534/3205/6362 2535/2631/6362
f 2489/2580/6363 2495/2586/6363 2537/2633/6363
f 2536/2634/6364 2537/2633/6364 2523/2620/6364
f 2393/2635/6365 2536/2634/6365 2522/2618/6365
f 2490/2636/6366 2489/2580/6366 2536/2634/6366
f 2538/2637/6367 2537/2633/6367 2495/2586/6367
f 2539/2638/6368 2538/2637/6368 2503/2592/6368
f 2527/2624/6369 2526/2622/6369 2538/2637/6369
f 2526/2622/6370 2523/2620/6370 2537/2633/6370
f 2497/2587/6371 2370/2447/6371 2530/2626/6371
f 2540/2639/6372 2530/2626/6372 2527/2624/6372
f 2498/2595/6373 2497/2587/6373 2540/2639/6373
f 1423/857/6374 996/534/6374 1022/527/6374
f 1240/1269/6375 1190/1850/6375 1056/1089/6375
f 1573/1901/6376 1569/1374/6376 1570/1914/6376
f 2011/1911/6377 2001/1897/6377 2013/2003/6377
f 1112/2200/6378 1086/530/6378 1113/550/6378
f 1891/1945/6379 1890/1944/6379 2542/2641/6379
f 91/376/6380 536/1398/6380 448/278/6380
f 2002/1902/6381 1568/1375/6381 1569/1374/6381
f 1418/850/6382 1433/880/6382 1409/828/6382
f 639/749/6383 2544/2680/6383 1025/1053/6383
f 706/2644/6384 1026/1052/6384 2545/2645/6384
f 1108/1149/6385 965/997/6385 1010/1039/6385
f 550/340/6386 1444/943/6386 356/205/6386
f 1682/1515/6387 1678/1505/6387 1684/1540/6387
f 1745/2646/6388 1100/3162/6388 1099/1125/6388
f 259/156/6389 292/1950/6389 315/258/6389
f 1432/873/6390 1140/570/6390 1399/809/6390
f 642/752/6391 641/751/6391 519/2647/6391
f 8/4/6392 522/318/6392 239/333/6392
f 372/1253/6393 1518/1297/6393 1520/1299/6393
f 768/843/6394 603/725/6394 1280/2289/6394
f 920/1978/6395 910/734/6395 909/735/6395
f 891/927/6396 2546/2715/6396 2547/2649/6396
f 2545/2645/6397 2544/2680/6397 639/749/6397
f 2548/2651/6398 1816/2701/6398 2549/2652/6398
f 978/1007/6399 1805/1857/6399 23/26/6399
f 619/733/6400 622/732/6400 2550/2653/6400
f 2551/2655/6401 625/736/6401 628/738/6401
f 2552/2656/6402 2551/2655/6402 1799/1848/6402
f 1175/2658/6403 1174/1203/6403 2551/2655/6403
f 1174/1203/6404 1732/1780/6404 625/736/6404
f 1481/1327/6405 505/542/6405 45/36/6405
f 1416/851/6406 1316/684/6406 1315/648/6406
f 628/738/6407 627/737/6407 1301/1506/6407
f 1172/1201/6408 1173/1200/6408 701/791/6408
f 2554/2659/6409 701/791/6409 703/792/6409
f 2552/2656/6410 2554/2659/6410 1141/1178/6410
f 2553/2657/6411 1172/1201/6411 2554/2659/6411
f 1721/2660/6412 2555/2745/6412 1027/2661/6412
f 1782/1847/6413 850/904/6413 853/906/6413
f 2556/2663/6414 2557/2664/6414 774/1097/6414
f 1019/1047/6415 774/1097/6415 2557/2664/6415
f 89/70/6416 90/69/6416 1855/1706/6416
f 1488/1796/6417 324/3133/6417 1486/1294/6417
f 857/909/6418 856/908/6418 1249/1283/6418
f 126/91/6419 399/255/6419 777/419/6419
f 1294/1382/6420 873/920/6420 911/948/6420
f 591/716/6421 757/831/6421 1068/1095/6421
f 1020/1048/6422 2557/2664/6422 2559/2665/6422
f 2558/2666/6423 2559/2665/6423 2561/2667/6423
f 1250/1284/6424 2558/2666/6424 2560/2668/6424
f 1250/1284/6425 1017/1046/6425 1020/1048/6425
f 1247/1278/6426 2548/2651/6426 2550/2653/6426
f 2562/2669/6427 2550/2653/6427 622/732/6427
f 1087/1116/6428 2563/2672/6428 2562/2669/6428
f 526/2671/6429 1247/1278/6429 2562/2669/6429
f 1435/2154/6430 692/2128/6430 1437/1872/6430
f 1986/2673/6431 1977/1858/6431 1902/1757/6431
f 1035/2674/6432 1083/1108/6432 1082/2675/6432
f 2564/2676/6433 2547/2649/6433 2565/2677/6433
f 1167/1879/6434 2564/2676/6434 2566/2678/6434
f 892/2650/6435 2547/2649/6435 2564/2676/6435
f 3757/2679/6436 1616/1874/6436 3395/1459/6436
f 1026/1052/6437 1025/1053/6437 2544/2680/6437
f 600/720/6438 1788/1833/6438 1842/1881/6438
f 1297/2681/6439 1866/1923/6439 650/2215/6439
f 970/2682/6440 969/998/6440 1173/1200/6440
f 1864/1723/6441 1865/1722/6441 313/1793/6441
f 1273/1325/6442 1257/1300/6442 1180/1301/6442
f 72/53/6443 1453/1001/6443 1465/1003/6443
f 1463/2685/6444 1461/983/6444 411/251/6444
f 594/715/6445 593/750/6445 642/752/6445
f 1123/1161/6446 917/952/6446 643/753/6446
f 2568/2686/6447 891/927/6447 894/929/6447
f 1255/1293/6448 1214/1230/6448 1213/2687/6448
f 1417/883/6449 1418/850/6449 1416/851/6449
f 815/877/6450 922/1076/6450 1802/2691/6450
f 1246/1277/6451 1245/1930/6451 1148/2692/6451
f 1848/1697/6452 1835/1696/6452 1785/2695/6452
f 1027/2661/6453 2555/2745/6453 1890/1944/6453
f 2573/2696/6454 2574/2784/6454 794/861/6454
f 986/1016/6455 1030/1056/6455 1256/1295/6455
f 2575/2697/6456 1061/1091/6456 2576/2698/6456
f 981/1936/6457 984/1576/6457 983/1577/6457
f 569/703/6458 977/1006/6458 663/769/6458
f 2548/2651/6459 1247/1278/6459 605/1279/6459
f 543/688/6460 662/3110/6460 1975/2027/6460
f 1182/1210/6461 516/673/6461 1172/1201/6461
f 1587/1456/6462 1588/1378/6462 468/353/6462
f 416/1030/6463 379/225/6463 409/249/6463
f 1007/1197/6464 1168/1196/6464 1732/1780/6464
f 3757/2679/6465 629/1691/6465 618/1420/6465
f 524/1114/6466 1494/1098/6466 130/1099/6466
f 1102/1775/6467 1069/1096/6467 1019/1047/6467
f 325/1233/6468 220/144/6468 84/65/6468
f 557/426/6469 1531/1710/6469 549/339/6469
f 1452/1507/6470 2578/2785/6470 851/2700/6470
f 1816/2701/6471 2548/2651/6471 604/723/6471
f 1632/1446/6472 1633/1452/6472 3629/1613/6472
f 606/724/6473 841/897/6473 844/899/6473
f 603/725/6474 768/843/6474 871/917/6474
f 253/1310/6475 532/323/6475 533/325/6475
f 383/1258/6476 1516/1384/6476 1517/1235/6476
f 2580/2704/6477 2581/2706/6477 2569/2689/6477
f 1052/1079/6478 2580/2704/6478 2579/2703/6478
f 1058/2705/6479 1057/1087/6479 2580/2704/6479
f 1057/1087/6480 1116/1154/6480 2581/2706/6480
f 2566/2678/6481 2565/2677/6481 1118/1155/6481
f 2582/2707/6482 1118/1155/6482 1117/2708/6482
f 626/2709/6483 2582/2707/6483 1302/1394/6483
f 1168/1196/6484 2566/2678/6484 2582/2707/6484
f 663/769/6485 662/3110/6485 543/688/6485
f 1464/2710/6486 1462/981/6486 1461/983/6486
f 1289/1343/6487 1288/1342/6487 1078/1104/6487
f 2583/2712/6488 2581/2706/6488 1116/1154/6488
f 2583/2712/6489 1119/1156/6489 2585/2713/6489
f 2584/2714/6490 2569/2689/6490 2581/2706/6490
f 2584/2714/6491 2585/2713/6491 2546/2715/6491
f 2586/2716/6492 2546/2715/6492 891/927/6492
f 2570/2690/6493 2586/2716/6493 2568/2686/6493
f 2570/2690/6494 2569/2689/6494 2584/2714/6494
f 2027/1948/6495 2038/1716/6495 2037/1718/6495
f 1406/812/6496 1404/813/6496 1401/808/6496
f 509/464/6497 321/326/6497 322/1069/6497
f 1842/1881/6498 1976/2025/6498 1184/1211/6498
f 779/1682/6499 780/430/6499 785/432/6499
f 1899/2046/6500 1896/3722/6500 1903/1922/6500
f 1275/2717/6501 1274/1330/6501 1228/1244/6501
f 554/1289/6502 1956/2152/6502 216/274/6502
f 1355/1985/6503 920/1978/6503 908/1980/6503
f 667/2719/6504 666/1511/6504 665/1387/6504
f 816/2720/6505 815/877/6505 1801/1854/6505
f 2587/2721/6506 1801/1854/6506 1804/1856/6506
f 2588/2722/6507 2587/2721/6507 1276/1331/6507
f 20/27/6508 816/2720/6508 2587/2721/6508
f 811/876/6509 1049/1075/6509 2572/2694/6509
f 1804/1856/6510 1803/1855/6510 1277/1332/6510
f 1957/2723/6511 1960/2762/6511 1959/2724/6511
f 1028/1054/6512 1889/1943/6512 2589/2725/6512
f 1483/1063/6513 1482/1051/6513 1472/1028/6513
f 521/1090/6514 430/267/6514 431/2727/6514
f 1225/1243/6515 619/733/6515 2549/2652/6515
f 2591/2728/6516 2549/2652/6516 1816/2701/6516
f 763/836/6517 2591/2728/6517 1815/1867/6517
f 762/835/6518 1225/1243/6518 2591/2728/6518
f 704/795/6519 2592/3146/6519 2593/2729/6519
f 1032/1061/6520 1884/1937/6520 1883/1938/6520
f 1299/2730/6521 1044/1392/6521 1226/1242/6521
f 603/725/6522 606/724/6522 1281/1334/6522
f 636/747/6523 639/749/6523 2543/2643/6523
f 511/1032/6524 512/1121/6524 1500/1119/6524
f 1797/1846/6525 968/1000/6525 527/681/6525
f 2594/2731/6526 527/681/6526 526/2671/6526
f 1090/1118/6527 2594/2731/6527 2563/2672/6527
f 1090/1118/6528 517/677/6528 1797/1846/6528
f 996/534/6529 993/536/6529 1317/856/6529
f 3756/1685/6530 561/336/6530 558/338/6530
f 218/1025/6531 219/1190/6531 100/2732/6531
f 3427/2733/6532 3528/3757/6532 3686/2106/6532
f 1013/1042/6533 1014/1043/6533 1841/2026/6533
f 2596/2734/6534 1274/1330/6534 1277/1332/6534
f 2595/2735/6535 1277/1332/6535 1803/1855/6535
f 1300/1393/6536 2595/2735/6536 2597/2736/6536
f 1299/2730/6537 2596/2734/6537 2595/2735/6537
f 2598/2737/6538 686/781/6538 1016/1045/6538
f 1802/2691/6539 2598/2737/6539 2597/2736/6539
f 922/1076/6540 1051/1078/6540 2598/2737/6540
f 1051/1078/6541 683/779/6541 686/781/6541
f 732/2738/6542 1034/1059/6542 1032/1061/6542
f 1175/2658/6543 1141/1178/6543 640/1179/6543
f 1097/1123/6544 1805/1857/6544 854/907/6544
f 2599/2739/6545 854/907/6545 857/909/6545
f 1216/1234/6546 2599/2739/6546 1029/2740/6546
f 1096/1124/6547 1097/1123/6547 2599/2739/6547
f 1521/1470/6548 1474/1171/6548 143/101/6548
f 1183/2741/6549 1287/1341/6549 595/718/6549
f 207/2742/6550 719/388/6550 720/2743/6550
f 1424/858/6551 1423/857/6551 1426/1939/6551
f 1183/2741/6552 1182/1210/6552 1798/2662/6552
f 834/893/6553 836/892/6553 1257/1300/6553
f 68/50/6554 435/1102/6554 174/252/6554
f 532/323/6555 1524/1311/6555 1526/1323/6555
f 209/454/6556 192/1185/6556 446/2744/6556
f 1991/1889/6557 1370/739/6557 910/734/6557
f 1179/1207/6558 2542/2641/6558 1890/1944/6558
f 893/928/6559 757/831/6559 670/833/6559
f 820/881/6560 517/677/6560 1090/1118/6560
f 1492/1093/6561 713/1837/6561 714/424/6561
f 2600/2746/6562 758/1302/6562 1258/1303/6562
f 585/942/6563 651/757/6563 1867/1924/6563
f 1498/1122/6564 1499/1317/6564 449/281/6564
f 1778/2747/6565 1716/967/6565 3382/969/6565
f 971/999/6566 1817/2759/6566 842/2749/6566
f 2601/2750/6567 695/786/6567 1050/1077/6567
f 2602/2751/6568 1789/1835/6568 963/995/6568
f 759/832/6569 2602/2751/6569 2195/2275/6569
f 758/1302/6570 2600/2746/6570 2602/2751/6570
f 2600/2746/6571 2601/2750/6571 1789/1835/6571
f 172/120/6572 530/459/6572 237/1748/6572
f 1843/2276/6573 1109/1148/6573 1108/1149/6573
f 1115/2752/6574 1114/1153/6574 1249/1283/6574
f 1800/1851/6575 582/2277/6575 1117/2708/6575
f 71/2684/6576 305/1115/6576 306/1257/6576
f 185/1134/6577 413/447/6577 410/248/6577
f 2603/2753/6578 2604/3160/6578 1076/1103/6578
f 162/176/6579 1528/1406/6579 1526/1323/6579
f 339/194/6580 406/330/6580 407/244/6580
f 1098/1127/6581 1101/1126/6581 2606/2754/6581
f 535/420/6582 777/419/6582 399/255/6582
f 115/957/6583 114/956/6583 113/2756/6583
f 2565/2677/6584 2585/2713/6584 1119/1156/6584
f 1503/1152/6585 1505/1163/6585 503/310/6585
f 879/2757/6586 880/473/6586 887/514/6586
f 1185/2758/6587 661/768/6587 660/770/6587
f 771/842/6588 647/994/6588 962/1140/6588
f 20/27/6589 23/26/6589 817/878/6589
f 873/920/6590 876/919/6590 912/1270/6590
f 1817/2759/6591 1291/1346/6591 843/898/6591
f 525/680/6592 528/682/6592 842/2749/6592
f 1530/1782/6593 1509/2291/6593 1508/2760/6593
f 173/119/6594 445/458/6594 530/459/6594
f 644/2761/6595 643/753/6595 917/952/6595
f 1960/2762/6596 555/1288/6596 556/425/6596
f 1485/1066/6597 1469/1015/6597 351/1377/6597
f 510/1399/6598 153/211/6598 154/2763/6598
f 2575/2697/6599 835/891/6599 834/893/6599
f 1213/2687/6600 1212/1229/6600 2577/2699/6600
f 702/1899/6601 1797/1846/6601 517/677/6601
f 1455/978/6602 1456/1049/6602 508/307/6602
f 772/1834/6603 600/720/6603 599/1129/6603
f 583/707/6604 826/885/6604 1794/2766/6604
f 282/382/6605 447/621/6605 446/2744/6605
f 304/175/6606 163/112/6606 1513/1296/6606
f 1223/2767/6607 2609/2769/6607 1154/1186/6607
f 145/105/6608 141/100/6608 169/1852/6608
f 1215/1232/6609 1156/1187/6609 1197/1220/6609
f 1232/1320/6610 1267/2781/6610 1210/1929/6610
f 1266/1319/6611 1061/1091/6611 1060/1221/6611
f 1029/2740/6612 857/909/6612 1252/1286/6612
f 726/1209/6613 725/814/6613 2542/2641/6613
f 434/2768/6614 132/94/6614 420/260/6614
f 19/23/6615 1199/1223/6615 1147/1181/6615
f 2609/2769/6616 2576/2698/6616 1155/2770/6616
f 98/76/6617 99/75/6617 399/255/6617
f 1258/1303/6618 591/716/6618 594/715/6618
f 363/2771/6619 487/3501/6619 634/363/6619
f 1155/2770/6620 2576/2698/6620 1061/1091/6620
f 835/891/6621 2575/2697/6621 2577/2699/6621
f 1148/2692/6622 1245/1930/6622 1870/2772/6622
f 2611/2773/6623 830/890/6623 833/889/6623
f 2610/2774/6624 833/889/6624 1085/1111/6624
f 2608/2765/6625 2610/2774/6625 1254/1291/6625
f 2609/2769/6626 2611/2773/6626 2610/2774/6626
f 2613/2775/6627 1275/2717/6627 1227/2718/6627
f 2612/2776/6628 1227/2718/6628 830/890/6628
f 1223/2767/6629 2612/2776/6629 2611/2773/6629
f 1223/2767/6630 1222/1239/6630 2613/2775/6630
f 2614/2777/6631 601/722/6631 20/27/6631
f 2613/2775/6632 2614/2777/6632 2588/2722/6632
f 1222/1239/6633 1233/1260/6633 2614/2777/6633
f 1233/1260/6634 1143/2779/6634 601/722/6634
f 384/1198/6635 1515/1758/6635 1516/1384/6635
f 2615/2778/6636 1235/2787/6636 1234/1262/6636
f 1049/1075/6637 1211/1228/6637 1237/1264/6637
f 1232/1320/6638 1048/1227/6638 1143/2779/6638
f 388/1508/6639 429/268/6639 1516/1384/6639
f 851/2700/6640 1743/1790/6640 1285/2780/6640
f 1153/1188/6641 1207/1226/6641 1224/1240/6641
f 1199/1223/6642 1264/1314/6642 1148/2692/6642
f 990/1018/6643 2541/2642/6643 2542/2641/6643
f 1150/1183/6644 1149/1182/6644 1267/2781/6644
f 2576/2698/6645 2609/2769/6645 2608/2765/6645
f 2616/2782/6646 1132/1169/6646 1191/1218/6646
f 67/1906/6647 408/1002/6647 1450/964/6647
f 685/780/6648 1089/1117/6648 1088/2783/6648
f 1049/1075/6649 1236/1263/6649 2571/2693/6649
f 1062/1092/6650 2617/2789/6650 18/1222/6650
f 875/937/6651 2616/2782/6651 1239/1868/6651
f 1562/1369/6652 1567/1903/6652 1566/1905/6652
f 1234/1262/6653 1237/1264/6653 1246/1277/6653
f 17/22/6654 16/24/6654 1195/1219/6654
f 968/1000/6655 971/999/6655 528/682/6655
f 582/2277/6656 581/706/6656 1302/1394/6656
f 1027/2661/6657 840/895/6657 798/867/6657
f 1273/1325/6658 2567/2683/6658 1720/1773/6658
f 1143/2779/6659 1142/1180/6659 602/2216/6659
f 838/894/6660 1143/2779/6660 1231/1251/6660
f 35/20/6661 234/429/6661 506/428/6661
f 2574/2784/6662 1720/1773/6662 799/865/6662
f 305/1115/6663 308/1113/6663 307/189/6663
f 1973/2273/6664 1921/2132/6664 1922/1786/6664
f 2578/2785/6665 1452/1507/6665 580/708/6665
f 794/861/6666 799/865/6666 798/867/6666
f 2618/2786/6667 2573/2696/6667 793/860/6667
f 1235/2787/6668 2618/2786/6668 2571/2693/6668
f 2615/2778/6669 2619/2788/6669 2618/2786/6669
f 2619/2788/6670 1271/1326/6670 2573/2696/6670
f 371/217/6671 345/198/6671 380/287/6671
f 3677/2067/6672 3678/1380/6672 1572/1865/6672
f 1438/911/6673 1391/801/6673 1392/2114/6673
f 1267/2781/6674 1149/1182/6674 1870/2772/6674
f 1512/1199/6675 343/199/6675 344/1315/6675
f 1487/1072/6676 1486/1294/6676 1484/1064/6676
f 1554/1356/6677 1550/1355/6677 1556/1372/6677
f 1207/1226/6678 1244/1276/6678 1221/1241/6678
f 2617/2789/6679 2615/2778/6679 1198/1313/6679
f 2620/2790/6680 1272/1324/6680 1271/1326/6680
f 2620/2790/6681 2619/2788/6681 2615/2778/6681
f 2607/2764/6682 2620/2790/6682 2617/2789/6682
f 2607/2764/6683 834/893/6683 1272/1324/6683
f 550/340/6684 1458/1740/6684 263/977/6684
f 2574/2784/6685 2573/2696/6685 1271/1326/6685
f 1331/742/6686 1332/2072/6686 1330/2071/6686
f 1909/2047/6687 1899/2046/6687 1904/1921/6687
f 569/703/6688 572/702/6688 2153/2211/6688
f 1522/1490/6689 1521/1470/6689 1476/1916/6689
f 955/2688/6690 2570/2690/6690 1123/1161/6690
f 337/1238/6691 63/48/6691 64/49/6691
f 1015/1044/6692 1088/2783/6692 620/731/6692
f 2622/2792/6693 761/2796/6693 760/834/6693
f 2621/2793/6694 760/834/6694 1013/1042/6694
f 2623/2794/6695 2621/2793/6695 1840/1880/6695
f 831/888/6696 2622/2792/6696 2621/2793/6696
f 2596/2734/6697 1299/2730/6697 2190/2266/6697
f 2624/2795/6698 2190/2266/6698 761/2796/6698
f 1228/1244/6699 2624/2795/6699 2622/2792/6699
f 1274/1330/6700 2596/2734/6700 2624/2795/6700
f 1480/1225/6701 377/224/6701 378/226/6701
f 1248/1282/6702 1214/1230/6702 1255/1293/6702
f 2625/2797/6703 1255/1293/6703 1084/1292/6703
f 2623/2794/6704 2625/2797/6704 832/1110/6704
f 1788/1833/6705 1248/1282/6705 2625/2797/6705
f 87/2798/6706 252/150/6706 318/1290/6706
f 1743/1790/6707 851/2700/6707 2578/2785/6707
f 2605/2755/6708 2606/2754/6708 2627/2799/6708
f 588/1813/6709 1849/1698/6709 3372/2801/6709
f 1628/1023/6710 3402/1022/6710 3413/2802/6710
f 2006/1909/6711 2007/1908/6711 2004/2803/6711
f 605/1279/6712 525/680/6712 841/897/6712
f 1970/1840/6713 715/1838/6713 716/2804/6713
f 670/833/6714 759/832/6714 1238/1268/6714
f 837/896/6715 1028/1054/6715 2590/2726/6715
f 863/1806/6716 810/461/6716 862/1224/6716
f 621/2670/6717 620/731/6717 1088/2783/6717
f 2590/2726/6718 874/918/6718 873/920/6718
f 2589/2725/6719 901/936/6719 874/918/6719
f 1016/1045/6720 1015/1044/6720 1045/1070/6720
f 305/1115/6721 71/2684/6721 1465/1003/6721
f 1864/1723/6722 1923/1791/6722 297/1067/6722
f 1889/1943/6723 2628/3106/6723 1915/1983/6723
f 2629/2805/6724 2338/2410/6724 2337/2806/6724
f 2630/2808/6725 2629/2805/6725 2126/2807/6725
f 722/1770/6726 2106/2140/6726 2060/2141/6726
f 2288/2549/6727 2287/2367/6727 2368/2443/6727
f 2633/2809/6728 2634/3705/6728 1967/2023/6728
f 2336/2411/6729 2633/2809/6729 1966/2810/6729
f 2636/2811/6730 2637/2978/6730 2638/2812/6730
f 2639/2814/6731 2640/2947/6731 2641/2815/6731
f 2643/2817/6732 2644/3266/6732 2645/2818/6732
f 2648/2820/6733 2649/2943/6733 2650/2821/6733
f 2647/2822/6734 2650/2821/6734 2652/2823/6734
f 2653/2825/6735 2647/2822/6735 2651/2824/6735
f 2654/2827/6736 2648/2820/6736 2647/2822/6736
f 2656/2828/6737 2657/2922/6737 2658/2829/6737
f 2660/2831/6738 2661/3734/6738 2662/2832/6738
f 2659/2833/6739 2662/2832/6739 2663/2834/6739
f 2666/2836/6740 2667/2839/6740 2668/2837/6740
f 2667/2839/6741 2666/2836/6741 2670/2840/6741
f 2671/2842/6742 2672/2890/6742 2669/2841/6742
f 2675/2844/6743 2671/2842/6743 2673/2843/6743
f 2189/2262/6744 1346/1435/6744 2185/2258/6744
f 2676/2846/6745 1362/1440/6745 1575/1649/6745
f 3457/2848/6746 2676/2846/6746 2677/2847/6746
f 3467/2850/6747 2667/2839/6747 2669/2841/6747
f 1578/1651/6748 2678/2860/6748 2677/2847/6748
f 2181/2244/6749 2680/3019/6749 1581/1654/6749
f 2134/2188/6750 2029/2086/6750 2682/2852/6750
f 2683/2854/6751 2681/2853/6751 2682/2852/6751
f 3507/2856/6752 2681/2853/6752 2683/2854/6752
f 3482/2858/6753 2134/2188/6753 2681/2853/6753
f 1361/1688/6754 1360/1439/6754 2175/2239/6754
f 1361/1688/6755 2174/2263/6755 1597/2264/6755
f 1577/1650/6756 1596/1669/6756 2168/2234/6756
f 1578/1651/6757 2173/2863/6757 2685/2859/6757
f 2678/2860/6758 2685/2859/6758 3487/2861/6758
f 2687/2862/6759 2685/2859/6759 2173/2863/6759
f 2688/2864/6760 2686/3248/6760 3487/2861/6760
f 1477/1917/6761 427/263/6761 425/265/6761
f 2690/2866/6762 2691/2903/6762 3417/1427/6762
f 2079/618/6763 2080/2077/6763 24/2058/6763
f 3395/2867/6764 3406/3759/6764 2693/2868/6764
f 1649/1612/6765 1648/3787/6765 3785/2870/6765
f 2698/2872/6766 2699/2882/6766 2700/2873/6766
f 2697/2874/6767 2700/2873/6767 2701/2875/6767
f 2704/2877/6768 2698/2872/6768 2697/2874/6768
f 3420/2074/6769 3392/1648/6769 563/371/6769
f 3398/1436/6770 1963/2020/6770 1962/2202/6770
f 441/317/6771 57/44/6771 495/620/6771
f 2706/2879/6772 2707/2971/6772 2708/2880/6772
f 2699/2882/6773 2706/2879/6773 2705/2881/6773
f 2709/2883/6774 2674/2845/6774 2663/2834/6774
f 2710/2884/6775 2675/2844/6775 2674/2845/6775
f 2712/2885/6776 2713/2888/6776 2714/2886/6776
f 2713/2888/6777 2715/2896/6777 2716/2889/6777
f 2716/2889/6778 2717/2895/6778 2672/2890/6778
f 2714/2886/6779 2716/2889/6779 2671/2842/6779
f 2718/2891/6780 1359/1441/6780 1362/1440/6780
f 3450/2892/6781 2718/2891/6781 2676/2846/6781
f 2718/2891/6782 2719/2894/6782 2720/2893/6782
f 3450/2892/6783 3521/3740/6783 2719/2894/6783
f 2717/2895/6784 2716/2889/6784 2715/2896/6784
f 2711/2887/6785 2714/2886/6785 2675/2844/6785
f 208/138/6786 225/615/6786 224/1708/6786
f 3663/2898/6787 2726/3754/6787 2727/2899/6787
f 3664/2901/6788 2729/2908/6788 2724/2902/6788
f 2691/2903/6789 2730/3739/6789 3422/1476/6789
f 175/208/6790 177/163/6790 176/365/6790
f 2731/2904/6791 2732/2909/6791 2695/2905/6791
f 2724/2902/6792 2731/2904/6792 2696/2906/6792
f 2729/2908/6793 2733/2910/6793 2731/2904/6793
f 2732/2909/6794 2731/2904/6794 2733/2910/6794
f 3664/2901/6795 2728/3742/6795 2736/2912/6795
f 3655/2914/6796 2738/2969/6796 2735/2915/6796
f 3657/2916/6797 3659/3786/6797 2740/2917/6797
f 3652/2919/6798 2743/2923/6798 2739/2920/6798
f 2744/2921/6799 2658/2829/6799 2657/2922/6799
f 2743/2923/6800 2745/2924/6800 2744/2921/6800
f 2745/2924/6801 2743/2923/6801 2746/2925/6801
f 3652/2919/6802 2742/2932/6802 2747/2926/6802
f 3655/2914/6803 2737/3731/6803 2746/2925/6803
f 2635/2813/6804 2638/2812/6804 2749/2928/6804
f 2748/2929/6805 2749/2928/6805 2751/2930/6805
f 2742/2932/6806 2741/2918/6806 2748/2929/6806
f 2741/2918/6807 2740/2917/6807 2635/2813/6807
f 2752/2933/6808 2747/2926/6808 2742/2932/6808
f 2753/2934/6809 2752/2933/6809 2750/2931/6809
f 2754/2935/6810 2755/2936/6810 2752/2933/6810
f 2755/2936/6811 2738/2969/6811 2747/2926/6811
f 2757/2937/6812 2758/2951/6812 2759/2938/6812
f 2756/2939/6813 2759/2938/6813 2761/2940/6813
f 2762/2942/6814 2756/2939/6814 2760/2941/6814
f 2763/2944/6815 2757/2937/6815 2756/2939/6815
f 2760/2941/6816 2761/2940/6816 2765/2945/6816
f 2640/2947/6817 2764/2946/6817 2765/2945/6817
f 2652/2823/6818 2650/2821/6818 2764/2946/6818
f 2649/2943/6819 2760/2941/6819 2764/2946/6819
f 2766/2948/6820 2765/2945/6820 2761/2940/6820
f 2749/2928/6821 2766/2948/6821 2767/2949/6821
f 2767/2949/6822 2761/2940/6822 2759/2938/6822
f 2768/2950/6823 2759/2938/6823 2758/2951/6823
f 2753/2934/6824 2768/2950/6824 2769/2952/6824
f 2751/2930/6825 2767/2949/6825 2768/2950/6825
f 2770/2953/6826 2734/2911/6826 2771/2954/6826
f 2773/2956/6827 2770/2953/6827 2772/2955/6827
f 2703/2878/6828 2697/2874/6828 2702/2876/6828
f 2705/2881/6829 2708/2880/6829 2773/2956/6829
f 2700/2873/6830 2705/2881/6830 2776/2959/6830
f 2777/2960/6831 2778/2966/6831 2775/2958/6831
f 2779/2961/6832 2777/2960/6832 2702/2876/6832
f 2781/2962/6833 2763/2944/6833 2762/2942/6833
f 2780/2963/6834 2762/2942/6834 2649/2943/6834
f 2782/2964/6835 2780/2963/6835 2648/2820/6835
f 2783/2965/6836 2781/2962/6836 2780/2963/6836
f 2781/2962/6837 2783/2965/6837 2778/2966/6837
f 2763/2944/6838 2781/2962/6838 2777/2960/6838
f 2776/2959/6839 2773/2956/6839 2774/2957/6839
f 2701/2875/6840 2776/2959/6840 2784/2967/6840
f 2757/2937/6841 2763/2944/6841 2779/2961/6841
f 2758/2951/6842 2757/2937/6842 2784/2967/6842
f 2772/2955/6843 2771/2954/6843 2754/2935/6843
f 2774/2957/6844 2772/2955/6844 2769/2952/6844
f 2785/2968/6845 2735/2915/6845 2738/2969/6845
f 2771/2954/6846 2785/2968/6846 2755/2936/6846
f 2733/2910/6847 2729/2908/6847 2735/2915/6847
f 2734/2911/6848 2733/2910/6848 2785/2968/6848
f 2786/2970/6849 2732/2909/6849 2734/2911/6849
f 2708/2880/6850 2786/2970/6850 2770/2953/6850
f 2786/2970/6851 2708/2880/6851 2707/2971/6851
f 2732/2909/6852 2786/2970/6852 2787/2972/6852
f 1847/1953/6853 1844/1704/6853 1845/1705/6853
f 2642/2816/6854 2641/2815/6854 2766/2948/6854
f 290/1376/6855 291/980/6855 248/148/6855
f 2792/2974/6856 2636/2811/6856 2635/2813/6856
f 3653/2975/6857 3659/3786/6857 2657/2922/6857
f 2651/2824/6858 2652/2823/6858 2794/2976/6858
f 2766/2948/6859 2638/2812/6859 2637/2978/6859
f 2796/2979/6860 2797/3008/6860 2798/2980/6860
f 2655/2830/6861 2795/2981/6861 2798/2980/6861
f 3665/2982/6862 3666/3006/6862 2799/2983/6862
f 3665/2982/6863 2800/2984/6863 2792/2974/6863
f 2802/2985/6864 2803/2998/6864 2804/2986/6864
f 2801/2987/6865 2804/2986/6865 2637/2978/6865
f 2800/2984/6866 2801/2987/6866 2636/2811/6866
f 2799/2983/6867 2802/2985/6867 2801/2987/6867
f 2805/2988/6868 2806/3046/6868 2807/2989/6868
f 2808/2990/6869 2809/3000/6869 2810/2991/6869
f 2805/2988/6870 2810/2991/6870 2812/2992/6870
f 2813/2994/6871 2806/3046/6871 2805/2988/6871
f 1895/1952/6872 2095/2138/6872 2459/2995/6872
f 2815/2997/6873 2812/2992/6873 2642/2816/6873
f 2804/2986/6874 2815/2997/6874 2790/2973/6874
f 2803/2998/6875 2816/2999/6875 2815/2997/6875
f 2816/2999/6876 2811/2993/6876 2812/2992/6876
f 2809/3000/6877 2794/2976/6877 2639/2814/6877
f 2810/2991/6878 2639/2814/6878 2642/2816/6878
f 2817/3001/6879 2813/2994/6879 2811/2993/6879
f 2818/3002/6880 2817/3001/6880 2816/2999/6880
f 2819/3003/6881 2818/3002/6881 2803/2998/6881
f 2820/3004/6882 2819/3003/6882 2802/2985/6882
f 3656/3005/6883 2820/3004/6883 2799/2983/6883
f 2796/2979/6884 2822/3664/6884 2821/3007/6884
f 2821/3007/6885 2822/3664/6885 2824/3009/6885
f 1744/1788/6886 2578/2785/6886 1794/2766/6886
f 2825/3011/6887 2826/3059/6887 2819/3003/6887
f 2827/3012/6888 2828/3056/6888 2817/3001/6888
f 3656/3005/6889 2821/3007/6889 2823/3010/6889
f 616/2426/6890 564/381/6890 565/3014/6890
f 3400/1605/6891 3412/1606/6891 2787/2972/6891
f 424/262/6892 375/223/6892 538/331/6892
f 2690/2866/6893 2692/3751/6893 3499/3015/6893
f 2830/3017/6894 2831/3769/6894 1584/1656/6894
f 2180/3018/6895 2832/3024/6895 2680/3019/6895
f 3499/3015/6896 2692/3751/6896 2833/3020/6896
f 1584/1656/6897 2831/3769/6897 2679/2851/6897
f 3446/2245/6898 2181/2244/6898 2679/2851/6898
f 2168/2234/6899 1347/1433/6899 1346/1435/6899
f 2687/2862/6900 1591/2246/6900 1590/1663/6900
f 2835/3023/6901 2834/3022/6901 1590/1663/6901
f 3501/3025/6902 3500/3026/6902 2834/3022/6902
f 3500/3026/6903 3481/2865/6903 2687/2862/6903
f 2839/3027/6904 2836/3038/6904 3501/3025/6904
f 2838/3029/6905 2835/3023/6905 2832/3024/6905
f 3473/3030/6906 2838/3029/6906 2180/3018/6906
f 3477/3031/6907 2839/3027/6907 3472/3028/6907
f 3407/1629/6908 2120/2155/6908 2123/2157/6908
f 3392/1648/6909 1953/2184/6909 2131/3033/6909
f 3564/3034/6910 3433/2004/6910 698/367/6910
f 2845/3035/6911 2688/2864/6911 2837/3036/6911
f 2844/3037/6912 2837/3036/6912 2836/3038/6912
f 3469/3039/6913 2844/3037/6913 2839/3027/6913
f 3470/3040/6914 2845/3035/6914 2844/3037/6914
f 2846/3041/6915 2847/3249/6915 2688/2864/6915
f 3517/3042/6916 2846/3041/6916 2845/3035/6916
f 1674/1502/6917 1672/1498/6917 1664/1709/6917
f 765/1469/6918 487/3501/6918 488/2169/6918
f 1353/699/6919 635/362/6919 553/1280/6919
f 364/2170/6920 365/3456/6920 1853/3043/6920
f 3433/2004/6921 2146/2205/6921 2149/2207/6921
f 2849/3045/6922 2850/3050/6922 2806/3046/6922
f 2852/3047/6923 2853/3061/6923 2854/3048/6923
f 1858/1712/6924 1859/1713/6924 1861/1776/6924
f 2850/3050/6925 2855/3761/6925 2856/3051/6925
f 2858/3053/6926 2855/3761/6926 2850/3050/6926
f 1456/1049/6927 359/422/6927 507/1860/6927
f 1564/3054/6928 1546/975/6928 1547/1358/6928
f 2859/3055/6929 2858/3053/6929 2849/3045/6929
f 2860/3057/6930 2859/3055/6930 2828/3056/6930
f 3524/3058/6931 1666/1492/6931 1561/1364/6931
f 2806/3046/6932 2850/3050/6932 2857/3052/6932
f 2826/3059/6933 2827/3012/6933 2818/3002/6933
f 2828/3056/6934 2849/3045/6934 2813/2994/6934
f 2862/3060/6935 2854/3048/6935 2853/3061/6935
f 2861/3062/6936 2853/3061/6936 2857/3052/6936
f 3374/1653/6937 2861/3062/6937 2856/3051/6937
f 3371/1652/6938 2862/3060/6938 2861/3062/6938
f 2863/3063/6939 2864/4930/6939 2632/3064/6939
f 2863/3063/6940 2793/2977/6940 2794/2976/6940
f 2865/3065/6941 2863/3063/6941 2809/3000/6941
f 2866/3066/6942 2864/4930/6942 2863/3063/6942
f 2852/3047/6943 2865/3065/6943 2808/2990/6943
f 2851/3049/6944 2866/3066/6944 2865/3065/6944
f 711/366/6945 1881/2143/6945 1882/1739/6945
f 2823/3010/6946 2824/3009/6946 2867/3067/6946
f 533/325/6947 578/346/6947 38/30/6947
f 1443/945/6948 1531/1710/6948 523/319/6948
f 2827/3012/6949 2826/3059/6949 2869/3069/6949
f 2826/3059/6950 2825/3011/6950 2870/3070/6950
f 1519/1256/6951 442/271/6951 207/2742/6951
f 3658/3013/6952 2823/3010/6952 2868/3068/6952
f 1998/1958/6953 1606/1935/6953 1605/1389/6953
f 3564/3034/6954 3543/3334/6954 2146/2205/6954
f 1787/1643/6955 1796/2065/6955 1808/962/6955
f 2873/3072/6956 2874/3207/6956 2875/3073/6956
f 2872/3074/6957 2875/3073/6957 2877/3075/6957
f 2876/3076/6958 2200/3165/6958 2197/2281/6958
f 2873/3072/6959 2872/3074/6959 2197/2281/6959
f 2390/2468/6960 2391/2467/6960 2410/2487/6960
f 3606/3077/6961 2878/3083/6961 2879/3078/6961
f 3606/3077/6962 2076/3333/6962 2075/2123/6962
f 2881/3081/6963 2882/3204/6963 2883/3082/6963
f 2878/3083/6964 2883/3082/6964 2884/3084/6964
f 2320/2400/6965 2390/2468/6965 2423/2505/6965
f 2885/3086/6966 2886/3087/6966 2879/3078/6966
f 2886/3087/6967 2885/3086/6967 2888/3088/6967
f 3618/3090/6968 1980/2042/6968 2889/3091/6968
f 3643/3092/6969 2889/3091/6969 2880/3093/6969
f 2890/3094/6970 2889/3091/6970 1980/2042/6970
f 3424/3095/6971 3423/3782/6971 2078/2125/6971
f 1795/3096/6972 1792/1645/6972 1791/1677/6972
f 3379/1700/6973 2131/3033/6973 2034/2089/6973
f 935/1265/6974 790/504/6974 939/506/6974
f 656/3098/6975 659/1628/6975 658/3099/6975
f 617/2116/6976 694/1352/6976 697/1304/6976
f 1971/1844/6977 716/2804/6977 717/387/6977
f 1972/1845/6978 1971/1844/6978 783/1458/6978
f 415/1031/6979 1513/1296/6979 1511/1255/6979
f 2892/3100/6980 2893/3304/6980 868/1876/6980
f 1290/1344/6981 1133/1167/6981 1132/1169/6981
f 1187/1754/6982 1888/1942/6982 2894/3101/6982
f 869/914/6983 937/972/6983 2167/3102/6983
f 1929/1800/6984 1925/1797/6984 1926/1798/6984
f 1115/2752/6985 1055/1086/6985 1295/1383/6985
f 731/818/6986 649/756/6986 2896/3103/6986
f 1580/1900/6987 1574/1453/6987 1586/1454/6987
f 2191/2269/6988 2194/2268/6988 1687/3105/6988
f 1132/1169/6989 1135/1168/6989 825/884/6989
f 2628/3106/6990 1889/1943/6990 1891/1945/6990
f 2897/3107/6991 2194/2268/6991 2193/3108/6991
f 782/852/6992 696/787/6992 695/786/6992
f 662/3110/6993 661/768/6993 1976/2025/6993
f 517/677/6994 820/881/6994 674/882/6994
f 1798/2662/6995 1182/1210/6995 2553/2657/6995
f 2899/3111/6996 2900/3142/6996 586/710/6996
f 2899/3111/6997 1867/1924/6997 1866/1923/6997
f 2901/3112/6998 2899/3111/6998 1297/2681/6998
f 2902/3113/6999 2900/3142/6999 2899/3111/6999
f 2903/3114/7000 2559/2665/7000 2557/2664/7000
f 2901/3112/7001 2904/3131/7001 2561/2667/7001
f 2906/3115/7002 1290/1344/7002 1289/1343/7002
f 2907/3117/7003 2908/3122/7003 2909/3118/7003
f 2911/3120/7004 2907/3117/7004 2910/3119/7004
f 1083/1108/7005 1035/2674/7005 2907/3117/7005
f 1035/2674/7006 1034/1059/7006 2908/3122/7006
f 1381/745/7007 1372/743/7007 1331/742/7007
f 1288/1342/7008 902/2287/7008 2160/2221/7008
f 1885/1940/7009 1687/3105/7009 2194/2268/7009
f 906/941/7010 2914/3127/7010 2915/3124/7010
f 2917/3125/7011 2909/3118/7011 2908/3122/7011
f 2916/3126/7012 2908/3122/7012 1034/1059/7012
f 2915/3124/7013 2916/3126/7013 2895/3104/7013
f 2914/3127/7014 2917/3125/7014 2916/3126/7014
f 2918/3128/7015 2914/3127/7015 2152/2212/7015
f 2918/3128/7016 2919/3129/7016 2912/3121/7016
f 2909/3118/7017 2917/3125/7017 2918/3128/7017
f 1080/1109/7018 1083/1108/7018 2911/3120/7018
f 2920/3130/7019 2911/3120/7019 2912/3121/7019
f 2152/2212/7020 2153/2211/7020 2920/3130/7020
f 572/702/7021 1080/1109/7021 2920/3130/7021
f 287/1803/7022 288/1160/7022 423/1316/7022
f 2560/2668/7023 2561/2667/7023 2904/3131/7023
f 2921/3132/7024 2904/3131/7024 1033/1057/7024
f 1278/1335/7025 2921/3132/7025 1883/1938/7025
f 1251/1345/7026 2560/2668/7026 2921/3132/7026
f 1938/1814/7027 1919/1785/7027 1944/1821/7027
f 2555/2745/7028 1721/2660/7028 1720/1773/7028
f 1389/777/7029 1388/773/7029 1383/763/7029
f 3425/1731/7030 3389/472/7030 723/471/7030
f 2593/2729/7031 2592/3146/7031 2626/2800/7031
f 1436/2061/7032 1829/2063/7032 1981/2107/7032
f 902/2287/7033 1288/1342/7033 2616/2782/7033
f 1367/2271/7034 1366/729/7034 1344/695/7034
f 544/1139/7035 1975/2027/7035 1841/2026/7035
f 822/1402/7036 828/1401/7036 3684/587/7036
f 1813/1864/7037 2628/3106/7037 2541/2642/7037
f 913/949/7038 1059/1088/7038 1058/2705/7038
f 1404/813/7039 1405/817/7039 1400/939/7039
f 519/2647/7040 641/751/7040 703/792/7040
f 1008/1037/7041 1002/1034/7041 1004/1035/7041
f 757/831/7042 893/928/7042 892/2650/7042
f 2567/2683/7043 1180/1301/7043 1179/1207/7043
f 431/2727/7044 428/266/7044 1499/1317/7044
f 770/1084/7045 1262/1312/7045 571/1170/7045
f 2009/1920/7046 2010/1910/7046 1571/1373/7046
f 1817/2759/7047 971/999/7047 970/2682/7047
f 56/40/7048 102/77/7048 83/78/7048
f 324/3133/7049 1488/1796/7049 1468/1012/7049
f 253/1310/7050 254/329/7050 130/1099/7050
f 179/123/7051 180/122/7051 439/270/7051
f 1678/1505/7052 1679/1504/7052 1685/1552/7052
f 1884/1937/7053 1032/1061/7053 1036/1060/7053
f 2922/3134/7054 1036/1060/7054 1082/2675/7054
f 1262/1312/7055 2922/3134/7055 1081/1107/7055
f 1261/2290/7056 1884/1937/7056 2922/3134/7056
f 2923/3135/7057 2924/3153/7057 2925/3136/7057
f 2925/3136/7058 2924/3153/7058 637/846/7058
f 602/2216/7059 979/1008/7059 22/2654/7059
f 1976/2025/7060 661/768/7060 1185/2758/7060
f 937/972/7061 585/942/7061 584/709/7061
f 1026/1052/7062 2090/2232/7062 2167/3102/7062
f 870/915/7063 869/914/7063 2166/2231/7063
f 2927/3138/7064 2166/2231/7064 2089/2133/7064
f 1003/1204/7065 640/1179/7065 593/750/7065
f 2628/3106/7066 1813/1864/7066 1912/1984/7066
f 2092/2135/7067 2091/2134/7067 1242/1271/7067
f 2929/3140/7068 1242/1271/7068 1241/1273/7068
f 2913/3123/7069 2203/2288/7069 1078/1104/7069
f 626/2709/7070 625/736/7070 1732/1780/7070
f 178/121/7071 467/1050/7071 451/282/7071
f 1018/1128/7072 1017/1046/7072 1291/1346/7072
f 1098/1127/7073 2930/3144/7073 2931/3141/7073
f 2900/3142/7074 2902/3113/7074 2903/3114/7074
f 2932/3143/7075 2903/3114/7075 2556/2663/7075
f 1025/1053/7076 587/711/7076 2932/3143/7076
f 587/711/7077 586/710/7077 2900/3142/7077
f 2601/2750/7078 2600/2746/7078 781/853/7078
f 2006/1909/7079 2016/1928/7079 2018/1931/7079
f 2005/1907/7080 2018/1931/7080 2020/1933/7080
f 404/236/7081 295/1174/7081 1506/1173/7081
f 2930/3144/7082 1098/1127/7082 2605/2755/7082
f 2933/3145/7083 2605/2755/7083 2626/2800/7083
f 2934/3147/7084 2933/3145/7084 2592/3146/7084
f 2923/3135/7085 2930/3144/7085 2933/3145/7085
f 1828/1878/7086 1067/1094/7086 1068/1095/7086
f 2935/3148/7087 1746/1789/7087 1099/1125/7087
f 2936/3149/7088 2935/3148/7088 2931/3141/7088
f 1285/2780/7089 2935/3148/7089 2936/3149/7089
f 1743/1790/7090 1746/1789/7090 2935/3148/7090
f 1287/1341/7091 1286/1340/7091 1722/3150/7091
f 2937/3151/7092 2936/3149/7092 2926/3137/7092
f 2937/3151/7093 2925/3136/7093 775/845/7093
f 1722/3150/7094 2937/3151/7094 1069/1096/7094
f 1286/1340/7095 2936/3149/7095 2937/3151/7095
f 2930/3144/7096 2923/3135/7096 2926/3137/7096
f 732/2738/7097 731/818/7097 2895/3104/7097
f 2902/3113/7098 2561/2667/7098 2559/2665/7098
f 2938/3152/7099 638/748/7099 637/846/7099
f 2934/3147/7100 2938/3152/7100 2924/3153/7100
f 704/795/7101 707/794/7101 2938/3152/7101
f 707/794/7102 2545/2645/7102 638/748/7102
f 2603/2753/7103 1075/1105/7103 1243/1272/7103
f 2593/2729/7104 2939/3154/7104 1243/1272/7104
f 2627/2799/7105 2603/2753/7105 2939/3154/7105
f 1284/1339/7106 2940/3156/7106 2941/3155/7106
f 2940/3156/7107 2942/3174/7107 2943/3157/7107
f 2941/3155/7108 2943/3157/7108 2944/3158/7108
f 1282/1337/7109 2941/3155/7109 2945/3159/7109
f 1959/2724/7110 556/425/7110 715/1838/7110
f 897/1080/7111 2579/2703/7111 954/986/7111
f 726/1209/7112 1181/1208/7112 836/892/7112
f 2604/3160/7113 2627/2799/7113 2606/2754/7113
f 2946/3161/7114 2606/2754/7114 1101/1126/7114
f 1077/2711/7115 2946/3161/7115 2905/3116/7115
f 1076/1103/7116 2604/3160/7116 2946/3161/7116
f 1100/3162/7117 2906/3115/7117 2905/3116/7117
f 2947/3163/7118 1793/1842/7118 1134/1843/7118
f 2906/3115/7119 2947/3163/7119 1133/1167/7119
f 1100/3162/7120 1745/2646/7120 2947/3163/7120
f 1745/2646/7121 1744/1788/7121 1793/1842/7121
f 1031/1058/7122 1033/1057/7122 2904/3131/7122
f 2896/3103/7123 649/756/7123 648/758/7123
f 2547/2649/7124 2546/2715/7124 2585/2713/7124
f 1072/1100/7125 644/2761/7125 672/776/7125
f 2948/3164/7126 2949/3169/7126 2200/3165/7126
f 2950/3166/7127 2948/3164/7127 2876/3076/7127
f 2951/3167/7128 2952/3168/7128 2948/3164/7128
f 2952/3168/7129 2953/3176/7129 2949/3169/7129
f 2954/3170/7130 2955/3171/7130 2940/3156/7130
f 2202/2283/7131 2956/3172/7131 2955/3171/7131
f 2956/3172/7132 2953/3176/7132 2957/3173/7132
f 2955/3171/7133 2957/3173/7133 2942/3174/7133
f 2958/3175/7134 2959/3178/7134 2957/3173/7134
f 2960/3177/7135 2961/3179/7135 2959/3178/7135
f 2961/3179/7136 2962/3208/7136 2963/3180/7136
f 2957/3173/7137 2959/3178/7137 2963/3180/7137
f 2952/3168/7138 2951/3167/7138 2965/3181/7138
f 2964/3182/7139 2965/3181/7139 2967/3183/7139
f 2966/3184/7140 2960/3177/7140 2958/3175/7140
f 2953/3176/7141 2952/3168/7141 2964/3182/7141
f 2968/3185/7142 2949/3169/7142 2953/3176/7142
f 2956/3172/7143 2202/2283/7143 2201/2282/7143
f 2200/3165/7144 2949/3169/7144 2968/3185/7144
f 2159/2284/7145 2202/2283/7145 2913/3123/7145
f 2155/2285/7146 2154/2217/7146 2589/2725/7146
f 2970/3186/7147 848/902/7147 2152/2212/7147
f 914/950/7148 2971/3401/7148 1912/1984/7148
f 1960/2762/7149 3614/3214/7149 3616/1988/7149
f 2972/3188/7150 2973/3191/7150 2974/3189/7150
f 2973/3191/7151 2976/3193/7151 2977/3192/7151
f 2974/3189/7152 2977/3192/7152 2156/2218/7152
f 2975/3190/7153 2974/3189/7153 1914/2286/7153
f 2977/3192/7154 2978/3194/7154 2157/2219/7154
f 2976/3193/7155 2979/3195/7155 2978/3194/7155
f 2979/3195/7156 2196/2278/7156 2199/2280/7156
f 2978/3194/7157 2199/2280/7157 2158/2220/7157
f 2980/3196/7158 2981/4931/7158 2945/3159/7158
f 2945/3159/7159 2981/4931/7159 2982/3197/7159
f 2391/2467/7160 2394/2473/7160 2397/2472/7160
f 3416/1861/7161 2034/2089/7161 2033/2091/7161
f 3395/2867/7162 2694/2869/7162 3628/3198/7162
f 423/1316/7163 344/1315/7163 345/198/7163
f 2059/1996/7164 1389/777/7164 1385/765/7164
f 3382/969/7165 2788/3764/7165 2842/3200/7165
f 3628/3198/7166 3596/3080/7166 2075/2123/7166
f 2983/3201/7167 2535/2631/7167 2110/3202/7167
f 2889/3091/7168 2890/3094/7168 2848/3203/7168
f 2881/3081/7169 2694/2869/7169 2693/2868/7169
f 2534/3205/7170 2533/2630/7170 2984/3206/7170
f 2429/2616/7171 2310/2394/7171 2313/2393/7171
f 2985/3212/7172 2517/2611/7172 2520/2613/7172
f 2884/3084/7173 2960/3177/7173 2966/3184/7173
f 2962/3208/7174 2518/3210/7174 2986/3209/7174
f 2518/3210/7175 2517/2611/7175 2987/3211/7175
f 2987/3211/7176 2944/3158/7176 2943/3157/7176
f 2986/3209/7177 2943/3157/7177 2942/3174/7177
f 2985/3212/7178 2988/3213/7178 2987/3211/7178
f 2988/3213/7179 2980/3196/7179 2944/3158/7179
f 2885/3086/7180 2966/3184/7180 2967/3183/7180
f 469/355/7181 470/354/7181 483/294/7181
f 690/1309/7182 3759/619/7182 3732/2113/7182
f 3425/1731/7183 2137/3750/7183 2164/2228/7183
f 1960/2762/7184 1957/2723/7184 3613/789/7184
f 3401/1882/7185 1979/2041/7185 1963/2020/7185
f 3426/1883/7186 3390/470/7186 2165/3215/7186
f 1146/573/7187 1129/557/7187 1130/559/7187
f 2511/3217/7188 2491/2581/7188 2490/2636/7188
f 2928/3139/7189 2089/2133/7189 2092/2135/7189
f 2989/3219/7190 2092/2135/7190 2929/3140/7190
f 2883/3082/7191 2961/3179/7191 2960/3177/7191
f 2965/3181/7192 2990/3368/7192 2888/3088/7192
f 1642/1768/7193 2116/830/7193 481/413/7193
f 3709/2051/7194 2066/2008/7194 1411/825/7194
f 1937/2001/7195 2124/2160/7195 3593/3220/7195
f 2991/3222/7196 2992/3226/7196 2473/2562/7196
f 2993/3223/7197 2991/3222/7197 2500/2591/7197
f 1934/2002/7198 1937/2001/7198 3627/3221/7198
f 2994/3225/7199 2262/2343/7199 2258/2563/7199
f 2992/3226/7200 2994/3225/7200 2472/2561/7200
f 3593/3220/7201 3591/3227/7201 2994/3225/7201
f 3591/3227/7202 3607/2341/7202 2262/2343/7202
f 2682/2852/7203 2995/3229/7203 2996/3228/7203
f 2682/2852/7204 2029/2086/7204 2032/2088/7204
f 2997/3230/7205 2996/3228/7205 2998/3231/7205
f 3001/3233/7206 2997/3230/7206 3002/3234/7206
f 3001/3233/7207 2684/2855/7207 2996/3228/7207
f 3004/3236/7208 3000/3235/7208 3002/3234/7208
f 3005/3238/7209 2670/2840/7209 2666/2836/7209
f 2673/2843/7210 2669/2841/7210 2670/2840/7210
f 3005/3238/7211 2663/2834/7211 2674/2845/7211
f 2664/2835/7212 2663/2834/7212 3005/3238/7212
f 3006/3239/7213 3005/3238/7213 2665/2838/7213
f 3008/3241/7214 3009/3244/7214 3010/3242/7214
f 3011/3243/7215 3008/3241/7215 2999/3232/7215
f 3009/3244/7216 3006/3239/7216 3007/3240/7216
f 3012/3245/7217 2665/2838/7217 2668/2837/7217
f 3013/3246/7218 2847/3249/7218 3014/3247/7218
f 2686/3248/7219 2688/2864/7219 2847/3249/7219
f 2667/2839/7220 2686/3248/7220 3013/3246/7220
f 3014/3247/7221 3004/3236/7221 3003/3237/7221
f 3012/3245/7222 3003/3237/7222 3007/3240/7222
f 2789/3250/7223 2722/3308/7223 3451/3251/7223
f 3014/3247/7224 3015/3254/7224 3016/3253/7224
f 3517/3042/7225 2788/3764/7225 2789/3250/7225
f 2847/3249/7226 2846/3041/7226 3015/3254/7226
f 3010/3242/7227 3007/3240/7227 3003/3237/7227
f 2999/3232/7228 3010/3242/7228 3002/3234/7228
f 2032/2088/7229 2069/2118/7229 3017/3255/7229
f 2995/3229/7230 3017/3255/7230 2998/3231/7230
f 2337/2806/7231 2129/2161/7231 2128/2162/7231
f 3011/3243/7232 2998/3231/7232 3017/3255/7232
f 2069/2118/7233 2150/2229/7233 3018/3257/7233
f 3020/3258/7234 2659/2833/7234 2664/2835/7234
f 3019/3259/7235 2664/2835/7235 3006/3239/7235
f 3022/3260/7236 3020/3258/7236 3019/3259/7236
f 3021/3261/7237 3019/3259/7237 3009/3244/7237
f 3023/3262/7238 3021/3261/7238 3008/3241/7238
f 3024/3263/7239 3022/3260/7239 3021/3261/7239
f 3025/3264/7240 2660/2831/7240 2659/2833/7240
f 3027/3265/7241 2645/2818/7241 2644/3266/7241
f 3029/3268/7242 3027/3265/7242 3026/3267/7242
f 3031/3270/7243 3029/3268/7243 3028/3269/7243
f 3030/3271/7244 3028/3269/7244 3032/3272/7244
f 3028/3269/7245 3026/3267/7245 3025/3264/7245
f 3034/3274/7246 3024/3263/7246 3023/3262/7246
f 3034/3274/7247 3035/3275/7247 1714/2208/7247
f 3036/3276/7248 3037/3279/7248 3038/3277/7248
f 3037/3279/7249 3030/3271/7249 3033/3273/7249
f 3040/3280/7250 3031/3270/7250 3030/3271/7250
f 3041/3281/7251 3040/3280/7251 3037/3279/7251
f 1967/2023/7252 2634/3705/7252 3040/3280/7252
f 3712/651/7253 3716/642/7253 1312/644/7253
f 1042/2120/7254 1023/524/7254 1024/523/7254
f 1773/1631/7255 3697/1619/7255 3689/1414/7255
f 1968/2024/7256 1967/2023/7256 3041/3281/7256
f 3023/3262/7257 3011/3243/7257 3018/3257/7257
f 3035/3275/7258 3018/3257/7258 2150/2229/7258
f 1715/1765/7259 2151/2209/7259 3641/3283/7259
f 3043/3285/7260 3044/3300/7260 2457/2547/7260
f 3045/3286/7261 3043/3285/7261 2455/2545/7261
f 1712/1766/7262 1715/1765/7262 3626/3284/7262
f 3046/3288/7263 3036/3276/7263 3039/3278/7263
f 2266/2346/7264 2344/2415/7264 2253/2439/7264
f 2372/2448/7265 2257/2338/7265 2256/2340/7265
f 1965/2022/7266 1968/2024/7266 3570/3290/7266
f 2461/2550/7267 3048/3293/7267 3049/3292/7267
f 2259/2339/7268 2261/2342/7268 3048/3293/7268
f 2128/2162/7269 1965/2022/7269 3571/3291/7269
f 3050/3295/7270 3051/3735/7270 2469/2558/7270
f 3046/3288/7271 3047/3289/7271 3603/3296/7271
f 3644/3298/7272 3042/3282/7272 3046/3288/7272
f 3052/3299/7273 3050/3295/7273 2466/2555/7273
f 2462/2551/7274 3049/3292/7274 3052/3299/7274
f 3570/3290/7275 1968/2024/7275 3042/3282/7275
f 2485/2577/7276 2457/2547/7276 3044/3300/7276
f 3641/3283/7277 3619/3303/7277 3053/3301/7277
f 2487/2579/7278 2485/2577/7278 3053/3301/7278
f 3619/3303/7279 3636/3322/7279 3054/3302/7279
f 938/973/7280 868/1876/7280 2893/3304/7280
f 1886/3305/7281 1885/1940/7281 2897/3107/7281
f 2335/3307/7282 2360/2432/7282 2354/2423/7282
f 2287/2367/7283 2281/2362/7283 2282/2363/7283
f 2261/2342/7284 2259/2339/7284 2258/2563/7284
f 2640/2947/7285 2639/2814/7285 2794/2976/7285
f 2631/2826/7286 2651/2824/7286 2793/2977/7286
f 2814/2996/7287 2791/3620/7287 1327/1409/7287
f 336/373/7288 281/172/7288 168/174/7288
f 1833/1690/7289 1834/1689/7289 1839/1877/7289
f 2722/3308/7290 2723/3312/7290 3466/3309/7290
f 3016/3253/7291 3056/3767/7291 3000/3235/7291
f 2891/3216/7292 2165/3215/7292 3508/2857/7292
f 3001/3233/7293 3057/3311/7293 2683/2854/7293
f 3000/3235/7294 3056/3767/7294 3057/3311/7294
f 2723/3312/7295 2891/3216/7295 3462/3310/7295
f 3729/2039/7296 3768/2127/7296 676/370/7296
f 2067/2009/7297 1385/765/7297 1384/760/7297
f 1331/742/7298 1329/667/7298 1334/668/7298
f 1542/1349/7299 1725/1563/7299 1741/1662/7299
f 3431/1306/7300 2145/2214/7300 2073/2122/7300
f 3420/2074/7301 1954/2013/7301 1953/2184/7301
f 3058/3313/7302 2510/2600/7302 2478/2569/7302
f 3610/3315/7303 3058/3313/7303 3059/3314/7303
f 3601/3317/7304 3061/3318/7304 3058/3313/7304
f 3061/3318/7305 2509/2599/7305 2510/2600/7305
f 3108/3319/7306 3110/2175/7306 3109/3320/7306
f 3463/3321/7307 2135/2187/7307 2134/2188/7307
f 3054/3302/7308 3062/3323/7308 2483/2572/7308
f 3636/3322/7309 3637/3325/7309 3062/3323/7309
f 3505/3324/7310 3064/3328/7310 2477/2566/7310
f 3062/3323/7311 3063/3326/7311 2482/2573/7311
f 3637/3325/7312 3639/3766/7312 3063/3326/7312
f 3647/3327/7313 3640/3330/7313 3064/3328/7313
f 3065/3329/7314 3059/3314/7314 2478/2569/7314
f 3064/3328/7315 3065/3329/7315 2476/2567/7315
f 3640/3330/7316 3635/3331/7316 3065/3329/7316
f 3635/3331/7317 3609/3316/7317 3059/3314/7317
f 3060/3332/7318 2689/3385/7318 2149/2207/7318
f 2126/2807/7319 2337/2806/7319 2260/3256/7319
f 2076/3333/7320 2880/3093/7320 2848/3203/7320
f 3543/3334/7321 3544/3776/7321 2147/3335/7321
f 3578/3336/7322 2141/2192/7322 2140/2194/7322
f 2519/2612/7323 2882/3204/7323 2693/2868/7323
f 2520/2613/7324 2519/2612/7324 2871/3338/7324
f 1827/1679/7325 778/1836/7325 779/1682/7325
f 3572/3339/7326 2122/2156/7326 2121/3340/7326
f 3565/3341/7327 2121/3340/7327 3595/3342/7327
f 326/499/7328 3066/3346/7328 3633/3344/7328
f 329/501/7329 3067/3775/7329 3066/3346/7329
f 3648/3347/7330 3542/3348/7330 3061/3318/7330
f 3542/3348/7331 3556/2601/7331 2509/2599/7331
f 2883/3082/7332 2882/3204/7332 2962/3208/7332
f 3581/3345/7333 3589/3355/7333 327/3349/7333
f 329/501/7334 328/500/7334 2491/2581/7334
f 3068/3350/7335 3069/3351/7335 2111/2148/7335
f 2534/3205/7336 3068/3350/7336 2110/3202/7336
f 2874/3207/7337 2873/3072/7337 3068/3350/7337
f 3069/3351/7338 3068/3350/7338 2873/3072/7338
f 3566/3352/7339 2109/2147/7339 2112/2149/7339
f 2492/2583/7340 3070/3780/7340 3071/3354/7340
f 327/3349/7341 3070/3780/7341 2492/2583/7341
f 3589/3355/7342 2983/3201/7342 2109/2147/7342
f 3623/3356/7343 2133/2186/7343 1934/2002/7343
f 2504/2594/7344 3072/3357/7344 2993/3223/7344
f 2493/2585/7345 3071/3354/7345 3072/3357/7345
f 3568/3353/7346 2112/2149/7346 2133/2186/7346
f 2979/3195/7347 2976/3193/7347 3074/3358/7347
f 3073/3359/7348 3074/3358/7348 1935/2000/7348
f 3069/3351/7349 3073/3359/7349 2132/2185/7349
f 2196/2278/7350 2979/3195/7350 3073/3359/7350
f 718/389/7351 719/388/7351 1875/3360/7351
f 2973/3191/7352 2972/3188/7352 2630/2808/7352
f 3075/3361/7353 2630/2808/7353 2125/2158/7353
f 3074/3358/7354 3075/3361/7354 1936/2163/7354
f 2976/3193/7355 2973/3191/7355 3075/3361/7355
f 3113/3362/7356 3116/3446/7356 3115/3363/7356
f 2066/2008/7357 2063/2007/7357 1412/829/7357
f 3676/863/7358 1645/1131/7358 1644/1133/7358
f 131/95/7359 132/94/7359 434/2768/7359
f 1531/1710/7360 557/426/7360 554/1289/7360
f 2877/3075/7361 3076/3367/7361 3077/3366/7361
f 2875/3073/7362 3078/3378/7362 3076/3367/7362
f 1865/1722/7363 444/272/7363 331/488/7363
f 3042/3282/7364 3041/3281/7364 3036/3276/7364
f 1509/2291/7365 314/1823/7365 311/1824/7365
f 2887/3089/7366 2888/3088/7366 2990/3368/7366
f 3079/3369/7367 2990/3368/7367 3081/3370/7367
f 3583/3372/7368 1961/2019/7368 1964/2021/7368
f 3579/3373/7369 1964/2021/7369 1980/2042/7369
f 3080/3371/7370 3081/3370/7370 3077/3366/7370
f 3082/3374/7371 3077/3366/7371 3076/3367/7371
f 3638/3376/7372 3082/3374/7372 3083/3375/7372
f 3583/3372/7373 3080/3371/7373 3082/3374/7373
f 3083/3375/7374 3076/3367/7374 3078/3378/7374
f 3084/3379/7375 3078/3378/7375 2984/3206/7375
f 3611/3381/7376 3084/3379/7376 3085/3380/7376
f 3615/3377/7377 3083/3375/7377 3084/3379/7377
f 3081/3370/7378 2951/3167/7378 2950/3166/7378
f 2518/3210/7379 2962/3208/7379 2882/3204/7379
f 3085/3380/7380 2984/3206/7380 2533/2630/7380
f 3086/3383/7381 2533/2630/7381 2142/2632/7381
f 3642/3384/7382 3086/3383/7382 2141/2192/7382
f 3608/3382/7383 3085/3380/7383 3086/3383/7383
f 2133/2186/7384 2132/2185/7384 1935/2000/7384
f 2139/2191/7385 2138/2190/7385 2689/3385/7385
f 2063/2007/7386 2064/2029/7386 1380/746/7386
f 1428/923/7387 1427/3725/7387 1430/868/7387
f 2142/2632/7388 2535/2631/7388 2983/3201/7388
f 2393/2635/7389 2392/2469/7389 2512/3218/7389
f 471/393/7390 468/353/7390 1588/1378/7390
f 325/1233/7391 1473/1027/7391 227/1026/7391
f 2990/3368/7392 2965/3181/7392 2951/3167/7392
f 2954/3170/7393 2203/2288/7393 2913/3123/7393
f 2162/2224/7394 1887/1941/7394 1886/3305/7394
f 2321/2401/7395 2320/2400/7395 2424/3085/7395
f 213/4928/7396 2163/2223/7396 3087/3386/7396
f 2163/2223/7397 1886/3305/7397 3055/3306/7397
f 3087/3386/7398 3055/3306/7398 2893/3304/7398
f 2874/3207/7399 2984/3206/7399 3078/3378/7399
f 1508/2760/7400 311/1824/7400 1903/1922/7400
f 2035/3388/7401 2034/2089/7401 2131/3033/7401
f 3592/3389/7402 3595/3342/7402 2121/3340/7402
f 1871/1724/7403 1872/1720/7403 1880/1735/7403
f 935/1265/7404 936/3097/7404 940/3390/7404
f 3055/3306/7405 2897/3107/7405 2898/3109/7405
f 2161/2222/7406 2154/2217/7406 2157/2219/7406
f 656/3098/7407 3736/1175/7407 3646/1177/7407
f 1124/572/7408 1121/564/7408 1120/1825/7408
f 2187/2261/7409 2185/2258/7409 1375/1449/7409
f 1576/1687/7410 1597/2264/7410 1596/1669/7410
f 1376/1450/7411 1375/1449/7411 2185/2258/7411
f 3143/3391/7412 3145/3423/7412 3144/3392/7412
f 1348/2242/7413 3088/3394/7413 3089/3393/7413
f 3089/3393/7414 1376/1450/7414 2186/2257/7414
f 2186/2257/7415 1349/1434/7415 3089/3393/7415
f 3088/3394/7416 2177/2241/7416 2169/2236/7416
f 1376/1450/7417 3089/3393/7417 3091/3396/7417
f 3091/3396/7418 3092/3622/7418 2182/2248/7418
f 1594/1666/7419 3093/3397/7419 2720/2893/7419
f 1582/2259/7420 1581/1654/7420 2680/3019/7420
f 1583/1655/7421 1582/2259/7421 2184/2256/7421
f 2175/2239/7422 1360/1439/7422 3093/3397/7422
f 2176/2240/7423 2175/2239/7423 3094/3398/7423
f 2189/2262/7424 1592/1664/7424 2172/2237/7424
f 2832/3024/7425 1590/1663/7425 1589/1665/7425
f 127/1810/7426 128/418/7426 1525/1322/7426
f 1528/1406/7427 409/249/7427 502/306/7427
f 1062/1092/7428 1061/1091/7428 2575/2697/7428
f 3096/3400/7429 849/903/7429 848/902/7429
f 849/903/7430 3096/3400/7430 2971/3401/7430
f 1241/1273/7431 1243/1272/7431 1075/1105/7431
f 1242/1271/7432 2091/2134/7432 706/2644/7432
f 917/952/7433 1123/1161/7433 2568/2686/7433
f 2090/2232/7434 1026/1052/7434 706/2644/7434
f 2154/2217/7435 2161/2222/7435 901/936/7435
f 1908/2791/7436 500/961/7436 497/1328/7436
f 1284/1339/7437 1283/1338/7437 2203/2288/7437
f 1457/971/7438 352/202/7438 1456/1049/7438
f 2807/2989/7439 2857/3052/7439 2853/3061/7439
f 1646/3402/7440 1647/3788/7440 1618/1545/7440
f 137/985/7441 1460/984/7441 1459/1195/7441
f 33/19/7442 34/21/7442 408/1002/7442
f 1888/1942/7443 1887/1941/7443 3097/3403/7443
f 100/2732/7444 85/67/7444 293/427/7444
f 2045/1968/7445 2042/1962/7445 2027/1948/7445
f 531/1763/7446 290/1376/7446 350/1014/7446
f 1887/1941/7447 2162/2224/7447 3098/3404/7447
f 226/1029/7448 1482/1051/7448 204/170/7448
f 3704/2034/7449 3680/1634/7449 1781/1632/7449
f 1927/3405/7450 1832/2092/7450 1831/1681/7450
f 215/305/7451 3098/3404/7451 2162/2224/7451
f 3514/3406/7452 3515/3483/7452 3464/3407/7452
f 2108/3409/7453 2107/2153/7453 457/399/7453
f 457/399/7454 458/284/7454 2108/3409/7454
f 753/410/7455 466/2144/7455 2108/3409/7455
f 1888/1942/7456 1187/1754/7456 1687/3105/7456
f 3142/2251/7457 3131/2225/7457 3132/2227/7457
f 3123/2180/7458 3124/2182/7458 3146/3410/7458
f 3157/3412/7459 3129/2203/7459 3123/2180/7459
f 3159/3413/7460 3147/2265/7460 3110/2175/7460
f 3115/3363/7461 3116/3446/7461 3161/3414/7461
f 3122/3416/7462 3119/2177/7462 3157/3412/7462
f 3163/3418/7463 3121/2178/7463 3122/3416/7463
f 3130/3420/7464 3129/2203/7464 3158/3421/7464
f 3136/2250/7465 3139/2252/7465 3138/2255/7465
f 3124/2182/7466 3144/3392/7466 3145/3423/7466
f 3108/3319/7467 3105/2171/7467 3160/3424/7467
f 3146/3410/7468 3145/3423/7468 3150/3425/7468
f 3156/3411/7469 3146/3410/7469 3151/3415/7469
f 3149/3426/7470 3144/3392/7470 3124/2182/7470
f 3119/2177/7471 3158/3421/7471 3129/2203/7471
f 3153/3427/7472 3125/2181/7472 3126/2204/7472
f 3154/3429/7473 3130/3420/7473 3164/3422/7473
f 3166/3431/7474 3167/3434/7474 3171/3432/7474
f 3167/3434/7475 3135/3448/7475 3172/3435/7475
f 3132/2227/7476 3133/2226/7476 3165/3433/7476
f 3177/1547/7477 3163/3418/7477 3104/3419/7477
f 3139/2252/7478 3132/2227/7478 3171/3432/7478
f 3138/2255/7479 3171/3432/7479 3172/3435/7479
f 3178/3437/7480 3180/3441/7480 3155/3430/7480
f 3179/3438/7481 3120/2179/7481 3169/3439/7481
f 3180/3441/7482 3178/3437/7482 3175/3442/7482
f 3173/1549/7483 3170/3449/7483 3163/3418/7483
f 3145/3423/7484 3143/3391/7484 3160/3424/7484
f 3159/3413/7485 3160/3424/7485 3143/3391/7485
f 3106/2173/7486 3117/3453/7486 3118/3444/7486
f 3103/3445/7487 3162/3417/7487 3161/3414/7487
f 3162/3417/7488 3103/3445/7488 3104/3419/7488
f 3167/3434/7489 3166/3431/7489 3134/3447/7489
f 3156/3411/7490 3161/3414/7490 3162/3417/7490
f 3121/2178/7491 3163/3418/7491 3170/3449/7491
f 3164/3422/7492 3158/3421/7492 3179/3438/7492
f 3168/3450/7493 3169/3439/7493 3120/2179/7493
f 3128/3451/7494 3131/2225/7494 3149/3426/7494
f 3127/3452/7495 3149/3426/7495 3125/2181/7495
f 3152/3428/7496 3126/2204/7496 3130/3420/7496
f 3147/2265/7497 3159/3413/7497 3136/2250/7497
f 3158/3421/7498 3119/2177/7498 3120/2179/7498
f 3118/3444/7499 3115/3363/7499 3151/3415/7499
f 3178/3437/7500 3179/3438/7500 3174/3440/7500
f 3114/3364/7501 3115/3363/7501 3118/3444/7501
f 548/2168/7502 1853/3043/7502 3099/3454/7502
f 3101/3436/7503 3104/3419/7503 3103/3445/7503
f 438/1811/7504 1931/1801/7504 787/439/7504
f 631/358/7505 632/357/7505 114/956/7505
f 1792/1645/7506 1807/1642/7506 1739/1711/7506
f 500/961/7507 499/960/7507 498/1329/7507
f 11/8/7508 12/2167/7508 3109/3320/7508
f 12/2167/7509 3100/2166/7509 3107/2172/7509
f 3107/2172/7510 3100/2166/7510 3099/3454/7510
f 3106/2173/7511 3099/3454/7511 1853/3043/7511
f 3117/3453/7512 1853/3043/7512 365/3456/7512
f 377/224/7513 165/116/7513 118/85/7513
f 3101/3436/7514 1750/2145/7514 1719/2146/7514
f 3436/3457/7515 743/2150/7515 737/395/7515
f 743/2150/7516 3436/3457/7516 2115/2052/7516
f 3442/3459/7517 3441/3484/7517 3439/3460/7517
f 3440/3461/7518 3439/3460/7518 3438/3462/7518
f 3453/3463/7519 3456/3520/7519 3455/3464/7519
f 3273/3466/7520 3460/3474/7520 3461/3467/7520
f 3485/3469/7521 3483/3543/7521 3484/3470/7521
f 3490/3472/7522 3494/3493/7522 3458/3473/7522
f 3495/3475/7523 3496/3486/7523 3454/3465/7523
f 3506/3476/7524 3443/3480/7524 3447/3477/7524
f 3509/3479/7525 3441/3484/7525 3443/3480/7525
f 3512/3481/7526 3438/3462/7526 3439/3460/7526
f 3512/3481/7527 2119/2151/7527 3513/1737/7527
f 1760/1599/7528 1821/926/7528 3515/3483/7528
f 3510/3482/7529 3439/3460/7529 3441/3484/7529
f 3503/3485/7530 3497/3509/7530 3454/3465/7530
f 1726/783/7531 1727/1562/7531 3518/3487/7531
f 1558/1366/7532 3522/782/7532 3520/2049/7532
f 1667/1493/7533 1666/1492/7533 3524/3058/7533
f 3530/2197/7534 3527/2196/7534 3526/3488/7534
f 3525/3489/7535 3526/3488/7535 3532/3490/7535
f 1549/1495/7536 1667/1493/7536 3523/2195/7536
f 2024/2274/7537 3530/2197/7537 3525/3489/7537
f 2026/1956/7538 3525/3489/7538 3531/3491/7538
f 3533/3492/7539 3536/3494/7539 3494/3493/7539
f 3536/3494/7540 3537/3506/7540 3495/3475/7540
f 3541/3495/7541 3506/3476/7541 3504/3478/7541
f 3551/3497/7542 3510/3482/7542 3509/3479/7542
f 3540/3496/7543 3504/3478/7543 3503/3485/7543
f 766/1468/7544 3553/3500/7544 3551/3497/7544
f 3553/3500/7545 3512/3481/7545 3510/3482/7545
f 765/1469/7546 3551/3497/7546 3545/3498/7546
f 487/3501/7547 3545/3498/7547 3541/3495/7547
f 634/363/7548 3541/3495/7548 3540/3496/7548
f 3555/3502/7549 552/361/7549 3540/3496/7549
f 3278/3503/7550 3465/3537/7550 3464/3407/7550
f 3561/3505/7551 3558/3507/7551 3537/3506/7551
f 3558/3507/7552 3557/3517/7552 3538/3508/7552
f 3504/3478/7553 3447/3477/7553 3497/3509/7553
f 1758/1601/7554 3516/3533/7554 3518/3487/7554
f 3567/3510/7555 3563/3536/7555 3331/3511/7555
f 3335/3513/7556 3569/3516/7556 3567/3510/7556
f 3573/563/7557 453/562/7557 552/361/7557
f 3474/3514/7558 3465/3537/7558 3461/3467/7558
f 3569/3516/7559 3573/563/7559 3555/3502/7559
f 3494/3493/7560 3495/3475/7560 3455/3464/7560
f 3488/3518/7561 3485/3469/7561 3486/3471/7561
f 3456/3520/7562 3459/3515/7562 3458/3473/7562
f 3489/3519/7563 3575/3525/7563 3574/3521/7563
f 3486/3471/7564 3484/3470/7564 3456/3520/7564
f 3576/3522/7565 3575/3525/7565 3582/3523/7565
f 3574/3521/7566 3522/782/7566 3519/784/7566
f 3575/3525/7567 3576/3522/7567 3584/2048/7567
f 3527/2196/7568 3524/3058/7568 3520/2049/7568
f 3527/2196/7569 3584/2048/7569 3576/3522/7569
f 3526/3488/7570 3576/3522/7570 3577/3524/7570
f 3586/3526/7571 3587/3527/7571 3532/3490/7571
f 3587/3527/7572 1537/1969/7572 3531/3491/7572
f 3585/3528/7573 3586/3526/7573 3577/3524/7573
f 1537/1969/7574 2045/1968/7574 2028/1947/7574
f 3586/3526/7575 3585/3528/7575 3590/3529/7575
f 3113/3362/7576 366/698/7576 1353/699/7576
f 3102/3455/7577 1353/699/7577 1750/2145/7577
f 309/180/7578 232/187/7578 251/151/7578
f 1951/1831/7579 2119/2151/7579 3512/3481/7579
f 3460/3474/7580 3458/3473/7580 3459/3515/7580
f 3448/3531/7581 3447/3477/7581 3443/3480/7581
f 3436/3457/7582 738/1466/7582 736/415/7582
f 3444/3532/7583 3443/3480/7583 3441/3484/7583
f 3537/3506/7584 3538/3508/7584 3496/3486/7584
f 3114/3364/7585 365/3456/7585 366/698/7585
f 1760/1599/7586 3514/3406/7586 3516/3533/7586
f 3588/3530/7587 3594/3535/7587 3587/3527/7587
f 1536/1347/7588 3594/3535/7588 3597/3534/7588
f 3594/3535/7589 1536/1347/7589 1537/1969/7589
f 1735/1596/7590 1754/1595/7590 1755/1603/7590
f 1268/641/7591 1269/637/7591 1265/629/7591
f 1269/637/7592 1220/613/7592 1209/605/7592
f 858/612/7593 1219/611/7593 1296/628/7593
f 487/3501/7594 363/2771/7594 364/2170/7594
f 114/956/7595 632/357/7595 403/237/7595
f 3558/3507/7596 3561/3505/7596 3563/3536/7596
f 3465/3537/7597 3278/3503/7597 3274/3468/7597
f 3567/3510/7598 3569/3516/7598 3557/3517/7598
f 3337/561/7599 3573/563/7599 3569/3516/7599
f 3563/3536/7600 3533/3492/7600 3316/3538/7600
f 429/268/7601 388/1508/7601 389/1321/7601
f 1473/1027/7602 1489/1073/7602 1487/1072/7602
f 1627/1444/7603 1700/1532/7603 1697/1536/7603
f 819/3539/7604 829/1400/7604 1328/2165/7604
f 1328/2165/7605 1323/657/7605 806/658/7605
f 3702/1397/7606 724/1884/7606 1850/1555/7606
f 1997/1959/7607 1998/1958/7607 2062/862/7607
f 3747/2064/7608 3746/2030/7608 2064/2029/7608
f 680/1206/7609 681/1205/7609 3675/3540/7609
f 1785/2695/7610 1835/1696/7610 623/1422/7610
f 3599/3541/7611 3598/3545/7611 3588/3530/7611
f 936/3097/7612 865/452/7612 866/474/7612
f 1931/1801/7613 786/431/7613 1875/3360/7613
f 29/18/7614 30/17/7614 101/111/7614
f 1309/639/7615 1310/640/7615 3715/646/7615
f 3766/2017/7616 2071/2016/7616 2072/2018/7616
f 1725/1563/7617 1542/1349/7617 1543/1351/7617
f 579/345/7618 94/72/7618 95/1041/7618
f 3137/2254/7619 3141/4929/7619 3148/3542/7619
f 1312/644/7620 1012/520/7620 1021/521/7620
f 3105/2171/7621 3118/3444/7621 3150/3425/7621
f 3102/3455/7622 3103/3445/7622 3116/3446/7622
f 3471/3408/7623 3464/3407/7623 3465/3537/7623
f 3483/3543/7624 3471/3408/7624 3474/3514/7624
f 3490/3472/7625 3288/3544/7625 3316/3538/7625
f 3538/3508/7626 3539/3499/7626 3503/3485/7626
f 3545/3498/7627 3509/3479/7627 3506/3476/7627
f 3561/3505/7628 3536/3494/7628 3533/3492/7628
f 3484/3470/7629 3474/3514/7629 3459/3515/7629
f 3460/3474/7630 3273/3466/7630 3288/3544/7630
f 3598/3545/7631 3597/3534/7631 3594/3535/7631
f 3489/3519/7632 3486/3471/7632 3453/3463/7632
f 3600/3546/7633 3582/3523/7633 3575/3525/7633
f 1259/1755/7634 1265/629/7634 1263/631/7634
f 3557/3517/7635 3555/3502/7635 3539/3499/7635
f 1737/1582/7636 1740/1581/7636 1739/1711/7636
f 1751/2045/7637 1718/3749/7637 1545/1597/7637
f 679/2078/7638 558/338/7638 559/337/7638
f 3497/3509/7639 3600/3546/7639 3453/3463/7639
f 3600/3546/7640 3497/3509/7640 3447/3477/7640
f 3181/3547/7641 3182/3601/7641 3183/3548/7641
f 3185/3550/7642 3186/3598/7642 3187/3551/7642
f 3188/3552/7643 3187/3551/7643 3189/3553/7643
f 3193/3555/7644 3194/3558/7644 3195/3556/7644
f 3194/3558/7645 3197/3599/7645 3198/3559/7645
f 3192/3560/7646 3191/3584/7646 3190/3554/7646
f 3199/3561/7647 3200/3615/7647 3201/3562/7647
f 3203/3564/7648 3204/3579/7648 3205/3565/7648
f 3209/3567/7649 3203/3564/7649 3206/3566/7649
f 3211/3569/7650 3212/3588/7650 3213/3570/7650
f 3216/3572/7651 3217/3581/7651 3218/3573/7651
f 3216/3572/7652 3219/3574/7652 3222/3575/7652
f 3223/3576/7653 3222/3575/7653 3224/3577/7653
f 3204/3579/7654 3226/3589/7654 3225/3578/7654
f 3220/3580/7655 3218/3573/7655 3217/3581/7655
f 3227/3583/7656 3190/3554/7656 3191/3584/7656
f 3229/3586/7657 3224/3577/7657 3222/3575/7657
f 3198/3559/7658 3230/3597/7658 3231/3587/7658
f 3222/3575/7659 3219/3574/7659 3212/3588/7659
f 3203/3564/7660 3236/3600/7660 3226/3589/7660
f 3237/3590/7661 3236/3600/7661 3203/3564/7661
f 3199/3561/7662 3237/3590/7662 3209/3567/7662
f 3239/3592/7663 3188/3552/7663 3190/3554/7663
f 3188/3552/7664 3239/3592/7664 3240/3593/7664
f 3195/3556/7665 3231/3587/7665 3241/3594/7665
f 3242/3595/7666 3202/3563/7666 3184/3549/7666
f 3202/3563/7667 3242/3595/7667 3237/3590/7667
f 3243/3596/7668 3184/3549/7668 3202/3563/7668
f 3210/3568/7669 3244/3608/7669 3238/3591/7669
f 3229/3586/7670 3205/3565/7670 3204/3579/7670
f 3185/3550/7671 3240/3593/7671 3230/3597/7671
f 3186/3598/7672 3185/3550/7672 3198/3559/7672
f 3236/3600/7673 3241/3594/7673 3231/3587/7673
f 3226/3589/7674 3231/3587/7674 3230/3597/7674
f 3225/3578/7675 3230/3597/7675 3240/3593/7675
f 3239/3592/7676 3216/3572/7676 3223/3576/7676
f 3228/3585/7677 3221/3582/7677 3217/3581/7677
f 3236/3600/7678 3237/3590/7678 3242/3595/7678
f 3183/3548/7679 3196/3557/7679 3241/3594/7679
f 3182/3601/7680 3193/3555/7680 3196/3557/7680
f 3214/3602/7681 3246/3610/7681 3247/3603/7681
f 3227/3583/7682 3217/3581/7682 3216/3572/7682
f 3208/3571/7683 3207/3609/7683 3229/3586/7683
f 3233/3605/7684 3232/3606/7684 3206/3566/7684
f 3232/3606/7685 3234/3607/7685 3210/3568/7685
f 3234/3607/7686 3235/3618/7686 3244/3608/7686
f 3207/3609/7687 3233/3605/7687 3205/3565/7687
f 3246/3610/7688 3245/3613/7688 3248/3611/7688
f 3247/3603/7689 3248/3611/7689 3249/3612/7689
f 3212/3588/7690 3248/3611/7690 3245/3613/7690
f 3219/3574/7691 3218/3573/7691 3248/3611/7691
f 3218/3573/7692 3220/3580/7692 3249/3612/7692
f 3250/3614/7693 3181/3547/7693 3184/3549/7693
f 3168/3450/7694 3201/3562/7694 3200/3615/7694
f 3244/3608/7695 3251/3617/7695 3252/3616/7695
f 3251/3617/7696 3244/3608/7696 3235/3618/7696
f 3238/3591/7697 3252/3616/7697 3200/3615/7697
f 3201/3562/7698 3168/3450/7698 3170/3449/7698
f 3173/1549/7699 3250/3614/7699 3243/3596/7699
f 3251/3617/7700 3175/3442/7700 3174/3440/7700
f 3253/3619/7701 3176/3443/7701 3175/3442/7701
f 3252/3616/7702 3174/3440/7702 3169/3439/7702
f 214/304/7703 3192/3560/7703 3189/3553/7703
f 215/305/7704 3189/3553/7704 3187/3551/7704
f 3187/3551/7705 3186/3598/7705 3097/3403/7705
f 3186/3598/7706 3197/3599/7706 2894/3101/7706
f 3197/3599/7707 3194/3558/7707 1188/1214/7707
f 3194/3558/7708 3193/3555/7708 1189/1215/7708
f 2459/2995/7709 1189/1215/7709 3193/3555/7709
f 2814/2996/7710 2459/2995/7710 3182/3601/7710
f 2791/3620/7711 2814/2996/7711 3181/3547/7711
f 3149/3426/7712 3131/2225/7712 3142/2251/7712
f 1948/1828/7713 1947/1829/7713 1844/1704/7713
f 1212/1229/7714 728/816/7714 727/815/7714
f 1496/1744/7715 1495/1746/7715 112/1779/7715
f 1492/1093/7716 1493/1336/7716 193/137/7716
f 1096/1124/7717 1216/1234/7717 1009/1040/7717
f 926/467/7718 928/466/7718 804/478/7718
f 155/210/7719 8/4/7719 5/6/7719
f 3448/3531/7720 3585/3528/7720 3582/3523/7720
f 1130/559/7721 1131/558/7721 1137/567/7721
f 417/277/7722 205/132/7722 319/1274/7722
f 541/1423/7723 1856/1741/7723 776/1467/7723
f 3254/3621/7724 2171/2235/7724 2170/2238/7724
f 3254/3621/7725 3090/3395/7725 2169/2236/7725
f 2176/2240/7726 3095/3399/7726 3092/3622/7726
f 3256/3623/7727 3257/3626/7727 3258/3624/7727
f 3257/3626/7728 3259/3628/7728 3260/3627/7728
f 3259/3628/7729 3261/3630/7729 3262/3629/7729
f 3261/3630/7730 3263/3656/7730 3264/3631/7730
f 3265/3632/7731 3266/3651/7731 3267/3633/7731
f 3268/3634/7732 3267/3633/7732 3269/3635/7732
f 3271/3637/7733 3272/3638/7733 3270/3636/7733
f 3273/3466/7734 3274/3468/7734 3272/3638/7734
f 3276/3639/7735 3277/3641/7735 3278/3503/7735
f 3279/3640/7736 3280/3643/7736 3277/3641/7736
f 3281/3642/7737 3282/3645/7737 3280/3643/7737
f 3283/3644/7738 3284/3647/7738 3282/3645/7738
f 3285/3646/7739 3286/3693/7739 3284/3647/7739
f 3288/3544/7740 3273/3466/7740 3271/3637/7740
f 3287/3648/7741 3271/3637/7741 3269/3635/7741
f 3289/3649/7742 3269/3635/7742 3267/3633/7742
f 3290/3650/7743 3267/3633/7743 3266/3651/7743
f 3266/3651/7744 3292/3654/7744 3293/3653/7744
f 3292/3654/7745 3263/3656/7745 3294/3655/7745
f 3263/3656/7746 3261/3630/7746 3295/3657/7746
f 3261/3630/7747 3259/3628/7747 3296/3658/7747
f 3259/3628/7748 3257/3626/7748 3297/3659/7748
f 3257/3626/7749 3256/3623/7749 3298/3660/7749
f 3298/3660/7750 3256/3623/7750 3299/3661/7750
f 2824/3009/7751 3300/3721/7751 3301/3662/7751
f 3302/3663/7752 3300/3721/7752 2824/3009/7752
f 3303/3665/7753 3302/3663/7753 2822/3664/7753
f 2795/2981/7754 3304/3697/7754 3303/3665/7754
f 3305/3666/7755 3306/3698/7755 2655/2830/7755
f 2745/2924/7756 3307/3673/7756 3308/3667/7756
f 3310/3668/7757 3311/3700/7757 3312/3669/7757
f 3314/3671/7758 3310/3668/7758 3309/3670/7758
f 2646/2819/7759 2645/2818/7759 3307/3673/7759
f 3309/3670/7760 3312/3669/7760 3027/3265/7760
f 3313/3672/7761 3309/3670/7761 3029/3268/7761
f 3316/3538/7762 3288/3544/7762 3287/3648/7762
f 3315/3674/7763 3287/3648/7763 3289/3649/7763
f 3317/3675/7764 3289/3649/7764 3290/3650/7764
f 3318/3676/7765 3290/3650/7765 3291/3652/7765
f 3319/3677/7766 3291/3652/7766 3293/3653/7766
f 3293/3653/7767 3294/3655/7767 3321/3679/7767
f 3294/3655/7768 3295/3657/7768 3322/3680/7768
f 3295/3657/7769 3296/3658/7769 3323/3681/7769
f 3296/3658/7770 3297/3659/7770 3324/3682/7770
f 3297/3659/7771 3298/3660/7771 3325/3683/7771
f 3298/3660/7772 3096/3400/7772 2970/3186/7772
f 3324/3682/7773 3325/3683/7773 2192/2267/7773
f 3323/3681/7774 3324/3682/7774 2191/2269/7774
f 3322/3680/7775 3323/3681/7775 1686/1753/7775
f 3321/3679/7776 3322/3680/7776 2094/2210/7776
f 3326/3684/7777 3320/3678/7777 3321/3679/7777
f 3327/3685/7778 3319/3677/7778 3320/3678/7778
f 3328/3686/7779 3318/3676/7779 3319/3677/7779
f 3329/3687/7780 3317/3675/7780 3318/3676/7780
f 3315/3674/7781 3317/3675/7781 3329/3687/7781
f 3316/3538/7782 3315/3674/7782 3330/3688/7782
f 3332/3689/7783 3333/3512/7783 3331/3511/7783
f 3330/3688/7784 3329/3687/7784 3328/3686/7784
f 3332/3689/7785 3328/3686/7785 3327/3685/7785
f 3335/3513/7786 3333/3512/7786 3332/3689/7786
f 3334/3690/7787 3327/3685/7787 3326/3684/7787
f 3337/561/7788 3335/3513/7788 3334/3690/7788
f 3336/3691/7789 3326/3684/7789 1894/2137/7789
f 3277/3641/7790 3272/3638/7790 3274/3468/7790
f 3280/3643/7791 3270/3636/7791 3272/3638/7791
f 3282/3645/7792 3268/3634/7792 3270/3636/7792
f 3284/3647/7793 3265/3632/7793 3268/3634/7793
f 3338/3692/7794 3339/3696/7794 3286/3693/7794
f 3340/3694/7795 3341/3701/7795 3342/3695/7795
f 3338/3692/7796 3285/3646/7796 3304/3697/7796
f 3343/3699/7797 3340/3694/7797 3339/3696/7797
f 3311/3700/7798 3343/3699/7798 3305/3666/7798
f 3340/3694/7799 3343/3699/7799 3311/3700/7799
f 3341/3701/7800 3340/3694/7800 3310/3668/7800
f 3344/3702/7801 3342/3695/7801 3341/3701/7801
f 3345/3703/7802 3341/3701/7802 3314/3671/7802
f 3346/3704/7803 3314/3671/7803 3313/3672/7803
f 2634/3705/7804 3313/3672/7804 3031/3270/7804
f 3348/3706/7805 3344/3702/7805 3345/3703/7805
f 3347/3707/7806 3345/3703/7806 3346/3704/7806
f 3349/3708/7807 3346/3704/7807 2634/3705/7807
f 3350/3709/7808 3349/3708/7808 2633/2809/7808
f 3351/3710/7809 3347/3707/7809 3349/3708/7809
f 3352/3711/7810 3348/3706/7810 3347/3707/7810
f 3265/3632/7811 3284/3647/7811 3286/3693/7811
f 3339/3696/7812 3342/3695/7812 3353/3712/7812
f 3292/3654/7813 3266/3651/7813 3265/3632/7813
f 3263/3656/7814 3292/3654/7814 3353/3712/7814
f 3342/3695/7815 3344/3702/7815 3264/3631/7815
f 3262/3629/7816 3264/3631/7816 3344/3702/7816
f 3260/3627/7817 3262/3629/7817 3348/3706/7817
f 3258/3624/7818 3260/3627/7818 3352/3711/7818
f 3355/3714/7819 3350/3709/7819 2336/2411/7819
f 3356/3715/7820 3351/3710/7820 3350/3709/7820
f 3354/3713/7821 3352/3711/7821 3351/3710/7821
f 3357/3716/7822 3355/3714/7822 2338/2410/7822
f 2972/3188/7823 3357/3716/7823 2629/2805/7823
f 2975/3190/7824 3358/3717/7824 3357/3716/7824
f 3358/3717/7825 3356/3715/7825 3355/3714/7825
f 3255/3625/7826 3258/3624/7826 3354/3713/7826
f 3359/3718/7827 3354/3713/7827 3356/3715/7827
f 3299/3661/7828 3256/3623/7828 3255/3625/7828
f 3360/3719/7829 3255/3625/7829 3359/3718/7829
f 3359/3718/7830 3358/3717/7830 2975/3190/7830
f 1912/1984/7831 2971/3401/7831 3360/3719/7831
f 2971/3401/7832 3096/3400/7832 3299/3661/7832
f 3301/3662/7833 3276/3639/7833 3275/3504/7833
f 3300/3721/7834 3279/3640/7834 3276/3639/7834
f 3302/3663/7835 3281/3642/7835 3279/3640/7835
f 3303/3665/7836 3283/3644/7836 3281/3642/7836
f 3304/3697/7837 3285/3646/7837 3283/3644/7837
f 3343/3699/7838 3338/3692/7838 3306/3698/7838
f 3307/3673/7839 3312/3669/7839 3311/3700/7839
f 2645/2818/7840 3027/3265/7840 3312/3669/7840
f 2795/2981/7841 2655/2830/7841 3306/3698/7841
f 2658/2829/7842 2744/2921/7842 3308/3667/7842
f 2867/3067/7843 3301/3662/7843 3361/3720/7843
f 3337/561/7844 3336/3691/7844 1326/1951/7844
f 1854/1707/7845 1878/1730/7845 1877/1743/7845
f 1695/1530/7846 1676/1528/7846 1677/1804/7846
f 1906/3387/7847 1903/1922/7847 1896/3722/7847
f 1630/1443/7848 1697/1536/7848 1694/1529/7848
f 1655/1475/7849 1709/1557/7849 1657/1485/7849
f 1759/1600/7850 1822/924/7850 1821/926/7850
f 2007/1908/7851 1999/1896/7851 2000/1898/7851
f 1696/1537/7852 1693/1527/7852 1676/1528/7852
f 1710/1558/7853 1694/1529/7853 1656/1531/7853
f 923/2032/7854 3744/1361/7854 3758/1363/7854
f 3515/3483/7855 3361/3720/7855 3275/3504/7855
f 1538/1500/7856 1539/1567/7856 1723/1571/7856
f 3776/1572/7857 1559/1365/7857 1560/1494/7857
f 1898/3723/7858 138/543/7858 78/61/7858
f 64/49/7859 6/5/7859 7/2648/7859
f 139/97/7860 1503/1152/7860 1504/1162/7860
f 1086/530/7861 1112/2200/7861 1110/544/7861
f 1464/2710/7862 1863/1794/7862 1860/1795/7862
f 1460/984/7863 1462/981/7863 1862/1777/7863
f 442/271/7864 1875/3360/7864 719/388/7864
f 1783/1636/7865 2012/2640/7865 3694/3724/7865
f 1784/1637/7866 2011/1911/7866 2012/2640/7866
f 1427/3725/7867 1426/1939/7867 999/518/7867
f 821/666/7868 992/510/7868 989/511/7868
f 1529/1745/7869 1508/2760/7869 1906/3387/7869
f 1863/1794/7870 1464/2710/7870 1463/2685/7870
f 1892/3726/7871 1463/2685/7871 412/253/7871
f 301/1005/7872 272/164/7872 1893/1749/7872
f 1763/1604/7873 1810/935/7873 1823/3727/7873
f 261/160/7874 1445/947/7874 1905/1762/7874
f 2009/1920/7875 1568/1375/7875 2004/2803/7875
f 3671/3365/7876 1644/1133/7876 1717/3728/7876
f 272/164/7877 268/166/7877 540/1248/7877
f 1832/2092/7878 1830/1678/7878 1826/1680/7878
f 1698/1551/7879 1680/1526/7879 1693/1527/7879
f 1737/1582/7880 1738/1641/7880 1749/1644/7880
f 302/181/7881 1873/1719/7881 1868/1721/7881
f 1862/1777/7882 1861/1776/7882 1859/1713/7882
f 1748/1587/7883 1742/1580/7883 1737/1582/7883
f 958/498/7884 961/497/7884 960/1370/7884
f 1545/1597/7885 1718/3749/7885 1690/1518/7885
f 415/1031/7886 416/1030/7886 303/1405/7886
f 140/96/7887 1504/1162/7887 107/80/7887
f 1988/1686/7888 3756/1685/7888 3753/1967/7888
f 269/239/7889 1863/1794/7889 1892/3726/7889
f 1896/3722/7890 1899/2046/7890 1898/3723/7890
f 1425/912/7891 1426/1939/7891 1427/3725/7891
f 2192/2267/7892 3325/3683/7892 2970/3186/7892
f 2898/3109/7893 2193/3108/7893 3362/3729/7893
f 2152/2212/7894 2914/3127/7894 3362/3729/7894
f 2193/3108/7895 2192/2267/7895 2969/3187/7895
f 2914/3127/7896 906/941/7896 938/973/7896
f 2746/2925/7897 2737/3731/7897 2643/2817/7897
f 3363/3730/7898 2661/3734/7898 2643/2817/7898
f 2736/2912/7899 3364/3736/7899 3363/3730/7899
f 2273/3732/7900 2236/2320/7900 2235/2319/7900
f 2237/2324/7901 2236/2320/7901 2273/3732/7901
f 2240/2332/7902 2237/2324/7902 2275/2355/7902
f 2250/2334/7903 2240/2332/7903 2277/2357/7903
f 2251/2333/7904 2250/2334/7904 2293/2373/7904
f 2298/2379/7905 2297/2378/7905 2300/2384/7905
f 2274/2354/7906 2235/2319/7906 2298/2379/7906
f 2350/3733/7907 2349/2419/7907 2304/2383/7907
f 2349/2419/7908 2209/2295/7908 2300/2384/7908
f 2294/2374/7909 2291/2370/7909 2467/2556/7909
f 2468/2557/7910 2467/2556/7910 2466/2555/7910
f 2644/3266/7911 2643/2817/7911 2661/3734/7911
f 3026/3267/7912 2644/3266/7912 2660/2831/7912
f 3022/3260/7913 3024/3263/7913 3033/3273/7913
f 3020/3258/7914 3022/3260/7914 3032/3272/7914
f 3034/3274/7915 1713/1764/7915 3039/3278/7915
f 3024/3263/7916 3034/3274/7916 3038/3277/7916
f 3039/3278/7917 1713/1764/7917 1712/1766/7917
f 3051/3735/7918 3045/3286/7918 2456/2544/7918
f 3603/3296/7919 3634/3287/7919 3045/3286/7919
f 3363/3730/7920 2709/2883/7920 2662/2832/7920
f 3364/3736/7921 2710/2884/7921 2709/2883/7921
f 220/144/7922 221/143/7922 87/2798/7922
f 237/1748/7923 236/315/7923 235/334/7923
f 240/374/7924 7/2648/7924 239/333/7924
f 2/2/7925 289/1261/7925 288/1160/7925
f 137/985/7926 138/543/7926 292/1950/7926
f 319/1274/7927 205/132/7927 202/134/7927
f 321/326/7928 324/3133/7928 323/1065/7928
f 231/1164/7929 233/184/7929 232/187/7929
f 363/2771/7930 366/698/7930 365/3456/7930
f 170/2142/7931 169/1852/7931 168/174/7931
f 1193/592/7932 1200/595/7932 1203/609/7932
f 3721/623/7933 1206/607/7933 1270/647/7933
f 788/434/7934 789/441/7934 804/478/7934
f 3717/900/7935 3718/840/7935 993/536/7935
f 3672/762/7936 3669/761/7936 1377/741/7936
f 2097/2095/7937 2093/2094/7937 2102/2102/7937
f 3704/2034/7938 3694/3724/7938 1717/3728/7938
f 298/438/7939 787/439/7939 1875/3360/7939
f 2100/2096/7940 2096/2093/7940 1927/3405/7940
f 692/2128/7941 693/1307/7941 1978/1871/7941
f 1414/2115/7942 1201/601/7942 1202/603/7942
f 1631/1447/7943 1565/1367/7943 1566/1905/7943
f 1772/3737/7944 1773/1631/7944 1780/1633/7944
f 1676/1528/7945 1675/1501/7945 1674/1502/7945
f 168/174/7946 151/106/7946 392/1462/7946
f 1669/1805/7947 1664/1709/7947 3775/1481/7947
f 1671/1522/7948 1541/1524/7948 1538/1500/7948
f 1664/1709/7949 1672/1498/7949 1670/1497/7949
f 951/490/7950 958/498/7950 959/713/7950
f 802/437/7951 803/436/7951 1071/538/7951
f 2829/3738/7952 2730/3739/7952 2713/2888/7952
f 2730/3739/7953 2691/2903/7953 2715/2896/7953
f 2719/2894/7954 2830/3017/7954 2188/2260/7954
f 3521/3740/7955 3502/3016/7955 2830/3017/7955
f 2691/2903/7956 2690/2866/7956 2721/2897/7956
f 3089/3393/7957 3088/3394/7957 3090/3395/7957
f 3090/3395/7958 3254/3621/7958 3092/3622/7958
f 3093/3397/7959 1360/1439/7959 1359/1441/7959
f 3093/3397/7960 1594/1666/7960 1593/1668/7960
f 3094/3398/7961 1593/1668/7961 2183/2249/7961
f 3095/3399/7962 2183/2249/7962 2182/2248/7962
f 3365/3741/7963 2711/2887/7963 2710/2884/7963
f 2728/3742/7964 3365/3741/7964 3364/3736/7964
f 2178/3743/7965 3434/1143/7965 3432/3744/7965
f 2145/2214/7966 3431/1306/7966 3429/1305/7966
f 2841/3746/7967 3427/2733/7967 3428/1732/7967
f 3430/3748/7968 3424/3095/7968 2077/2124/7968
f 1736/1573/7969 1540/1565/7969 1718/3749/7969
f 1176/584/7970 1171/585/7970 1158/574/7970
f 3425/1731/7971 3419/797/7971 2138/2190/7971
f 3418/1429/7972 3435/3772/7972 2692/3751/7972
f 3786/1488/7973 3784/2871/7973 1646/3402/7973
f 1477/1917/7974 144/1410/7974 146/104/7974
f 3414/1556/7975 3426/1883/7975 2891/3216/7975
f 3415/3752/7976 3413/2802/7976 2699/2882/7976
f 3412/1606/7977 3410/804/7977 2695/2905/7977
f 1342/694/7978 1341/693/7978 1336/685/7978
f 2689/3385/7979 3409/796/7979 3421/3044/7979
f 2138/2190/7980 3419/797/7980 3409/796/7980
f 2695/2905/7981 3410/804/7981 3408/803/7981
f 3250/3614/7982 3173/1549/7982 3411/1548/7982
f 3663/2898/7983 3661/3773/7983 3405/3753/7983
f 2696/2906/7984 3408/803/7984 3404/1546/7984
f 2179/3745/7985 3432/3744/7985 3403/3755/7985
f 2840/3756/7986 3403/3755/7986 3528/3757/7986
f 3413/2802/7987 3402/1022/7987 2706/2879/7987
f 1764/1639/7988 1809/933/7988 1810/935/7988
f 3402/1022/7989 3400/1605/7989 2707/2971/7989
f 2871/3338/7990 2693/2868/7990 3406/3759/7990
f 1908/2791/7991 1904/1921/7991 312/959/7991
f 298/438/7992 297/1067/7992 296/1172/7992
f 2692/3751/7993 3435/3772/7993 3397/1144/7993
f 2833/3020/7994 3397/1144/7994 3434/1143/7994
f 2843/3747/7995 3428/1732/7995 3396/2748/7995
f 300/182/7996 1893/1749/7996 421/259/7996
f 199/131/7997 200/130/7997 124/90/7997
f 1836/1873/7998 1833/1690/7998 1838/1887/7998
f 3592/3389/7999 3646/1177/7999 3394/1176/7999
f 3393/1132/8000 3414/1556/8000 2723/3312/8000
f 1910/1949/8001 1909/2047/8001 440/269/8001
f 1954/2013/8002 3420/2074/8002 3391/2073/8002
f 3736/1175/8003 656/3098/8003 657/2230/8003
f 3387/1751/8004 3415/3752/8004 2698/2872/8004
f 2855/3761/8005 3386/2066/8005 3385/1661/8005
f 3383/3762/8006 3386/2066/8006 2855/3761/8006
f 667/2719/8007 3735/1890/8007 3744/1361/8007
f 3381/1590/8008 3422/1476/8008 2730/3739/8008
f 720/2743/8009 717/387/8009 716/2804/8009
f 1754/1595/8010 1763/1604/8010 1762/1674/8010
f 3378/963/8011 3383/3762/8011 2858/3053/8011
f 3380/934/8012 3378/963/8012 2859/3055/8012
f 2870/3070/8013 3384/1146/8013 3377/3763/8013
f 2860/3057/8014 2869/3069/8014 3377/3763/8014
f 3660/3071/8015 3650/1147/8015 3384/1146/8015
f 2788/3764/8016 3382/969/8016 3375/968/8016
f 2789/3250/8017 3375/968/8017 3393/1132/8017
f 1001/600/8018 1011/591/8018 1000/579/8018
f 3373/925/8019 3376/2136/8019 2868/3068/8019
f 539/1249/8020 1892/3726/8020 432/476/8020
f 2890/3094/8021 3372/3765/8021 3430/3748/8021
f 1979/2041/8022 3401/1882/8022 3372/3765/8022
f 208/138/8023 89/70/8023 1877/1743/8023
f 195/233/8024 194/135/8024 193/137/8024
f 1787/1643/8025 1807/1642/8025 1806/1660/8025
f 1909/2047/8026 1908/2791/8026 439/270/8026
f 264/341/8027 263/977/8027 170/2142/8027
f 2791/3620/8028 3411/1548/8028 3368/1408/8028
f 3478/3758/8029 3528/3757/8029 3427/2733/8029
f 2721/2897/8030 2690/2866/8030 3502/3016/8030
f 1956/2152/8031 3617/1738/8031 3513/1737/8031
f 940/3390/8032 866/474/8032 879/2757/8032
f 3516/3533/8033 3514/3406/8033 3471/3408/8033
f 3639/3766/8034 3647/3327/8034 3505/3324/8034
f 3063/3326/8035 3505/3324/8035 3452/2575/8035
f 2136/2189/8036 3463/3321/8036 3482/2858/8036
f 3466/3309/8037 3462/3310/8037 3057/3311/8037
f 3462/3310/8038 3508/2857/8038 2683/2854/8038
f 3451/3251/8039 3466/3309/8039 3056/3767/8039
f 2846/3041/8040 3517/3042/8040 3493/3252/8040
f 3493/3252/8041 3451/3251/8041 3016/3253/8041
f 3614/3214/8042 3613/789/8042 3605/3768/8042
f 554/1289/8043 555/1288/8043 3617/1738/8043
f 3361/3720/8044 3515/3483/8044 1821/926/8044
f 1563/1368/8045 1547/1358/8045 2023/1955/8045
f 2788/3764/8046 3517/3042/8046 3470/3040/8046
f 2842/3200/8047 3470/3040/8047 3469/3039/8047
f 2843/3747/8048 3469/3039/8048 3477/3031/8048
f 3529/3032/8049 3472/3028/8049 2838/3029/8049
f 3478/3758/8050 3529/3032/8050 3473/3030/8050
f 2841/3746/8051 3477/3031/8051 3529/3032/8051
f 2840/3756/8052 3473/3030/8052 3445/2243/8052
f 3472/3028/8053 3501/3025/8053 2835/3023/8053
f 2837/3036/8054 2688/2864/8054 3481/2865/8054
f 2836/3038/8055 2837/3036/8055 3500/3026/8055
f 2178/3743/8056 3446/2245/8056 3511/3021/8056
f 2831/3769/8057 3499/3015/8057 3511/3021/8057
f 3502/3016/8058 3499/3015/8058 2831/3769/8058
f 2717/2895/8059 2721/2897/8059 3521/3740/8059
f 2717/2895/8060 3450/2892/8060 3457/2848/8060
f 3481/2865/8061 3487/2861/8061 2685/2859/8061
f 3467/2850/8062 3487/2861/8062 2686/3248/8062
f 2137/3750/8063 3482/2858/8063 3507/2856/8063
f 2164/2228/8064 3507/2856/8064 3508/2857/8064
f 2678/2860/8065 3467/2850/8065 3468/2849/8065
f 2672/2890/8066 3457/2848/8066 3468/2849/8066
f 3528/3757/8067 3403/3755/8067 1776/2081/8067
f 3622/2702/8068 3629/1613/8068 1650/3770/8068
f 2442/2526/8069 3480/2535/8069 3449/2574/8069
f 2475/2564/8070 3449/2574/8070 3452/2575/8070
f 2440/2524/8071 2416/2497/8071 3491/2536/8071
f 2440/2524/8072 3475/2534/8072 3480/2535/8072
f 2436/2520/8073 3492/2517/8073 3479/2314/8073
f 2437/2529/8074 3491/2536/8074 3492/2517/8074
f 2228/2518/8075 3479/2314/8075 3498/2307/8075
f 2222/2312/8076 3498/2307/8076 3476/2306/8076
f 2179/3745/8077 3445/2243/8077 3446/2245/8077
f 3518/3487/8078 3516/3533/8078 3483/3543/8078
f 700/368/8079 2065/2033/8079 3746/2030/8079
f 711/366/8080 1950/1832/8080 3620/2056/8080
f 2108/3409/8081 2114/2054/8081 2113/2053/8081
f 3519/784/8082 3518/3487/8082 3485/3469/8082
f 3602/1990/8083 3440/3461/8083 3437/1736/8083
f 2118/3458/8084 2115/2052/8084 749/408/8084
f 2044/616/8085 490/301/8085 2039/1957/8085
f 3617/1738/8086 555/1288/8086 3616/1988/8086
f 624/1421/8087 3424/1701/8087 3430/3771/8087
f 1614/1610/8088 3435/3772/8088 3418/1429/8088
f 1614/1610/8089 1769/1142/8089 3397/1144/8089
f 3621/1575/8090 1564/3054/8090 1565/1367/8090
f 2037/1718/8091 2019/1717/8091 2017/1927/8091
f 939/506/8092 976/505/8092 975/1715/8092
f 942/480/8093 879/2757/8093 899/516/8093
f 1366/729/8094 1367/2271/8094 1364/727/8094
f 980/1714/8095 797/433/8095 1104/537/8095
f 936/3097/8096 939/506/8096 864/451/8096
f 1621/1640/8097 3413/2802/8097 3415/3752/8097
f 3785/2870/8098 1648/3787/8098 3405/3753/8098
f 3403/3755/8099 3432/3744/8099 746/2082/8099
f 3432/3744/8100 3434/1143/8100 745/2035/8100
f 1825/2044/8101 3399/4932/8101 3406/1461/8101
f 1643/3774/8102 1612/1428/8102 1613/1477/8102
f 1641/1769/8103 1642/1768/8103 755/412/8103
f 1546/975/8104 1564/3054/8104 3621/1575/8104
f 3622/2702/8105 3621/1575/8105 1631/1447/8105
f 2116/830/8106 2117/1862/8106 480/1426/8106
f 1617/802/8107 3410/804/8107 3412/1606/8107
f 3421/3044/8108 3409/796/8108 1611/2130/8108
f 1532/790/8109 3613/789/8109 1957/2723/8109
f 1548/1357/8110 3523/2195/8110 3530/2197/8110
f 2043/1961/8111 2039/1957/8111 2021/1932/8111
f 767/1742/8112 3620/2056/8112 1950/1832/8112
f 1951/1831/8113 3553/3500/8113 766/1468/8113
f 3067/3775/8114 329/501/8114 3556/2601/8114
f 3572/3339/8115 3067/3775/8115 3542/3348/8115
f 2123/2157/8116 2122/2156/8116 3544/3776/8116
f 3369/1630/8117 2123/2157/8117 3543/3334/8117
f 1643/3774/8118 3705/991/8118 3699/993/8118
f 1719/2146/8119 454/1281/8119 3368/1408/8119
f 2532/2628/8120 3548/2629/8120 3552/2609/8120
f 2506/2596/8121 3535/2602/8121 3548/2629/8121
f 2310/2394/8122 2429/2616/8122 3559/2510/8122
f 2310/2394/8123 3554/2610/8123 3552/2609/8123
f 2512/3218/8124 3535/2602/8124 3534/2603/8124
f 2511/3217/8125 3534/2603/8125 3556/2601/8125
f 2424/3085/8126 3550/2504/8126 3546/2511/8126
f 2429/2616/8127 2430/2615/8127 3546/2511/8127
f 2421/2501/8128 3550/2504/8128 3549/2503/8128
f 3549/2503/8129 3547/2488/8129 2408/2485/8129
f 3547/2488/8130 3560/2481/8130 2404/2482/8130
f 3560/2481/8131 3562/2480/8131 2405/3777/8131
f 710/386/8132 3767/1976/8132 3751/1997/8132
f 1796/2065/8133 3386/2066/8133 3383/3762/8133
f 1810/935/8134 3380/934/8134 3377/3763/8134
f 3396/2748/8135 3428/1732/8135 1779/1734/8135
f 1717/3728/8136 1644/1133/8136 3393/1132/8136
f 1652/990/8137 3422/1476/8137 3381/1590/8137
f 3377/3763/8138 3384/1146/8138 1824/1675/8138
f 1849/1698/8139 1785/2695/8139 3430/3771/8139
f 2070/2198/8140 1384/760/8140 3672/762/8140
f 3765/2199/8141 2070/2198/8141 3700/2060/8141
f 2057/1987/8142 3770/1991/8142 3726/1993/8142
f 2122/2156/8143 3572/3339/8143 3648/3347/8143
f 608/351/8144 3762/1998/8144 3763/2010/8144
f 2135/2187/8145 3463/3321/8145 3647/3327/8145
f 2120/2155/8146 3407/1629/8146 3646/1177/8146
f 1330/2071/8147 3683/670/8147 3692/661/8147
f 3717/900/8148 3714/887/8148 1434/3778/8148
f 3047/3289/8149 1712/1766/8149 3634/3287/8149
f 2013/2003/8150 3671/3365/8150 3694/3724/8150
f 1317/856/8151 3720/650/8151 3712/651/8151
f 2052/3779/8152 3741/1726/8152 3760/1728/8152
f 2033/2091/8153 2036/2090/8153 3595/3342/8153
f 3687/664/8154 3693/660/8154 1324/663/8154
f 1952/2012/8155 3608/3382/8155 3642/3384/8155
f 2130/2183/8156 3642/3384/8156 3578/3336/8156
f 2074/2213/8157 3615/3377/8157 3611/3381/8157
f 1955/2014/8158 3611/3381/8158 3608/3382/8158
f 1961/2019/8159 3583/3372/8159 3638/3376/8159
f 2144/2201/8160 3638/3376/8160 3615/3377/8160
f 3079/3369/8161 3579/3373/8161 3618/3090/8161
f 3080/3371/8162 3583/3372/8162 3579/3373/8162
f 3071/3354/8163 3568/3353/8163 3623/3356/8163
f 3072/3357/8164 3623/3356/8164 3624/3224/8164
f 3589/3355/8165 3566/3352/8165 3070/3780/8165
f 3070/3780/8166 3566/3352/8166 3568/3353/8166
f 2143/2193/8167 2983/3201/8167 3589/3355/8167
f 3544/3776/8168 3648/3347/8168 3601/3317/8168
f 3581/3345/8169 3633/3344/8169 2140/2194/8169
f 3649/3343/8170 3595/3342/8170 2036/2090/8170
f 3633/3344/8171 3649/3343/8171 3580/3337/8171
f 3066/3346/8172 3565/3341/8172 3649/3343/8172
f 3067/3775/8173 3572/3339/8173 3565/3341/8173
f 2035/3388/8174 3578/3336/8174 3580/3337/8174
f 2139/2191/8175 3060/3332/8175 3609/3316/8175
f 2136/2189/8176 2139/2191/8176 3635/3331/8176
f 3463/3321/8177 2136/2189/8177 3640/3330/8177
f 2030/3781/8178 2135/2187/8178 3639/3766/8178
f 2031/2087/8179 2030/3781/8179 3637/3325/8179
f 2147/3335/8180 3601/3317/8180 3610/3315/8180
f 2148/2206/8181 3610/3315/8181 3609/3316/8181
f 3768/2127/8182 3745/2111/8182 562/380/8182
f 2068/2119/8183 2031/2087/8183 3636/3322/8183
f 2151/2209/8184 2068/2119/8184 3619/3303/8184
f 3570/3290/8185 3644/3298/8185 3052/3299/8185
f 3644/3298/8186 3604/3297/8186 3050/3295/8186
f 3604/3297/8187 3603/3296/8187 3051/3735/8187
f 3630/3294/8188 3571/3291/8188 3048/3293/8188
f 3571/3291/8189 3570/3290/8189 3049/3292/8189
f 3634/3287/8190 3626/3284/8190 3043/3285/8190
f 3626/3284/8191 3641/3283/8191 3044/3300/8191
f 1772/3737/8192 3698/1616/8192 3697/1619/8192
f 1268/641/8193 3713/1756/8193 3715/646/8193
f 2127/2159/8194 2260/3256/8194 3607/2341/8194
f 2124/2160/8195 2127/2159/8195 3591/3227/8195
f 3624/3224/8196 3627/3221/8196 2991/3222/8196
f 3627/3221/8197 3593/3220/8197 2992/3226/8197
f 693/1307/8198 3732/2113/8198 3734/2075/8198
f 2694/2869/8199 2881/3081/8199 3596/3080/8199
f 3645/3199/8200 3628/3198/8200 2078/2125/8200
f 3668/402/8201 3667/401/8201 746/2082/8201
f 2886/3087/8202 3643/3092/8202 3625/3079/8202
f 2887/3089/8203 3618/3090/8203 3643/3092/8203
f 2878/3083/8204 3606/3077/8204 3596/3080/8204
f 2076/3333/8205 3606/3077/8205 3625/3079/8205
f 2260/3256/8206 2128/2162/8206 3630/3294/8206
f 3719/826/8207 3707/827/8207 1413/2059/8207
f 3764/2103/8208 3733/2099/8208 566/1430/8208
f 3745/2111/8209 3748/2110/8209 565/3014/8209
f 3706/1625/8210 3685/1624/8210 1777/1733/8210
f 689/2105/8211 3761/2028/8211 3746/2030/8211
f 3675/3540/8212 3771/2015/8212 3766/2017/8212
f 2055/2070/8213 3742/2069/8213 3770/1991/8213
f 3669/761/8214 3688/671/8214 1332/2072/8214
f 1771/1620/8215 3698/1616/8215 3681/1618/8215
f 659/1628/8216 3710/2037/8216 3711/2038/8216
f 3369/1630/8217 3564/3034/8217 3710/2037/8217
f 2054/1986/8218 3726/1993/8218 3727/1981/8218
f 2048/1974/8219 3755/1977/8219 3760/1728/8219
f 2053/1979/8220 3727/1981/8220 3758/1363/8220
f 3701/1396/8221 3690/854/8221 687/379/8221
f 1639/1807/8222 3670/1457/8222 3705/991/8222
f 1600/1404/8223 1588/1378/8223 3678/1380/8223
f 607/352/8224 3763/2010/8224 3765/2199/8224
f 2083/2076/8225 2084/1963/8225 3725/1965/8225
f 1767/1611/8226 1601/1608/8226 3703/2036/8226
f 3679/1635/8227 3680/1634/8227 1778/2747/8227
f 3731/2031/8228 3773/617/8228 3759/619/8228
f 1607/1403/8229 3691/1412/8229 3689/1414/8229
f 3748/2110/8230 3749/2104/8230 617/2116/8230
f 2083/2076/8231 3724/2068/8231 3734/2075/8231
f 2099/2098/8232 2098/2097/8232 3730/2112/8232
f 658/3099/8233 3711/2038/8233 3772/2050/8233
f 2061/864/8234 3676/863/8234 3671/3365/8234
f 1774/1627/8235 3681/1618/8235 3706/1625/8235
f 3714/887/8236 3708/886/8236 1408/823/8236
f 681/1205/8237 3765/2199/8237 3771/2015/8237
f 846/662/8238 822/1402/8238 3695/589/8238
f 3723/2126/8239 3728/2080/8239 2080/2077/8239
f 3444/3532/8240 3590/3529/8240 3585/3528/8240
f 3442/3459/8241 3599/3541/8241 3590/3529/8241
f 3612/1989/8242 3605/3768/8242 3597/3534/8242
f 3599/3541/8243 3442/3459/8243 3440/3461/8243
f 1065/1348/8244 3597/3534/8244 3605/3768/8244
f 3598/3545/8245 3599/3541/8245 3602/1990/8245
f 2711/2887/8246 3365/3741/8246 3366/3783/8246
f 3365/3741/8247 2728/3742/8247 2727/2899/8247
f 2712/2885/8248 3366/3783/8248 3367/3784/8248
f 3366/3783/8249 2727/2899/8249 2726/3754/8249
f 3381/1590/8250 2829/3738/8250 3367/3784/8250
f 3388/3785/8251 3367/3784/8251 2726/3754/8251
f 2868/3068/8252 3376/2136/8252 3650/1147/8252
f 2049/1994/8253 3767/1976/8253 3755/1977/8253
f 3404/1546/8254 3661/3773/8254 3663/2898/8254
f 664/1386/8255 3737/1888/8255 3735/1890/8255
f 1846/2121/8256 1845/1705/8256 3769/1695/8256
f 2825/3011/8257 3658/3013/8257 3660/3071/8257
f 2820/3004/8258 3656/3005/8258 3658/3013/8258
f 2821/3007/8259 3656/3005/8259 3666/3006/8259
f 2656/2828/8260 2798/2980/8260 3665/2982/8260
f 2797/3008/8261 3666/3006/8261 3665/2982/8261
f 2740/2917/8262 3659/3786/8262 3653/2975/8262
f 2738/2969/8263 3655/2914/8263 3651/2927/8263
f 2743/2923/8264 3652/2919/8264 3651/2927/8264
f 2742/2932/8265 3652/2919/8265 3657/2916/8265
f 2739/2920/8266 2657/2922/8266 3659/3786/8266
f 2737/3731/8267 3655/2914/8267 3654/2913/8267
f 2729/2908/8268 3664/2901/8268 3654/2913/8268
f 2728/3742/8269 3664/2901/8269 3662/2900/8269
f 2725/2907/8270 3663/2898/8270 3662/2900/8270
f 1661/1482/8271 3780/1478/8271 3782/1480/8271
f 3781/1593/8272 3779/1598/8272 1756/1602/8272
f 3774/1750/8273 3775/1481/8273 1665/1483/8273
f 3777/1489/8274 3786/1488/8274 1651/1474/8274
f 1616/1874/8275 3757/2679/8275 3739/1694/8275
f 1845/1705/8276 1834/1689/8276 3754/1583/8276
f 3631/1614/8277 3629/1613/8277 1633/1452/8277
f 1648/3787/8278 1649/1612/8278 3631/1614/8278
f 3785/2870/8279 3661/3773/8279 3404/1546/8279
f 3388/3785/8280 3405/3753/8280 1648/3787/8280
f 3776/1572/8281 3782/1480/8281 1662/1479/8281
f 1559/1365/8282 3776/1572/8282 3787/1568/8282
f 3739/1694/8283 3743/1584/8283 1833/1690/8283
f 1650/3770/8284 1649/1612/8284 3784/2871/8284
f 3784/2871/8285 3785/2870/8285 1647/3788/8285
f 3793/3794/8286 3792/3800/8286 3796/3795/8286
f 3793/3794/8287 3797/3796/8287 3798/3797/8287
f 3791/3799/8288 3795/3909/8288 3796/3795/8288
f 3797/3796/8289 3801/3804/8289 3802/3801/8289
f 3796/3795/8290 3795/3909/8290 3799/3802/8290
f 3796/3795/8291 3800/3803/8291 3801/3804/8291
f 3801/3804/8292 3805/3808/8292 3806/3805/8292
f 3800/3803/8293 3799/3802/8293 3803/3806/8293
f 3801/3804/8294 3800/3803/8294 3804/3807/8294
f 3806/3805/8295 3805/3808/8295 3809/3809/8295
f 3803/3806/8296 3807/3910/8296 3808/3811/8296
f 3804/3807/8297 3808/3811/8297 3809/3809/8297
f 3809/3809/8298 3813/3815/8298 3814/3812/8298
f 3808/3811/8299 3807/3910/8299 3811/3813/8299
f 3809/3809/8300 3808/3811/8300 3812/3814/8300
f 3814/3812/8301 3813/3815/8301 3817/3816/8301
f 3812/3814/8302 3811/3813/8302 3815/3818/8302
f 3812/3814/8303 3816/3819/8303 3817/3816/8303
f 3818/3817/8304 3817/3816/8304 3821/3820/8304
f 3816/3819/8305 3815/3818/8305 3819/3822/8305
f 3817/3816/8306 3816/3819/8306 3820/3823/8306
f 3821/3820/8307 3825/3826/8307 3826/3824/8307
f 3819/3822/8308 3823/3911/8308 3824/3825/8308
f 3820/3823/8309 3824/3825/8309 3825/3826/8309
f 3825/3826/8310 3829/3830/8310 3830/3827/8310
f 3824/3825/8311 3823/3911/8311 3827/3828/8311
f 3825/3826/8312 3824/3825/8312 3828/3829/8312
f 3829/3830/8313 3833/3833/8313 3834/3831/8313
f 3827/3828/8314 3831/3912/8314 3832/3832/8314
f 3828/3829/8315 3832/3832/8315 3833/3833/8315
f 3833/3833/8316 3837/3837/8316 3838/3834/8316
f 3832/3832/8317 3831/3912/8317 3835/3835/8317
f 3833/3833/8318 3832/3832/8318 3836/3836/8318
f 3838/3834/8319 3837/3837/8319 3841/3838/8319
f 3835/3835/8320 3839/3913/8320 3840/3840/8320
f 3836/3836/8321 3840/3840/8321 3841/3838/8321
f 3841/3838/8322 3845/3844/8322 3846/3841/8322
f 3840/3840/8323 3839/3913/8323 3843/3842/8323
f 3841/3838/8324 3840/3840/8324 3844/3843/8324
f 3846/3841/8325 3845/3844/8325 3849/3845/8325
f 3843/3842/8326 3847/3914/8326 3848/3847/8326
f 3844/3843/8327 3848/3847/8327 3849/3845/8327
f 3850/3846/8328 3849/3845/8328 3853/3848/8328
f 3848/3847/8329 3847/3914/8329 3851/3850/8329
f 3849/3845/8330 3848/3847/8330 3852/3851/8330
f 3854/3849/8331 3853/3848/8331 3857/3852/8331
f 3851/3850/8332 3855/3915/8332 3856/3854/8332
f 3852/3851/8333 3856/3854/8333 3857/3852/8333
f 3857/3852/8334 3861/3858/8334 3862/3855/8334
f 3856/3854/8335 3855/3915/8335 3859/3856/8335
f 3857/3852/8336 3856/3854/8336 3860/3857/8336
f 3861/3858/8337 3865/3861/8337 3866/3859/8337
f 3859/3856/8338 3863/3916/8338 3864/3860/8338
f 3860/3857/8339 3864/3860/8339 3865/3861/8339
f 3865/3861/8340 3869/3865/8340 3870/3862/8340
f 3864/3860/8341 3863/3916/8341 3867/3863/8341
f 3865/3861/4396 3864/3860/4396 3868/3864/4396
f 3870/3862/8342 3869/3865/8342 3873/3866/8342
f 3867/3863/8343 3871/3917/8343 3872/3868/8343
f 3868/3864/8344 3872/3868/8344 3873/3866/8344
f 3873/3866/8345 3877/3872/8345 3878/3869/8345
f 3872/3868/8346 3871/3917/8346 3875/3870/8346
f 3873/3866/8347 3872/3868/8347 3876/3871/8347
f 3878/3869/8348 3877/3872/8348 3881/3873/8348
f 3875/3870/8349 3879/3918/8349 3880/3875/8349
f 3876/3871/8350 3880/3875/8350 3881/3873/8350
f 3882/3874/8351 3881/3873/8351 3885/3876/8351
f 3880/3875/8352 3879/3918/8352 3883/3878/8352
f 3881/3873/8353 3880/3875/8353 3884/3879/8353
f 3886/3877/8354 3885/3876/8354 3889/3880/8354
f 3883/3878/8355 3887/3919/8355 3888/3882/8355
f 3884/3879/8356 3888/3882/8356 3889/3880/8356
f 3890/3881/8357 3889/3880/8357 3893/3883/8357
f 3888/3882/8358 3887/3919/8358 3891/3885/8358
f 3889/3880/8359 3888/3882/8359 3892/3886/8359
f 3893/3883/8360 3897/3889/8360 3898/3887/8360
f 3891/3885/4407 3895/3920/4407 3896/3888/4407
f 3892/3886/8361 3896/3888/8361 3897/3889/8361
f 3897/3889/8362 3901/3893/8362 3902/3890/8362
f 3896/3888/8363 3895/3920/8363 3899/3891/8363
f 3897/3889/8364 3896/3888/8364 3900/3892/8364
f 3902/3890/8365 3901/3893/8365 3905/3894/8365
f 3899/3891/8366 3903/3921/8366 3904/3896/8366
f 3900/3892/8367 3904/3896/8367 3905/3894/8367
f 3905/3894/8368 3909/3900/8368 3910/3897/8368
f 3904/3896/8369 3903/3921/8369 3907/3898/8369
f 3905/3894/8370 3904/3896/8370 3908/3899/8370
f 3910/3897/8371 3909/3900/8371 3914/3901/8371
f 3907/3898/8372 3912/3906/8372 3913/3903/8372
f 3908/3899/3881 3913/3903/3881 3914/3901/3881
f 3915/3902/8373 3914/3901/8373 3918/3904/8373
f 3912/3906/8374 3916/3922/8374 3917/3907/8374
f 3914/3901/8375 3913/3903/8375 3917/3907/8375
f 3919/3905/8376 3918/3904/8376 3793/3794/8376
f 3917/3907/8377 3916/3922/8377 3791/3799/8377
f 3917/3907/8378 3792/3800/8378 3793/3794/8378
f 3928/3923/8379 3927/3940/8379 3940/3924/8379
f 3925/3926/8380 3938/3957/8380 3939/3927/8380
f 3924/3929/8381 3923/3943/8381 3936/3930/8381
f 3922/3932/8382 3921/3945/8382 3934/3933/8382
f 3930/3935/8383 3943/3948/8383 3944/3936/8383
f 3928/3923/8384 3941/3925/8384 3942/3938/8384
f 3926/3928/8385 3939/3927/8385 3940/3924/8385
f 3925/3941/8386 3924/3929/8386 3937/3931/8386
f 3922/3932/8387 3935/3934/8387 3936/3930/8387
f 3920/3944/4436 3933/3950/4436 3934/3933/4436
f 3931/3937/8388 3944/3936/8388 3945/3946/8388
f 3930/3935/8389 3929/3939/8389 3942/3938/8389
f 3935/3934/8390 3948/3960/8390 3949/3949/8390
f 3933/3950/8391 3946/4360/8391 3947/3951/8391
f 3945/3946/8392 3944/3936/8392 3957/3952/8392
f 3942/3938/8393 3955/3961/8393 3956/3954/8393
f 3941/3925/8394 3940/3924/8394 3953/3955/8394
f 3938/3957/8395 3951/3970/8395 3952/3958/8395
f 3937/3931/8396 3936/3930/8396 3949/3949/8396
f 3935/3934/8397 3934/3933/8397 3947/3951/8397
f 3944/3936/8398 3943/3948/8398 3956/3954/8398
f 3941/3925/8399 3954/3956/8399 3955/3961/8399
f 3939/3927/8400 3952/3958/8400 3953/3955/8400
f 3938/3942/8401 3937/3931/8401 3950/3959/8401
f 3948/3960/3944 3961/3973/3944 3962/3963/3944
f 3947/3951/8402 3946/4360/8402 3959/3964/8402
f 3957/3952/8403 3970/3974/8403 3971/3966/8403
f 3955/3961/8404 3968/3975/8404 3969/3967/8404
f 3954/3956/3948 3953/3955/3948 3966/3968/3948
f 3951/3970/8405 3964/3985/8405 3965/3971/8405
f 3949/3949/8406 3962/3963/8406 3963/3972/8406
f 3948/3960/8407 3947/3951/8407 3960/3965/8407
f 3956/3954/8408 3969/3967/8408 3970/3974/8408
f 3954/3956/8409 3967/3969/8409 3968/3975/8409
f 3953/3955/8410 3952/3958/8410 3965/3971/8410
f 3951/3962/8411 3950/3959/8411 3963/3972/8411
f 3962/3963/8412 3961/3973/8412 3974/3977/8412
f 3959/3964/8413 3972/4933/8413 3973/3979/8413
f 3971/3966/8414 3970/3974/8414 3983/3980/8414
f 3969/3967/8415 3968/3975/8415 3981/3982/8415
f 3966/3968/8416 3979/3988/8416 3980/3984/8416
f 3964/3985/8417 3977/4934/8417 3978/3986/8417
f 3962/3963/8418 3975/3978/8418 3976/3987/8418
f 3960/3965/8419 3973/3979/8419 3974/3977/8419
f 3969/3967/8420 3982/3983/8420 3983/3980/8420
f 3968/3975/8421 3967/3969/8421 3980/3984/8421
f 3966/3968/8422 3965/3971/8422 3978/3986/8422
f 3964/3976/8423 3963/3972/8423 3976/3987/8423
f 3974/3977/8424 3987/4000/8424 3988/3990/8424
f 3973/3979/8425 3972/4933/8425 3985/3991/8425
f 3983/3980/8426 3996/4001/8426 3997/3993/8426
f 3982/3983/8427 3981/3982/8427 3994/3994/8427
f 3979/3988/8428 3992/4002/8428 3993/3996/8428
f 3978/3986/8429 3977/4934/8429 3990/3997/8429
f 3976/3987/4457 3975/3978/4457 3988/3990/4457
f 3973/3979/8430 3986/3992/8430 3987/4000/8430
f 3983/3980/8431 3982/3983/8431 3995/3995/8431
f 3981/3982/8432 3980/3984/8432 3993/3996/8432
f 3978/3986/8433 3991/3998/8433 3992/4002/8433
f 3976/3987/8434 3989/3999/8434 3990/4003/8434
f 3988/3990/3980 3987/4000/3980 4000/4004/3980
f 3985/3991/8435 3998/4359/8435 3999/4006/8435
f 3997/3993/8436 3996/4001/8436 4009/4007/8436
f 3995/3995/8437 3994/3994/8437 4007/4009/8437
f 3992/4002/3984 4005/4014/3984 4006/4011/3984
f 3990/3997/8438 4003/4024/8438 4004/4012/8438
f 3989/3999/8439 3988/3990/8439 4001/4005/8439
f 3986/3992/8440 3999/4006/8440 4000/4004/8440
f 3996/4001/8441 3995/3995/8441 4008/4010/8441
f 3994/3994/8442 3993/3996/8442 4006/4011/8442
f 3991/3998/8443 4004/4012/8443 4005/4014/8443
f 3990/4003/8444 3989/3999/8444 4002/4013/8444
f 4001/4005/8445 4000/4004/8445 4013/4016/8445
f 3999/4006/8446 3998/4359/8446 4011/4018/8446
f 4009/4007/8447 4022/4027/8447 4023/4020/8447
f 4008/4010/4465 4007/4009/4465 4020/4021/4465
f 4005/4014/8448 4018/4028/8448 4019/4023/8448
f 4003/4024/8449 4016/4935/8449 4017/4025/8449
f 4001/4005/8450 4014/4017/8450 4015/4026/8450
f 3999/4006/8451 4012/4019/8451 4013/4016/8451
f 4008/4010/8452 4021/4022/8452 4022/4027/8452
f 4007/4009/8453 4006/4011/8453 4019/4023/8453
f 4005/4014/8454 4004/4012/8454 4017/4025/8454
f 4003/4015/8455 4002/4013/8455 4015/4026/8455
f 4014/4017/8456 4013/4016/8456 4026/4030/8456
f 4012/4019/8457 4011/4018/8457 4024/4032/8457
f 4022/4027/8458 4035/4040/8458 4036/4034/8458
f 4020/4021/8459 4033/4041/8459 4034/4035/8459
f 4018/4028/8460 4031/4042/8460 4032/4036/8460
f 4017/4025/8461 4016/4935/8461 4029/4037/8461
f 4014/4017/8462 4027/4031/8462 4028/4039/8462
f 4012/4019/8463 4025/4033/8463 4026/4030/8463
f 4022/4027/8464 4021/4022/8464 4034/4035/8464
f 4020/4021/8465 4019/4023/8465 4032/4036/8465
f 4018/4028/8466 4017/4025/8466 4030/4038/8466
f 4015/4026/8467 4028/4039/8467 4029/4043/8467
f 4026/4030/8468 4039/4053/8468 4040/4044/8468
f 4024/4032/8469 4037/4057/8469 4038/4045/8469
f 4035/4040/8470 4048/4054/8470 4049/4046/8470
f 4034/4035/8471 4033/4041/8471 4046/4047/8471
f 4032/4036/8472 4031/4042/8472 4044/4049/8472
f 4029/4037/8473 4042/4064/8473 4043/4051/8473
f 4028/4039/8474 4027/4031/8474 4040/4044/8474
f 4026/4030/8475 4025/4033/8475 4038/4045/8475
f 4034/4035/8476 4047/4048/8476 4048/4054/8476
f 4032/4036/8477 4045/4050/8477 4046/4047/8477
f 4030/4038/8478 4043/4051/8478 4044/4049/8478
f 4029/4043/8479 4028/4039/8479 4041/4052/8479
f 4039/4053/8480 4052/4067/8480 4053/4056/8480
f 4037/4057/8481 4050/4358/8481 4051/4058/8481
f 4049/4046/8482 4048/4054/8482 4061/4059/8482
f 4046/4047/8483 4059/4068/8483 4060/4061/8483
f 4045/4050/4479 4044/4049/4479 4057/4062/4479
f 4042/4064/8484 4055/4077/8484 4056/4065/8484
f 4041/4052/8485 4040/4044/8485 4053/4056/8485
f 4039/4053/8486 4038/4045/8486 4051/4058/8486
f 4048/4054/8487 4047/4048/8487 4060/4061/8487
f 4045/4050/8488 4058/4063/8488 4059/4068/8488
f 4043/4051/8489 4056/4065/8489 4057/4062/8489
f 4042/4055/8490 4041/4052/8490 4054/4066/8490
f 4052/4067/4040 4065/4080/4040 4066/4070/4040
f 4051/4058/8491 4050/4358/8491 4063/4071/8491
f 4061/4059/8492 4074/4081/8492 4075/4073/8492
f 4059/4068/8493 4072/4082/8493 4073/4074/8493
f 4058/4063/4044 4057/4062/4044 4070/4075/4044
f 4055/4077/8494 4068/4091/8494 4069/4078/8494
f 4053/4056/8495 4066/4070/8495 4067/4079/8495
f 4052/4067/8496 4051/4058/8496 4064/4072/8496
f 4060/4061/4484 4073/4074/4484 4074/4081/4484
f 4058/4063/8497 4071/4076/8497 4072/4082/8497
f 4057/4062/8498 4056/4065/8498 4069/4078/8498
f 4055/4069/8499 4054/4066/8499 4067/4079/8499
f 4066/4070/8500 4065/4080/8500 4078/4084/8500
f 4063/4071/8501 4076/4936/8501 4077/4086/8501
f 4075/4073/8502 4074/4081/8502 4087/4087/8502
f 4072/4082/8503 4085/4094/8503 4086/4089/8503
f 4070/4075/8504 4083/4095/8504 4084/4090/8504
f 4068/4091/8505 4081/4937/8505 4082/4092/8505
f 4066/4070/4058 4079/4085/4058 4080/4093/4058
f 4064/4072/8506 4077/4086/8506 4078/4084/8506
f 4073/4074/8507 4086/4089/8507 4087/4087/8507
f 4072/4082/8508 4071/4076/8508 4084/4090/8508
f 4070/4075/4491 4069/4078/4491 4082/4092/4491
f 4068/4083/8509 4067/4079/8509 4080/4093/8509
f 4078/4084/8510 4091/4107/8510 4092/4097/8510
f 4077/4086/8511 4076/4936/8511 4089/4098/8511
f 4087/4087/8512 4100/4108/8512 4101/4100/8512
f 4085/4094/8513 4098/4109/8513 4099/4101/8513
f 4084/4090/8514 4083/4095/8514 4096/4102/8514
f 4082/4092/8515 4081/4937/8515 4094/4104/8515
f 4080/4093/8516 4079/4085/8516 4092/4097/8516
f 4077/4086/8517 4090/4099/8517 4091/4107/8517
f 4087/4087/8518 4086/4089/8518 4099/4101/8518
f 4085/4094/8519 4084/4090/8519 4097/4103/8519
f 4082/4092/8520 4095/4105/8520 4096/4102/8520
f 4080/4093/8521 4093/4106/8521 4094/4110/8521
f 4092/4097/4076 4091/4107/4076 4104/4111/4076
f 4089/4098/8522 4102/4357/8522 4103/4113/8522
f 4101/4100/8523 4100/4108/8523 4113/4114/8523
f 4099/4101/8524 4098/4109/8524 4111/4116/8524
f 4096/4102/4080 4109/4121/4080 4110/4118/4080
f 4094/4104/8525 4107/4131/8525 4108/4119/8525
f 4093/4106/8526 4092/4097/8526 4105/4112/8526
f 4090/4099/8527 4103/4113/8527 4104/4111/8527
f 4100/4108/8528 4099/4101/8528 4112/4117/8528
f 4098/4109/8529 4097/4103/8529 4110/4118/8529
f 4095/4105/8530 4108/4119/8530 4109/4121/8530
f 4094/4110/8531 4093/4106/8531 4106/4120/8531
f 4105/4112/8532 4104/4111/8532 4117/4123/8532
f 4103/4113/8533 4102/4357/8533 4115/4125/8533
f 4113/4114/8534 4126/4134/8534 4127/4127/8534
f 4112/4117/8535 4111/4116/8535 4124/4128/8535
f 4109/4121/8536 4122/4135/8536 4123/4130/8536
f 4107/4131/8537 4120/4938/8537 4121/4132/8537
f 4105/4112/8538 4118/4124/8538 4119/4133/8538
f 4103/4113/8539 4116/4126/8539 4117/4123/8539
f 4112/4117/8540 4125/4129/8540 4126/4134/8540
f 4111/4116/8541 4110/4118/8541 4123/4130/8541
f 4109/4121/8542 4108/4119/8542 4121/4132/8542
f 4107/4122/8543 4106/4120/8543 4119/4133/8543
f 4118/4124/8544 4117/4123/8544 4130/4137/8544
f 4116/4126/8545 4115/4125/8545 4128/4139/8545
f 4126/4134/8546 4139/4147/8546 4140/4141/8546
f 4124/4128/8547 4137/4148/8547 4138/4142/8547
f 4122/4135/8548 4135/4149/8548 4136/4143/8548
f 4121/4132/8549 4120/4938/8549 4133/4144/8549
f 4118/4124/8550 4131/4138/8550 4132/4146/8550
f 4116/4126/8551 4129/4140/8551 4130/4137/8551
f 4125/4129/8552 4138/4142/8552 4139/4147/8552
f 4124/4128/8553 4123/4130/8553 4136/4143/8553
f 4122/4135/8554 4121/4132/8554 4134/4145/8554
f 4119/4133/8555 4132/4146/8555 4133/4150/8555
f 4130/4137/8556 4143/4161/8556 4144/4151/8556
f 4128/4139/8557 4141/4164/8557 4142/4152/8557
f 4140/4141/8558 4139/4147/8558 4152/4153/8558
f 4138/4142/8559 4137/4148/8559 4150/4155/8559
f 4136/4143/8560 4135/4149/8560 4148/4157/8560
f 4133/4144/8561 4146/4171/8561 4147/4159/8561
f 4132/4146/8562 4131/4138/8562 4144/4151/8562
f 4130/4137/8563 4129/4140/8563 4142/4152/8563
f 4139/4147/8564 4138/4142/8564 4151/4156/8564
f 4136/4143/8565 4149/4158/8565 4150/4155/8565
f 4134/4145/8566 4147/4159/8566 4148/4157/8566
f 4133/4150/8567 4132/4146/8567 4145/4160/8567
f 4143/4161/8568 4156/4174/8568 4157/4163/8568
f 4141/4164/8569 4154/4356/8569 4155/4165/8569
f 4153/4154/8570 4152/4153/8570 4165/4166/8570
f 4150/4155/8571 4163/4175/8571 4164/4168/8571
f 4149/4158/8572 4148/4157/8572 4161/4169/8572
f 4146/4171/8573 4159/4184/8573 4160/4172/8573
f 4145/4160/8574 4144/4151/8574 4157/4163/8574
f 4143/4161/8575 4142/4152/8575 4155/4165/8575
f 4152/4153/8576 4151/4156/8576 4164/4168/8576
f 4149/4158/8577 4162/4170/8577 4163/4175/8577
f 4147/4159/8578 4160/4172/8578 4161/4169/8578
f 4146/4162/8579 4145/4160/8579 4158/4173/8579
f 4156/4174/4136 4169/4187/4136 4170/4177/4136
f 4155/4165/8580 4154/4356/8580 4167/4178/8580
f 4165/4166/8581 4178/4188/8581 4179/4180/8581
f 4163/4175/8582 4176/4189/8582 4177/4181/8582
f 4162/4170/4140 4161/4169/4140 4174/4182/4140
f 4159/4184/8583 4172/4199/8583 4173/4185/8583
f 4157/4163/8584 4170/4177/8584 4171/4186/8584
f 4156/4174/8585 4155/4165/8585 4168/4179/8585
f 4164/4168/8586 4177/4181/8586 4178/4188/8586
f 4163/4175/8587 4162/4170/8587 4175/4183/8587
f 4161/4169/8588 4160/4172/8588 4173/4185/8588
f 4159/4176/8589 4158/4173/8589 4171/4186/8589
f 4169/4187/8590 4182/4202/8590 4183/4191/8590
f 4167/4178/8591 4180/4939/8591 4181/4192/8591
f 4179/4180/8592 4178/4188/8592 4191/4193/8592
f 4177/4181/8593 4176/4189/8593 4189/4195/8593
f 4175/4183/8594 4174/4182/8594 4187/4197/8594
f 4172/4199/8595 4185/4940/8595 4186/4200/8595
f 4170/4177/8596 4183/4191/8596 4184/4201/8596
f 4169/4187/8597 4168/4179/8597 4181/4192/8597
f 4177/4181/8598 4190/4196/8598 4191/4193/8598
f 4175/4183/8599 4188/4198/8599 4189/4195/8599
f 4174/4182/8600 4173/4185/8600 4186/4200/8600
f 4171/4186/8601 4184/4201/8601 4185/4203/8601
f 4182/4202/8602 4195/4214/8602 4196/4204/8602
f 4181/4192/8603 4180/4939/8603 4193/4205/8603
f 4191/4193/8604 4204/4215/8604 4205/4207/8604
f 4189/4195/8605 4202/4216/8605 4203/4208/8605
f 4188/4198/8606 4187/4197/8606 4200/4209/8606
f 4186/4200/8607 4185/4940/8607 4198/4211/8607
f 4184/4201/8608 4183/4191/8608 4196/4204/8608
f 4181/4192/8609 4194/4206/8609 4195/4214/8609
f 4191/4193/8610 4190/4196/8610 4203/4208/8610
f 4189/4195/8611 4188/4198/8611 4201/4210/8611
f 4186/4200/4170 4199/4212/4170 4200/4209/4170
f 4184/4201/8612 4197/4213/8612 4198/4217/8612
f 4196/4204/4172 4195/4214/4172 4209/4218/4172
f 4193/4205/8613 4207/4355/8613 4208/4220/8613
f 4205/4207/8614 4204/4215/8614 4218/4221/8614
f 4203/4208/8615 4202/4216/8615 4216/4223/8615
f 4200/4209/4176 4214/4229/4176 4215/4225/4176
f 4199/4212/8616 4198/4211/8616 4212/4226/8616
f 4197/4213/8617 4196/4204/8617 4210/4219/8617
f 4194/4206/8618 4208/4220/8618 4209/4218/8618
f 4204/4215/4536 4203/4208/4536 4217/4224/4536
f 4202/4216/8619 4201/4210/8619 4215/4225/8619
f 4199/4212/8620 4213/4227/8620 4214/4229/8620
f 4197/4213/8621 4211/4228/8621 4212/4230/8621
f 4210/4219/8622 4209/4218/8622 4222/4231/8622
f 4208/4220/8623 4207/4355/8623 4220/4233/8623
f 4218/4221/8624 4231/4242/8624 4232/4235/8624
f 4217/4224/4187 4216/4223/4187 4229/4236/4187
f 4214/4229/8625 4227/4243/8625 4228/4238/8625
f 4213/4227/8626 4212/4226/8626 4225/4239/8626
f 4210/4219/8627 4223/4232/8627 4224/4241/8627
f 4208/4220/8628 4221/4234/8628 4222/4231/8628
f 4217/4224/8629 4230/4237/8629 4231/4242/8629
f 4216/4223/8630 4215/4225/8630 4228/4238/8630
f 4214/4229/8631 4213/4227/8631 4226/4240/8631
f 4211/4228/8632 4224/4241/8632 4225/4244/8632
f 4223/4232/8633 4222/4231/8633 4235/4245/8633
f 4221/4234/4197 4220/4233/4197 4233/4247/4197
f 4232/4235/8634 4231/4242/8634 4244/4249/8634
f 4229/4236/8635 4242/4256/8635 4243/4251/8635
f 4227/4243/8636 4240/4257/8636 4241/4252/8636
f 4226/4240/8637 4225/4239/8637 4238/4253/8637
f 4223/4232/8638 4236/4246/8638 4237/4255/8638
f 4221/4234/4203 4234/4248/4203 4235/4245/4203
f 4231/4242/8639 4230/4237/8639 4243/4251/8639
f 4229/4236/4205 4228/4238/4205 4241/4252/4205
f 4227/4243/8640 4226/4240/8640 4239/4254/8640
f 4224/4241/8641 4237/4255/8641 4238/4258/8641
f 4235/4245/8642 4248/4268/8642 4249/4259/8642
f 4233/4247/8643 4246/4272/8643 4247/4260/8643
f 4244/4249/8644 4257/4269/8644 4258/4261/8644
f 4243/4251/8645 4242/4256/8645 4255/4262/8645
f 4241/4252/8646 4240/4257/8646 4253/4264/8646
f 4238/4253/8647 4251/4941/8647 4252/4266/8647
f 4237/4255/8648 4236/4246/8648 4249/4259/8648
f 4235/4245/4215 4234/4248/4215 4247/4260/4215
f 4243/4251/8649 4256/4263/8649 4257/4269/8649
f 4241/4252/4217 4254/4265/4217 4255/4262/4217
f 4239/4254/8650 4252/4266/8650 4253/4264/8650
f 4238/4258/8651 4237/4255/8651 4250/4267/8651
f 4248/4268/8652 4261/4282/8652 4262/4271/8652
f 4246/4272/8653 4259/4354/8653 4260/4273/8653
f 4258/4261/8654 4257/4269/8654 4270/4274/8654
f 4255/4262/4547 4268/4283/4547 4269/4276/4547
f 4254/4265/4548 4253/4264/4548 4266/4277/4548
f 4252/4266/8655 4251/4941/8655 4264/4279/8655
f 4250/4267/8656 4249/4259/8656 4262/4271/8656
f 4248/4268/8657 4247/4260/8657 4260/4273/8657
f 4257/4269/8658 4256/4263/8658 4269/4276/8658
f 4254/4265/8659 4267/4278/8659 4268/4283/8659
f 4252/4266/8660 4265/4280/8660 4266/4277/8660
f 4250/4267/8661 4263/4281/8661 4264/4284/8661
f 4261/4282/4232 4274/4295/4232 4275/4285/4232
f 4260/4273/8662 4259/4354/8662 4272/4286/8662
f 4270/4274/8663 4283/4296/8663 4284/4288/8663
f 4268/4283/4551 4281/4297/4551 4282/4289/4551
f 4267/4278/4236 4266/4277/4236 4279/4290/4236
f 4265/4280/8664 4264/4279/8664 4277/4292/8664
f 4262/4271/8665 4275/4285/8665 4276/4294/8665
f 4261/4282/8666 4260/4273/8666 4273/4287/8666
f 4269/4276/8667 4282/4289/8667 4283/4296/8667
f 4267/4278/8668 4280/4291/8668 4281/4297/8668
f 4266/4277/8669 4265/4280/8669 4278/4293/8669
f 4263/4281/8670 4276/4294/8670 4277/4298/8670
f 4275/4285/8671 4274/4295/8671 4287/4299/8671
f 4272/4286/8672 4285/4312/8672 4286/4301/8672
f 4284/4288/8673 4283/4296/8673 4296/4302/8673
f 4282/4289/8674 4281/4297/8674 4294/4304/8674
f 4280/4291/8675 4279/4290/8675 4292/4306/8675
f 4277/4292/8676 4290/4942/8676 4291/4308/8676
f 4275/4285/8677 4288/4300/8677 4289/4309/8677
f 4274/4295/8678 4273/4287/8678 4286/4301/8678
f 4282/4289/8679 4295/4305/8679 4296/4302/8679
f 4280/4291/8680 4293/4307/8680 4294/4304/8680
f 4279/4290/8681 4278/4293/8681 4291/4308/8681
f 4277/4298/8682 4276/4294/8682 4289/4309/8682
f 4287/4299/8683 4300/4321/8683 4301/4311/8683
f 4285/4312/8684 4298/4327/8684 4299/4313/8684
f 4296/4302/8685 4309/4322/8685 4310/4314/8685
f 4294/4304/8686 4307/4323/8686 4308/4315/8686
f 4293/4307/8687 4292/4306/8687 4305/4316/8687
f 4291/4308/8688 4290/4942/8688 4303/4318/8688
f 4289/4309/8689 4288/4300/8689 4301/4311/8689
f 4286/4301/8690 4299/4313/8690 4300/4321/8690
f 4296/4302/8691 4295/4305/8691 4308/4315/8691
f 4294/4304/8692 4293/4307/8692 4306/4317/8692
f 4291/4308/8693 4304/4319/8693 4305/4316/8693
f 4289/4309/8694 4302/4320/8694 4303/4324/8694
f 4301/4311/8695 4300/4321/8695 4313/4325/8695
f 4298/4327/8696 4311/4353/8696 4312/4328/8696
f 4310/4314/8697 4309/4322/8697 4322/4329/8697
f 4308/4315/8698 4307/4323/8698 4320/4331/8698
f 4305/4316/4272 4318/4336/4272 4319/4333/4272
f 4303/4318/8699 4316/4346/8699 4317/4334/8699
f 4302/4320/8700 4301/4311/8700 4314/4326/8700
f 4299/4313/8701 4312/4328/8701 4313/4325/8701
f 4309/4322/8702 4308/4315/8702 4321/4332/8702
f 4306/4317/8703 4319/4333/8703 4320/4331/8703
f 4304/4319/8704 4317/4334/8704 4318/4336/8704
f 4303/4324/8705 4302/4320/8705 4315/4335/8705
f 4314/4326/8706 4313/4325/8706 4326/4338/8706
f 4312/4328/8707 4311/4353/8707 4324/4340/8707
f 4322/4329/8708 4335/4349/8708 4336/4342/8708
f 4321/4332/8709 4320/4331/8709 4333/4343/8709
f 4318/4336/8710 4331/4350/8710 4332/4345/8710
f 4316/4346/8711 4329/4943/8711 4330/4347/8711
f 4314/4326/8712 4327/4339/8712 4328/4348/8712
f 4312/4328/8713 4325/4341/8713 4326/4338/8713
f 4321/4332/8714 4334/4344/8714 4335/4349/8714
f 4320/4331/8715 4319/4333/8715 4332/4345/8715
f 4318/4336/8716 4317/4334/8716 4330/4347/8716
f 4316/4337/8717 4315/4335/8717 4328/4348/8717
f 4327/4339/8718 4326/4338/8718 3922/3932/8718
f 4325/4341/8719 4324/4340/8719 3920/3944/8719
f 4336/4342/8720 4335/4349/8720 3931/3937/8720
f 4333/4343/8721 3929/3939/8721 3930/3935/8721
f 4331/4350/8722 3927/3940/8722 3928/3923/8722
f 4330/4347/8723 4329/4943/8723 3925/3926/8723
f 4327/4339/8724 3923/3943/8724 3924/3929/8724
f 4325/4341/8725 3921/3945/8725 3922/3932/8725
f 4335/4349/8726 4334/4344/8726 3930/3935/8726
f 4333/4343/8727 4332/4345/8727 3928/3923/8727
f 4331/4350/8728 4330/4347/8728 3926/3928/8728
f 4328/4348/8729 3924/3929/8729 3925/3941/8729
f 3794/3798/8730 3920/3944/8730 4324/4340/8730
f 4324/4340/8731 4311/4353/8731 3915/3902/8731
f 4311/4353/8732 4298/4327/8732 3910/3897/8732
f 4298/4327/8733 4285/4312/8733 3906/3895/8733
f 3906/3895/8734 4285/4312/8734 4272/4286/8734
f 3902/3890/8735 4272/4286/8735 4259/4354/8735
f 3898/3887/8736 4259/4354/8736 4246/4272/8736
f 4246/4272/8737 4233/4247/8737 3890/3881/8737
f 3890/3881/8738 4233/4247/8738 4220/4233/8738
f 4220/4233/8739 4207/4355/8739 3882/3874/8739
f 4207/4355/8740 4193/4205/8740 3878/3869/8740
f 4193/4205/8741 4180/4939/8741 3874/3867/8741
f 3874/3867/8742 4180/4939/8742 4167/4178/8742
f 3870/3862/8743 4167/4178/8743 4154/4356/8743
f 3866/3859/8744 4154/4356/8744 4141/4164/8744
f 4141/4164/8745 4128/4139/8745 3858/3853/8745
f 3858/3853/8746 4128/4139/8746 4115/4125/8746
f 4115/4125/8747 4102/4357/8747 3850/3846/8747
f 4102/4357/8748 4089/4098/8748 3846/3841/8748
f 4089/4098/8749 4076/4936/8749 3842/3839/8749
f 3842/3839/8750 4076/4936/8750 4063/4071/8750
f 3838/3834/8751 4063/4071/8751 4050/4358/8751
f 3834/3831/8752 4050/4358/8752 4037/4057/8752
f 4037/4057/8753 4024/4032/8753 3826/3824/8753
f 3826/3824/8754 4024/4032/8754 4011/4018/8754
f 4011/4018/8755 3998/4359/8755 3818/3817/8755
f 3998/4359/8756 3985/3991/8756 3814/3812/8756
f 3985/3991/8757 3972/4933/8757 3810/3810/8757
f 3810/3810/8758 3972/4933/8758 3959/3964/8758
f 3806/3805/8759 3959/3964/8759 3946/4360/8759
f 3802/3801/8760 3946/4360/8760 3933/3950/8760
f 3933/3950/8761 3920/3944/8761 3794/3798/8761
f 4339/4361/8286 4338/4366/8286 4342/4362/8286
f 4339/4361/8287 4343/4363/8287 4344/4364/8287
f 4338/4366/8762 4337/4475/8762 4341/4367/8762
f 4343/4363/8289 4347/4370/8289 4348/4368/8289
f 4341/4367/8763 4345/4477/8763 4346/4369/8763
f 4342/4362/8291 4346/4369/8291 4347/4370/8291
f 4347/4370/8764 4351/4374/8764 4352/4371/8764
f 4346/4369/8765 4345/4477/8765 4349/4372/8765
f 4347/4370/8766 4346/4369/8766 4350/4373/8766
f 4352/4371/8767 4351/4374/8767 4355/4375/8767
f 4349/4372/8768 4353/4478/8768 4354/4377/8768
f 4350/4373/8297 4354/4377/8297 4355/4375/8297
f 4355/4375/8769 4359/4381/8769 4360/4378/8769
f 4354/4377/8299 4353/4478/8299 4357/4379/8299
f 4355/4375/8770 4354/4377/8770 4358/4380/8770
f 4360/4378/8301 4359/4381/8301 4363/4382/8301
f 4357/4379/8771 4361/4479/8771 4362/4384/8771
f 4358/4380/8303 4362/4384/8303 4363/4382/8303
f 4364/4383/8772 4363/4382/8772 4367/4385/8772
f 4362/4384/8773 4361/4479/8773 4365/4387/8773
f 4363/4382/8774 4362/4384/8774 4366/4388/8774
f 4368/4386/8775 4367/4385/8775 4371/4389/8775
f 4365/4387/8308 4369/4480/8308 4370/4391/8308
f 4366/4388/8776 4370/4391/8776 4371/4389/8776
f 4372/4390/8777 4371/4389/8777 4375/4392/8777
f 4370/4391/8311 4369/4480/8311 4373/4394/8311
f 4371/4389/8778 4370/4391/8778 4374/4395/8778
f 4375/4392/8779 4379/4398/8779 4380/4396/8779
f 4373/4394/8314 4377/4400/8314 4378/4397/8314
f 4374/4395/8780 4378/4397/8780 4379/4398/8780
f 4379/4398/8316 4383/4402/8316 4384/4399/8316
f 4377/4400/8781 4381/4405/8781 4382/4401/8781
f 4379/4398/8318 4378/4397/8318 4382/4401/8318
f 4384/4399/8319 4383/4402/8319 4387/4403/8319
f 4381/4405/8320 4385/4481/8320 4386/4406/8320
f 4382/4401/8782 4386/4406/8782 4387/4403/8782
f 4387/4403/8783 4391/4410/8783 4392/4407/8783
f 4386/4406/8784 4385/4481/8784 4389/4408/8784
f 4387/4403/8324 4386/4406/8324 4390/4409/8324
f 4392/4407/8785 4391/4410/8785 4395/4411/8785
f 4389/4408/8326 4393/4416/8326 4394/4413/8326
f 4390/4409/8327 4394/4413/8327 4395/4411/8327
f 4396/4412/8786 4395/4411/8786 4399/4414/8786
f 4393/4416/8787 4397/4482/8787 4398/4417/8787
f 4395/4411/8788 4394/4413/8788 4398/4417/8788
f 4400/4415/8331 4399/4414/8331 4403/4418/8331
f 4398/4417/8789 4397/4482/8789 4401/4420/8789
f 4398/4417/8333 4402/4421/8333 4403/4418/8333
f 4403/4418/8334 4407/4424/8334 4408/4422/8334
f 4401/4420/8790 4405/4483/8790 4406/4423/8790
f 4403/4418/8791 4402/4421/8791 4406/4423/8791
f 4407/4424/8337 4411/4428/8337 4412/4425/8337
f 4406/4423/8792 4405/4483/8792 4409/4426/8792
f 4406/4423/8339 4410/4427/8339 4411/4428/8339
f 4411/4428/8340 4415/4432/8340 4416/4429/8340
f 4410/4427/8793 4409/4426/8793 4413/4430/8793
f 4411/4428/4396 4410/4427/4396 4414/4431/4396
f 4416/4429/8342 4415/4432/8342 4419/4433/8342
f 4413/4430/8794 4417/4484/8794 4418/4435/8794
f 4414/4431/8795 4418/4435/8795 4419/4433/8795
f 4419/4433/8796 4423/4439/8796 4424/4436/8796
f 4418/4435/8346 4417/4484/8346 4421/4437/8346
f 4419/4433/8797 4418/4435/8797 4422/4438/8797
f 4424/4436/8348 4423/4439/8348 4427/4440/8348
f 4421/4437/8349 4425/4485/8349 4426/4442/8349
f 4422/4438/8798 4426/4442/8798 4427/4440/8798
f 4428/4441/8351 4427/4440/8351 4431/4443/8351
f 4426/4442/8799 4425/4485/8799 4429/4445/8799
f 4427/4440/8800 4426/4442/8800 4430/4446/8800
f 4431/4443/8801 4435/4449/8801 4436/4447/8801
f 4429/4445/8355 4433/4486/8355 4434/4448/8355
f 4430/4446/8802 4434/4448/8802 4435/4449/8802
f 4435/4449/8803 4439/4453/8803 4440/4450/8803
f 4434/4448/8358 4433/4486/8358 4437/4451/8358
f 4435/4449/8804 4434/4448/8804 4438/4452/8804
f 4439/4453/8360 4443/4456/8360 4444/4454/8360
f 4437/4451/8805 4441/4487/8805 4442/4455/8805
f 4438/4452/8806 4442/4455/8806 4443/4456/8806
f 4443/4456/8362 4447/4460/8362 4448/4457/8362
f 4442/4455/8363 4441/4487/8363 4445/4458/8363
f 4443/4456/8807 4442/4455/8807 4446/4459/8807
f 4448/4457/8808 4447/4460/8808 4451/4461/8808
f 4445/4458/8366 4449/4488/8366 4450/4463/8366
f 4446/4459/8809 4450/4463/8809 4451/4461/8809
f 4451/4461/8368 4455/4467/8368 4456/4464/8368
f 4450/4463/8810 4449/4488/8810 4453/4465/8810
f 4451/4461/8811 4450/4463/8811 4454/4466/8811
f 4456/4464/8371 4455/4467/8371 4460/4468/8371
f 4453/4465/8372 4458/4489/8372 4459/4470/8372
f 4454/4466/3881 4459/4470/3881 4460/4468/3881
f 4461/4469/8373 4460/4468/8373 4464/4471/8373
f 4459/4470/8812 4458/4489/8812 4462/4473/8812
f 4460/4468/8375 4459/4470/8375 4463/4474/8375
f 4465/4472/8376 4464/4471/8376 4339/4361/8376
f 4462/4473/8813 4337/4475/8813 4338/4366/8813
f 4463/4474/8378 4338/4366/8378 4339/4361/8378
f 4474/4490/8379 4473/4507/8379 4486/4491/8379
f 4471/4493/8380 4484/4944/8380 4485/4494/8380
f 4470/4496/8814 4469/4510/8814 4482/4497/8814
f 4468/4499/8815 4467/4512/8815 4480/4500/8815
f 4477/4502/8816 4476/4515/8816 4489/4503/8816
f 4474/4490/8384 4487/4492/8384 4488/4505/8384
f 4472/4495/8385 4485/4494/8385 4486/4491/8385
f 4471/4508/8386 4470/4496/8386 4483/4498/8386
f 4468/4499/8387 4481/4501/8387 4482/4497/8387
f 4466/4511/8817 4479/4517/8817 4480/4500/8817
f 4478/4513/3930 4477/4502/3930 4490/4504/3930
f 4476/4515/8389 4475/4506/8389 4488/4505/8389
f 4481/4501/8390 4494/4527/8390 4495/4516/8390
f 4479/4517/8391 4492/4927/8391 4493/4518/8391
f 4491/4514/8818 4490/4504/8818 4503/4519/8818
f 4488/4505/8393 4501/4528/8393 4502/4521/8393
f 4487/4492/8394 4486/4491/8394 4499/4522/8394
f 4485/4494/8819 4484/4944/8819 4497/4524/8819
f 4483/4498/8820 4482/4497/8820 4495/4516/8820
f 4481/4501/8821 4480/4500/8821 4493/4518/8821
f 4490/4504/8398 4489/4503/8398 4502/4521/8398
f 4487/4492/8399 4500/4523/8399 4501/4528/8399
f 4485/4494/8822 4498/4525/8822 4499/4522/8822
f 4483/4498/8823 4496/4526/8823 4497/4529/8823
f 4494/4527/3944 4507/4540/3944 4508/4530/3944
f 4493/4518/8402 4492/4927/8402 4505/4531/8402
f 4503/4519/8824 4516/4541/8824 4517/4533/8824
f 4501/4528/8404 4514/4542/8404 4515/4534/8404
f 4500/4523/3948 4499/4522/3948 4512/4535/3948
f 4498/4525/8825 4497/4524/8825 4510/4537/8825
f 4495/4516/8406 4508/4530/8406 4509/4539/8406
f 4494/4527/8826 4493/4518/8826 4506/4532/8826
f 4502/4521/8408 4515/4534/8408 4516/4541/8408
f 4501/4528/8827 4500/4523/8827 4513/4536/8827
f 4499/4522/8410 4498/4525/8410 4511/4538/8410
f 4496/4526/8828 4509/4539/8828 4510/4543/8828
f 4507/4540/8829 4520/4553/8829 4521/4544/8829
f 4505/4531/8413 4518/4945/8413 4519/4545/8413
f 4517/4533/8830 4516/4541/8830 4529/4546/8830
f 4515/4534/8415 4514/4542/8415 4527/4548/8415
f 4512/4535/8831 4525/4554/8831 4526/4550/8831
f 4510/4537/8417 4523/4946/8417 4524/4551/8417
f 4508/4530/8418 4521/4544/8418 4522/4552/8418
f 4507/4540/8832 4506/4532/8832 4519/4545/8832
f 4515/4534/8420 4528/4549/8420 4529/4546/8420
f 4513/4536/8833 4526/4550/8833 4527/4548/8833
f 4512/4535/8422 4511/4538/8422 4524/4551/8422
f 4510/4543/8423 4509/4539/8423 4522/4552/8423
f 4520/4553/8424 4533/4566/8424 4534/4556/8424
f 4519/4545/8425 4518/4945/8425 4531/4557/8425
f 4529/4546/8426 4542/4567/8426 4543/4559/8426
f 4527/4548/8834 4540/4568/8834 4541/4560/8834
f 4526/4550/8835 4525/4554/8835 4538/4561/8835
f 4524/4551/8429 4523/4946/8429 4536/4563/8429
f 4522/4552/4457 4521/4544/4457 4534/4556/4457
f 4520/4553/8836 4519/4545/8836 4532/4558/8836
f 4529/4546/8431 4528/4549/8431 4541/4560/8431
f 4526/4550/8837 4539/4562/8837 4540/4568/8837
f 4524/4551/3978 4537/4564/3978 4538/4561/3978
f 4522/4552/8434 4535/4565/8434 4536/4569/8434
f 4534/4556/3980 4533/4566/3980 4546/4570/3980
f 4531/4557/8435 4544/4926/8435 4545/4572/8435
f 4543/4559/8436 4542/4567/8436 4555/4573/8436
f 4541/4560/8437 4540/4568/8437 4553/4575/8437
f 4538/4561/3984 4551/4581/3984 4552/4577/3984
f 4537/4564/8838 4536/4563/8838 4549/4578/8838
f 4535/4565/8439 4534/4556/8439 4547/4571/8439
f 4532/4558/8440 4545/4572/8440 4546/4570/8440
f 4542/4567/3988 4541/4560/3988 4554/4576/3988
f 4540/4568/8442 4539/4562/8442 4552/4577/8442
f 4537/4564/8443 4550/4579/8443 4551/4581/8443
f 4535/4565/8839 4548/4580/8839 4549/4582/8839
f 4547/4571/8445 4546/4570/8445 4559/4583/8445
f 4545/4572/8446 4544/4926/8446 4557/4585/8446
f 4555/4573/8447 4568/4594/8447 4569/4587/8447
f 4554/4576/4465 4553/4575/4465 4566/4588/4465
f 4551/4581/8448 4564/4595/8448 4565/4590/8448
f 4550/4579/8840 4549/4578/8840 4562/4591/8840
f 4547/4571/8450 4560/4584/8450 4561/4593/8450
f 4545/4572/8841 4558/4586/8841 4559/4583/8841
f 4554/4576/8842 4567/4589/8842 4568/4594/8842
f 4553/4575/8843 4552/4577/8843 4565/4590/8843
f 4551/4581/8844 4550/4579/8844 4563/4592/8844
f 4548/4580/8845 4561/4593/8845 4562/4596/8845
f 4560/4584/8846 4559/4583/8846 4572/4597/8846
f 4558/4586/8457 4557/4585/8457 4570/4599/8457
f 4569/4587/8458 4568/4594/8458 4581/4601/8458
f 4566/4588/8459 4579/4608/8459 4580/4603/8459
f 4564/4595/8460 4577/4609/8460 4578/4604/8460
f 4563/4592/8461 4562/4591/8461 4575/4605/8461
f 4560/4584/8847 4573/4598/8847 4574/4607/8847
f 4558/4586/8463 4571/4600/8463 4572/4597/8463
f 4568/4594/8848 4567/4589/8848 4580/4603/8848
f 4566/4588/8465 4565/4590/8465 4578/4604/8465
f 4564/4595/8849 4563/4592/8849 4576/4606/8849
f 4561/4593/8467 4574/4607/8467 4575/4610/8467
f 4572/4597/8468 4585/4621/8468 4586/4611/8468
f 4570/4599/8469 4583/4624/8469 4584/4612/8469
f 4582/4602/8470 4581/4601/8470 4594/4613/8470
f 4580/4603/8471 4579/4608/8471 4592/4615/8471
f 4578/4604/8472 4577/4609/8472 4590/4617/8472
f 4575/4605/8473 4588/4947/8473 4589/4619/8473
f 4574/4607/8850 4573/4598/8850 4586/4611/8850
f 4572/4597/8475 4571/4600/8475 4584/4612/8475
f 4580/4603/8476 4593/4616/8476 4594/4613/8476
f 4578/4604/8851 4591/4618/8851 4592/4615/8851
f 4576/4606/8852 4589/4619/8852 4590/4617/8852
f 4575/4610/8479 4574/4607/8479 4587/4620/8479
f 4585/4621/4028 4598/4634/4028 4599/4623/4028
f 4583/4624/8481 4596/4925/8481 4597/4625/8481
f 4595/4614/8482 4594/4613/8482 4607/4626/8482
f 4592/4615/8483 4605/4635/8483 4606/4628/8483
f 4591/4618/4479 4590/4617/4479 4603/4629/4479
f 4589/4619/8853 4588/4947/8853 4601/4631/8853
f 4587/4620/8485 4586/4611/8485 4599/4623/8485
f 4585/4621/8486 4584/4612/8486 4597/4625/8486
f 4594/4613/8854 4593/4616/8854 4606/4628/8854
f 4591/4618/8488 4604/4630/8488 4605/4635/8488
f 4589/4619/8855 4602/4632/8855 4603/4629/8855
f 4587/4620/8856 4600/4633/8856 4601/4636/8856
f 4598/4634/4040 4611/4647/4040 4612/4637/4040
f 4597/4625/8491 4596/4925/8491 4609/4638/8491
f 4607/4626/8492 4620/4648/8492 4621/4640/8492
f 4605/4635/8857 4618/4649/8857 4619/4641/8857
f 4604/4630/4044 4603/4629/4044 4616/4642/4044
f 4602/4632/8858 4601/4631/8858 4614/4644/8858
f 4599/4623/8495 4612/4637/8495 4613/4646/8495
f 4598/4634/8496 4597/4625/8496 4610/4639/8496
f 4606/4628/8859 4619/4641/8859 4620/4648/8859
f 4604/4630/8497 4617/4643/8497 4618/4649/8497
f 4603/4629/8498 4602/4632/8498 4615/4645/8498
f 4600/4633/8860 4613/4646/8860 4614/4650/8860
f 4612/4637/8500 4611/4647/8500 4624/4651/8500
f 4609/4638/8501 4622/4948/8501 4623/4653/8501
f 4621/4640/8502 4620/4648/8502 4633/4654/8502
f 4618/4649/8503 4631/4661/8503 4632/4656/8503
f 4617/4643/8861 4616/4642/8861 4629/4657/8861
f 4614/4644/8505 4627/4949/8505 4628/4659/8505
f 4612/4637/4058 4625/4652/4058 4626/4660/4058
f 4611/4647/8862 4610/4639/8862 4623/4653/8862
f 4619/4641/8507 4632/4656/8507 4633/4654/8507
f 4617/4643/8863 4630/4658/8863 4631/4661/8863
f 4616/4642/4491 4615/4645/4491 4628/4659/4491
f 4614/4650/8509 4613/4646/8509 4626/4660/8509
f 4624/4651/8510 4637/4673/8510 4638/4663/8510
f 4623/4653/8511 4622/4948/8511 4635/4664/8511
f 4633/4654/8864 4646/4674/8864 4647/4666/8864
f 4631/4661/8865 4644/4675/8865 4645/4667/8865
f 4630/4658/8866 4629/4657/8866 4642/4668/8866
f 4628/4659/8515 4627/4949/8515 4640/4670/8515
f 4626/4660/8516 4625/4652/8516 4638/4663/8516
f 4624/4651/8867 4623/4653/8867 4636/4665/8867
f 4633/4654/8518 4632/4656/8518 4645/4667/8518
f 4630/4658/8868 4643/4669/8868 4644/4675/8868
f 4628/4659/8520 4641/4671/8520 4642/4668/8520
f 4626/4660/8521 4639/4672/8521 4640/4676/8521
f 4638/4663/4076 4637/4673/4076 4650/4677/4076
f 4635/4664/8522 4648/4924/8522 4649/4679/8522
f 4647/4666/8869 4646/4674/8869 4659/4680/8869
f 4645/4667/8524 4644/4675/8524 4657/4682/8524
f 4642/4668/4080 4655/4688/4080 4656/4684/4080
f 4641/4671/8870 4640/4670/8870 4653/4685/8870
f 4639/4672/8526 4638/4663/8526 4651/4678/8526
f 4636/4665/8871 4649/4679/8871 4650/4677/8871
f 4646/4674/8528 4645/4667/8528 4658/4683/8528
f 4644/4675/8529 4643/4669/8529 4656/4684/8529
f 4641/4671/8530 4654/4686/8530 4655/4688/8530
f 4639/4672/8872 4652/4687/8872 4653/4689/8872
f 4651/4678/8532 4650/4677/8532 4663/4690/8532
f 4649/4679/8533 4648/4924/8533 4661/4692/8533
f 4659/4680/8534 4672/4701/8534 4673/4694/8534
f 4658/4683/8535 4657/4682/8535 4670/4695/8535
f 4655/4688/8536 4668/4702/8536 4669/4697/8536
f 4654/4686/8873 4653/4685/8873 4666/4698/8873
f 4651/4678/8874 4664/4691/8874 4665/4700/8874
f 4649/4679/8875 4662/4693/8875 4663/4690/8875
f 4658/4683/8540 4671/4696/8540 4672/4701/8540
f 4657/4682/8541 4656/4684/8541 4669/4697/8541
f 4655/4688/8876 4654/4686/8876 4667/4699/8876
f 4652/4687/8877 4665/4700/8877 4666/4703/8877
f 4664/4691/8544 4663/4690/8544 4676/4704/8544
f 4662/4693/4101 4661/4692/4101 4674/4706/4101
f 4673/4694/8878 4672/4701/8878 4685/4708/8878
f 4670/4695/8547 4683/4715/8547 4684/4710/8547
f 4668/4702/8548 4681/4716/8548 4682/4711/8548
f 4667/4699/8549 4666/4698/8549 4679/4712/8549
f 4664/4691/8879 4677/4705/8879 4678/4714/8879
f 4662/4693/8551 4675/4707/8551 4676/4704/8551
f 4672/4701/8880 4671/4696/8880 4684/4710/8880
f 4670/4695/8553 4669/4697/8553 4682/4711/8553
f 4668/4702/8554 4667/4699/8554 4680/4713/8554
f 4665/4700/8555 4678/4714/8555 4679/4717/8555
f 4676/4704/8556 4689/4727/8556 4690/4718/8556
f 4674/4706/8557 4687/4731/8557 4688/4719/8557
f 4685/4708/8881 4698/4728/8881 4699/4720/8881
f 4684/4710/8559 4683/4715/8559 4696/4721/8559
f 4682/4711/8560 4681/4716/8560 4694/4723/8560
f 4679/4712/8561 4692/4950/8561 4693/4725/8561
f 4678/4714/8562 4677/4705/8562 4690/4718/8562
f 4676/4704/8563 4675/4707/8563 4688/4719/8563
f 4684/4710/8564 4697/4722/8564 4698/4728/8564
f 4682/4711/8882 4695/4724/8882 4696/4721/8882
f 4680/4713/8566 4693/4725/8566 4694/4723/8566
f 4679/4717/8567 4678/4714/8567 4691/4726/8567
f 4689/4727/8568 4702/4741/8568 4703/4730/8568
f 4687/4731/8883 4700/4923/8883 4701/4732/8883
f 4699/4720/8570 4698/4728/8570 4711/4733/8570
f 4696/4721/8571 4709/4742/8571 4710/4735/8571
f 4695/4724/8572 4694/4723/8572 4707/4736/8572
f 4693/4725/8884 4692/4950/8884 4705/4738/8884
f 4691/4726/8574 4690/4718/8574 4703/4730/8574
f 4689/4727/8885 4688/4719/8885 4701/4732/8885
f 4698/4728/8576 4697/4722/8576 4710/4735/8576
f 4695/4724/8577 4708/4737/8577 4709/4742/8577
f 4693/4725/8578 4706/4739/8578 4707/4736/8578
f 4691/4726/8886 4704/4740/8886 4705/4743/8886
f 4702/4741/8887 4715/4754/8887 4716/4744/8887
f 4701/4732/8888 4700/4923/8888 4713/4745/8888
f 4711/4733/8889 4724/4755/8889 4725/4747/8889
f 4709/4742/8582 4722/4756/8582 4723/4748/8582
f 4708/4737/4140 4707/4736/4140 4720/4749/4140
f 4706/4739/8890 4705/4738/8890 4718/4751/8890
f 4703/4730/8584 4716/4744/8584 4717/4753/8584
f 4702/4741/8585 4701/4732/8585 4714/4746/8585
f 4710/4735/8586 4723/4748/8586 4724/4755/8586
f 4708/4737/8891 4721/4750/8891 4722/4756/8891
f 4707/4736/8588 4706/4739/8588 4719/4752/8588
f 4704/4740/8892 4717/4753/8892 4718/4757/8892
f 4716/4744/8893 4715/4754/8893 4728/4758/8893
f 4714/4746/8894 4713/4745/8894 4726/4760/8894
f 4725/4747/8592 4724/4755/8592 4737/4762/8592
f 4723/4748/8593 4722/4756/8593 4735/4764/8593
f 4721/4750/8594 4720/4749/8594 4733/4766/8594
f 4718/4751/8895 4731/4951/8895 4732/4768/8895
f 4716/4744/8596 4729/4759/8596 4730/4769/8596
f 4715/4754/8597 4714/4746/8597 4727/4761/8597
f 4723/4748/8598 4736/4765/8598 4737/4762/8598
f 4721/4750/8599 4734/4767/8599 4735/4764/8599
f 4720/4749/8600 4719/4752/8600 4732/4768/8600
f 4718/4757/8601 4717/4753/8601 4730/4769/8601
f 4728/4758/8896 4741/4781/8896 4742/4771/8896
f 4727/4761/8603 4726/4760/8603 4739/4772/8603
f 4737/4762/8604 4750/4782/8604 4751/4774/8604
f 4736/4765/8897 4735/4764/8897 4748/4775/8897
f 4733/4766/8898 4746/4783/8898 4747/4777/8898
f 4732/4768/8607 4731/4951/8607 4744/4778/8607
f 4730/4769/8608 4729/4759/8608 4742/4771/8608
f 4727/4761/8899 4740/4773/8899 4741/4781/8899
f 4737/4762/8610 4736/4765/8610 4749/4776/8610
f 4735/4764/8611 4734/4767/8611 4747/4777/8611
f 4732/4768/4170 4745/4779/4170 4746/4783/4170
f 4730/4769/8900 4743/4780/8900 4744/4784/8900
f 4742/4771/4172 4741/4781/4172 4755/4785/4172
f 4739/4772/8613 4753/4922/8613 4754/4787/8613
f 4751/4774/8614 4750/4782/8614 4764/4788/8614
f 4749/4776/8615 4748/4775/8615 4762/4790/8615
f 4746/4783/4176 4760/4795/4176 4761/4792/4176
f 4744/4778/8901 4758/4805/8901 4759/4793/8901
f 4743/4780/8617 4742/4771/8617 4756/4786/8617
f 4740/4773/8618 4754/4787/8618 4755/4785/8618
f 4750/4782/8902 4749/4776/8902 4763/4791/8902
f 4748/4775/8619 4747/4777/8619 4761/4792/8619
f 4745/4779/8620 4759/4793/8620 4760/4795/8620
f 4744/4784/8903 4743/4780/8903 4757/4794/8903
f 4756/4786/8622 4755/4785/8622 4768/4797/8622
f 4754/4787/8904 4753/4922/8904 4766/4799/8904
f 4764/4788/8624 4777/4808/8624 4778/4801/8624
f 4763/4791/4187 4762/4790/4187 4775/4802/4187
f 4760/4795/8625 4773/4809/8625 4774/4804/8625
f 4758/4805/8905 4771/4952/8905 4772/4806/8905
f 4756/4786/8627 4769/4798/8627 4770/4807/8627
f 4754/4787/8628 4767/4800/8628 4768/4797/8628
f 4763/4791/8629 4776/4803/8629 4777/4808/8629
f 4762/4790/8630 4761/4792/8630 4774/4804/8630
f 4760/4795/8631 4759/4793/8631 4772/4806/8631
f 4758/4796/8906 4757/4794/8906 4770/4807/8906
f 4769/4798/8907 4768/4797/8907 4781/4811/8907
f 4767/4800/8908 4766/4799/8908 4779/4813/8908
f 4778/4801/8909 4777/4808/8909 4790/4815/8909
f 4775/4802/8635 4788/4822/8635 4789/4817/8635
f 4773/4809/8636 4786/4823/8636 4787/4818/8636
f 4772/4806/8637 4771/4952/8637 4784/4819/8637
f 4769/4798/8638 4782/4812/8638 4783/4821/8638
f 4767/4800/4203 4780/4814/4203 4781/4811/4203
f 4777/4808/8910 4776/4803/8910 4789/4817/8910
f 4775/4802/4205 4774/4804/4205 4787/4818/4205
f 4773/4809/8640 4772/4806/8640 4785/4820/8640
f 4770/4807/8641 4783/4821/8641 4784/4824/8641
f 4781/4811/8642 4794/4834/8642 4795/4825/8642
f 4779/4813/4209 4792/4838/4209 4793/4826/4209
f 4790/4815/8644 4803/4835/8644 4804/4827/8644
f 4789/4817/8645 4788/4822/8645 4801/4828/8645
f 4787/4818/8646 4786/4823/8646 4799/4830/8646
f 4784/4819/8647 4797/4845/8647 4798/4832/8647
f 4783/4821/8648 4782/4812/8648 4795/4825/8648
f 4781/4811/4215 4780/4814/4215 4793/4826/4215
f 4789/4817/8649 4802/4829/8649 4803/4835/8649
f 4787/4818/4217 4800/4831/4217 4801/4828/4217
f 4785/4820/8650 4798/4832/8650 4799/4830/8650
f 4784/4824/8651 4783/4821/8651 4796/4833/8651
f 4794/4834/8911 4807/4848/8911 4808/4837/8911
f 4792/4838/8912 4805/4921/8912 4806/4839/8912
f 4804/4827/8654 4803/4835/8654 4816/4840/8654
f 4801/4828/4547 4814/4849/4547 4815/4842/4547
f 4800/4831/4548 4799/4830/4548 4812/4843/4548
f 4797/4845/8913 4810/4858/8913 4811/4846/8913
f 4796/4833/8656 4795/4825/8656 4808/4837/8656
f 4794/4834/8657 4793/4826/8657 4806/4839/8657
f 4803/4835/8914 4802/4829/8914 4815/4842/8914
f 4800/4831/8659 4813/4844/8659 4814/4849/8659
f 4798/4832/8660 4811/4846/8660 4812/4843/8660
f 4797/4836/8915 4796/4833/8915 4809/4847/8915
f 4807/4848/4232 4820/4861/4232 4821/4851/4232
f 4806/4839/8662 4805/4921/8662 4818/4852/8662
f 4816/4840/8916 4829/4862/8916 4830/4854/8916
f 4814/4849/4551 4827/4863/4551 4828/4855/4551
f 4813/4844/4236 4812/4843/4236 4825/4856/4236
f 4810/4858/8917 4823/4872/8917 4824/4859/8917
f 4808/4837/8665 4821/4851/8665 4822/4860/8665
f 4807/4848/8666 4806/4839/8666 4819/4853/8666
f 4815/4842/4240 4828/4855/4240 4829/4862/4240
f 4813/4844/8918 4826/4857/8918 4827/4863/8918
f 4812/4843/8669 4811/4846/8669 4824/4859/8669
f 4810/4850/8919 4809/4847/8919 4822/4860/8919
f 4821/4851/8671 4820/4861/8671 4833/4865/8671
f 4818/4852/8672 4831/4953/8672 4832/4867/8672
f 4830/4854/8920 4829/4862/8920 4842/4868/8920
f 4827/4863/8921 4840/4875/8921 4841/4870/8921
f 4825/4856/8922 4838/4876/8922 4839/4871/8922
f 4823/4872/8676 4836/4954/8676 4837/4873/8676
f 4821/4851/8677 4834/4866/8677 4835/4874/8677
f 4819/4853/8923 4832/4867/8923 4833/4865/8923
f 4828/4855/8679 4841/4870/8679 4842/4868/8679
f 4826/4857/8680 4839/4871/8680 4840/4875/8680
f 4825/4856/8681 4824/4859/8681 4837/4873/8681
f 4823/4864/8682 4822/4860/8682 4835/4874/8682
f 4834/4866/8924 4833/4865/8924 4846/4878/8924
f 4832/4867/8925 4831/4953/8925 4844/4880/8925
f 4842/4868/8685 4855/4888/8685 4856/4882/8685
f 4840/4875/8926 4853/4889/8926 4854/4883/8926
f 4838/4876/8927 4851/4890/8927 4852/4884/8927
f 4837/4873/8928 4836/4954/8928 4849/4885/8928
f 4835/4874/8689 4834/4866/8689 4847/4879/8689
f 4832/4867/8690 4845/4881/8690 4846/4878/8690
f 4842/4868/8691 4841/4870/8691 4854/4883/8691
f 4840/4875/8692 4839/4871/8692 4852/4884/8692
f 4837/4873/8693 4850/4886/8693 4851/4890/8693
f 4835/4874/8929 4848/4887/8929 4849/4891/8929
f 4847/4879/4268 4846/4878/4268 4859/4892/4268
f 4844/4880/8696 4857/4920/8696 4858/4894/8696
f 4856/4882/8930 4855/4888/8930 4868/4895/8930
f 4854/4883/8698 4853/4889/8698 4866/4897/8698
f 4851/4890/4272 4864/4903/4272 4865/4899/4272
f 4850/4886/8931 4849/4885/8931 4862/4900/8931
f 4848/4887/8700 4847/4879/8700 4860/4893/8700
f 4845/4881/8701 4858/4894/8701 4859/4892/8701
f 4855/4888/8702 4854/4883/8702 4867/4898/8702
f 4853/4889/8932 4852/4884/8932 4865/4899/8932
f 4850/4886/8704 4863/4901/8704 4864/4903/8704
f 4848/4887/8933 4861/4902/8933 4862/4904/8933
f 4860/4893/8706 4859/4892/8706 4872/4905/8706
f 4858/4894/8934 4857/4920/8934 4870/4907/8934
f 4868/4895/8708 4881/4916/8708 4882/4909/8708
f 4867/4898/8709 4866/4897/8709 4879/4910/8709
f 4864/4903/8710 4877/4917/8710 4878/4912/8710
f 4863/4901/8935 4862/4900/8935 4875/4913/8935
f 4860/4893/8712 4873/4906/8712 4874/4915/8712
f 4858/4894/8936 4871/4908/8936 4872/4905/8936
f 4867/4898/8714 4880/4911/8714 4881/4916/8714
f 4866/4897/8715 4865/4899/8715 4878/4912/8715
f 4864/4903/8716 4863/4901/8716 4876/4914/8716
f 4861/4902/8937 4874/4915/8937 4875/4918/8937
f 4873/4906/8718 4872/4905/8718 4468/4499/8718
f 4871/4908/8719 4870/4907/8719 4466/4511/8719
f 4881/4916/8938 4477/4502/8938 4478/4513/8938
f 4879/4910/8721 4475/4506/8721 4476/4515/8721
f 4877/4917/8722 4473/4507/8722 4474/4490/8722
f 4876/4914/8723 4875/4913/8723 4471/4493/8723
f 4873/4906/8939 4469/4510/8939 4470/4496/8939
f 4871/4908/8725 4467/4512/8725 4468/4499/8725
f 4880/4911/8940 4476/4515/8940 4477/4502/8940
f 4879/4910/8941 4878/4912/8941 4474/4490/8941
f 4877/4917/8728 4876/4914/8728 4472/4495/8728
f 4874/4915/8729 4470/4496/8729 4471/4508/8729
f 4340/4365/8942 4466/4511/8942 4870/4907/8942
f 4870/4907/8731 4857/4920/8731 4461/4469/8731
f 4857/4920/8732 4844/4880/8732 4456/4464/8732
f 4844/4880/8733 4831/4953/8733 4452/4462/8733
f 4452/4462/8943 4831/4953/8943 4818/4852/8943
f 4448/4457/8944 4818/4852/8944 4805/4921/8944
f 4444/4454/8736 4805/4921/8736 4792/4838/8736
f 4792/4838/8945 4779/4813/8945 4436/4447/8945
f 4436/4447/8946 4779/4813/8946 4766/4799/8946
f 4766/4799/8739 4753/4922/8739 4428/4441/8739
f 4753/4922/8947 4739/4772/8947 4424/4436/8947
f 4739/4772/8948 4726/4760/8948 4420/4434/8948
f 4420/4434/8742 4726/4760/8742 4713/4745/8742
f 4416/4429/8743 4713/4745/8743 4700/4923/8743
f 4412/4425/8744 4700/4923/8744 4687/4731/8744
f 4687/4731/8949 4674/4706/8949 4404/4419/8949
f 4404/4419/8746 4674/4706/8746 4661/4692/8746
f 4661/4692/8950 4648/4924/8950 4396/4412/8950
f 4648/4924/8748 4635/4664/8748 4392/4407/8748
f 4635/4664/8951 4622/4948/8951 4388/4404/8951
f 4388/4404/8952 4622/4948/8952 4609/4638/8952
f 4384/4399/8751 4609/4638/8751 4596/4925/8751
f 4380/4396/8953 4596/4925/8953 4583/4624/8953
f 4583/4624/8954 4570/4599/8954 4372/4390/8954
f 4372/4390/8955 4570/4599/8955 4557/4585/8955
f 4557/4585/8956 4544/4926/8956 4364/4383/8956
f 4544/4926/8957 4531/4557/8957 4360/4378/8957
f 4531/4557/8958 4518/4945/8958 4356/4376/8958
f 4356/4376/8959 4518/4945/8959 4505/4531/8959
f 4352/4371/8759 4505/4531/8759 4492/4927/8759
f 4348/4368/8960 4492/4927/8960 4479/4517/8960
f 4479/4517/8761 4466/4511/8761 4340/4365/8761
