# https://github.com/mikedh/trimesh
mtllib material.mtl
usemtl material_0
v 0.06347525 -0.00908882 -0.05058783
v 0.06702660 -0.01007957 -0.04930288
v 0.06757287 -0.00862450 -0.04892645
v 0.06416145 -0.00810391 -0.05029314
v 0.07429023 -0.00925445 -0.05871158
v 0.07519380 -0.00571612 -0.05423485
v 0.07469059 -0.00328434 -0.05335944
v 0.07439512 -0.00331022 -0.05627058
v 0.04496839 -0.08278910 -0.09078584
v 0.03954633 -0.07467514 -0.09607793
v 0.03728626 -0.08685621 -0.09983131
v 0.04652452 -0.09061851 -0.09046570
v 0.03928905 0.04851715 0.03914306
v 0.04646884 0.04718658 0.03324447
v 0.04539914 0.04127816 0.03684637
v -0.06353128 -0.00921258 -0.05322627
v -0.06711760 -0.01020540 -0.05191514
v -0.06769909 -0.00878538 -0.05160698
v -0.06406160 -0.00818070 -0.05301019
v -0.07412942 -0.00914062 -0.06188717
v -0.07531578 -0.00567100 -0.05733945
v -0.07477841 -0.00328462 -0.05644391
v -0.07433528 -0.00324450 -0.05942525
v 0.03842069 0.04188380 0.04125584
v 0.09071288 0.01305759 -0.06723461
v 0.09083706 0.01057399 -0.06847090
v 0.09148598 0.00875974 -0.06674707
v 0.09116777 0.01085977 -0.06528210
v 0.08701144 -0.00422080 -0.06713951
v 0.08731858 0.00284635 -0.06799065
v 0.08853410 0.00531070 -0.06845219
v 0.08871223 0.00311599 -0.06778663
v 0.08669022 -0.01446799 -0.06452596
v 0.08535575 -0.01376437 -0.06433708
v 0.08677131 -0.00929821 -0.06589948
v 0.08840166 -0.00972756 -0.06639407
v 0.07309089 -0.03477123 -0.04104219
v 0.07577016 -0.03185094 -0.04352629
v 0.07589150 -0.03506364 -0.04497734
v 0.07141798 -0.03663177 -0.04321690
v 0.06830818 -0.03474001 -0.04439276
v 0.07265797 -0.03541538 -0.04876665
v 0.07224013 -0.03187676 -0.04996029
v 0.06863611 -0.03173769 -0.04673345
v 0.08615213 0.02205672 -0.05455410
v 0.08661805 0.01835503 -0.05372312
v 0.08548523 0.01722339 -0.05165115
v 0.08478008 0.02084518 -0.05219259
v 0.07111725 -0.00836619 -0.06493998
v 0.06942772 -0.01479082 -0.06353315
v 0.07556292 -0.01018111 -0.06580070
v 0.07611408 -0.00745699 -0.06584457
v 0.08580286 0.01235738 -0.06012731
v 0.08580693 0.01300293 -0.06314086
v 0.08618060 0.01100299 -0.06446152
v 0.08565281 0.00974440 -0.06223506
v 0.08766062 0.01464690 -0.06820605
v 0.08780076 0.01183078 -0.06956778
v 0.07159255 -0.02512745 -0.04040939
v 0.07078639 -0.02165169 -0.03959578
v 0.07123613 -0.02016330 -0.04089087
v 0.07139595 -0.02124600 -0.04252536
v 0.07381523 -0.00926695 -0.05541866
v 0.07525636 -0.00471140 -0.05280031
v 0.08342226 -0.02525503 -0.06000249
v 0.08305997 -0.02321381 -0.05899748
v 0.08529469 -0.01910047 -0.06199031
v 0.08549818 -0.02056831 -0.06347489
v 0.07976591 -0.02087955 -0.05711298
v 0.08211017 -0.01800469 -0.06026914
v 0.08308659 -0.01727985 -0.06197260
v 0.08221556 -0.01950161 -0.06001559
v 0.08710160 0.01483761 -0.06142954
v 0.08589023 0.01712310 -0.05658541
v 0.08730043 0.01605031 -0.05537160
v 0.08888628 0.01393863 -0.05949062
v 0.07824484 0.00395853 -0.06497489
v 0.07682315 0.00883818 -0.06289067
v 0.07568093 0.00821805 -0.06294814
v 0.07676444 0.00399205 -0.06486107
v 0.08752973 0.01214735 -0.06592409
v 0.08794037 0.00997727 -0.06720795
v 0.08659417 0.00871546 -0.06593234
v 0.07764804 0.00967440 -0.04915020
v 0.07927620 0.01076899 -0.05109161
v 0.07938474 0.00919089 -0.05201248
v 0.07906479 0.00801435 -0.05126837
v 0.07555140 -0.03597213 -0.04848579
v 0.06831288 -0.02340704 -0.05711207
v 0.07000692 -0.02305585 -0.05879667
v 0.07271587 -0.01891760 -0.06159194
v 0.07101067 -0.01767375 -0.06197539
v 0.06848545 -0.03258974 -0.03893429
v 0.07174578 -0.03238184 -0.03923951
v 0.07229107 -0.03363015 -0.04023466
v 0.06915560 -0.03486932 -0.04052742
v 0.08019113 0.01405331 -0.05128546
v 0.08221503 0.01328836 -0.05301528
v 0.08050035 0.01251382 -0.05255680
v 0.07925258 0.01299833 -0.05118872
v 0.08615266 0.00107829 -0.06650404
v 0.08583540 0.00728276 -0.06403615
v 0.08527344 -0.00792380 -0.06196758
v 0.08538164 -0.00757123 -0.06471047
v 0.08490045 -0.01163447 -0.06326910
v 0.08424203 -0.01177847 -0.06085061
v 0.08554760 -0.00010358 -0.06152764
v 0.08568369 0.00001756 -0.06474983
v 0.08926292 0.00802968 -0.06544833
v 0.08930591 0.00233122 -0.06660634
v 0.08870883 0.00870345 -0.06631628
v 0.07487052 0.01183421 -0.06060095
v 0.07530975 0.01500777 -0.06479753
v 0.07385617 0.00901844 -0.06675462
v 0.07478398 0.00950881 -0.06236364
v 0.07195493 -0.01621471 -0.04102561
v 0.07306022 -0.01400729 -0.04233526
v 0.07140504 -0.01609440 -0.04421447
v 0.07043955 -0.01866108 -0.04369885
v 0.07356920 -0.02115146 -0.06044520
v 0.07091265 -0.02419231 -0.05804338
v 0.07156139 -0.02493179 -0.05739227
v 0.07419258 -0.02286948 -0.05903229
v 0.08424287 0.01393354 -0.05484241
v 0.08442914 0.00982439 -0.05621359
v 0.08294924 0.00981526 -0.05495690
v 0.07577500 -0.01998305 -0.04987088
v 0.07604794 -0.01872498 -0.05191995
v 0.07746917 -0.02146044 -0.05309752
v 0.07731229 -0.02350117 -0.05117732
v 0.07979029 -0.03190736 -0.05415526
v 0.07702572 -0.03206082 -0.05503908
v 0.07484220 -0.03409273 -0.05164757
v 0.07774856 -0.03430369 -0.05129568
v 0.07116844 -0.01982402 -0.04315304
v 0.07135762 -0.01873715 -0.04107192
v 0.08037557 0.00417660 -0.06661580
v 0.07933901 0.01000030 -0.06388216
v 0.08544447 0.00834246 -0.06025943
v 0.08561922 0.00614196 -0.06192117
v 0.07443719 -0.00359286 -0.04569500
v 0.07278410 -0.00317102 -0.04743486
v 0.07309532 -0.00398870 -0.04737582
v 0.07515454 -0.00503378 -0.04550679
v 0.07442997 -0.00397438 -0.04423827
v 0.07493255 -0.00554532 -0.04413001
v 0.07422846 -0.00558056 -0.04333832
v 0.07387889 -0.00475653 -0.04315925
v 0.07207794 -0.00299417 -0.04791084
v 0.07247995 -0.00325149 -0.04765815
v 0.07264636 -0.00275102 -0.04768688
v 0.07634766 -0.00056198 -0.05851997
v 0.07574480 -0.00768111 -0.06064940
v 0.07521565 -0.00901840 -0.06067884
v 0.07692542 -0.00335802 -0.05810487
v 0.08592904 -0.00655456 -0.06618986
v 0.08243255 0.01745885 -0.04822282
v 0.08152252 0.02025832 -0.04818724
v 0.08383641 0.02289183 -0.05202192
v 0.07042732 -0.01706746 -0.05412227
v 0.07380620 -0.01691589 -0.05178779
v 0.07334915 -0.01705724 -0.05011409
v 0.07093203 -0.01723710 -0.05234740
v 0.07236987 -0.01205057 -0.04692770
v 0.07001711 -0.01509183 -0.04687994
v 0.07350034 -0.01363020 -0.04484986
v 0.07456550 0.00167685 -0.04391705
v 0.07397682 -0.00204171 -0.04656201
v 0.07399758 -0.00286940 -0.04532748
v 0.07399014 -0.00254993 -0.04404635
v 0.08683453 -0.01518845 -0.06594040
v 0.08808424 -0.00993254 -0.06799750
v 0.08641161 -0.00999401 -0.06947626
v 0.08526978 -0.01565379 -0.06745175
v 0.06990119 -0.02867476 -0.03795171
v 0.06505301 -0.03054920 -0.04141187
v 0.06878375 -0.02546727 -0.03812727
v 0.08925488 0.01937079 -0.06238593
v 0.08721279 0.02118971 -0.06271312
v 0.08744490 0.01927451 -0.06488025
v 0.08993609 0.01752204 -0.06435016
v 0.07439857 0.00269377 -0.05143859
v 0.07399856 0.00072833 -0.05131694
v 0.07450690 0.00180900 -0.04994074
v 0.07433703 0.00402652 -0.04995483
v 0.05033047 -0.03131568 -0.09619723
v 0.05843241 -0.03134806 -0.07726036
v 0.06241241 -0.01758479 -0.08552817
v 0.05531546 -0.01777573 -0.10149721
v 0.08031882 -0.02866614 -0.05334281
v 0.07965469 -0.03086335 -0.05080973
v 0.07639527 0.00917229 -0.04270286
v 0.07569441 0.01085707 -0.04196587
v 0.07643236 0.01634515 -0.04383108
v 0.07745932 0.01319996 -0.04372473
v 0.08846807 0.00441020 -0.07128639
v 0.09093866 0.00363911 -0.07005778
v 0.07966424 0.01422991 -0.04975537
v 0.08176671 0.01682587 -0.05254341
v 0.08043300 0.01473563 -0.05151181
v 0.07915472 0.01348432 -0.05002002
v 0.07935084 0.00604930 -0.04692847
v 0.08001090 0.00731997 -0.04691002
v 0.07818980 0.00823699 -0.04709873
v 0.07719918 0.00694715 -0.04730656
v 0.07506485 0.01584233 -0.04127147
v 0.07621769 0.02089443 -0.04480653
v 0.06625457 -0.02366958 -0.05672570
v 0.07857820 0.00798037 -0.04430555
v 0.07929226 0.01056599 -0.04468662
v 0.08059781 0.00904827 -0.04679474
v -0.04700836 -0.08337777 -0.09096970
v -0.04164826 -0.07521023 -0.09622514
v -0.03944869 -0.08733868 -0.09994597
v -0.04849489 -0.09122667 -0.09068491
v 0.06982978 -0.02076786 -0.03768314
v 0.07095423 -0.01916070 -0.03953430
v 0.07877351 0.01315471 -0.04979593
v 0.07809334 0.01200644 -0.04968375
v 0.07681812 0.00811961 -0.04813445
v 0.07759761 0.00707588 -0.05028175
v 0.08130086 0.00058799 -0.05754484
v 0.08186316 -0.00748232 -0.05921990
v 0.06553535 -0.01712477 -0.07135763
v 0.06217188 -0.03004922 -0.05722814
v 0.07705346 0.00869148 -0.04737811
v 0.07724407 0.00924465 -0.04754619
v 0.07668483 0.00845599 -0.04733426
v 0.07617602 0.00760632 -0.04773593
v 0.07848848 -0.03278314 -0.04837441
v 0.08140375 0.00664373 -0.05532464
v 0.07866258 0.00470840 -0.05334434
v 0.08024780 0.00661484 -0.05333569
v 0.08879803 -0.00531192 -0.06638913
v 0.09039594 0.00205412 -0.06643548
v 0.09175217 0.00224567 -0.06783590
v 0.09006576 -0.00545216 -0.06754971
v 0.06648964 -0.03336035 -0.04301536
v 0.07382969 -0.00001943 -0.05265615
v 0.07484765 -0.00134695 -0.05198899
v 0.07612429 0.00553067 -0.05063467
v 0.07553454 0.00670998 -0.04811775
v 0.07115668 -0.01614707 -0.03902842
v 0.08664666 0.01562634 -0.06311467
v 0.08722918 0.01406384 -0.06448556
v 0.08572885 0.01448849 -0.06190018
v 0.08559498 0.01556498 -0.06039608
v 0.08510345 0.01785043 -0.05879048
v 0.08447336 0.01854794 -0.05833104
v 0.08613606 0.01713035 -0.06142822
v 0.07836635 0.00615471 -0.05149647
v 0.07958438 0.00711430 -0.05226025
v 0.07590571 -0.02118273 -0.04820967
v 0.07691145 -0.02674384 -0.04821101
v 0.08364969 -0.01513182 -0.06130369
v 0.08252548 -0.01452269 -0.05890771
v 0.08387245 -0.00432838 -0.07006293
v 0.08387762 0.00435917 -0.06985525
v 0.08212994 0.00419667 -0.06799778
v 0.08258526 -0.00409790 -0.06879412
v 0.07629141 -0.00192023 -0.06573126
v 0.07270446 -0.00096998 -0.06568633
v 0.07355978 -0.00391571 -0.04265882
v 0.07299642 -0.00018659 -0.04071397
v 0.07485066 0.00474050 -0.04993325
v 0.07503621 0.00644810 -0.04851137
v 0.07742786 -0.01876288 -0.06301287
v 0.07390458 -0.02572953 -0.05549970
v 0.07777816 -0.02089906 -0.06113972
v 0.06978499 -0.02615064 -0.05353288
v 0.06959107 -0.02715694 -0.05122594
v 0.07214358 -0.02733423 -0.05276138
v 0.07954744 -0.01896184 -0.05630045
v 0.08161863 -0.01764305 -0.05872047
v 0.07267067 -0.00347229 -0.04848459
v 0.07161015 -0.00513167 -0.05017737
v 0.07084162 -0.00351571 -0.04831247
v 0.08426099 0.00001383 -0.05938557
v 0.08446018 -0.00771231 -0.06017123
v 0.07964168 0.00953240 -0.04755177
v 0.07668413 0.00017388 -0.04720585
v 0.07744382 0.00352059 -0.04528242
v 0.08248761 0.01243803 -0.04779293
v 0.08129372 0.01103309 -0.04813650
v 0.08059665 0.01016340 -0.04783637
v 0.08142448 0.01066813 -0.04700455
v 0.06612720 -0.01221324 -0.05035133
v 0.06827427 -0.01394182 -0.04851341
v 0.06997155 -0.01097050 -0.04784688
v 0.08410761 0.01773021 -0.05581539
v 0.08470851 0.01596453 -0.05682302
v 0.08117964 0.01051642 -0.06526251
v 0.07987321 0.01101381 -0.05195233
v 0.07987604 0.00964002 -0.05306534
v 0.07849248 0.02303215 -0.05951151
v 0.07888897 0.02043637 -0.05576774
v 0.07868943 0.02066967 -0.05437477
v 0.07851112 0.02534821 -0.05486080
v 0.06897996 -0.03000923 -0.04793256
v 0.07164741 -0.02976519 -0.05060764
v 0.07130561 -0.02842173 -0.05111421
v 0.06941884 -0.02844070 -0.04927511
v 0.07280844 -0.01718035 -0.04944301
v 0.07093218 -0.01743563 -0.05132801
v 0.08435417 -0.01367350 -0.06410326
v 0.08389513 -0.01459551 -0.06308386
v 0.08514990 -0.01062756 -0.06499815
v 0.08526186 -0.00916243 -0.06591966
v 0.07531254 0.00340563 -0.05470279
v 0.07489860 0.00237204 -0.05352798
v 0.07735206 0.01557894 -0.05702643
v 0.07972173 0.01734552 -0.05818475
v 0.07979776 0.01938460 -0.05510315
v 0.07796416 0.01790833 -0.05523795
v 0.08294805 0.01121425 -0.06716177
v 0.07984804 0.00815177 -0.05312924
v 0.08019125 0.00832064 -0.05400116
v 0.07970256 0.00855425 -0.05252407
v 0.07634499 0.00606316 -0.04760901
v 0.07849780 0.00489032 -0.04765875
v 0.08227665 0.01275405 -0.04911058
v 0.08484139 0.01590345 -0.05168040
v 0.08403536 0.01649892 -0.05289184
v 0.08178781 0.01363531 -0.04928191
v 0.07798364 0.01082181 -0.04806240
v -0.03836139 0.04829394 0.03828774
v -0.04578901 0.04691850 0.03258061
v -0.04461238 0.04103445 0.03595293
v -0.03743308 0.04176778 0.04012565
v 0.08022384 0.02007319 -0.04786738
v 0.08029554 0.02145677 -0.05126731
v 0.08133877 0.02232932 -0.05169076
v 0.08080222 0.02080884 -0.04835730
v 0.08560152 0.01443817 -0.05998354
v 0.08814432 0.01115190 -0.06522638
v 0.07593442 -0.00330572 -0.05088895
v 0.07337026 -0.00603778 -0.05164143
v 0.06391105 -0.00651687 -0.05078086
v 0.06424421 -0.00538190 -0.05050763
v 0.06490102 -0.00572510 -0.05154608
v 0.06482487 -0.00660460 -0.05200549
v 0.06795933 -0.01179337 -0.05287387
v 0.07007348 -0.01259308 -0.05213068
v 0.06913915 -0.01404827 -0.05062853
v 0.06735122 -0.01306561 -0.05224296
v 0.06342115 -0.00915118 -0.05129347
v 0.06367811 -0.00770770 -0.05099232
v 0.06443406 -0.00817426 -0.05248239
v 0.06404784 -0.00968358 -0.05318120
v 0.08344597 0.01831251 -0.05415818
v 0.08495846 0.01806347 -0.05636829
v 0.09005801 0.00980562 -0.06402243
v 0.09031052 0.00779191 -0.06524290
v 0.08765646 0.01486725 -0.06239726
v 0.08801865 0.01309710 -0.06374337
v 0.07324418 -0.01135292 -0.04204462
v 0.07426870 -0.01117660 -0.04362315
v 0.07395316 -0.01276296 -0.04368356
v 0.09115858 0.01233274 -0.06373614
v 0.09042159 0.01521503 -0.06571618
v 0.07221623 -0.02847347 -0.03966502
v 0.07123195 -0.03007919 -0.03853817
v 0.04523161 -0.10076712 -0.02383174
v 0.05452720 -0.09548436 -0.03655813
v 0.05367475 -0.10555851 -0.03619759
v 0.04460229 -0.11074988 -0.02407810
v 0.08134904 0.01559598 -0.04677048
v 0.07976451 0.01840790 -0.04695127
v 0.06337660 -0.01111674 -0.05165999
v 0.06335983 -0.01126416 -0.05175035
v 0.06597064 -0.01300618 -0.05151057
v 0.06804719 -0.00720212 -0.04886105
v 0.06445763 -0.00679024 -0.05004548
v 0.06869095 -0.01037146 -0.05265468
v 0.06826919 -0.00526771 -0.05097419
v 0.06795034 -0.00406764 -0.04977188
v 0.06870228 -0.01685918 -0.04796456
v 0.06958042 -0.01784447 -0.04981055
v 0.07115922 -0.01830868 -0.04678896
v 0.06440764 -0.01177372 -0.05333768
v 0.07614344 0.00489211 -0.05285173
v 0.07139368 -0.01006215 -0.05236200
v 0.07235589 -0.01218418 -0.05444619
v 0.07160086 -0.01383368 -0.05370322
v 0.07072292 -0.01172733 -0.05244844
v 0.07819467 -0.02183510 -0.05452981
v 0.07806981 -0.02005745 -0.05460413
v 0.07058804 -0.01627219 -0.05622522
v 0.07375095 -0.01674150 -0.05459979
v 0.07606426 -0.00056997 -0.05086892
v 0.07757244 0.00230570 -0.04857100
v 0.07338362 -0.00340143 -0.04901577
v 0.07148030 -0.00796732 -0.05141901
v 0.07304963 -0.01025991 -0.05376450
v 0.06816754 -0.00609388 -0.04897461
v 0.07133576 -0.00575111 -0.04761413
v 0.07109532 -0.00472184 -0.04788228
v 0.06814042 -0.00516317 -0.04918626
v 0.08152548 0.00979266 -0.05430047
v 0.07850751 0.01639167 -0.04522071
v 0.08050961 0.01311903 -0.04556360
v 0.07875997 0.02761131 -0.07132813
v 0.07621333 0.01957880 -0.07605920
v 0.07756718 0.01998129 -0.06314925
v 0.06948756 -0.00880021 -0.05236673
v 0.06452046 -0.00488412 -0.05056006
v 0.06504700 -0.00543442 -0.05025451
v 0.08411791 -0.01791972 -0.06195349
v 0.07160781 -0.01909775 -0.04641686
v 0.07530232 0.00417908 -0.04808594
v 0.08311057 -0.00935528 -0.06904452
v 0.08217489 -0.01474684 -0.06718951
v 0.07498782 0.00558988 -0.04829644
v 0.07519970 0.00661283 -0.04827886
v 0.07040114 -0.01780897 -0.05076497
v 0.07233728 -0.01780057 -0.04825221
v 0.07554413 0.00688132 -0.04802505
v 0.07445249 -0.01159741 -0.04504151
v 0.08551724 0.00971740 -0.05897327
v 0.07547622 -0.02925429 -0.05546773
v 0.07361223 -0.03069769 -0.05253588
v 0.06489825 -0.00582675 -0.04989078
v 0.06794859 -0.01385224 -0.04994422
v 0.06858367 -0.00691541 -0.05140776
v 0.07343830 -0.00782429 -0.04679064
v 0.07303876 -0.00997822 -0.04659851
v 0.07463411 -0.00934374 -0.04479182
v 0.07467316 -0.01613659 -0.05626109
v 0.07126975 -0.01416956 -0.05816585
v 0.07241407 -0.01334411 -0.06016841
v 0.07655562 -0.01505494 -0.05752022
v 0.08092915 -0.01979721 -0.06488371
v 0.07921299 -0.02427936 -0.06169037
v 0.08151477 -0.02632435 -0.06177513
v 0.08388062 -0.02137354 -0.06498899
v 0.07958264 0.04372094 -0.08036175
v 0.07953025 0.03320202 -0.06451763
v 0.08032162 0.05006114 -0.06894301
v 0.08249598 0.01880778 -0.06274618
v 0.08230588 0.01658766 -0.06421243
v 0.08759326 0.01711581 -0.06661530
v 0.07805384 0.02332914 -0.04955985
v 0.07845332 0.02068392 -0.05288970
v 0.08019865 0.02061425 -0.05108661
v 0.08742113 -0.00483247 -0.07071650
v 0.07564186 0.00545992 -0.04267553
v 0.07776712 0.00560161 -0.04447262
v 0.07632775 -0.01746554 -0.06392939
v 0.07791742 -0.01691320 -0.05507563
v 0.08033688 -0.01613268 -0.05675942
v 0.08801375 0.01844191 -0.05604714
v 0.08597055 0.01632973 -0.05353320
v 0.01026933 -0.11200064 0.00617337
v 0.01002807 -0.11908548 0.00171160
v 0.00744805 -0.00916406 0.05807228
v 0.00842937 -0.00936919 0.05686007
v 0.00699881 -0.00782226 0.05572938
v 0.00666375 -0.00779761 0.05631829
v 0.00797213 -0.01773423 0.05776704
v 0.00726474 -0.01643119 0.05704382
v 0.00847451 -0.01648084 0.05610337
v 0.00950757 -0.01741563 0.05700492
v 0.00579382 -0.00765907 0.05588758
v 0.00473760 -0.00950668 0.05860539
v 0.00577156 -0.00933524 0.05918266
v 0.00613771 -0.00773133 0.05617209
v 0.08825626 0.02154267 -0.05689254
v 0.01181358 -0.01697511 0.05758292
v 0.01063177 -0.01528998 0.05695381
v 0.01092380 -0.01479242 0.05856000
v 0.01311849 -0.01587017 0.05917089
v 0.00442218 -0.01561202 0.06529929
v 0.00549039 -0.01358218 0.06522939
v 0.00451214 -0.01474661 0.06321344
v 0.00448282 -0.01661797 0.06282128
v 0.00751520 -0.01320710 0.06446929
v 0.00943430 -0.01315298 0.06633433
v 0.01116389 -0.01329565 0.06453636
v 0.00901110 -0.01370508 0.06289482
v 0.00476875 -0.01332452 0.05884970
v 0.00573471 -0.01527027 0.06000920
v 0.00406404 -0.01252974 0.06184701
v 0.01050659 -0.01276724 0.05712055
v 0.01024772 -0.01370180 0.05605676
v 0.00847891 -0.01037133 0.05582220
v 0.00871395 -0.01002810 0.05565219
v 0.04833752 -0.08396482 -0.02310069
v 0.05591342 -0.08166675 -0.03776884
v 0.03450841 0.00542477 0.03790941
v 0.03373513 0.00257425 0.03898161
v 0.02956940 0.00374193 0.03969963
v 0.03048349 0.00620453 0.03871866
v 0.07496899 -0.00734832 -0.04389669
v 0.07417701 -0.00660730 -0.04292438
v 0.08229848 0.01402958 -0.06563266
v 0.08648446 0.01606078 -0.06193353
v 0.08282484 0.02034827 -0.06090400
v 0.08232067 0.02188223 -0.05627755
v 0.08086976 0.02058787 -0.05561106
v 0.08097629 0.01886334 -0.05944579
v 0.08984597 0.01590089 -0.06061274
v 0.07266243 -0.02055279 -0.04625765
v 0.08304048 0.00586561 -0.05720606
v 0.08181874 0.02233761 -0.05384167
v 0.08495888 0.02351358 -0.05426569
v 0.08709753 -0.00482097 -0.06629941
v 0.09042502 0.01456574 -0.06234414
v 0.08924442 0.01294077 -0.06117753
v 0.08349482 0.01439178 -0.04859672
v 0.07475714 -0.01076174 -0.06125480
v 0.08050308 -0.01086364 -0.05908350
v 0.07868378 -0.01353647 -0.05840423
v -0.09045463 0.01300668 -0.07013389
v -0.09065747 0.01051849 -0.07137711
v -0.09114999 0.00870140 -0.06953476
v -0.09086183 0.01079566 -0.06815845
v -0.08669548 -0.00427735 -0.06997175
v -0.08702891 0.00269418 -0.07095215
v -0.08812799 0.00521245 -0.07147616
v -0.08855098 0.00298732 -0.07074931
v 0.07398591 -0.01269874 -0.06103296
v 0.07450507 0.00124080 -0.05323609
v 0.07096674 -0.01550935 -0.03693864
v 0.07830231 -0.02630570 -0.05163296
v -0.08673205 -0.01449383 -0.06694189
v -0.08546125 -0.01389896 -0.06693008
v -0.08671307 -0.00933583 -0.06843123
v -0.08842518 -0.00975729 -0.06876153
v 0.07911913 -0.02513751 -0.05403526
v 0.08947923 -0.00521507 -0.06938598
v 0.08399413 0.01848248 -0.05556892
v 0.07456901 -0.02099452 -0.04738611
v 0.07494640 -0.02621495 -0.04516047
v 0.07340232 -0.02552640 -0.04356716
v 0.08003757 0.00879836 -0.05374295
v 0.07551304 -0.01602855 -0.06383499
v 0.07528055 -0.01375739 -0.06505738
v 0.06507976 -0.00510655 -0.05125558
v 0.07829446 -0.02247112 -0.06120714
v 0.07486529 -0.02736138 -0.05538399
v 0.05823381 -0.07835603 -0.05209126
v 0.05506201 -0.07506043 -0.06816547
v -0.07383878 -0.03434382 -0.04277263
v -0.07626097 -0.03152071 -0.04536487
v -0.07642797 -0.03449794 -0.04674812
v -0.07207815 -0.03592521 -0.04510669
v 0.05599103 -0.08684827 -0.06597206
v 0.05821738 -0.09098003 -0.05081988
v 0.07171497 -0.00190649 -0.03777945
v 0.07225099 -0.00878272 -0.03996099
v 0.07184885 -0.01001568 -0.03838423
v 0.02431093 -0.10251664 0.00020390
v 0.02119497 -0.11480033 -0.00378972
v 0.07036206 -0.01487746 -0.03340359
v 0.06968612 -0.01548216 -0.02175674
v 0.07116634 0.00027745 -0.02216104
v 0.07060164 -0.00504644 -0.03263845
v 0.05983838 0.03089196 0.01445465
v 0.06162031 0.03155562 0.00991097
v 0.06218200 0.02209368 0.01005801
v 0.06006696 0.02326236 0.01393660
v 0.02030891 0.08736394 0.03108718
v 0.01026362 0.08845355 0.03336835
v 0.01008146 0.09550737 0.02729398
v 0.02036394 0.09421180 0.02473698
v 0.02047560 0.11161149 0.00228547
v 0.01001047 0.11315572 0.00498450
v 0.01013618 0.11833395 -0.00507105
v -0.06911571 -0.03453801 -0.04613594
v -0.07288373 -0.03495510 -0.05066073
v -0.07242597 -0.03168860 -0.05191726
v -0.06940088 -0.03179635 -0.04850412
v 0.02078023 0.11654807 -0.00743647
v 0.05314512 0.00315023 0.02830361
v 0.05524419 -0.00264967 0.02876364
v 0.05149179 -0.00313045 0.03241847
v 0.04985676 0.00272302 0.03129046
v 0.07489169 -0.03065124 -0.04236889
v 0.07378899 -0.02956779 -0.04118548
v -0.08584823 0.02180246 -0.05703992
v -0.08623139 0.01813027 -0.05636913
v -0.08500385 0.01701133 -0.05434784
v -0.08438089 0.02061043 -0.05462285
v -0.07291292 -0.00904352 -0.06714918
v -0.07134327 -0.01565490 -0.06558605
v -0.07721108 -0.01086831 -0.06808098
v -0.07754585 -0.00798417 -0.06835643
v 0.01031912 0.12280174 -0.01685636
v 0.02121785 0.12085857 -0.01881403
v 0.01183617 0.01278502 0.04463750
v -0.08442196 0.01230804 -0.06351072
v -0.08487276 0.01290227 -0.06640133
v -0.08544688 0.01089401 -0.06760155
v -0.08470965 0.00961613 -0.06536426
v -0.08745146 0.01453559 -0.07108770
v -0.08763048 0.01175211 -0.07253893
v -0.07254390 -0.02542136 -0.04199773
v -0.07156633 -0.02201095 -0.04124721
v -0.07188150 -0.02043034 -0.04272796
v -0.07234860 -0.02142493 -0.04425565
v -0.07366856 -0.00918841 -0.05853096
v -0.07525085 -0.00469640 -0.05587753
v -0.08320890 -0.02486822 -0.06216351
v -0.08316353 -0.02303736 -0.06120808
v -0.08533752 -0.01901060 -0.06428170
v -0.08532320 -0.02036395 -0.06575889
v 0.01219013 0.01462283 0.04186706
v 0.01589404 0.01109199 0.04073367
v 0.01551042 0.00915906 0.04293487
v 0.00816386 0.06116229 0.04536210
v 0.00908753 0.06885567 0.04257970
v 0.01807075 0.06874545 0.04120470
v 0.01666485 0.06116629 0.04447180
v 0.02059492 0.00859990 0.03978257
v 0.01971542 0.00664980 0.04132461
v 0.01001661 0.10191812 0.02058552
v 0.02043107 0.10059033 0.01780864
v 0.02065099 0.12738645 -0.06905951
v -0.08009496 -0.02090763 -0.05948235
v -0.08238998 -0.01805826 -0.06274125
v -0.08329190 -0.01736252 -0.06448901
v -0.08249424 -0.01957404 -0.06249104
v 0.02111257 0.12753199 -0.06058177
v 0.00993742 0.13016158 -0.06097499
v -0.08626186 0.01478381 -0.06455832
v -0.08503680 0.01704595 -0.05971361
v -0.08654813 0.01593898 -0.05835321
v -0.08810134 0.01389144 -0.06253095
v 0.01102249 0.12938377 -0.07355748
v 0.06787525 0.00075627 -0.09311730
v 0.07077622 -0.00080876 -0.07715007
v 0.07384507 0.01115140 -0.07864597
v 0.07214750 0.01722655 -0.09569643
v 0.03503988 -0.09571479 -0.00978417
v 0.03284636 -0.10820662 -0.01302800
v -0.07902319 0.00358303 -0.06750421
v -0.07739475 0.00847187 -0.06522493
v -0.07671826 0.00780720 -0.06515247
v -0.07798509 0.00360510 -0.06736956
v -0.08693420 0.01205594 -0.06903671
v -0.08743338 0.00988336 -0.07027832
v -0.08595546 0.00860017 -0.06899767
v -0.07714836 0.00943613 -0.05237607
v -0.07893917 0.01043166 -0.05436949
v -0.07880447 0.00897280 -0.05529565
v -0.07864178 0.00774200 -0.05453571
v -0.07584015 -0.03532525 -0.05039758
v -0.06994075 -0.02424032 -0.05905214
v -0.07144571 -0.02378417 -0.06083240
v -0.07412378 -0.01963243 -0.06374756
v -0.07271590 -0.01851766 -0.06404828
v 0.05330068 0.05291148 0.02164165
v 0.05521294 0.05799769 0.01729971
v 0.05849719 0.05105784 0.01360396
v 0.05638975 0.04694382 0.01833910
v 0.00663613 0.04870988 0.04865757
v 0.01415306 0.04864150 0.04843302
v 0.01229466 0.04249088 0.04862631
v 0.00596302 0.04243187 0.04904339
v -0.06936425 -0.03268281 -0.04044453
v -0.07256991 -0.03234868 -0.04079660
v -0.07308150 -0.03340267 -0.04192897
v -0.06999065 -0.03450349 -0.04231529
v 0.06008593 0.01574934 0.01464499
v 0.06256325 0.01296291 0.01183008
v 0.06169168 0.00486903 0.01695446
v 0.05878808 0.00862811 0.01888552
v 0.05564306 0.00426951 0.02509484
v -0.07962178 0.01376006 -0.05463332
v -0.08133234 0.01312542 -0.05647884
v -0.07976615 0.01232334 -0.05594390
v -0.07878442 0.01270013 -0.05450039
v 0.05808421 -0.00127272 0.02507267
v -0.08587953 0.00091964 -0.06934284
v -0.08509819 0.00717295 -0.06704225
v 0.01945997 0.07806391 0.03731689
v 0.00976784 0.07867838 0.03890737
v 0.06058157 0.04179471 0.01079836
v 0.05856724 0.03927234 0.01580840
v 0.00922080 0.01619125 0.04695654
v 0.00987745 0.01764123 0.04346586
v 0.00780164 0.02213788 0.04569608
v -0.08528984 -0.00799313 -0.06448480
v -0.08516113 -0.00765563 -0.06734194
v -0.08486026 -0.01168221 -0.06579953
v -0.08438931 -0.01178449 -0.06323267
v 0.00437250 0.02196195 0.05150340
v 0.00458776 0.02594416 0.04986207
v 0.00750664 0.02577483 0.04638606
v 0.03414826 0.06079126 0.03731430
v 0.03570506 0.06770296 0.03363851
v 0.04315226 0.06638698 0.02813700
v 0.04160709 0.05987465 0.03198674
v 0.02043214 0.10625516 0.01050488
v -0.08533761 -0.00025172 -0.06419603
v -0.08538944 -0.00014640 -0.06748805
v 0.00996916 0.10765929 0.01329856
v 0.00510541 0.03497266 0.04881661
v 0.00939630 0.03514370 0.04695373
v 0.00839928 0.03157021 0.04624301
v -0.08890802 0.00798224 -0.06841872
v -0.08921526 0.00224610 -0.06944585
v -0.08830538 0.00864365 -0.06933239
v -0.07566848 0.01134004 -0.06232679
v -0.07608576 0.01449440 -0.06613203
v -0.07537939 0.00858828 -0.06832227
v -0.07591236 0.00906873 -0.06415412
v 0.00502523 0.03173021 0.04880625
v 0.02455661 0.00493822 0.04042204
v 0.02541004 0.00713805 0.03934954
v 0.06542870 -0.02967902 -0.04779915
v 0.06713370 -0.03106890 -0.04643594
v 0.07354230 0.01609077 -0.03515324
v 0.07165121 0.00548903 -0.03338745
v 0.07209639 0.01341888 -0.02324968
v 0.07284941 0.02648900 -0.02566330
v 0.07517061 0.03867951 -0.02935651
v 0.07581871 0.04691668 -0.03473399
v 0.07708126 0.03067704 -0.04165927
v 0.07570342 0.02514157 -0.03766173
v 0.05156505 -0.08401287 -0.07948998
v 0.04888150 -0.07357375 -0.08286858
v 0.00459570 0.01890801 0.05434907
v 0.00461784 0.01592995 0.05701979
v -0.07207020 -0.01644969 -0.04327498
v -0.07316177 -0.01424579 -0.04475917
v -0.07155667 -0.01627650 -0.04653715
v -0.07095142 -0.01891125 -0.04583344
v 0.06462610 -0.00987739 -0.08930670
v -0.07478707 -0.02173652 -0.06254304
v -0.07211691 -0.02479460 -0.06006116
v -0.07260472 -0.02545075 -0.05941346
v -0.07519215 -0.02336216 -0.06115634
v 0.06803645 -0.00948918 -0.07454534
v 0.00958837 -0.01192524 0.05882654
v 0.00677894 -0.00767480 0.05503484
v 0.00745981 -0.01065647 0.05620731
v 0.00685972 -0.00769947 0.05511329
v 0.01026903 -0.01422164 0.06088234
v 0.01283335 -0.01406801 0.06214939
v 0.00781250 -0.01478547 0.05555084
v 0.00685379 -0.01472157 0.05598336
v 0.00682687 -0.01042680 0.05641538
v 0.00707479 -0.00764609 0.05514348
v 0.00187774 -0.01702414 0.06759141
v 0.00252975 -0.01546221 0.07050955
v 0.00620126 -0.01411247 0.06933077
v 0.00461717 -0.01572599 0.06731579
v 0.00598876 -0.00759391 0.05590547
v 0.00508222 -0.01013879 0.05746929
v 0.00485948 -0.01173555 0.06315161
v 0.00657671 -0.00917652 0.05893281
v 0.00639489 -0.00773666 0.05629062
v 0.00673936 -0.01142205 0.06225771
v 0.00568900 -0.01725904 0.06042498
v 0.00819186 -0.01155129 0.06072874
v -0.08281618 0.01389094 -0.05841201
v -0.08337206 0.00970495 -0.05956898
v -0.08204615 0.00967650 -0.05833362
v -0.07649530 -0.02001441 -0.05202731
v -0.07687474 -0.01875917 -0.05409209
v -0.07795162 -0.02144402 -0.05532737
v -0.07769529 -0.02342808 -0.05336319
v 0.07652563 -0.01780620 -0.05366557
v 0.05682165 -0.06346849 -0.03273899
v 0.05978863 -0.04858721 -0.04056828
v 0.05943127 -0.04945342 -0.04623566
v -0.07955304 -0.03131559 -0.05618308
v -0.07708304 -0.03186839 -0.05720281
v -0.07516570 -0.03386578 -0.05367192
v -0.07776795 -0.03369825 -0.05329220
v -0.07204503 -0.02004032 -0.04507963
v -0.07175179 -0.01900427 -0.04308769
v -0.08075878 0.00387919 -0.06937010
v -0.07990475 0.00964891 -0.06649257
v 0.05780875 -0.06518174 -0.04200066
v 0.08149578 0.00830779 -0.05493208
v 0.06690147 0.05819307 -0.00468547
v 0.06776166 0.06934572 -0.01438704
v 0.07304288 0.05825054 -0.02601531
v -0.08438098 0.00820232 -0.06336922
v -0.08480939 0.00601165 -0.06484298
v 0.07308391 0.04805234 -0.02069595
v 0.06828960 0.07919296 -0.02259203
v 0.07350689 0.06888371 -0.03339552
v 0.07662198 0.05709196 -0.04296320
v 0.07878277 0.03654479 -0.05622347
v 0.04267256 0.01761624 0.03289511
v 0.04282299 0.01746409 0.03299535
v 0.04124426 0.01718660 0.03429765
v -0.07454280 -0.00380948 -0.04851742
v -0.07288187 -0.00336595 -0.05032383
v -0.07319771 -0.00418250 -0.05021048
v -0.07527377 -0.00526166 -0.04825227
v 0.04129990 0.01729965 0.03416309
v 0.04225113 0.01784525 0.03232081
v 0.04071333 0.01741521 0.03340050
v -0.07456940 -0.00425758 -0.04697831
v -0.07509194 -0.00582011 -0.04682673
v -0.07441126 -0.00587830 -0.04599424
v -0.07406001 -0.00506762 -0.04582591
v 0.04322774 0.01816783 0.03136239
v 0.04369650 0.01789208 0.03183717
v 0.04391913 0.01767821 0.03191444
v 0.02492853 0.01863038 0.03633146
v 0.02570237 0.01898730 0.03583092
v 0.02836300 0.01798255 0.03600087
v 0.02761763 0.01794542 0.03700059
v 0.02467883 0.01838890 0.03670821
v 0.02754979 0.01766543 0.03736605
v -0.07216954 -0.00312400 -0.05086097
v -0.07257331 -0.00341914 -0.05056779
v -0.07274013 -0.00290621 -0.05062984
v -0.07592893 -0.00035506 -0.06230047
v -0.07596186 -0.00771113 -0.06396908
v -0.07518512 -0.00899626 -0.06387361
v -0.07645451 -0.00329066 -0.06155543
v 0.02887884 0.02078260 0.03017291
v 0.02834621 0.02108231 0.03005872
v -0.08562507 -0.00661470 -0.06892207
v 0.02971466 0.02041255 0.03030095
v 0.02313164 0.02049304 0.03406273
v 0.02314124 0.02177741 0.03403972
v -0.08226521 0.01712497 -0.05062591
v -0.08145148 0.01985685 -0.05034475
v -0.08374470 0.02251060 -0.05425227
v 0.02804691 0.02205108 0.03003681
v 0.02804003 0.02130538 0.02997549
v 0.02345912 0.02012779 0.03431748
v -0.07088910 -0.01729842 -0.05661467
v -0.07455085 -0.01701901 -0.05407470
v -0.07386864 -0.01707154 -0.05234940
v -0.07152613 -0.01740856 -0.05472276
v -0.07251143 -0.01223818 -0.04944403
v -0.07018295 -0.01527402 -0.04928716
v -0.07365327 -0.01383383 -0.04730535
v -0.07448620 0.00145749 -0.04676770
v -0.07391565 -0.00215999 -0.04946905
v -0.07411301 -0.00312510 -0.04814368
v -0.07413066 -0.00285237 -0.04680087
v -0.08676127 -0.01515490 -0.06835376
v -0.08802464 -0.00996102 -0.07047296
v -0.08647531 -0.01014239 -0.07221257
v -0.08532470 -0.01576374 -0.07006688
v 0.02178724 0.01978477 0.03434120
v 0.02079414 0.02006764 0.03385815
v -0.07072348 -0.02895588 -0.03939897
v -0.06597017 -0.03100555 -0.04278017
v -0.06985055 -0.02599478 -0.03947729
v -0.08900303 0.01918262 -0.06504481
v -0.08699775 0.02091653 -0.06526068
v -0.08724977 0.01904724 -0.06753346
v -0.08969319 0.01738901 -0.06711379
v -0.07432928 0.00254018 -0.05461952
v -0.07389921 0.00063585 -0.05448517
v -0.07434201 0.00164425 -0.05308888
v -0.07428359 0.00379033 -0.05309532
v 0.02081593 0.02177353 0.03406442
v 0.03280858 0.01663016 0.03736413
v 0.03299825 0.01587137 0.03740028
v 0.02821223 0.01623886 0.03764559
v 0.02782645 0.01709559 0.03756671
v 0.03262796 0.01706951 0.03723264
v 0.03610129 0.01712547 0.03629775
v 0.03616052 0.01668530 0.03640464
v 0.03626883 0.01592763 0.03638703
v -0.05256095 -0.03174439 -0.09672280
v -0.06037237 -0.03198289 -0.07803372
v -0.06445663 -0.01814139 -0.08651583
v -0.05746925 -0.01821009 -0.10221249
v -0.08039367 -0.02829930 -0.05545194
v -0.07975179 -0.03040424 -0.05285052
v -0.07636254 0.00880917 -0.04532702
v -0.07568657 0.01041198 -0.04402749
v -0.07634293 0.01590714 -0.04559933
v -0.07726326 0.01291237 -0.04588016
v 0.02485071 0.01719013 0.03740469
v 0.02476099 0.01804497 0.03709705
v 0.03628993 0.01525560 0.03638056
v 0.03322261 0.01520503 0.03733066
v -0.08834092 0.00436249 -0.07434160
v -0.09067880 0.00362372 -0.07289268
v 0.02840742 0.01557203 0.03761927
v 0.02482178 0.01675616 0.03749127
v 0.02198569 0.01801925 0.03680288
v 0.02316063 0.01821074 0.03687420
v 0.03327512 0.01442435 0.03717845
v 0.03321095 0.01360376 0.03709723
v 0.02830804 0.01398193 0.03761122
v 0.02841891 0.01479960 0.03758100
v -0.07906670 0.01391084 -0.05310064
v -0.08068126 0.01666887 -0.05599659
v -0.07951948 0.01454302 -0.05494862
v -0.07858960 0.01318497 -0.05334320
v -0.07902983 0.00582315 -0.05006453
v -0.07959169 0.00709211 -0.05006799
v -0.07775933 0.00796746 -0.05027958
v -0.07686394 0.00667030 -0.05047194
v 0.03633549 0.01448587 0.03610687
v 0.03631171 0.01361862 0.03599613
v -0.07503440 0.01520062 -0.04289764
v -0.07602773 0.02020399 -0.04620055
v 0.04508493 0.01773159 0.03017964
v 0.04563261 0.01821476 0.02927846
v 0.04558415 0.01766220 0.02934311
v -0.06787918 -0.02451688 -0.05840731
v 0.04521652 0.01725726 0.02981739
v 0.04781866 0.01515235 0.02646585
v 0.04885675 0.01653400 0.02569000
v 0.05042586 0.01597882 0.02412666
v -0.07822505 0.00772633 -0.04738738
v -0.07895668 0.01028382 -0.04753076
v -0.08009441 0.00883520 -0.04988442
v -0.07047925 -0.02127394 -0.03929150
v -0.07134062 -0.01952731 -0.04140931
v -0.07829014 0.01283348 -0.05311056
v -0.07770163 0.01168696 -0.05295281
v -0.07641644 0.00784293 -0.05132501
v -0.07729521 0.00675834 -0.05348423
v 0.04923631 0.01442098 0.02538936
v -0.08115030 0.00052319 -0.06054299
v -0.08187152 -0.00747484 -0.06194085
v 0.05753608 0.00594635 0.02175891
v 0.05160965 0.01162523 0.02476977
v 0.05302183 0.01312063 0.02267416
v 0.04455219 0.01753878 0.03097931
v 0.04389395 0.01728105 0.03190983
v 0.04453096 0.01785641 0.03099687
v 0.04502929 0.01817007 0.03006384
v 0.04468608 0.01689048 0.03064623
v 0.04395960 0.01663871 0.03169671
v 0.04285469 0.01713135 0.03298541
v 0.04288332 0.01641651 0.03287659
v 0.04124327 0.01613745 0.03423148
v 0.04117367 0.01687697 0.03430634
v 0.03905264 0.01674618 0.03540038
v -0.06742094 -0.01788675 -0.07276201
v -0.06359200 -0.03089230 -0.05821852
v 0.03938216 0.01714168 0.03525066
v 0.03913405 0.01596978 0.03532441
v 0.04136376 0.01548066 0.03398961
v 0.03924628 0.01530787 0.03522160
v 0.04291596 0.01574327 0.03249924
v 0.04405198 0.01607594 0.03124920
v 0.04483267 0.01644100 0.03012503
v 0.04552954 0.01682712 0.02930121
v 0.04602364 0.01746518 0.02873534
v 0.04516317 0.01591002 0.02948524
v 0.04580314 0.01520117 0.02863571
v 0.04454191 0.01470418 0.03003561
v 0.04424281 0.01549391 0.03072578
v 0.04605981 0.01641398 0.02855182
v 0.04686791 0.01581657 0.02753673
v -0.07659473 0.00839592 -0.05058102
v -0.07674801 0.00895697 -0.05076756
v -0.07629936 0.00816177 -0.05049210
v -0.07582190 0.00729025 -0.05091849
v 0.04313025 0.01515171 0.03203436
v 0.04319493 0.01440822 0.03155015
v 0.04137249 0.01403395 0.03318030
v 0.04141356 0.01480130 0.03364101
v -0.07877236 -0.03228907 -0.05031249
v -0.08073903 0.00655888 -0.05843443
v -0.07849035 0.00446231 -0.05643418
v -0.07986818 0.00640103 -0.05647346
v 0.03930391 0.01461972 0.03492158
v 0.03937411 0.01374278 0.03454425
v -0.08851790 -0.00526234 -0.06892874
v -0.09034958 0.00200115 -0.06906459
v -0.09162833 0.00219576 -0.07044128
v -0.08973856 -0.00537004 -0.07003660
v 0.03257992 0.01710410 0.03704212
v 0.03225352 0.01733414 0.03590944
v 0.03573411 0.01712056 0.03531447
v 0.03617335 0.01711550 0.03607139
v 0.03945095 0.01714789 0.03512351
v -0.06739873 -0.03339386 -0.04462545
v -0.07368384 -0.00005780 -0.05582619
v -0.07483352 -0.00139431 -0.05513514
v 0.03870821 0.01722880 0.03445248
v 0.03558403 0.01715225 0.03417242
v 0.03391338 0.01952541 0.03003042
v 0.03526086 0.01953717 0.02965765
v 0.03831755 0.01719493 0.03340801
v -0.07597731 0.00511215 -0.05377712
v -0.07526071 0.00638768 -0.05124034
v 0.03244889 0.01744750 0.03469002
v 0.03239374 0.01967682 0.03029541
v 0.02915127 0.01822816 0.03479960
v -0.07147636 -0.01655423 -0.04111515
v 0.03089642 0.02001692 0.03035811
v 0.02645229 0.01902131 0.03505943
v 0.03422732 0.03016023 0.03725723
v 0.03417305 0.03036244 0.03766652
v 0.03946453 0.02969562 0.03660309
v 0.03899148 0.02935746 0.03631727
v 0.04166547 0.02688701 0.03537138
v 0.04163393 0.02789012 0.03516756
v 0.04407892 0.02663234 0.03338814
v 0.04393082 0.02566809 0.03346556
v 0.04166861 0.02579486 0.03565727
v -0.08577129 0.01553971 -0.06634635
v -0.08649756 0.01396955 -0.06765482
v -0.08471136 0.01438755 -0.06520007
v -0.08456105 0.01546124 -0.06370912
v -0.08407608 0.01775105 -0.06201198
v -0.08352163 0.01846220 -0.06159214
v -0.08516754 0.01704314 -0.06471328
v -0.07810753 0.00584997 -0.05466406
v -0.07915559 0.00687921 -0.05546740
v 0.04373344 0.02450379 0.03364054
v 0.03891930 0.02705342 0.03759770
v -0.07667941 -0.02118011 -0.05029845
v -0.07723603 -0.02655457 -0.05030168
v -0.08383810 -0.01514607 -0.06373332
v -0.08307943 -0.01459815 -0.06116194
v -0.08389436 -0.00448567 -0.07284118
v -0.08409818 0.00413206 -0.07268109
v -0.08247861 0.00391202 -0.07077555
v -0.08275466 -0.00431571 -0.07152848
v 0.03894832 0.02825320 0.03727330
v 0.03886609 0.02908961 0.03677905
v 0.04264894 0.02301480 0.02953765
v 0.04189963 0.02391441 0.03025132
v -0.07757884 -0.00232984 -0.06832925
v -0.07442797 -0.00140800 -0.06803160
v -0.07379226 -0.00427034 -0.04525450
v -0.07320220 -0.00058313 -0.04313312
v -0.07477123 0.00443907 -0.05306219
v -0.07490369 0.00610559 -0.05162618
v -0.07843373 -0.01927260 -0.06526915
v -0.07471018 -0.02613584 -0.05766902
v -0.07856384 -0.02135792 -0.06348191
v -0.07083229 -0.02668620 -0.05547503
v -0.07054874 -0.02760487 -0.05312749
v -0.07291620 -0.02769547 -0.05482102
v 0.04256543 0.02370821 0.03166507
v 0.04358072 0.02295308 0.03039514
v 0.04334847 0.02236581 0.02892939
v 0.04425090 0.02226673 0.02948570
v 0.03805678 0.02224752 0.02739388
v 0.03769170 0.02258252 0.02770379
v 0.03716243 0.02300667 0.02814098
v -0.08008642 -0.01899098 -0.05851852
v -0.08197438 -0.01765114 -0.06105259
v 0.03827202 0.02191900 0.02720654
v -0.07277484 -0.00357557 -0.05147587
v -0.07151328 -0.00509809 -0.05325018
v -0.07093856 -0.00362722 -0.05125991
v -0.08393946 -0.00006652 -0.06211803
v -0.08445077 -0.00775551 -0.06272309
v -0.07913443 0.00929739 -0.05072615
v 0.03837722 0.02155976 0.02712220
v -0.07657170 0.00006407 -0.05028831
v -0.07722946 0.00335601 -0.04839496
v -0.08211951 0.01218261 -0.05069587
v -0.08084872 0.01077369 -0.05123169
v -0.08002129 0.00995914 -0.05096435
v -0.08086213 0.01047496 -0.05000439
v -0.06622747 -0.01231560 -0.05289677
v -0.06840749 -0.01405760 -0.05104651
v -0.07008781 -0.01110700 -0.05045069
v 0.03837886 0.02117270 0.02713248
v 0.03826847 0.02084297 0.02729519
v 0.06010259 -0.00948166 0.02277551
v 0.06014764 0.00100746 0.02110797
v -0.08297371 0.01765133 -0.05918482
v -0.08348279 0.01588863 -0.06021294
v -0.08125106 0.01028580 -0.06807122
v 0.06241610 -0.00679616 0.01821527
v 0.04427949 0.01815614 0.03086187
v -0.07948799 0.01069948 -0.05525294
v -0.07923966 0.00945485 -0.05636193
v 0.04481526 0.01853414 0.02995883
v -0.07823032 0.02228928 -0.06022765
v -0.07863840 0.01973257 -0.05685155
v -0.07837205 0.02002040 -0.05566789
v -0.07810000 0.02459252 -0.05574301
v 0.04379221 0.01844015 0.03050853
v -0.06975789 -0.03022631 -0.04975230
v -0.07232327 -0.02997262 -0.05258148
v -0.07207970 -0.02874104 -0.05309563
v -0.07023569 -0.02875535 -0.05113555
v -0.07329176 -0.01722499 -0.05168350
v -0.07157733 -0.01759904 -0.05363784
v 0.04428795 0.01884428 0.02974152
v -0.08454568 -0.01381644 -0.06669222
v -0.08408701 -0.01469405 -0.06560746
v -0.08509068 -0.01070659 -0.06760518
v -0.08529156 -0.00928925 -0.06856886
v 0.04537727 0.01911906 0.02908607
v 0.04571797 0.01883115 0.02901583
v 0.04161524 0.01794889 0.03160309
v 0.03711779 0.01985808 0.02876550
v 0.03762805 0.02004508 0.02831802
v -0.07506356 0.00321467 -0.05803135
v -0.07467879 0.00228765 -0.05685117
v -0.07745127 0.01508584 -0.05892213
v -0.07950947 0.01696243 -0.06024371
v -0.07946010 0.01900919 -0.05702550
v -0.07790937 0.01738187 -0.05697578
v -0.08292020 0.01103396 -0.07001806
v 0.04241516 0.01843090 0.03071358
v 0.04014295 0.01753492 0.03250875
v 0.03629812 0.01967280 0.02922510
v 0.03787253 0.02030096 0.02796358
v 0.03810827 0.02052627 0.02757835
v -0.07937578 0.00794948 -0.05631847
v -0.07970173 0.00813440 -0.05715837
v 0.04274997 0.01879685 0.03002392
v -0.07917069 0.00834501 -0.05576796
v 0.04323891 0.01924945 0.02928722
v 0.04466167 0.01951132 0.02914930
v -0.07611103 0.00578881 -0.05076092
v -0.07826376 0.00468758 -0.05079697
v -0.08169579 0.01255083 -0.05222198
v -0.08401585 0.01584601 -0.05474030
v -0.08315398 0.01637118 -0.05611084
v -0.08117668 0.01339136 -0.05249489
v 0.04374219 0.02041539 0.02839277
v 0.04380337 0.02105682 0.02839702
v 0.04480267 0.02009719 0.02889703
v -0.07749480 0.01055113 -0.05129940
v 0.04488345 0.02083011 0.02880206
v 0.04357274 0.01986102 0.02867966
v 0.04367003 0.02172042 0.02855536
v 0.04470801 0.02146583 0.02904757
v 0.04594221 0.01835392 0.02884931
v 0.04602787 0.01929771 0.02864993
v 0.04647708 0.02041332 0.02803905
v 0.04640264 0.01842000 0.02831177
v -0.08016703 0.01960812 -0.04981316
v -0.08015154 0.02099672 -0.05320518
v -0.08119369 0.02190202 -0.05378782
v -0.08069584 0.02036813 -0.05039884
v -0.08430520 0.01438636 -0.06336275
v 0.04707062 0.01850701 0.02755124
v 0.04662666 0.01719996 0.02787460
v 0.04746722 0.02124893 0.02755000
v 0.04881787 0.02177587 0.02669786
v -0.08763204 0.01109181 -0.06827531
v -0.07590216 -0.00335338 -0.05397998
v -0.07326593 -0.00601690 -0.05472345
v 0.04825059 0.01857381 0.02647297
v 0.04754147 0.01698626 0.02684215
v 0.04573551 0.01984446 0.02869990
v -0.06380147 -0.00658228 -0.05356862
v -0.06413488 -0.00544548 -0.05337965
v -0.06478643 -0.00577051 -0.05440302
v -0.06470425 -0.00664078 -0.05477491
v 0.04581403 0.02051396 0.02842278
v 0.04692812 0.02241386 0.02880540
v -0.06798053 -0.01184895 -0.05544556
v -0.07018963 -0.01266870 -0.05473137
v -0.06927738 -0.01412277 -0.05314989
v -0.06745084 -0.01311977 -0.05473019
v 0.04770818 0.02340729 0.02853096
v 0.04624859 0.02168582 0.02904648
v 0.04573987 0.02256769 0.03025840
v 0.04626155 0.02343047 0.03016731
v -0.06331447 -0.00918369 -0.05388910
v -0.06356577 -0.00775773 -0.05369742
v -0.06431604 -0.00820970 -0.05514798
v -0.06398503 -0.00974441 -0.05561922
v 0.04684511 0.02432278 0.02994272
v 0.04537051 0.02441559 0.03172187
v -0.08236685 0.01821455 -0.05752514
v -0.08392411 0.01802499 -0.05963543
v 0.04575896 0.02539524 0.03161712
v 0.04496263 0.02343908 0.03176806
v 0.04563032 0.02136112 0.02907261
v -0.08965256 0.00976626 -0.06697286
v -0.08997902 0.00775656 -0.06807286
v -0.08688647 0.01481682 -0.06553470
v -0.08738531 0.01303953 -0.06683370
v 0.04513953 0.02213531 0.03002055
v 0.04436616 0.02299914 0.03129564
v 0.04330263 0.02365713 0.03319434
v -0.07340527 -0.01165304 -0.04454455
v -0.07441194 -0.01142511 -0.04617998
v -0.07408444 -0.01300308 -0.04619330
v -0.09077592 0.01227676 -0.06667895
v -0.09013590 0.01513814 -0.06857461
v -0.07292827 -0.02862687 -0.04132342
v -0.07202522 -0.03022682 -0.04002085
v -0.04571614 -0.10121337 -0.02441366
v -0.05525870 -0.09606615 -0.03710849
v -0.05469652 -0.10630683 -0.03675962
v -0.04534042 -0.11128795 -0.02457266
v -0.08120178 0.01528734 -0.04919679
v -0.07976815 0.01800531 -0.04902013
v 0.04146245 0.02475131 0.03528006
v 0.04063350 0.02465714 0.03348125
v 0.03869062 0.02602578 0.03715505
v -0.06345236 -0.01122724 -0.05423421
v -0.06342778 -0.01133092 -0.05424205
v -0.06606887 -0.01305890 -0.05400302
v -0.06816859 -0.00737438 -0.05162161
v -0.06455537 -0.00696144 -0.05281791
v 0.03787819 0.02545109 0.03513738
v 0.03467333 0.03131267 0.03843365
v 0.04041310 0.03084596 0.03716007
v 0.03737788 0.02559131 0.03325386
v 0.03490589 0.02376424 0.02953726
v 0.03332828 0.02387738 0.03007664
v 0.03421519 0.02564361 0.03428439
v -0.06860084 -0.01037783 -0.05543342
v 0.02371391 0.02280775 0.03458080
v 0.02466465 0.02377743 0.03520142
v -0.06817659 -0.00523455 -0.05403584
v -0.06804879 -0.00415930 -0.05276179
v -0.06915707 -0.01710545 -0.05023788
v -0.07014249 -0.01802099 -0.05208123
v -0.07177430 -0.01849659 -0.04897581
v -0.06436076 -0.01174382 -0.05563518
v -0.07595937 0.00458025 -0.05609031
v 0.02879698 0.02291616 0.03053718
v 0.02832201 0.02252318 0.03028594
v 0.02215541 0.02278754 0.03520681
v 0.02354184 0.02385542 0.03604888
v -0.07131470 -0.01003089 -0.05532045
v -0.07236735 -0.01222525 -0.05730155
v -0.07166514 -0.01388960 -0.05637740
v -0.07067011 -0.01172347 -0.05521215
v -0.07855108 -0.02184160 -0.05683473
v -0.07857487 -0.02007169 -0.05683143
v -0.07052470 -0.01641254 -0.05896532
v -0.07411367 -0.01677986 -0.05707731
v -0.07601450 -0.00063732 -0.05406044
v -0.07743949 0.00215619 -0.05171733
v -0.07347304 -0.00351342 -0.05202485
v -0.07141881 -0.00793090 -0.05443871
v -0.07299315 -0.01022785 -0.05676033
v -0.06827550 -0.00625699 -0.05181558
v -0.07144931 -0.00590991 -0.05043655
v -0.07119911 -0.00485712 -0.05076235
v -0.06824214 -0.00530311 -0.05210438
v -0.08078163 0.00963708 -0.05762472
v -0.07829108 0.01614476 -0.04714950
v -0.07991263 0.01295028 -0.04813664
v -0.07920134 0.02697826 -0.07195608
v -0.07724302 0.01903950 -0.07697342
v -0.07764777 0.01933212 -0.06405447
v -0.06939244 -0.00874615 -0.05534857
v -0.06442393 -0.00492949 -0.05350304
v -0.06514256 -0.00559409 -0.05317091
v -0.08417108 -0.01801555 -0.06452603
v -0.07240395 -0.01926410 -0.04848067
v -0.07513575 0.00393345 -0.05120501
v -0.08346333 -0.00965205 -0.07175337
v -0.08251704 -0.01505730 -0.06987255
v -0.07486229 0.00529329 -0.05143849
v -0.07502106 0.00629029 -0.05144366
v -0.07098873 -0.01797733 -0.05306873
v -0.07281698 -0.01786502 -0.05045285
v -0.07529151 0.00655896 -0.05119433
v -0.07459602 -0.01180451 -0.04757988
v -0.08439047 0.00958477 -0.06223237
v 0.02831541 0.02514035 0.03539645
v 0.03045323 0.02353603 0.03071074
v -0.07572599 -0.02930964 -0.05770005
v -0.07399613 -0.03072670 -0.05463137
v 0.02946659 0.02324708 0.03069314
v -0.06499369 -0.00599879 -0.05272297
v 0.02650404 0.02448586 0.03525618
v -0.06806759 -0.01392386 -0.05246486
v -0.06850658 -0.00692406 -0.05433574
v 0.02763885 0.02565017 0.03731187
v 0.02523444 0.02472504 0.03667181
v 0.03446935 0.02594971 0.03635922
v -0.07358637 -0.00804484 -0.04946134
v -0.07316628 -0.01017644 -0.04920538
v -0.07480482 -0.00958120 -0.04738450
v -0.07510749 -0.01611253 -0.05873386
v -0.07150636 -0.01432676 -0.06091819
v -0.07287847 -0.01350638 -0.06286589
v -0.07701303 -0.01493403 -0.05992536
v -0.08117460 -0.02005014 -0.06746130
v -0.07945843 -0.02444622 -0.06406825
v -0.08139797 -0.02616801 -0.06404887
v -0.08379944 -0.02131554 -0.06739134
v -0.07999183 0.04317465 -0.08074922
v -0.07964058 0.03249791 -0.06506740
v -0.08045550 0.04942964 -0.06929862
v -0.08234784 0.01848912 -0.06520452
v -0.08220886 0.01632410 -0.06680662
v -0.08729196 0.01698154 -0.06943271
v -0.07780426 0.02264903 -0.05082522
v -0.07819396 0.02011763 -0.05435322
v -0.08003325 0.02011090 -0.05280839
v -0.08726148 -0.00490439 -0.07368577
v 0.03984494 0.02486609 0.03184469
v 0.03617547 0.02344979 0.02884231
v -0.07546765 0.00519583 -0.04562534
v -0.07749063 0.00538359 -0.04760295
v 0.02010154 0.02250816 0.03648027
v -0.07756955 -0.01805000 -0.06611696
v 0.02194424 0.02384949 0.03698577
v -0.07851490 -0.01689063 -0.05724788
v -0.08078764 -0.01608437 -0.05896185
v -0.08760777 0.01824583 -0.05873429
v -0.08513457 0.01624748 -0.05652181
v 0.01886529 0.02131157 0.03606031
v 0.01817609 0.02115544 0.03609713
v 0.01936008 0.02261441 0.03645023
v 0.02098119 0.02408339 0.03696912
v 0.02414786 0.02499633 0.03750605
v 0.02343371 0.02544463 0.03792872
v 0.02697996 0.02685918 0.03896960
v 0.02708953 0.02600629 0.03858931
v 0.03456081 0.02681779 0.03832064
v 0.03464380 0.02784439 0.03877054
v 0.02646268 0.02780924 0.03848101
v 0.02290591 0.02604242 0.03740588
v 0.02582562 0.02882207 0.03798242
v 0.02271464 0.02708719 0.03715762
v 0.03449846 0.02979328 0.03768407
v 0.03470706 0.02897830 0.03843173
v 0.02183021 0.01889349 0.03634483
v 0.01952241 0.01927597 0.03613237
v 0.02237733 0.01918842 0.03620967
v 0.01988602 0.01955060 0.03594635
v 0.02357585 0.01955542 0.03532642
v 0.01902269 0.02006286 0.03574397
v 0.01829007 0.01987932 0.03590359
v -0.01056531 -0.11193693 0.00584802
v -0.01046771 -0.11904763 0.00135802
v 0.02444324 0.01968024 0.03483940
v 0.01860884 0.02268026 0.03598982
v 0.01723188 0.02098372 0.03591346
v 0.01747120 0.02321717 0.03519289
v 0.01647769 0.02111746 0.03539783
v 0.01993272 0.02564573 0.03585850
v 0.02026873 0.02439809 0.03615243
v 0.01728678 0.01974677 0.03576653
v 0.01794418 0.01920545 0.03597956
v 0.01652705 0.01971656 0.03556243
v 0.01720156 0.01899143 0.03584335
v 0.02457395 0.01609292 0.03754981
v 0.02430753 0.01543544 0.03753883
v 0.02120624 0.01750673 0.03687839
v 0.02057881 0.01705245 0.03675587
v 0.03297356 0.01273600 0.03693456
v 0.03619096 0.01271060 0.03597856
v 0.03261920 0.01159471 0.03699447
v -0.00753020 -0.00911311 0.05793326
v -0.00851349 -0.00930867 0.05671724
v -0.00708792 -0.00777547 0.05560101
v -0.00674983 -0.00775126 0.05619239
v 0.03603179 0.01153961 0.03590074
v 0.02749646 0.01211299 0.03779101
v 0.02803148 0.01308357 0.03766821
v 0.03251524 -0.11638034 -0.01453564
v 0.04659063 0.01433216 0.02792032
v 0.04763457 0.01332214 0.02727572
v 0.04599635 0.01253343 0.02908484
v 0.04508494 0.01382973 0.02941243
v 0.04340066 0.01342949 0.03104446
v -0.00812022 -0.01768969 0.05758975
v -0.00743031 -0.01638228 0.05690352
v -0.00863778 -0.01642040 0.05596216
v -0.00964815 -0.01735584 0.05681289
v 0.04386060 0.01205313 0.03097568
v 0.04145898 0.01176026 0.03279399
v 0.04130089 0.01303470 0.03283896
v 0.03933987 0.01284346 0.03433539
v 0.03915415 0.01148689 0.03438502
v 0.04985776 0.01815161 0.02507479
v 0.05089159 0.02164241 0.02462969
v 0.05147246 0.01755068 0.02343038
v 0.05304239 0.02128187 0.02245105
v 0.01568421 0.02428207 0.03532594
v -0.00589296 -0.00762091 0.05576639
v -0.00484014 -0.00947693 0.05849910
v -0.00587340 -0.00930416 0.05905940
v -0.00623181 -0.00769159 0.05605336
v 0.01531953 0.02146300 0.03507840
v 0.01406342 0.02505337 0.03627774
v 0.01387275 0.02211343 0.03585839
v 0.01548317 0.02799505 0.03728047
v 0.01737065 0.02716089 0.03607100
v 0.01567002 0.01980407 0.03547554
v 0.01643340 0.01868998 0.03561805
v 0.01455056 0.01971660 0.03576087
v 0.01553281 0.01821747 0.03596510
v 0.02376820 0.01464418 0.03746651
v 0.02321062 0.01371735 0.03751035
v 0.01993702 0.01646089 0.03687587
v 0.01899920 0.01562964 0.03692574
v 0.04770542 0.03479381 0.03438499
v 0.04540228 0.03195595 0.03522199
v 0.04189830 0.03317784 0.03748850
v 0.04372738 0.03658913 0.03757725
v 0.05028418 0.03871801 0.03210771
v 0.05257307 0.03521315 0.02925995
v 0.05028122 0.03242351 0.03141907
v 0.04800634 0.03022335 0.03284842
v 0.05176765 0.02457636 0.02541228
v 0.05003742 0.02454544 0.02705000
v 0.05010897 0.02635211 0.02839558
v 0.05180287 0.02702528 0.02688047
v 0.05388009 0.02461789 0.02318360
v 0.05418741 0.02790797 0.02481355
v 0.05129837 0.02950748 0.02901676
v 0.04926475 0.02819625 0.03046018
v 0.05376797 0.03117413 0.02707350
v 0.02369416 0.03300094 0.03963220
v 0.02422840 0.03144656 0.03841650
v 0.02126691 0.02921249 0.03719396
v 0.01990063 0.02986316 0.03781429
v 0.02253808 0.03435637 0.04058392
v 0.01789099 0.03076120 0.03861060
v 0.03690935 0.03710327 0.04050579
v 0.03590610 0.03408426 0.03946631
v 0.02543197 0.02949256 0.03748432
v 0.02340291 0.02816787 0.03734549
v 0.02507536 0.02965606 0.03739643
v 0.02276493 0.02809441 0.03713497
v 0.05817354 0.09263448 -0.11126753
v 0.06038895 0.09853027 -0.09873451
v 0.04397241 0.10936829 -0.10512932
v 0.04302773 0.10203045 -0.11744335
v 0.04168337 0.02820372 0.03535068
v 0.04236203 0.02871023 0.03516742
v 0.04479602 0.02760144 0.03337631
v 0.04420239 0.02712667 0.03357112
v 0.04608024 0.02605402 0.03157921
v 0.04668733 0.02655016 0.03148005
v 0.04783220 0.02543166 0.02977207
v 0.04730141 0.02510743 0.02993821
v 0.04791884 0.02429561 0.02873231
v 0.04842290 0.02432319 0.02829465
v 0.02283571 0.02902765 0.03736094
v 0.02489058 0.03014026 0.03784732
v 0.04500684 0.07361414 0.02309074
v 0.05195480 0.07014970 0.01647246
v 0.04999120 0.06374075 0.02215643
v 0.04340110 0.02980263 0.03555470
v 0.04598667 0.02857212 0.03346792
v 0.04772262 0.02725594 0.03128100
v 0.04879938 0.02587979 0.02945226
v 0.04920230 0.02488901 0.02823141
v 0.07166155 -0.01283456 -0.03843922
v 0.07186791 -0.01274181 -0.04007931
v 0.07810374 -0.00261013 -0.06585048
v 0.07587517 0.00390951 -0.06482082
v 0.07468260 0.00734913 -0.06353977
v 0.08026914 0.01442970 -0.04938741
v 0.08226515 0.01745166 -0.05220592
v 0.08229296 -0.02124294 -0.05906332
v 0.07893900 -0.02314417 -0.05531341
v -0.08801540 0.02131914 -0.05944948
v 0.08203468 -0.02030747 -0.05956929
v 0.08847050 0.01336134 -0.06144964
v 0.08883497 0.01176936 -0.06283120
v 0.08974380 0.01142496 -0.06251355
v 0.08901047 0.01004296 -0.06421556
v 0.07354257 -0.00812429 -0.04228450
v 0.07938057 -0.00310904 -0.06602772
v 0.08110823 -0.00370700 -0.06779250
v 0.08206855 -0.00880797 -0.06806762
v 0.08119558 -0.00826500 -0.06741437
v 0.08132526 -0.01384398 -0.06632906
v 0.08052631 -0.01298045 -0.06585198
v 0.08356066 -0.01743927 -0.06209223
v 0.08365302 -0.01305895 -0.06487501
v 0.08329560 0.01785004 -0.05359738
v 0.08320961 0.01707876 -0.05285199
v 0.08403969 0.01784872 -0.05403378
v 0.07438754 -0.00924968 -0.04366401
v 0.07853682 0.01225290 -0.04944502
v 0.07829901 0.01048644 -0.04768604
v 0.07798268 0.01093631 -0.04816207
v 0.07242014 -0.00436028 -0.04754121
v 0.07219606 -0.00355198 -0.04768210
v 0.07358263 -0.00581887 -0.04720205
v 0.07527094 -0.00710462 -0.04512601
v 0.06950916 -0.01458861 -0.04740260
v 0.06913447 -0.01529505 -0.04895701
v 0.06854962 -0.01599653 -0.04841571
v 0.08592665 0.02355121 -0.05722934
v 0.07842357 0.00950491 -0.04727433
v 0.07963120 0.01047855 -0.04765022
v 0.08022130 0.01159321 -0.04798829
v 0.08475980 0.01716227 -0.05419384
v 0.08071999 0.01247479 -0.04822385
v 0.07968508 0.01256404 -0.04840751
v 0.08102274 0.01412288 -0.04925101
v 0.07901659 0.01268112 -0.04878737
v 0.07447610 -0.01205159 -0.06091138
v 0.07346714 -0.01211485 -0.05892276
v 0.07319641 0.00726931 -0.03890922
v 0.07381543 0.00527777 -0.04074617
v 0.07796065 -0.02389417 -0.05311918
v 0.07553549 0.01310336 -0.05795111
v 0.07676708 0.01611762 -0.06011020
v 0.08554852 -0.00898351 -0.06607749
v 0.07857662 -0.01532071 -0.05671944
v 0.07646604 -0.01627214 -0.05543582
v 0.08082258 -0.01394612 -0.05810915
v 0.08289226 -0.01139150 -0.05954120
v 0.07496353 0.00362138 -0.05153192
v 0.08417226 0.00783501 -0.05736707
v 0.08454224 0.00566765 -0.05863142
v 0.08278964 0.00801179 -0.05605663
v 0.07802524 0.01937972 -0.05873500
v 0.07828280 0.01905969 -0.05611417
v 0.07509791 0.01602678 -0.05721638
v 0.07806709 0.01719083 -0.05545590
v 0.07143214 -0.01128741 -0.04700024
v 0.06899671 -0.01674878 -0.05086688
v 0.07114381 -0.01550952 -0.05220164
v 0.07004503 -0.01735056 -0.05186635
v 0.07162704 -0.01647405 -0.05348338
v 0.07187490 -0.01523651 -0.05493636
v 0.07237332 -0.01356426 -0.05606645
v 0.07375282 -0.01172337 -0.05599841
v 0.07123229 -0.00727877 -0.04750927
v 0.07778683 0.01947710 -0.04671452
v 0.07075293 -0.00906438 -0.04759265
v 0.07269331 -0.00564552 -0.04732699
v 0.07260810 -0.00735729 -0.04702957
v 0.07210582 -0.00923353 -0.04684605
v 0.07473140 -0.01909434 -0.04937270
v 0.07488117 -0.01759779 -0.05181034
v 0.07370751 -0.01850642 -0.04867148
v 0.07532341 -0.01711616 -0.05395325
v 0.07272097 -0.01810154 -0.04820639
v 0.07720692 0.01397320 -0.05737129
v 0.07811132 0.01681790 -0.05738433
v 0.07143451 -0.00945652 -0.03679219
v 0.06444161 -0.00175322 0.01284999
v 0.06581286 0.00770383 0.00700873
v 0.02660082 -0.04971526 0.03566924
v 0.02582310 -0.05267455 0.03618413
v 0.05704985 -0.01201169 0.02720353
v 0.05269000 -0.01480967 0.03208864
v 0.02534292 -0.04452631 0.04687027
v 0.02442243 -0.04515608 0.04704563
v 0.02349082 -0.04452110 0.04735665
v 0.02434410 -0.04438032 0.04693592
v 0.02227319 -0.04364470 0.04591536
v 0.02319586 -0.04406549 0.04497663
v 0.02333116 -0.04404509 0.04622804
v 0.02245693 -0.04362962 0.04703264
v 0.02869863 -0.02982363 0.04754204
v 0.03245344 -0.02568501 0.04609861
v 0.03544803 -0.03005504 0.04488264
v 0.03201401 -0.03347278 0.04642553
v 0.02477821 -0.04664340 0.03792867
v 0.02468964 -0.04507891 0.03827791
v 0.02398908 -0.04467926 0.04105677
v 0.02389522 -0.04538519 0.04080549
v 0.02471814 -0.04765769 0.03800595
v 0.02372399 -0.04573460 0.04085376
v 0.02655523 -0.04801107 0.03553358
v 0.02629487 -0.04543693 0.03568591
v 0.03432393 -0.05069607 0.04289266
v 0.03072945 -0.04856636 0.04461798
v 0.03171842 -0.04555997 0.04492544
v 0.03534212 -0.04623977 0.04324640
v 0.02518862 -0.01786644 0.04679004
v 0.02907196 -0.02148753 0.04663268
v 0.02609260 -0.02605217 0.04765112
v 0.02203695 -0.02157110 0.04751744
v 0.01824677 -0.01702070 0.04788776
v 0.02110584 -0.01375089 0.04686825
v 0.01621283 -0.00905853 0.05110516
v 0.01695843 -0.01277958 0.05241436
v 0.01642510 -0.01388519 0.05582452
v 0.01670865 -0.01164408 0.05463924
v 0.01477387 -0.01802505 0.05444966
v 0.01709502 -0.01502803 0.05090488
v 0.01082265 -0.01938550 0.05511633
v -0.01193050 -0.01688009 0.05738415
v -0.01076574 -0.01520971 0.05677877
v -0.01101827 -0.01470164 0.05837588
v -0.01319213 -0.01575469 0.05895480
v 0.01063690 -0.01887110 0.05611505
v 0.01490449 -0.01839909 0.05289757
v -0.00449298 -0.01561973 0.06518123
v -0.00554754 -0.01357350 0.06508669
v -0.00468749 -0.01474971 0.06309318
v -0.00462350 -0.01664818 0.06272513
v 0.01516047 -0.01932298 0.05094880
v 0.01134355 -0.01996926 0.05392892
v 0.01006855 -0.01808095 0.05700020
v 0.01297444 -0.01769362 0.05692071
v -0.00754249 -0.01317880 0.06430947
v -0.00941729 -0.01310467 0.06617643
v -0.01119057 -0.01321931 0.06436116
v -0.00904826 -0.01364439 0.06272418
v -0.00493382 -0.01328790 0.05874295
v -0.00592524 -0.01523781 0.05989075
v -0.00421742 -0.01251183 0.06173158
v -0.01060703 -0.01268662 0.05696088
v -0.01038290 -0.01362342 0.05591037
v -0.00857107 -0.01031316 0.05569889
v -0.00879576 -0.00996790 0.05550971
v 0.01450694 -0.01542503 0.05832970
v 0.00390919 -0.01662021 0.06503321
v 0.00509205 -0.01522972 0.06702063
v 0.00922916 0.01405403 0.04998030
v 0.01194906 0.01047702 0.04712820
v 0.00936267 0.01143525 0.05223655
v 0.01192236 0.00818947 0.04926555
v 0.01391234 -0.01305116 0.06167413
v 0.01528027 -0.01124002 0.06017361
v 0.01147706 -0.01185359 0.06536961
v 0.01234603 -0.00922361 0.06504955
v 0.00474198 0.02901250 0.04909749
v 0.00192453 -0.02038685 0.06099679
v 0.00227887 -0.02100987 0.06054237
v 0.00168230 -0.01901408 0.06260299
v 0.02181691 0.12034524 -0.10128615
v 0.01960769 0.12450536 -0.08886153
v 0.00562953 -0.03750661 0.06135235
v 0.00534673 -0.03476072 0.06139626
v 0.01281053 -0.04255947 0.04551720
v 0.00741863 -0.04269525 0.04683997
v 0.00725963 -0.04365671 0.04986414
v 0.01267617 -0.04386119 0.04867378
v 0.01636158 -0.04376966 0.04707055
v 0.01694896 -0.04252119 0.04384988
v 0.01300926 -0.04107479 0.04303735
v 0.00747121 -0.04117891 0.04396239
v 0.01206631 -0.04477162 0.05423435
v 0.00684030 -0.04441943 0.05615195
v 0.00646791 -0.04267774 0.05869085
v 0.01178296 -0.04311368 0.05631207
v 0.01790704 -0.02349000 0.04983966
v 0.01384850 -0.02298911 0.05234241
v 0.00976735 -0.02297529 0.05589015
v 0.00657232 -0.02317143 0.05852394
v 0.00582609 -0.02115007 0.05871328
v 0.00827977 -0.02058796 0.05655418
v 0.00543173 -0.02032914 0.05896493
v 0.00774849 -0.01988963 0.05707411
v 0.00758624 -0.01924805 0.05759190
v 0.00800891 -0.01836831 0.05787176
v 0.00632589 -0.01833500 0.05909952
v 0.00679209 -0.01764950 0.05895306
v 0.00533909 -0.01962285 0.05927914
v 0.00448391 0.00616375 0.06523725
v 0.00439767 0.00957753 0.06225333
v 0.00996976 -0.03321359 0.05949399
v 0.00522815 -0.03260038 0.06086489
v 0.00428728 -0.02848444 0.06010057
v 0.00863533 -0.02864871 0.05878445
v 0.01316958 -0.02945280 0.05631666
v 0.01491729 -0.03487871 0.05687791
v 0.00268532 -0.02178105 0.06021130
v 0.01032270 -0.03553038 0.05964352
v 0.01071527 -0.03806949 0.05933081
v 0.01538319 -0.03724739 0.05689286
v 0.01563263 -0.03949204 0.05643769
v 0.01960126 -0.03723625 0.05370000
v 0.01847512 -0.03129992 0.05341767
v 0.02422861 -0.03328662 0.05024226
v 0.02351421 -0.03964218 0.05068540
v 0.03141848 -0.04261799 0.04579010
v 0.02682957 -0.04480139 0.04658194
v 0.02675781 -0.04361825 0.04702276
v 0.02645712 -0.04253539 0.04783466
v 0.03072871 -0.03963394 0.04680104
v 0.03483009 -0.04191359 0.04422303
v 0.03392516 -0.03754832 0.04529103
v 0.02861736 -0.03649643 0.04820623
v 0.02559363 -0.04125066 0.04889001
v 0.02545924 -0.04387596 0.04734951
v 0.02448525 -0.04411945 0.04719854
v 0.02511011 -0.04334062 0.04805015
v 0.02421945 -0.04392387 0.04780086
v 0.02450815 -0.04272220 0.04895693
v 0.02366210 -0.04370708 0.04857166
v 0.02251027 -0.04313958 0.04983117
v 0.02308013 -0.04167408 0.05043528
v 0.02258627 -0.04453096 0.04604584
v 0.02144184 -0.04479822 0.04692604
v 0.02140770 -0.04476565 0.04808068
v 0.02247559 -0.04463058 0.04697733
v 0.02331419 -0.04435988 0.04529783
v 0.02309636 -0.04442926 0.04641498
v 0.02359015 -0.04439059 0.04165412
v 0.02282977 -0.04412303 0.04225579
v -0.04874290 -0.08453386 -0.02362361
v -0.05636532 -0.08227344 -0.03834889
v 0.02368425 -0.04416252 0.04484954
v 0.02372509 -0.04423075 0.04578174
v 0.02360605 -0.04419020 0.04690853
v 0.02348841 -0.04426280 0.04722286
v 0.02292958 -0.04432872 0.04787552
v 0.02188445 -0.04419859 0.04895783
v 0.01569699 -0.04159111 0.05537388
v 0.01930141 -0.04129118 0.05322335
v 0.01907346 -0.04303980 0.05205723
v 0.01566054 -0.04380845 0.05367695
v 0.01880231 -0.04441764 0.05074777
v 0.01760668 -0.04112571 0.04125417
v 0.01567116 -0.04497643 0.05178547
v 0.02080243 -0.04278508 0.04131551
v 0.02181989 -0.04163697 0.03882669
v 0.01990686 -0.04385350 0.04453500
v 0.02430949 -0.04411487 0.03893163
v 0.02361519 -0.04343696 0.03930210
v 0.02571775 -0.04371581 0.03615972
v 0.02479136 -0.04254029 0.03688056
v 0.01884489 -0.04495060 0.04922208
v 0.01955962 -0.03943887 0.05368853
v 0.01114719 -0.04053804 0.05808867
v 0.00602730 -0.04002102 0.06019151
v -0.03420071 0.00539282 0.03685065
v -0.03351840 0.00257841 0.03803179
v -0.02936843 0.00387965 0.03902606
v -0.03018417 0.00631778 0.03793794
v 0.00524411 -0.00154010 0.07179233
v 0.00487580 0.00268485 0.06830814
v 0.02281266 -0.04393574 0.04749667
v 0.01003467 -0.12476057 -0.00178707
v -0.07515503 -0.00763248 -0.04652744
v -0.07439590 -0.00692190 -0.04554142
v -0.08222303 0.01381753 -0.06841813
v 0.02584859 -0.04590817 0.04658465
v 0.02418524 -0.04981636 0.03824699
v 0.02301515 -0.04661528 0.04132929
v 0.03135773 -0.05508876 0.04350095
v 0.02632796 -0.05842380 0.04621577
v 0.02439326 -0.05437506 0.04764906
v 0.02837647 -0.05177421 0.04525244
v 0.02151308 -0.04850155 0.04981354
v 0.02423662 -0.04699974 0.04768196
v -0.08560704 0.01601674 -0.06515472
v 0.02292542 -0.04570692 0.04841405
v 0.02031142 -0.04632326 0.05069010
v 0.01950867 -0.04458585 0.05122301
v 0.02200461 -0.04455144 0.04872032
v 0.01772033 -0.04230994 0.05071098
v 0.01338825 -0.04151531 0.05311918
v 0.01301613 -0.04598976 0.04826475
v 0.01750426 -0.04649266 0.04598930
v 0.02178133 -0.04657875 0.04281904
v 0.02106927 -0.04318402 0.04712157
v -0.08263518 0.02000679 -0.06327096
v -0.08223329 0.02148405 -0.05856917
v -0.08052874 0.02025114 -0.05775202
v -0.08069205 0.01851847 -0.06168159
v 0.01820847 -0.04234128 0.05115443
v 0.02113689 -0.04306066 0.04834058
v 0.01393018 -0.04163437 0.05415702
v 0.02092746 -0.12140164 -0.00692239
v 0.02154595 -0.04357004 0.04870057
v 0.01877994 -0.04303357 0.05120167
v 0.01455442 -0.04263705 0.05462969
v 0.01540728 -0.04468997 0.05487852
v 0.01623297 -0.04705645 0.05478394
v 0.01700626 -0.04994586 0.05389359
v 0.01916488 -0.05728023 0.05129642
v 0.02062372 -0.06225706 0.05011357
v 0.01291889 -0.05872522 0.05440553
v 0.01409133 -0.06390039 0.05414577
v 0.01193719 -0.05098572 0.05748550
v 0.01149849 -0.04748887 0.05877285
v 0.01083675 -0.04465820 0.05851849
v 0.01021045 -0.04234055 0.05775816
v 0.00330614 -0.02342885 0.05986807
v 0.00511414 -0.01815819 0.06036215
v 0.00402528 -0.01753322 0.06248166
v 0.00741769 -0.01366279 0.06781721
v 0.00160048 -0.01801462 0.06490057
v 0.01006772 -0.01205847 0.06717391
v 0.00837764 -0.01251528 0.06869309
v 0.00899290 -0.01088548 0.06950802
v 0.01014019 -0.01027595 0.06832051
v 0.00695178 -0.01310622 0.07001965
v 0.00824999 -0.01108085 0.07057472
v 0.00305796 -0.01429498 0.07194341
v 0.00412162 -0.01085628 0.07407342
v 0.00519272 -0.00516013 0.07384207
v 0.00462369 -0.00857386 0.07454807
v 0.00953483 -0.00926052 0.07005750
v 0.01074079 -0.00742936 0.06835356
v -0.08941504 0.01577566 -0.06341494
v 0.01089919 -0.00437693 0.06624931
v 0.01286133 -0.00658159 0.06262341
v 0.01046525 0.12941955 -0.04504303
v 0.00954455 -0.04107423 0.05695399
v 0.00866604 -0.04089607 0.05530446
v -0.07371856 -0.02066527 -0.04815962
v -0.08229984 0.00579295 -0.06013628
v 0.01289135 -0.05655251 0.04167229
v 0.01292515 -0.05192628 0.04395748
v 0.00808495 -0.05202395 0.04548651
v -0.08172491 0.02192512 -0.05603226
v -0.08483561 0.02316013 -0.05662637
v 0.00800165 -0.05658362 0.04343640
v 0.00469314 -0.04047440 0.05635924
v -0.08686044 -0.00483023 -0.06896014
v -0.09002300 0.01447118 -0.06523647
v -0.08860511 0.01288823 -0.06419817
v -0.08303799 0.01414294 -0.05142477
v -0.07518612 -0.01081553 -0.06408997
v -0.08078448 -0.01076868 -0.06162335
v -0.07911058 -0.01340609 -0.06081241
v -0.07439931 -0.01268137 -0.06363972
v -0.07444113 0.00120182 -0.05643906
v 0.00451963 -0.04533310 0.05063666
v 0.00828786 -0.04548721 0.04988452
v 0.00497812 -0.04080063 0.05816247
v 0.00546671 -0.04214050 0.05936312
v 0.00596805 -0.04458083 0.06050688
v 0.00437323 -0.05201812 0.04611838
v 0.00436037 -0.05686755 0.04412168
v -0.07144350 -0.01603346 -0.03882555
v 0.02254633 -0.05113915 0.03946512
v -0.07850094 -0.02606261 -0.05377279
v -0.07927215 -0.02500163 -0.05630186
v -0.08914277 -0.00518820 -0.07206059
v 0.02321755 -0.05490832 0.03739228
v 0.01788405 -0.05226343 0.04214088
v 0.01827570 -0.05587721 0.03993647
v 0.00742154 -0.06409907 0.05720322
v 0.00660050 -0.05910749 0.05672652
v 0.00650758 -0.04779156 0.06076993
v 0.00638092 -0.05164738 0.05944549
v 0.02255402 0.11503013 -0.11349880
v 0.06259298 0.07610062 -0.00703263
v 0.06120654 0.06955925 0.00100347
v -0.08283021 0.01839205 -0.05893030
v 0.05453856 0.07678743 0.00808805
v 0.05618906 0.08207235 0.00067805
v 0.06323161 0.08410269 -0.01530898
v 0.05677174 0.08885491 -0.00718062
v 0.04004996 0.12167063 -0.06451898
v 0.04059616 0.12094431 -0.05022463
v 0.02161892 0.12687087 -0.04629909
v 0.03489165 0.12177743 -0.07851004
v 0.04722339 0.11362612 -0.08783328
v 0.04943370 0.11623549 -0.06840000
v 0.04935666 0.11595750 -0.05306933
v -0.07552832 -0.02103059 -0.04934404
v -0.07566669 -0.02626084 -0.04713557
v -0.07426064 -0.02565504 -0.04537407
v -0.07947653 0.00861463 -0.05697169
v 0.04805624 0.11485410 -0.03923491
v 0.03991693 0.11903515 -0.03640952
v 0.03940669 0.11587522 -0.02397614
v 0.04674019 0.11249314 -0.02748682
v 0.02144932 0.12434900 -0.03182376
v 0.01042144 0.12651891 -0.02996626
v 0.00443894 0.01296461 0.05948675
v 0.04617218 -0.04815288 -0.09148060
v 0.05544226 -0.04836886 -0.07361557
v 0.05802246 -0.10097833 -0.05044424
v 0.06879023 -0.02550118 -0.05445398
v 0.06834025 -0.02471231 -0.05509501
v 0.05783624 -0.06357060 -0.05433972
v 0.05867708 -0.04930525 -0.05531628
v 0.07714614 -0.01434885 -0.06511460
v 0.07787081 -0.01066953 -0.06598822
v 0.07868423 -0.01536331 -0.06474909
v 0.07933013 -0.01136763 -0.06590810
v 0.07957012 -0.00714283 -0.06632332
v 0.07952460 -0.01718395 -0.06386434
v 0.07839741 0.01878252 -0.05428084
v 0.07995431 0.02021571 -0.05297521
v -0.07689121 -0.01671509 -0.06605550
v -0.07684613 -0.01447181 -0.06726089
v 0.06827758 -0.02719074 -0.05031078
v 0.06811496 -0.02640211 -0.05196058
v -0.06496876 -0.00514408 -0.05418359
v 0.06742720 -0.02675558 -0.05124770
v 0.06731774 -0.02728478 -0.04988991
v 0.06815801 -0.02819433 -0.04870236
v 0.06721070 -0.02795384 -0.04878084
v 0.07782853 0.03586379 -0.04747481
v 0.06607876 -0.02717419 -0.05239000
v 0.06746840 -0.02511596 -0.05473723
v 0.06763047 -0.02578919 -0.05326117
v 0.06708463 -0.02662216 -0.05193878
v 0.06697721 -0.02780530 -0.04996675
v 0.06697322 -0.02878165 -0.04829562
v 0.06746483 -0.02941679 -0.04767817
v -0.07885266 -0.02280785 -0.06356455
v -0.07537895 -0.02761446 -0.05761860
v -0.05901502 -0.07882836 -0.05279569
v -0.05651836 -0.07594054 -0.06840412
v -0.05751702 -0.08754099 -0.06627470
v -0.05927116 -0.09157886 -0.05123549
v -0.07255243 -0.00261588 -0.03978915
v -0.07261020 -0.00922439 -0.04234250
v -0.07243435 -0.01058918 -0.04054416
v 0.08003440 -0.01842074 -0.06417306
v 0.07303368 -0.02872968 -0.05279014
v -0.02479479 -0.10279287 -0.00001169
v -0.02170523 -0.11493661 -0.00423368
v 0.07677116 0.01259795 -0.05949656
v 0.07659720 0.01076470 -0.06113498
v 0.07916743 0.01215526 -0.06227775
v 0.07922044 0.01422744 -0.06089135
v 0.05761433 -0.00937251 -0.10547274
v 0.06006555 0.00159636 -0.11063652
v 0.07496513 0.03395742 -0.09534966
v 0.07692786 0.01407209 -0.05818933
v 0.07948204 0.01587687 -0.05956594
v 0.07828876 -0.00661035 -0.06619594
v 0.07472543 0.01406488 -0.05852364
v 0.07486055 0.01238216 -0.05990459
v 0.08078919 0.01739481 -0.06105344
v 0.08053526 0.01549070 -0.06247006
v 0.08033170 0.01321442 -0.06381289
v 0.07498457 0.01047544 -0.06132684
v -0.07135986 -0.01557544 -0.03497184
v -0.07066757 -0.01621278 -0.02307648
v -0.07198979 -0.00053061 -0.02345043
v -0.07181038 -0.00586357 -0.03423598
v 0.07779386 0.01786138 -0.06043024
v 0.07996764 0.06423201 -0.07177583
v 0.07904893 0.05847813 -0.08584395
v 0.07663742 0.08107288 -0.07533788
v 0.07554120 0.07617129 -0.09063494
v 0.07089867 0.07033995 -0.10659503
v 0.07412506 0.05160908 -0.10186372
v 0.07831186 0.01898180 -0.05474947
v 0.08075309 0.02125830 -0.05332288
v 0.06375992 0.09061431 -0.02319219
v 0.06889141 0.08579109 -0.03046766
v 0.05694067 0.09480183 -0.01443134
v 0.05677316 0.10015228 -0.02122447
v 0.06312877 0.09680315 -0.03022754
v 0.07038588 0.09021905 -0.04238822
v 0.07907659 0.05491677 -0.05670179
v 0.07829752 0.06952041 -0.05761690
v 0.07528865 0.07340886 -0.04402774
v -0.05955287 0.03045788 0.01374889
v -0.06138640 0.03102537 0.00926009
v -0.06188823 0.02156624 0.00921548
v -0.05958384 0.02278646 0.01305339
v 0.07465778 0.08582973 -0.05969104
v 0.06614147 0.09933709 -0.04882699
v 0.06982039 0.09583531 -0.06348272
v 0.05904062 0.10777739 -0.05272823
v 0.06114549 0.10596273 -0.06743450
v 0.06094545 0.10342434 -0.08347775
v 0.07143357 0.09198882 -0.07869127
v 0.06125133 0.10233126 -0.03645777
v 0.05514175 0.10498659 -0.02672106
v 0.05616086 0.10870149 -0.03998786
v 0.05284189 0.10903945 -0.03131457
v 0.07327562 0.07495021 -0.03682503
v 0.06190266 -0.03322707 -0.04812698
v 0.06442174 -0.03395043 -0.04296771
v -0.01948197 0.08729999 0.03086905
v -0.00930050 0.08842860 0.03322186
v -0.00955117 0.09560522 0.02707362
v -0.01994633 0.09437663 0.02442281
v 0.06884429 -0.02336194 -0.03468615
v 0.06846645 0.00092853 0.00036470
v 0.06839404 0.01351703 -0.00249098
v 0.07143553 0.00572542 -0.01286092
v 0.06979062 -0.00905979 -0.01088854
v -0.02022702 0.11156301 0.00226460
v -0.00969959 0.11314491 0.00495487
v -0.00984409 0.11829324 -0.00507067
v -0.02053330 0.11644612 -0.00741362
v -0.05283275 0.00288626 0.02732039
v -0.05497109 -0.00297704 0.02775450
v -0.05119227 -0.00340011 0.03133994
v -0.04951481 0.00251738 0.03025521
v 0.06701629 0.02733918 -0.00448148
v 0.07054528 0.01990240 -0.01472589
v 0.07129571 0.03464755 -0.01700058
v 0.06752519 0.04200492 -0.00517631
v 0.06204131 0.06500743 -0.12180678
v 0.06414530 0.04819654 -0.11985265
v -0.07551257 -0.03044422 -0.04413552
v -0.07446060 -0.02956740 -0.04290456
v 0.06446061 0.03541772 -0.11798420
v 0.04846067 0.05793894 0.02619639
v -0.01003189 0.12273504 -0.01683571
v -0.02096174 0.12071174 -0.01875941
v 0.04694000 0.08092719 0.01543720
v 0.05450148 0.08528006 -0.12214301
v 0.07057709 0.08729837 -0.09382992
v 0.06723524 0.08217014 -0.10737446
v 0.05909582 0.07594958 -0.12225226
v 0.06328584 0.01920227 -0.11593367
v 0.04728444 0.10843994 -0.01987516
v 0.05644139 0.02446922 0.02004110
v 0.05566574 0.01990324 0.01934634
v 0.05669952 0.02928364 0.02139664
v 0.05395645 0.01506579 0.02117255
v 0.01527890 0.00713488 0.04494234
v 0.01492150 0.00509382 0.04686889
v 0.01457623 0.00261676 0.04885387
v 0.01834207 0.00237453 0.04491745
v 0.01774146 -0.00051970 0.04676239
v 0.01144520 0.00300836 0.05400365
v 0.01178871 0.00560077 0.05156674
v 0.01391983 0.00018029 0.05073963
v 0.01353099 -0.00281943 0.05251348
v 0.01139534 0.00008358 0.05633668
v 0.01756451 -0.01504169 0.04879944
v 0.01853609 -0.01033795 0.04743907
v 0.01592644 -0.00636145 0.04926787
v 0.02151668 -0.00330889 0.04549773
v 0.02024439 -0.00651414 0.04673017
v 0.01681421 -0.00314431 0.04812919
v 0.02263978 -0.00015542 0.04353329
v 0.01443517 -0.00616606 0.05488831
v 0.01564219 -0.00940318 0.05792582
v 0.01186064 -0.00327751 0.05948270
v 0.01027507 -0.00109400 0.06288921
v 0.00978453 0.00242949 0.05970954
v 0.01895759 0.00456771 0.04316514
v 0.02371976 0.00234105 0.04195041
v 0.02395912 -0.00975486 0.04636810
v 0.02854808 -0.01282976 0.04614357
v 0.02612439 -0.00565165 0.04469789
v 0.03041713 -0.00814247 0.04431078
v 0.02723219 -0.00230088 0.04290914
v 0.03170205 -0.00454193 0.04240652
v 0.03264740 -0.01673474 0.04573734
v 0.03629535 -0.02064740 0.04478078
v 0.03954875 -0.02618379 0.04314445
v 0.03921165 -0.01561778 0.04281154
v 0.04300537 -0.02098561 0.04093990
v 0.04108880 -0.01045936 0.04065419
v 0.04560085 -0.01566716 0.03868297
v -0.01172948 0.01285227 0.04423131
v -0.01206806 0.01469967 0.04144574
v -0.01581150 0.01119232 0.04028890
v -0.01543285 0.00924758 0.04247299
v -0.00702406 0.06110095 0.04510149
v -0.00797130 0.06877600 0.04237069
v -0.01703315 0.06860192 0.04089433
v -0.01555369 0.06105905 0.04404758
v 0.03509106 -0.01136274 0.04370227
v 0.03668902 -0.00736152 0.04165511
v 0.03287459 -0.00104002 0.04054460
v 0.02845555 0.00077182 0.04119911
v 0.04205618 0.00011026 0.03686680
v 0.04197415 -0.00523782 0.03870840
v 0.03749422 -0.00299088 0.03970789
v 0.03797052 0.00135303 0.03795914
v 0.04717278 -0.00887490 0.03664552
v 0.04677849 -0.00149718 0.03518251
v 0.04579716 0.00328547 0.03363079
v 0.03183737 0.00965719 0.03753914
v 0.02679572 0.01033174 0.03819986
v 0.03545802 0.00941894 0.03656669
v 0.04176260 0.00394030 0.03544194
v 0.03832335 0.00462123 0.03676301
v 0.04956538 0.01050019 0.02710001
v 0.04735640 0.00969166 0.02942014
v 0.04169053 0.00915936 0.03370323
v 0.03881140 0.00921025 0.03525181
v 0.04467057 0.00933251 0.03166724
v 0.02219164 0.01190839 0.03808776
v 0.01744462 0.01394872 0.03799467
v 0.05425783 -0.06159172 -0.07067867
v 0.00939460 0.00560322 0.05726649
v 0.00934819 0.00853738 0.05464054
v 0.01528321 0.03121360 0.04006271
v 0.01292555 0.02840076 0.03915264
v 0.00770235 0.02880866 0.04632752
v 0.01934217 0.03537862 0.04264848
v 0.01419964 0.01671675 0.03786206
v -0.02046040 0.00873607 0.03927754
v -0.01962256 0.00676723 0.04084350
v 0.01240617 0.01932686 0.03774461
v 0.01155507 0.02206681 0.03790741
v 0.01143738 0.02537996 0.03838204
v -0.00958765 0.10197883 0.02044841
v -0.02010431 0.10068391 0.01762727
v -0.02039730 0.12726109 -0.06899784
v -0.02083437 0.12734757 -0.06049944
v -0.00965185 0.13007240 -0.06093565
v -0.01076061 0.12935464 -0.07353973
v 0.03077001 0.04867597 0.04407751
v 0.02734921 0.04212573 0.04583256
v 0.05833175 0.06288757 0.01027198
v 0.06201374 0.05455553 0.00636484
v 0.05105104 0.04404803 0.02878011
v 0.05411015 0.03982718 0.02568487
v 0.05603011 0.03466546 0.02308564
v 0.06378313 0.04305246 0.00358258
v 0.06424870 0.03050939 0.00309321
v 0.06521711 0.01874376 0.00421948
v -0.06970201 0.00032973 -0.09398843
v -0.07261661 -0.00131902 -0.07853231
v -0.07540499 0.01067901 -0.07971976
v -0.07357061 0.01681317 -0.09640072
v 0.04853320 0.09283097 0.00118338
v -0.03562228 -0.09625050 -0.01019718
v -0.03334583 -0.10854400 -0.01355307
v 0.04843040 0.09859902 -0.00575138
v 0.04810037 0.08665341 0.00840468
v 0.03910035 0.11167225 -0.01448844
v 0.03918880 0.10712499 -0.00601123
v 0.04805449 0.10383569 -0.01270914
v 0.03966936 0.10186265 0.00135546
v 0.04004055 0.09611103 0.00822774
v 0.03962096 0.09004240 0.01548716
v 0.03887358 0.08404423 0.02230988
v 0.03735050 0.07575680 0.02914649
v 0.04534149 -0.06067992 -0.08918965
v 0.00685585 -0.00751947 0.05525520
v 0.00643667 -0.00761110 0.05571560
v -0.05254374 0.05242974 0.02105388
v -0.05444190 0.05748089 0.01678849
v -0.05779528 0.05049528 0.01303073
v -0.05582009 0.04645786 0.01774622
v 0.00662368 -0.00754070 0.05505807
v 0.00613003 -0.00757772 0.05556283
v 0.00646507 -0.00795229 0.05567237
v 0.00640261 -0.01605579 0.05830203
v 0.00541927 -0.01407836 0.05733452
v 0.00586528 -0.01037618 0.05660408
v 0.06827782 -0.02991790 -0.03710110
v -0.00557367 0.04870487 0.04842231
v -0.01305968 0.04859656 0.04781059
v -0.01125598 0.04249360 0.04806100
v -0.00493494 0.04244406 0.04883118
v -0.05951108 0.01526651 0.01365700
v -0.06227155 0.01242698 0.01095870
v -0.06148705 0.00444042 0.01611001
v -0.05842690 0.00821915 0.01800754
v -0.05530603 0.00399456 0.02419469
v -0.05786163 -0.00162736 0.02412205
v -0.01848378 0.07789790 0.03704581
v -0.00869262 0.07859979 0.03875506
v -0.06008222 0.04125349 0.01019354
v -0.05823732 0.03881788 0.01521974
v -0.00903270 0.01623307 0.04661331
v -0.00969328 0.01767969 0.04308918
v -0.00728026 0.02205208 0.04537037
v -0.00351302 0.02178150 0.05114235
v -0.00339445 0.02574333 0.04935099
v -0.00667658 0.02562770 0.04592663
v -0.03325928 0.06054313 0.03681851
v -0.03487942 0.06742173 0.03326184
v -0.04235096 0.06600347 0.02772842
v -0.04073298 0.05952837 0.03144505
v -0.02016086 0.10627268 0.01041950
v -0.00961474 0.10768457 0.01322510
v -0.00391926 0.03497741 0.04826979
v -0.00841461 0.03510278 0.04643557
v -0.00741232 0.03148243 0.04571286
v -0.00371412 0.03167618 0.04818877
v -0.02457539 0.00506611 0.03992363
v -0.02537412 0.00724696 0.03878301
v -0.06632260 -0.03024300 -0.04917056
v -0.06807649 -0.03129131 -0.04801532
v -0.07351392 0.01534000 -0.03662397
v -0.07211620 0.00471738 -0.03495594
v -0.07229271 0.01270172 -0.02443848
v -0.07245755 0.02566404 -0.02675785
v -0.07465108 0.03764937 -0.03027450
v -0.07578190 0.04600497 -0.03533884
v -0.07701812 0.02974129 -0.04259047
v -0.07527709 0.02429245 -0.03891434
v -0.05339586 -0.08467814 -0.07974631
v -0.05073108 -0.07426891 -0.08311597
v -0.00367945 0.01876139 0.05407812
v -0.00367074 0.01577540 0.05674371
v -0.06662954 -0.01036213 -0.09033751
v -0.07000262 -0.01010031 -0.07606497
v -0.00966365 -0.01185616 0.05866046
v -0.00687457 -0.00762924 0.05491196
v -0.00759214 -0.01060936 0.05610029
v -0.00698912 -0.00764512 0.05500121
v -0.01033072 -0.01413008 0.06069554
v -0.01286906 -0.01397134 0.06195464
v -0.00796437 -0.01472336 0.05543977
v -0.00702300 -0.01466344 0.05588511
v -0.00696429 -0.01038794 0.05631438
v -0.00715921 -0.00759896 0.05500829
v -0.00177195 -0.01701359 0.06754595
v -0.00226922 -0.01536683 0.07040825
v -0.00602884 -0.01402544 0.06916958
v -0.00454209 -0.01568766 0.06719042
v -0.00609721 -0.00754599 0.05578599
v -0.00522369 -0.01010346 0.05736992
v -0.00495522 -0.01172381 0.06301488
v -0.00666148 -0.00913312 0.05880143
v -0.00648003 -0.00769391 0.05616615
v -0.00680760 -0.01138586 0.06210701
v -0.00585786 -0.01725122 0.06028983
v -0.00825875 -0.01149295 0.06056995
v -0.07708690 -0.01778734 -0.05590536
v -0.05807132 -0.06432444 -0.03329859
v -0.06194079 -0.04987886 -0.04132734
v -0.06123980 -0.05050298 -0.04700246
v -0.05900348 -0.06608266 -0.04261479
v -0.08085810 0.00814363 -0.05813262
v -0.06667274 0.05735434 -0.00505300
v -0.06799903 0.06888792 -0.01453290
v -0.07321492 0.05753399 -0.02635586
v -0.07264925 0.04700932 -0.02135083
v -0.06836374 0.07869167 -0.02263847
v -0.07359675 0.06827867 -0.03355787
v -0.07664379 0.05636331 -0.04329894
v -0.07878830 0.03579849 -0.05676367
v -0.04223446 0.01759933 0.03186835
v -0.04242386 0.01742951 0.03199761
v -0.04084761 0.01716500 0.03328187
v -0.04090823 0.01727310 0.03314425
v -0.04179392 0.01774565 0.03125114
v -0.04038742 0.01716577 0.03232112
v -0.04274672 0.01817234 0.03028163
v -0.04323878 0.01787791 0.03080723
v -0.04344050 0.01766375 0.03089699
v -0.02455201 0.01857251 0.03513794
v -0.02529416 0.01864722 0.03466960
v -0.02801766 0.01776460 0.03478295
v -0.02724474 0.01789295 0.03583922
v -0.02429111 0.01833330 0.03550863
v -0.02715579 0.01761095 0.03619104
v -0.02845009 0.02047257 0.02904800
v -0.02786893 0.02082366 0.02896392
v -0.02929359 0.02013022 0.02912092
v -0.02256105 0.02065200 0.03292268
v -0.02277171 0.02180321 0.03300402
v -0.02759879 0.02192300 0.02899081
v -0.02748813 0.02118588 0.02887628
v -0.02295421 0.02000188 0.03322053
v -0.02127089 0.01989460 0.03317375
v -0.02025060 0.02034749 0.03264879
v -0.02036174 0.02193422 0.03294365
v -0.03242653 0.01658510 0.03621269
v -0.03260728 0.01583775 0.03624840
v -0.02781950 0.01618678 0.03646428
v -0.02743457 0.01703096 0.03639128
v -0.03224747 0.01702918 0.03607209
v -0.03571524 0.01711677 0.03517644
v -0.03577213 0.01666653 0.03528497
v -0.03586771 0.01592210 0.03527528
v -0.02444900 0.01712601 0.03621113
v -0.02436699 0.01798042 0.03590342
v -0.03586976 0.01524911 0.03527310
v -0.03281448 0.01519150 0.03615567
v -0.02800677 0.01554168 0.03641884
v -0.02441988 0.01670416 0.03628935
v -0.02158432 0.01796822 0.03560012
v -0.02275533 0.01815364 0.03566715
v -0.03284908 0.01441601 0.03598664
v -0.03278795 0.01359067 0.03588405
v -0.02790911 0.01397192 0.03642398
v -0.02801686 0.01478783 0.03637610
v -0.03588647 0.01447448 0.03497959
v -0.03585500 0.01359571 0.03484362
v -0.04458058 0.01769437 0.02921022
v -0.04512237 0.01816907 0.02832665
v -0.04507142 0.01760285 0.02841041
v -0.04472117 0.01720068 0.02887196
v -0.04740661 0.01492869 0.02560962
v -0.04836364 0.01626894 0.02481165
v -0.04988580 0.01565170 0.02321845
v -0.04880619 0.01414296 0.02453801
v -0.05727350 0.00560475 0.02090939
v -0.05118667 0.01130069 0.02388804
v -0.05252067 0.01275887 0.02175491
v -0.04405817 0.01751411 0.02998309
v -0.04340407 0.01726265 0.03089494
v -0.04404809 0.01783640 0.02999452
v -0.04453598 0.01813959 0.02908142
v -0.04422237 0.01684430 0.02966006
v -0.04346241 0.01661694 0.03068540
v -0.04244076 0.01709791 0.03198535
v -0.04247185 0.01638245 0.03187278
v -0.04083844 0.01611486 0.03320641
v -0.04076882 0.01686509 0.03328448
v -0.03865042 0.01674571 0.03430955
v -0.03898438 0.01713944 0.03417636
v -0.03872557 0.01596619 0.03424944
v -0.04093672 0.01544878 0.03295190
v -0.03880920 0.01529103 0.03412534
v -0.04248835 0.01569845 0.03150062
v -0.04355322 0.01603434 0.03026069
v -0.04436747 0.01637263 0.02916871
v -0.04504123 0.01674823 0.02838403
v -0.04550863 0.01737445 0.02783004
v -0.04471252 0.01580792 0.02856370
v -0.04537551 0.01506237 0.02774071
v -0.04410730 0.01458992 0.02909011
v -0.04374520 0.01542472 0.02975901
v -0.04557791 0.01629980 0.02766434
v -0.04638578 0.01566308 0.02666925
v -0.04263097 0.01510741 0.03101602
v -0.04270444 0.01433356 0.03054721
v -0.04089305 0.01397424 0.03216925
v -0.04093661 0.01476464 0.03261733
v -0.03844290 0.01467010 0.03377771
v -0.03851630 0.01376498 0.03340862
v -0.03221514 0.01710721 0.03588927
v -0.03196769 0.01717359 0.03459508
v -0.03542152 0.01699277 0.03397374
v -0.03579451 0.01713248 0.03496600
v -0.03906864 0.01713456 0.03405834
v -0.03836091 0.01692430 0.03325441
v -0.03520469 0.01687495 0.03292356
v -0.03342517 0.01929074 0.02886310
v -0.03463697 0.01932039 0.02848565
v -0.03792008 0.01689614 0.03219854
v -0.03208536 0.01719301 0.03342946
v -0.03194847 0.01943319 0.02913449
v -0.02879456 0.01796386 0.03353794
v -0.03047261 0.01976407 0.02916928
v -0.02607289 0.01867636 0.03386312
v -0.03353939 0.03004459 0.03587432
v -0.03343396 0.03023368 0.03633302
v -0.03874854 0.02953812 0.03529903
v -0.03833487 0.02920315 0.03498075
v -0.04097834 0.02673405 0.03405266
v -0.04094665 0.02770383 0.03382760
v -0.04334904 0.02647479 0.03206828
v -0.04319981 0.02553986 0.03217436
v -0.04102099 0.02567781 0.03439507
v -0.04299735 0.02440399 0.03242444
v -0.03826612 0.02693978 0.03627254
v -0.03828358 0.02806320 0.03588909
v -0.03820822 0.02889797 0.03541472
v -0.04219778 0.02293477 0.02850151
v -0.04147366 0.02388269 0.02920948
v -0.04213684 0.02369238 0.03053285
v -0.04315176 0.02289824 0.02929530
v -0.04282505 0.02225837 0.02791668
v -0.04374229 0.02215755 0.02846756
v -0.03753707 0.02211254 0.02636900
v -0.03720473 0.02247823 0.02666755
v -0.03669235 0.02291808 0.02712789
v -0.03771870 0.02176956 0.02621016
v -0.03783232 0.02139035 0.02614890
v -0.03782268 0.02101053 0.02619030
v -0.03770887 0.02068652 0.02634962
v -0.05995232 -0.00990118 0.02175167
v -0.05997377 0.00062437 0.02023855
v -0.06233663 -0.00723800 0.01726871
v -0.04381507 0.01813268 0.02984539
v -0.04433471 0.01850241 0.02896098
v -0.04327597 0.01845508 0.02944526
v -0.04377224 0.01881706 0.02875303
v -0.04488091 0.01907889 0.02810002
v -0.04520860 0.01878601 0.02805146
v -0.04111116 0.01778406 0.03051749
v -0.03658805 0.01963820 0.02764205
v -0.03705256 0.01990185 0.02725521
v -0.04186245 0.01838928 0.02964383
v -0.03982346 0.01716222 0.03131039
v -0.03582456 0.01941327 0.02806790
v -0.03729120 0.02016168 0.02693951
v -0.03751973 0.02040284 0.02660687
v -0.04218901 0.01874214 0.02898245
v -0.04268566 0.01915886 0.02832294
v -0.04418784 0.01940972 0.02822364
v -0.04328383 0.02033827 0.02742362
v -0.04328591 0.02096244 0.02741250
v -0.04438507 0.01999156 0.02793498
v -0.04445095 0.02076416 0.02780967
v -0.04310426 0.01970891 0.02772905
v -0.04311091 0.02161211 0.02757360
v -0.04416901 0.02136921 0.02805369
v -0.04542110 0.01828597 0.02791452
v -0.04544036 0.01922453 0.02769224
v -0.04597522 0.02029990 0.02707479
v -0.04586506 0.01831929 0.02737339
v -0.04651117 0.01835488 0.02659190
v -0.04611015 0.01706620 0.02698031
v -0.04685663 0.02109934 0.02651621
v -0.04800054 0.02159049 0.02555002
v -0.04770917 0.01833875 0.02551589
v -0.04707179 0.01677722 0.02596453
v -0.04510494 0.01978382 0.02770646
v -0.04532419 0.02044083 0.02743166
v -0.04627696 0.02229585 0.02769603
v -0.04696555 0.02326439 0.02736513
v -0.04568765 0.02158093 0.02798394
v -0.04514091 0.02245312 0.02914404
v -0.04553466 0.02331808 0.02899041
v -0.04607467 0.02419482 0.02871494
v -0.04458247 0.02431248 0.03048467
v -0.04496435 0.02526952 0.03032414
v -0.04428954 0.02332983 0.03060853
v -0.04512773 0.02128607 0.02803071
v -0.04462102 0.02204127 0.02894223
v -0.04381874 0.02287677 0.03018036
v -0.04270737 0.02353832 0.03204077
v -0.04081144 0.02464750 0.03408323
v -0.04018082 0.02460259 0.03235475
v -0.03805758 0.02594511 0.03591186
v -0.03745022 0.02551502 0.03423673
v -0.03384804 0.03116456 0.03711812
v -0.03962408 0.03067963 0.03589056
v -0.03699278 0.02549323 0.03231483
v -0.03444093 0.02359932 0.02861473
v -0.03284987 0.02366521 0.02915568
v -0.03380873 0.02551477 0.03344929
v -0.02343624 0.02263183 0.03356137
v -0.02430456 0.02352840 0.03413995
v -0.02834855 0.02266672 0.02945758
v -0.02789169 0.02231272 0.02922644
v -0.02179220 0.02272413 0.03411637
v -0.02321916 0.02369078 0.03489410
v -0.02793919 0.02490767 0.03439639
v -0.03000480 0.02326304 0.02971291
v -0.02901735 0.02297358 0.02963478
v -0.02610179 0.02425361 0.03418723
v -0.02730438 0.02555051 0.03616717
v -0.02484521 0.02453356 0.03553837
v -0.03409546 0.02607782 0.03551299
v -0.03943135 0.02481633 0.03082844
v -0.03571692 0.02331987 0.02788303
v -0.01959320 0.02252511 0.03520882
v -0.02142526 0.02386307 0.03569654
v -0.01836861 0.02131558 0.03480462
v -0.01769314 0.02114516 0.03489649
v -0.01884976 0.02261017 0.03520897
v -0.02044036 0.02407736 0.03569099
v -0.02364377 0.02500671 0.03621622
v -0.02288828 0.02541885 0.03663155
v -0.02644384 0.02680726 0.03764294
v -0.02659312 0.02603210 0.03729056
v -0.03402350 0.02675960 0.03700727
v -0.03409703 0.02768342 0.03740393
v -0.02586916 0.02773237 0.03714406
v -0.02231687 0.02600794 0.03610663
v -0.02518702 0.02874013 0.03659151
v -0.02209288 0.02703178 0.03579172
v -0.03387204 0.02961369 0.03629604
v -0.03410777 0.02875189 0.03702060
v -0.02141692 0.01884612 0.03512525
v -0.01913409 0.01923193 0.03493607
v -0.02197037 0.01914306 0.03498537
v -0.01950041 0.01950078 0.03472492
v -0.02312229 0.01930922 0.03421162
v -0.01856613 0.02003595 0.03450796
v -0.01786550 0.01985573 0.03472196
v -0.02402423 0.01933886 0.03374335
v -0.01811067 0.02267332 0.03481142
v -0.01677619 0.02097280 0.03479809
v -0.01698864 0.02320407 0.03407768
v -0.01607107 0.02110673 0.03438371
v -0.01935204 0.02562353 0.03449934
v -0.01972750 0.02438919 0.03490940
v -0.01687887 0.01972220 0.03465289
v -0.01755605 0.01917042 0.03482189
v -0.01613963 0.01970377 0.03453116
v -0.01682933 0.01897295 0.03476695
v -0.02417400 0.01605976 0.03634283
v -0.02392605 0.01542148 0.03636688
v -0.02083474 0.01746736 0.03570222
v -0.02021940 0.01702837 0.03563728
v -0.03255813 0.01271830 0.03574135
v -0.03573467 0.01267657 0.03478913
v -0.03211748 0.01161785 0.03583290
v -0.03558512 0.01148317 0.03469457
v -0.02714032 0.01214187 0.03677798
v -0.02762707 0.01308836 0.03653970
v -0.03305688 -0.11669604 -0.01494557
v -0.04619911 0.01414700 0.02704641
v -0.04729132 0.01309412 0.02640002
v -0.04557125 0.01235566 0.02815286
v -0.04469249 0.01367492 0.02849857
v -0.04299102 0.01330120 0.03008794
v -0.04344302 0.01189305 0.03000612
v -0.04099681 0.01163315 0.03173557
v -0.04081953 0.01295112 0.03181871
v -0.03848235 0.01285364 0.03316287
v -0.03867890 0.01140587 0.03321795
v -0.04923258 0.01786777 0.02407075
v -0.05006802 0.02137701 0.02343664
v -0.05076553 0.01721705 0.02239084
v -0.05224966 0.02095781 0.02129190
v -0.01527660 0.02423283 0.03444947
v -0.01496401 0.02144387 0.03418377
v -0.01372203 0.02493758 0.03565602
v -0.01357464 0.02207146 0.03521384
v -0.01493595 0.02784132 0.03659737
v -0.01684382 0.02709057 0.03502002
v -0.01534153 0.01980759 0.03458012
v -0.01610903 0.01868994 0.03467601
v -0.01429767 0.01973677 0.03502841
v -0.01528394 0.01824290 0.03517267
v -0.02342803 0.01464699 0.03640482
v -0.02288551 0.01375823 0.03658079
v -0.01959621 0.01647083 0.03586049
v -0.01875449 0.01565987 0.03606423
v -0.04690126 0.03457870 0.03329107
v -0.04451857 0.03178992 0.03400414
v -0.04102252 0.03301448 0.03625415
v -0.04288006 0.03640793 0.03641797
v -0.04968650 0.03844551 0.03131139
v -0.05198655 0.03494668 0.02837317
v -0.04949905 0.03220418 0.03031757
v -0.04716995 0.03004997 0.03163244
v -0.05091348 0.02433459 0.02420758
v -0.04914083 0.02435934 0.02583726
v -0.04920098 0.02617543 0.02719532
v -0.05102027 0.02679007 0.02572249
v -0.05307811 0.02433447 0.02203341
v -0.05347019 0.02763942 0.02372175
v -0.05049112 0.02929561 0.02786859
v -0.04842585 0.02801181 0.02924910
v -0.05308237 0.03091618 0.02606408
v -0.02283321 0.03283277 0.03855218
v -0.02347024 0.03132969 0.03716526
v -0.02063460 0.02914197 0.03590680
v -0.01922826 0.02972990 0.03675319
v -0.02168416 0.03422373 0.03963175
v -0.01718160 0.03060095 0.03779940
v -0.03595916 0.03695174 0.03931705
v -0.03497663 0.03393113 0.03823783
v -0.02476609 0.02939622 0.03609924
v -0.02275876 0.02808233 0.03595968
v -0.02440877 0.02956397 0.03602269
v -0.02213701 0.02802823 0.03576163
v -0.05837899 0.09243979 -0.11122247
v -0.06045626 0.09825851 -0.09867751
v -0.04403104 0.10919401 -0.10507321
v -0.04325210 0.10190349 -0.11739998
v -0.04099330 0.02803527 0.03404084
v -0.04161610 0.02855430 0.03387933
v -0.04403996 0.02744400 0.03209116
v -0.04348782 0.02696031 0.03226371
v -0.04533882 0.02590179 0.03029671
v -0.04591892 0.02638619 0.03022677
v -0.04698639 0.02527776 0.02854083
v -0.04648384 0.02497569 0.02869056
v -0.04710873 0.02415364 0.02751119
v -0.04758279 0.02416021 0.02708435
v -0.02216315 0.02893368 0.03602177
v -0.02418761 0.03002650 0.03650467
v -0.04428275 0.07325172 0.02279581
v -0.05130009 0.06968132 0.01615363
v -0.04920697 0.06327987 0.02170986
v -0.04261492 0.02962960 0.03432725
v -0.04519222 0.02839807 0.03222798
v -0.04690946 0.02708256 0.03004210
v -0.04790701 0.02571877 0.02823070
v -0.04831511 0.02472400 0.02701368
v -0.07206167 -0.01334918 -0.04052929
v -0.07221128 -0.01316558 -0.04236656
v -0.07910684 -0.00299094 -0.06845722
v -0.07733124 0.00351793 -0.06733564
v -0.07617047 0.00693413 -0.06567331
v -0.07970770 0.01411808 -0.05268820
v -0.08127250 0.01729991 -0.05558400
v -0.08239476 -0.02129308 -0.06154445
v -0.07923996 -0.02314960 -0.05765800
v -0.08225351 -0.02037031 -0.06203893
v -0.08775293 0.01329947 -0.06453818
v -0.08825165 0.01170835 -0.06589124
v -0.08923636 0.01137735 -0.06551325
v -0.08854149 0.00999099 -0.06723960
v -0.07379183 -0.00846182 -0.04482989
v -0.08010808 -0.00346850 -0.06869102
v -0.08160990 -0.00402097 -0.07048983
v -0.08245590 -0.00910525 -0.07072783
v -0.08175656 -0.00860511 -0.07004708
v -0.08185183 -0.01422431 -0.06895260
v -0.08125485 -0.01343119 -0.06844015
v -0.08371646 -0.01754602 -0.06464879
v -0.08381941 -0.01322695 -0.06748724
v -0.08225224 0.01773161 -0.05696923
v -0.08233024 0.01690204 -0.05616030
v -0.08300814 0.01777087 -0.05733179
v -0.07457622 -0.00954009 -0.04623181
v -0.07807534 0.01193266 -0.05272699
v -0.07772449 0.01023303 -0.05091538
v -0.07738404 0.01066089 -0.05143207
v -0.07252429 -0.00451251 -0.05040589
v -0.07229198 -0.00370412 -0.05059049
v -0.07370648 -0.00603248 -0.04994597
v -0.07542320 -0.00733462 -0.04780008
v -0.06966171 -0.01473956 -0.04990477
v -0.06931487 -0.01539715 -0.05142704
v -0.06874427 -0.01613135 -0.05079794
v -0.08566476 0.02326208 -0.05967630
v -0.07791330 0.00925476 -0.05046973
v -0.07904731 0.01025615 -0.05083508
v -0.07974648 0.01130771 -0.05118309
v -0.08376773 0.01712471 -0.05737926
v -0.08017009 0.01220948 -0.05143552
v -0.07919357 0.01224896 -0.05166212
v -0.08043311 0.01384203 -0.05251842
v -0.07852459 0.01234083 -0.05207489
v -0.07460110 -0.01206392 -0.06384788
v -0.07360122 -0.01217939 -0.06181337
v -0.07369279 0.00664389 -0.04081707
v -0.07406958 0.00483826 -0.04316181
v -0.07830712 -0.02383286 -0.05535309
v -0.07610741 0.01262035 -0.05982018
v -0.07696012 0.01561384 -0.06157231
v -0.08555261 -0.00908864 -0.06866104
v -0.07903308 -0.01520336 -0.05898090
v -0.07694046 -0.01618509 -0.05772263
v -0.08139200 -0.01393917 -0.06041043
v -0.08316770 -0.01137759 -0.06193242
v -0.07489415 0.00339412 -0.05472708
v -0.08333080 0.00768207 -0.06046632
v -0.08360554 0.00562941 -0.06159665
v -0.08206782 0.00784601 -0.05920640
v -0.07792391 0.01869601 -0.05980527
v -0.07825981 0.01842725 -0.05748255
v -0.07537679 0.01544129 -0.05908099
v -0.07815636 0.01663302 -0.05716227
v -0.07155830 -0.01145110 -0.04959336
v -0.06946529 -0.01692252 -0.05326737
v -0.07125507 -0.01555987 -0.05473527
v -0.07057523 -0.01753552 -0.05429036
v -0.07176746 -0.01653664 -0.05601822
v -0.07194187 -0.01532193 -0.05759199
v -0.07239935 -0.01363302 -0.05887115
v -0.07373471 -0.01170474 -0.05894934
v -0.07135927 -0.00744799 -0.05025852
v -0.07779126 0.01895250 -0.04840375
v -0.07089388 -0.00922893 -0.05025882
v -0.07280874 -0.00582330 -0.05011926
v -0.07274140 -0.00755153 -0.04975628
v -0.07225534 -0.00942443 -0.04951190
v -0.07563902 -0.01912431 -0.05146033
v -0.07567581 -0.01765022 -0.05404333
v -0.07438309 -0.01848737 -0.05074826
v -0.07581262 -0.01707286 -0.05625736
v -0.07331894 -0.01813552 -0.05032311
v -0.07762709 0.01340390 -0.05912543
v -0.07834937 0.01620467 -0.05886037
v -0.07225002 -0.01012662 -0.03871998
v -0.06452393 -0.00229464 0.01197165
v -0.06586610 0.00710781 0.00617439
v -0.02656833 -0.04933275 0.03520494
v -0.02582571 -0.05213225 0.03573734
v -0.05687747 -0.01237530 0.02616540
v -0.05258354 -0.01499367 0.03101406
v -0.02543567 -0.04442705 0.04633414
v -0.02459252 -0.04507173 0.04659186
v -0.02368057 -0.04440488 0.04698649
v -0.02446500 -0.04424841 0.04650306
v -0.02240662 -0.04328821 0.04554027
v -0.02322824 -0.04383256 0.04463116
v -0.02339341 -0.04383912 0.04583072
v -0.02260050 -0.04343899 0.04666663
v -0.02887919 -0.02979193 0.04678487
v -0.03255611 -0.02572257 0.04500879
v -0.03546121 -0.03003683 0.04387563
v -0.03211756 -0.03340541 0.04564946
v -0.02489812 -0.04634180 0.03756569
v -0.02479473 -0.04483438 0.03791803
v -0.02405089 -0.04444420 0.04070870
v -0.02401594 -0.04511831 0.04044972
v -0.02480793 -0.04727176 0.03764475
v -0.02385768 -0.04540821 0.04049261
v -0.02652196 -0.04767267 0.03507166
v -0.02630422 -0.04516371 0.03527253
v -0.03434037 -0.05064100 0.04192371
v -0.03078386 -0.04849399 0.04370654
v -0.03177497 -0.04548305 0.04406463
v -0.03538614 -0.04618339 0.04233864
v -0.02536257 -0.01790836 0.04581335
v -0.02917282 -0.02156499 0.04555178
v -0.02627880 -0.02602924 0.04682254
v -0.02219818 -0.02157459 0.04671610
v -0.01859635 -0.01699328 0.04734575
v -0.02141409 -0.01374033 0.04610006
v -0.01693739 -0.00890995 0.05091164
v -0.01752795 -0.01264308 0.05217499
v -0.01666931 -0.01373703 0.05554017
v -0.01714827 -0.01149431 0.05440043
v -0.01499704 -0.01785137 0.05412251
v -0.01756552 -0.01490969 0.05063660
v -0.01095328 -0.01920788 0.05472384
v -0.01074191 -0.01872196 0.05578984
v -0.01524014 -0.01825587 0.05254940
v -0.01550811 -0.01924814 0.05057830
v -0.01150295 -0.01984939 0.05348899
v -0.01018143 -0.01800072 0.05678113
v -0.01306792 -0.01757842 0.05668235
v -0.01455070 -0.01529324 0.05807277
v -0.00394883 -0.01665290 0.06494553
v -0.00506283 -0.01519909 0.06688318
v -0.00898927 0.01409836 0.04966814
v -0.01185321 0.01055549 0.04676640
v -0.00915644 0.01148356 0.05196220
v -0.01186254 0.00826531 0.04893748
v -0.01392055 -0.01294943 0.06146032
v -0.01530826 -0.01111611 0.05989769
v -0.01147094 -0.01179577 0.06520003
v -0.01233856 -0.00915939 0.06485030
v -0.00338868 0.02886404 0.04848773
v -0.00198934 -0.02039922 0.06092867
v -0.00232432 -0.02099023 0.06041205
v -0.00172319 -0.01903230 0.06258798
v -0.02173880 0.12020520 -0.10123523
v -0.01943132 0.12437945 -0.08880628
v -0.00533447 -0.03746997 0.06112491
v -0.00515417 -0.03476499 0.06111260
v -0.01254560 -0.04239028 0.04521300
v -0.00707281 -0.04256774 0.04667281
v -0.00691104 -0.04351815 0.04970413
v -0.01238229 -0.04365973 0.04839716
v -0.01615549 -0.04355430 0.04667591
v -0.01675295 -0.04228147 0.04345510
v -0.01272379 -0.04094511 0.04272876
v -0.00713026 -0.04101056 0.04378623
v -0.01180259 -0.04459049 0.05393813
v -0.00648212 -0.04424092 0.05595612
v -0.00616565 -0.04259760 0.05852167
v -0.01160943 -0.04299534 0.05605058
v -0.01811532 -0.02344315 0.04930419
v -0.01403374 -0.02289327 0.05191103
v -0.00986787 -0.02288193 0.05546827
v -0.00658604 -0.02311770 0.05808000
v -0.00584840 -0.02108970 0.05835219
v -0.00835103 -0.02048847 0.05615030
v -0.00547812 -0.02027201 0.05870658
v -0.00782235 -0.01978599 0.05673654
v -0.00766002 -0.01916963 0.05732381
v -0.00813167 -0.01831983 0.05766346
v -0.00644791 -0.01830968 0.05891795
v -0.00694067 -0.01761420 0.05878313
v -0.00540870 -0.01959679 0.05910889
v -0.00384974 0.00600825 0.06492705
v -0.00364830 0.00941772 0.06194858
v -0.00988971 -0.03321234 0.05911024
v -0.00519546 -0.03263205 0.06048481
v -0.00425694 -0.02849510 0.05974020
v -0.00865659 -0.02863499 0.05836329
v -0.01328731 -0.02938795 0.05594474
v -0.01488794 -0.03479498 0.05651705
v -0.00270099 -0.02175171 0.05999506
v -0.01016770 -0.03548170 0.05932518
v -0.01047266 -0.03798329 0.05903894
v -0.01529503 -0.03717064 0.05657109
v -0.01551017 -0.03940669 0.05612533
v -0.01958876 -0.03711715 0.05335831
v -0.01861440 -0.03120881 0.05302589
v -0.02428505 -0.03316274 0.04976692
v -0.02349450 -0.03954350 0.05027280
v -0.03148775 -0.04254644 0.04505127
v -0.02690835 -0.04470195 0.04589236
v -0.02675657 -0.04349387 0.04643311
v -0.02643549 -0.04240885 0.04728844
v -0.03079573 -0.03955743 0.04613608
v -0.03493688 -0.04185953 0.04345664
v -0.03406920 -0.03748498 0.04457025
v -0.02872501 -0.03641405 0.04759039
v -0.02556721 -0.04114038 0.04838733
v -0.02551949 -0.04376151 0.04684416
v -0.02456253 -0.04398152 0.04675475
v -0.02515051 -0.04322430 0.04757701
v -0.02425951 -0.04378945 0.04736683
v -0.02453936 -0.04262056 0.04850468
v -0.02368102 -0.04358124 0.04815974
v -0.02251836 -0.04303836 0.04945904
v -0.02310138 -0.04159299 0.05003888
v -0.02260929 -0.04435698 0.04573455
v -0.02146626 -0.04458153 0.04658992
v -0.02138294 -0.04459449 0.04772922
v -0.02246620 -0.04445609 0.04660908
v -0.02335910 -0.04419879 0.04495863
v -0.02311027 -0.04425976 0.04603179
v -0.02358031 -0.04421304 0.04130802
v -0.02281043 -0.04390908 0.04190696
v -0.02373565 -0.04393268 0.04448647
v -0.02376349 -0.04402982 0.04538571
v -0.02369047 -0.04401569 0.04652612
v -0.02352583 -0.04410490 0.04682805
v -0.02293653 -0.04417434 0.04749184
v -0.02187527 -0.04406401 0.04859779
v -0.01555650 -0.04149215 0.05506481
v -0.01928563 -0.04121010 0.05290385
v -0.01903979 -0.04293460 0.05174343
v -0.01555603 -0.04367663 0.05338609
v -0.01875279 -0.04426664 0.05042846
v -0.01745045 -0.04086760 0.04089583
v -0.01550601 -0.04474112 0.05143148
v -0.02067442 -0.04255405 0.04095802
v -0.02174743 -0.04139470 0.03848974
v -0.01982649 -0.04360815 0.04411868
v -0.02426129 -0.04397834 0.03856878
v -0.02356371 -0.04324514 0.03893862
v -0.02570982 -0.04348928 0.03577456
v -0.02476579 -0.04230874 0.03651409
v -0.01880487 -0.04466851 0.04886162
v -0.01956983 -0.03936439 0.05336088
v -0.01095212 -0.04042939 0.05780305
v -0.00572681 -0.03994081 0.05998566
v -0.00456460 -0.00165176 0.07149975
v -0.00426923 0.00255242 0.06802893
v -0.02300365 -0.04378615 0.04715601
v -0.01075864 -0.12478420 -0.00213497
v -0.02595819 -0.04583305 0.04596664
v -0.02425871 -0.04932141 0.03787685
v -0.02314932 -0.04616773 0.04096242
v -0.03147972 -0.05506657 0.04274886
v -0.02665029 -0.05842540 0.04585561
v -0.02470462 -0.05434549 0.04732841
v -0.02858848 -0.05175297 0.04456455
v -0.02192130 -0.04849070 0.04959418
v -0.02445615 -0.04695237 0.04724135
v -0.02321797 -0.04565304 0.04808611
v -0.02070774 -0.04628905 0.05049747
v -0.01983783 -0.04452126 0.05098321
v -0.02228549 -0.04446182 0.04842879
v -0.01802174 -0.04197809 0.05038744
v -0.01362791 -0.04130832 0.05277598
v -0.01313429 -0.04562680 0.04795467
v -0.01766130 -0.04605253 0.04563297
v -0.02198814 -0.04603438 0.04241360
v -0.02130243 -0.04275719 0.04674395
v -0.01847249 -0.04220478 0.05086436
v -0.02134025 -0.04289139 0.04801345
v -0.01414874 -0.04152459 0.05385811
v -0.02143364 -0.12163297 -0.00730524
v -0.02179462 -0.04344846 0.04839273
v -0.01907049 -0.04293415 0.05092280
v -0.01482695 -0.04255059 0.05433551
v -0.01574733 -0.04460703 0.05463150
v -0.01657295 -0.04699486 0.05464066
v -0.01740135 -0.04990339 0.05382499
v -0.01947308 -0.05724973 0.05102630
v -0.02091535 -0.06226500 0.04979141
v -0.01319993 -0.05869293 0.05410328
v -0.01433102 -0.06393372 0.05379342
v -0.01229078 -0.05094417 0.05731753
v -0.01188515 -0.04739740 0.05849935
v -0.01115623 -0.04460708 0.05818481
v -0.01048212 -0.04231621 0.05744580
v -0.00329652 -0.02339936 0.05951852
v -0.00525123 -0.01818145 0.06024458
v -0.00413701 -0.01760123 0.06241333
v -0.00734927 -0.01361105 0.06766533
v -0.00159803 -0.01804682 0.06488194
v -0.01000724 -0.01202761 0.06702193
v -0.00825385 -0.01248208 0.06853721
v -0.00885416 -0.01087260 0.06936159
v -0.01006446 -0.01024611 0.06816069
v -0.00672067 -0.01303345 0.06984371
v -0.00799792 -0.01107443 0.07042563
v -0.00264036 -0.01415536 0.07178419
v -0.00345978 -0.01075702 0.07382247
v -0.00443350 -0.00524122 0.07349389
v -0.00388984 -0.00855486 0.07424388
v -0.00932422 -0.00925281 0.06990924
v -0.01059588 -0.00740430 0.06818257
v -0.01083378 -0.00433626 0.06604327
v -0.01296398 -0.00649422 0.06239501
v -0.01017198 0.12926531 -0.04497873
v -0.00978075 -0.04103760 0.05669682
v -0.00888954 -0.04080877 0.05506872
v -0.01294662 -0.05606563 0.04138017
v -0.01297712 -0.05151640 0.04365654
v -0.00815615 -0.05169908 0.04524356
v -0.00807830 -0.05618832 0.04318011
v -0.00477587 -0.04051482 0.05624219
v -0.00465130 -0.04535515 0.05050334
v -0.00842679 -0.04537366 0.04963152
v -0.00506514 -0.04083678 0.05800937
v -0.00556930 -0.04220180 0.05911928
v -0.00610363 -0.04460017 0.06018936
v -0.00448120 -0.05187671 0.04600418
v -0.00443101 -0.05659760 0.04398998
v -0.02269819 -0.05045113 0.03904239
v -0.02324127 -0.05447862 0.03701528
v -0.01799384 -0.05156026 0.04165164
v -0.01835281 -0.05531457 0.03959047
v -0.00762188 -0.06414048 0.05676020
v -0.00684204 -0.05906484 0.05634552
v -0.00666263 -0.04774079 0.06039273
v -0.00673490 -0.05155381 0.05914219
v -0.02264994 0.11495711 -0.11346348
v -0.06279076 0.07584613 -0.00710652
v -0.06109332 0.06910742 0.00085269
v -0.05431764 0.07645496 0.00801004
v -0.05633695 0.08199093 0.00060620
v -0.06332529 0.08372440 -0.01533501
v -0.05683656 0.08862367 -0.00719999
v -0.03983721 0.12139345 -0.06440407
v -0.04036154 0.12062949 -0.05009419
v -0.02133788 0.12664783 -0.04620192
v -0.03473068 0.12155637 -0.07841733
v -0.04715305 0.11337878 -0.08775139
v -0.04927244 0.11588860 -0.06828544
v -0.04915536 0.11558117 -0.05293769
v -0.04784800 0.11446550 -0.03909677
v -0.03968543 0.11870608 -0.03627928
v -0.03919708 0.11555958 -0.02386054
v -0.04654839 0.11210392 -0.02735518
v -0.02117993 0.12415992 -0.03174706
v -0.01013171 0.12642251 -0.02992938
v -0.00358407 0.01281003 0.05919965
v -0.04829713 -0.04867651 -0.09188732
v -0.05743322 -0.04917403 -0.07413493
v -0.05965356 -0.10174103 -0.05082919
v -0.07005371 -0.02615896 -0.05635828
v -0.06976274 -0.02543186 -0.05702339
v -0.05927502 -0.06447209 -0.05479483
v -0.06045593 -0.05036305 -0.05591811
v -0.07842344 -0.01493839 -0.06741819
v -0.07918693 -0.01122923 -0.06840322
v -0.07964478 -0.01586600 -0.06713971
v -0.08034652 -0.01187094 -0.06837704
v -0.08035760 -0.00753270 -0.06892508
v -0.08023434 -0.01763947 -0.06636356
v -0.07820207 0.01825738 -0.05588531
v -0.07979007 0.01975092 -0.05476717
v -0.06939862 -0.02772539 -0.05207147
v -0.06934509 -0.02704355 -0.05374897
v -0.06869620 -0.02742877 -0.05293002
v -0.06854055 -0.02789501 -0.05156318
v -0.06911420 -0.02859607 -0.05044031
v -0.06828427 -0.02846678 -0.05042153
v -0.07778945 0.03504296 -0.04814751
v -0.06681314 -0.02765563 -0.05388993
v -0.06899250 -0.02591127 -0.05651049
v -0.06894137 -0.02652066 -0.05501602
v -0.06846277 -0.02740800 -0.05358848
v -0.06779927 -0.02826915 -0.05155932
v -0.06774155 -0.02918012 -0.04986138
v -0.06844684 -0.02980155 -0.04931510
v -0.08053391 -0.01877836 -0.06669308
v -0.07358734 -0.02893752 -0.05489168
v -0.07716614 0.01216644 -0.06159713
v -0.07713442 0.01033939 -0.06326263
v -0.07932096 0.01187446 -0.06468534
v -0.07922058 0.01389948 -0.06318815
v -0.05970779 -0.00973798 -0.10609930
v -0.06191738 0.00128809 -0.11113404
v -0.07587028 0.03351177 -0.09583264
v -0.07716314 0.01361026 -0.06022124
v -0.07933189 0.01552180 -0.06175304
v -0.07935319 -0.00702828 -0.06876044
v -0.07515737 0.01354538 -0.06042642
v -0.07548060 0.01190102 -0.06182829
v -0.08048838 0.01707614 -0.06336056
v -0.08033128 0.01520124 -0.06489282
v -0.08064742 0.01286870 -0.06638364
v -0.07575931 0.01003048 -0.06331494
v -0.07795341 0.01719339 -0.06161030
v -0.08006889 0.06366963 -0.07196149
v -0.07935795 0.05799473 -0.08604532
v -0.07665802 0.08057899 -0.07538158
v -0.07571155 0.07574074 -0.09069938
v -0.07129952 0.06998377 -0.10667066
v -0.07478421 0.05123171 -0.10207884
v -0.07819430 0.01839139 -0.05627079
v -0.08065794 0.02081534 -0.05533696
v -0.06375074 0.09017878 -0.02316096
v -0.06888186 0.08529332 -0.03044979
v -0.05692392 0.09446830 -0.01439819
v -0.05668225 0.09975778 -0.02114415
v -0.06304038 0.09633574 -0.03015553
v -0.07031413 0.08969941 -0.04235663
v -0.07908779 0.05421985 -0.05706636
v -0.07830462 0.06891362 -0.05777922
v -0.07529315 0.07281210 -0.04413160
v -0.07460346 0.08531256 -0.05969039
v -0.06601547 0.09885859 -0.04874006
v -0.06972472 0.09538848 -0.06340560
v -0.05888530 0.10735069 -0.05261263
v -0.06102017 0.10554744 -0.06733703
v -0.06088516 0.10307141 -0.08339939
v -0.07138626 0.09155790 -0.07864349
v -0.06111066 0.10186167 -0.03635353
v -0.05499771 0.10455818 -0.02660588
v -0.05598631 0.10826296 -0.03985982
v -0.05266599 0.10860617 -0.03118371
v -0.07331451 0.07440630 -0.03686872
v -0.06323779 -0.03423180 -0.04917469
v -0.06529012 -0.03466598 -0.04387865
v -0.06988861 -0.02407330 -0.03599726
v -0.06860218 0.00030092 -0.00054063
v -0.06847544 0.01292291 -0.00329318
v -0.07175163 0.00493777 -0.01388389
v -0.07016823 -0.00974079 -0.01197018
v -0.06694242 0.02668355 -0.00519253
v -0.07066344 0.01922992 -0.01554607
v -0.07086667 0.03372918 -0.01784649
v -0.06701787 0.04116938 -0.00584668
v -0.06268867 0.06472330 -0.12187363
v -0.06504697 0.04793024 -0.11998196
v -0.06555098 0.03510719 -0.11822607
v -0.04761699 0.05747886 0.02563942
v -0.04652753 0.08064672 0.01534181
v -0.05485636 0.08508659 -0.12211001
v -0.07064179 0.08691547 -0.09380538
v -0.06748648 0.08187640 -0.10736056
v -0.05956350 0.07568933 -0.12225277
v -0.06471326 0.01888005 -0.11632173
v -0.04712933 0.10807499 -0.01976781
v -0.05563790 0.02416889 0.01902861
v -0.05481517 0.01956765 0.01827364
v -0.05612209 0.02897071 0.02045585
v -0.05331617 0.01468747 0.02017886
v -0.01522502 0.00721268 0.04449037
v -0.01490243 0.00517673 0.04646794
v -0.01463793 0.00268492 0.04843647
v -0.01831966 0.00244257 0.04438605
v -0.01780232 -0.00046887 0.04618750
v -0.01155357 0.00309773 0.05376558
v -0.01181872 0.00567699 0.05127002
v -0.01412035 0.00027028 0.05040033
v -0.01393068 -0.00270139 0.05225022
v -0.01167191 0.00018740 0.05610284
v -0.01819480 -0.01495146 0.04852227
v -0.01907014 -0.01025179 0.04695188
v -0.01646638 -0.00623226 0.04894495
v -0.02151774 -0.00325466 0.04476079
v -0.02043669 -0.00645661 0.04599633
v -0.01705933 -0.00306930 0.04761443
v -0.02256634 -0.00006598 0.04290451
v -0.01488519 -0.00603541 0.05466314
v -0.01584037 -0.00928466 0.05766727
v -0.01213051 -0.00317792 0.05926095
v -0.01032175 -0.00103543 0.06267546
v -0.00981823 0.00248565 0.05949123
v -0.01890973 0.00464950 0.04264229
v -0.02369781 0.00247189 0.04142369
v -0.02410857 -0.00973140 0.04550625
v -0.02871780 -0.01288526 0.04522409
v -0.02612060 -0.00559413 0.04388037
v -0.03039012 -0.00812420 0.04344537
v -0.02717020 -0.00217990 0.04225331
v -0.03160629 -0.00449249 0.04160017
v -0.03275627 -0.01681561 0.04471050
v -0.03634940 -0.02075281 0.04367958
v -0.03952251 -0.02618383 0.04205478
v -0.03910609 -0.01566663 0.04180478
v -0.04292456 -0.02106036 0.03991691
v -0.04088025 -0.01054426 0.03968528
v -0.04543675 -0.01574661 0.03765664
v -0.03498628 -0.01139467 0.04276619
v -0.03651576 -0.00737972 0.04072743
v -0.03268663 -0.00098761 0.03971620
v -0.02836680 0.00092918 0.04063150
v -0.04170090 -0.00003534 0.03569513
v -0.04163108 -0.00532209 0.03766351
v -0.03721111 -0.00303842 0.03867021
v -0.03765159 0.00125224 0.03677558
v -0.04683072 -0.00901392 0.03562440
v -0.04632889 -0.00163145 0.03410301
v -0.04541059 0.00314195 0.03255283
v -0.03139168 0.00970463 0.03648940
v -0.02653579 0.01039006 0.03734677
v -0.03503986 0.00935551 0.03538613
v -0.04134909 0.00381611 0.03423704
v -0.03792878 0.00451786 0.03553284
v -0.04923271 0.01021383 0.02619560
v -0.04693699 0.00946757 0.02846299
v -0.04125014 0.00901993 0.03256059
v -0.03835483 0.00909838 0.03402561
v -0.04425143 0.00915365 0.03064253
v -0.02192173 0.01198278 0.03731368
v -0.01728216 0.01401431 0.03730030
v -0.05612206 -0.06244525 -0.07111365
v -0.00930088 0.00564551 0.05704058
v -0.00921771 0.00858069 0.05439838
v -0.01460153 0.03105265 0.03946291
v -0.01238815 0.02821486 0.03875074
v -0.00665493 0.02869429 0.04579341
v -0.01848790 0.03529317 0.04186151
v -0.01404898 0.01678108 0.03724461
v -0.01224508 0.01936617 0.03717530
v -0.01132740 0.02199765 0.03749153
v -0.01110189 0.02522473 0.03801851
v -0.02967903 0.04854728 0.04307782
v -0.02621456 0.04209556 0.04466623
v -0.05770128 0.06230739 0.00985679
v -0.06136686 0.05388280 0.00584377
v -0.05056513 0.04372181 0.02819441
v -0.05373118 0.03951393 0.02506468
v -0.05561674 0.03436169 0.02234790
v -0.06325018 0.04237417 0.00297382
v -0.06406005 0.02992341 0.00244582
v -0.06519043 0.01816054 0.00342728
v -0.04853741 0.09274009 0.00114326
v -0.04838321 0.09838071 -0.00572960
v -0.04813515 0.08674070 0.00829209
v -0.03892407 0.11139694 -0.01440438
v -0.03904916 0.10691699 -0.00596550
v -0.04794826 0.10352810 -0.01263828
v -0.03956335 0.10175369 0.00134388
v -0.03994785 0.09613524 0.00813395
v -0.03950530 0.09023339 0.01527615
v -0.03834767 0.08391686 0.02228100
v -0.03653939 0.07547696 0.02886620
v -0.04739952 -0.06131139 -0.08951419
v -0.00694931 -0.00747463 0.05512650
v -0.00653183 -0.00756856 0.05559343
v -0.00670674 -0.00749686 0.05493085
v -0.00622963 -0.00753492 0.05543932
v -0.00660819 -0.00791271 0.05555879
v -0.00658258 -0.01600578 0.05818144
v -0.00558168 -0.01403649 0.05723611
v -0.00600685 -0.01033840 0.05650302
v -0.06917312 -0.03051985 -0.03808977
v -0.05823698 -0.09751277 -0.06590885
v -0.05447135 -0.09400027 -0.07948944
v 0.05654489 -0.09681446 -0.06556169
v 0.05269843 -0.09331999 -0.07918910
v 0.02082524 -0.12736085 -0.00915932
v 0.03281611 -0.12342836 -0.01573284
v 0.03385201 -0.13198806 -0.01718723
v 0.02139785 -0.13534869 -0.01115769
v 0.06007527 -0.11472035 -0.07121504
v 0.05782813 -0.10589936 -0.06700886
v 0.05415785 -0.10237146 -0.08171357
v 0.05738340 -0.11107937 -0.08684506
v 0.04709571 -0.10022701 -0.09443249
v 0.05024275 -0.10992932 -0.10015879
v 0.03953814 -0.11019622 -0.11014558
v 0.03733033 -0.09877910 -0.10422987
v 0.04476320 -0.11866306 -0.02489345
v 0.05379035 -0.11378587 -0.03710419
v 0.05505682 -0.12311315 -0.03966820
v 0.04580788 -0.12766623 -0.02672718
v 0.05852726 -0.10959631 -0.05131903
v 0.05993961 -0.11887228 -0.05493555
v 0.02308040 -0.15494759 -0.01462485
v 0.00993922 -0.15721519 -0.01335942
v 0.01012170 -0.14685591 -0.01036036
v 0.02227185 -0.14490983 -0.01305441
v 0.05384663 -0.15837702 -0.03336627
v 0.06774856 -0.15189460 -0.04683638
v 0.07421034 -0.16041349 -0.04356760
v 0.05814793 -0.16808702 -0.03041087
v 0.09585552 -0.15780199 -0.05554429
v 0.10528074 -0.14670628 -0.07738513
v 0.03809367 -0.16234997 -0.02242769
v 0.04056828 -0.17210397 -0.01891531
v 0.09534270 -0.14140080 -0.08014973
v 0.09461993 -0.13761511 -0.10428707
v 0.10684618 -0.14330928 -0.10256656
v 0.06852319 -0.16131280 -0.14389020
v 0.06435879 -0.15485498 -0.14038739
v 0.07376227 -0.12552476 -0.09913508
v 0.06283753 -0.12617058 -0.11426385
v 0.07090920 -0.13378567 -0.11971794
v 0.08398597 -0.13156171 -0.10318999
v 0.05410024 -0.13798374 -0.13025899
v 0.04825803 -0.12958515 -0.12486211
v 0.08572047 -0.13641544 -0.08082206
v 0.07543728 -0.13069312 -0.07919659
v 0.07810769 -0.14471275 -0.06274282
v 0.06998088 -0.13744821 -0.06195557
v 0.06211932 -0.14313470 -0.04620980
v 0.05573303 -0.11870966 -0.10730578
v 0.04340870 -0.12034985 -0.11747999
v 0.08652618 -0.15110129 -0.06072824
v 0.06351008 -0.12860443 -0.05928684
v 0.05788998 -0.13321868 -0.04321820
v 0.06469435 -0.17516083 -0.01976979
v 0.08270140 -0.16886395 -0.03558630
v 0.04483769 -0.17970379 -0.00863290
v 0.02674036 -0.18339902 -0.00214552
v 0.05045378 -0.14827250 -0.03214619
v 0.03698827 -0.15218912 -0.02106863
v 0.02334446 -0.16488248 -0.01495661
v 0.06398291 -0.11894497 -0.09289333
v 0.06585036 -0.12316097 -0.07578203
v 0.04787771 -0.13769214 -0.02965951
v 0.03524382 -0.14198594 -0.01949186
v 0.00984139 -0.13768139 -0.00735027
v 0.02452934 -0.17451368 -0.01078610
v 0.09586545 -0.14769471 -0.12383702
v 0.08281492 -0.15498294 -0.13690823
v 0.07571001 -0.15115502 -0.13531284
v -0.00104728 -0.14756027 -0.00993277
v -0.00138741 -0.15771884 -0.01331340
v -0.00061591 -0.13835041 -0.00616955
v 0.08026382 -0.14259744 -0.12560543
v 0.05991791 -0.14734465 -0.13579354
v -0.00050194 -0.13119647 -0.00284155
v -0.00149883 -0.16889395 -0.01585159
v -0.00144796 -0.18070829 -0.01226624
v -0.00127651 -0.18995886 -0.00213005
v 0.00994812 -0.13023399 -0.00448018
v 0.01100068 -0.17843290 -0.01086800
v 0.01022193 -0.16765532 -0.01464777
v 0.01207697 -0.18792786 -0.00172521
v -0.02155504 -0.12766609 -0.00943006
v -0.03352546 -0.12376188 -0.01606729
v -0.03479874 -0.13229708 -0.01741274
v -0.02232865 -0.13557279 -0.01134344
v -0.06166751 -0.11550878 -0.07158834
v -0.05955627 -0.10670503 -0.06739063
v -0.05597881 -0.10307555 -0.08199024
v -0.05914760 -0.11176324 -0.08710391
v -0.04908091 -0.10084516 -0.09459301
v -0.05218265 -0.11047433 -0.10032035
v -0.04156195 -0.11062279 -0.11026371
v -0.03943609 -0.09927242 -0.10432760
v -0.04567350 -0.11926430 -0.02527370
v -0.05479624 -0.11469107 -0.03760213
v -0.05599682 -0.12368540 -0.04000800
v -0.04688279 -0.12808606 -0.02698183
v -0.06014722 -0.11058509 -0.05173988
v -0.06120479 -0.11981880 -0.05535378
v -0.02491219 -0.15516388 -0.01456237
v -0.01220110 -0.15723656 -0.01328419
v -0.01162481 -0.14687330 -0.01045502
v -0.02373141 -0.14507718 -0.01322772
v -0.05479009 -0.15935177 -0.03420672
v -0.06876180 -0.15264772 -0.04756287
v -0.07526883 -0.16105044 -0.04424138
v -0.05949805 -0.16863489 -0.03071174
v -0.09697223 -0.15848504 -0.05620294
v -0.10652209 -0.14731543 -0.07796213
v -0.03976254 -0.16294619 -0.02258386
v -0.04253872 -0.17280209 -0.01904445
v -0.09670483 -0.14194749 -0.08062375
v -0.09619018 -0.13803409 -0.10464302
v -0.10834766 -0.14376104 -0.10300239
v -0.07015381 -0.16154870 -0.14421001
v -0.06606510 -0.15514351 -0.14061946
v -0.07546034 -0.12603483 -0.09933250
v -0.06459636 -0.12683469 -0.11442634
v -0.07264423 -0.13422447 -0.11988489
v -0.08558543 -0.13204907 -0.10341612
v -0.05593324 -0.13817301 -0.13040248
v -0.05008225 -0.12939754 -0.12479034
v -0.08713377 -0.13696809 -0.08121661
v -0.07683855 -0.13129075 -0.07955936
v -0.07936670 -0.14535154 -0.06326888
v -0.07125586 -0.13811688 -0.06251684
v -0.06299674 -0.14391646 -0.04711625
v -0.05757038 -0.11918054 -0.10746323
v -0.04535344 -0.12070271 -0.11758348
v -0.08770612 -0.15177947 -0.06135700
v -0.06466712 -0.12939490 -0.05992708
v -0.05891158 -0.13385320 -0.04388512
v -0.06634136 -0.17593461 -0.01986749
v -0.08394770 -0.16949169 -0.03605897
v -0.04699027 -0.18036075 -0.00857941
v -0.02920761 -0.18365914 -0.00186336
v -0.05166338 -0.14888830 -0.03288367
v -0.03862819 -0.15261480 -0.02112538
v -0.02555612 -0.16540241 -0.01510815
v -0.06571035 -0.11953480 -0.09313354
v -0.06739895 -0.12386858 -0.07617186
v -0.04923180 -0.13812134 -0.03003074
v -0.03661101 -0.14231826 -0.01973203
v -0.01126922 -0.13780677 -0.00758475
v -0.02701421 -0.17487191 -0.01069665
v -0.09742887 -0.14812072 -0.12414628
v -0.08444671 -0.15531741 -0.13719526
v -0.07737178 -0.15148720 -0.13552192
v -0.08192190 -0.14301196 -0.12585410
v -0.06163163 -0.14768559 -0.13598998
v -0.01090353 -0.13034734 -0.00477015
v -0.01365437 -0.17867684 -0.01072775
v -0.01278493 -0.16802515 -0.01474566
v -0.01446633 -0.18788196 -0.00155622
v -0.00699935 -0.00785512 0.05519587
v -0.06786023 -0.03273042 -0.01552415
v -0.06731381 -0.04040153 -0.02297653
v -0.06410678 -0.05165283 -0.01517943
v -0.06514982 -0.04314423 -0.00739655
v -0.05923640 -0.06167259 -0.00697177
v -0.06209761 -0.05166247 -0.00100524
v -0.05341519 -0.06949075 0.00249301
v -0.05776741 -0.05935831 0.00652897
v -0.04850768 -0.07402873 0.01273763
v -0.05309067 -0.06425891 0.01504491
v -0.03381632 -0.07666519 0.03523789
v -0.03207189 -0.08189533 0.03141060
v -0.02526368 -0.08431921 0.03947269
v -0.02592847 -0.08017802 0.04374518
v -0.01789355 -0.08634912 0.04645540
v -0.01853168 -0.08234099 0.05064327
v -0.00984174 -0.08706083 0.05048930
v -0.00991792 -0.08319920 0.05489490
v -0.00012705 -0.08696107 0.05244969
v -0.00013704 -0.08291607 0.05672905
v -0.00008237 -0.07332592 0.05971427
v -0.00894665 -0.07367872 0.05843206
v -0.00947243 -0.07859411 0.05740342
v -0.00016975 -0.07876132 0.05882296
v -0.01647242 -0.07299577 0.05450949
v -0.01788113 -0.07804830 0.05311546
v -0.02315368 -0.07088074 0.04882193
v -0.02501180 -0.07583671 0.04674966
v -0.03083863 -0.06709728 0.04187859
v -0.03280006 -0.07209831 0.03893813
v -0.03711542 -0.06254508 0.03759873
v -0.04043551 -0.06564844 0.03320483
v -0.00902582 -0.09020425 0.04382566
v -0.00012937 -0.08996190 0.04623038
v -0.01659301 -0.08960102 0.04012309
v -0.02361583 -0.08774596 0.03400424
v -0.02975568 -0.08606942 0.02682537
v -0.04192267 -0.07706568 0.02266971
v -0.03621121 -0.08423275 0.01843658
v -0.04346775 -0.08024032 0.00972735
v -0.04845443 -0.07592926 -0.00143597
v -0.05578531 -0.06791101 -0.01251089
v -0.06224511 -0.05687746 -0.02261588
v -0.06598461 -0.04483913 -0.03055966
v -0.06866701 -0.03245413 -0.02848331
v -0.01513347 -0.06873246 0.05462999
v -0.00827520 -0.06895006 0.05797425
v -0.02128400 -0.06691404 0.04992748
v -0.02849183 -0.06283008 0.04413495
v -0.03442314 -0.05870098 0.04053355
v -0.03930750 -0.04699954 0.03979199
v -0.03809703 -0.05311472 0.03949755
v -0.03778268 -0.03525868 0.04234866
v -0.03874388 -0.04103495 0.04100336
v -0.04579635 -0.02872853 0.03715838
v -0.04746377 -0.03737791 0.03401542
v -0.04319463 -0.03998159 0.03774147
v -0.04193271 -0.03247815 0.03989783
v -0.04921970 -0.02279899 0.03412810
v -0.05147671 -0.03323245 0.02988235
v -0.00812642 -0.09284361 0.03785399
v -0.00013140 -0.09296235 0.03911153
v -0.01487442 -0.09256365 0.03437854
v -0.02090551 -0.09173079 0.02860994
v -0.02540345 -0.09133982 0.02168704
v -0.03038076 -0.09036164 0.01396140
v -0.03557171 -0.08801850 0.00507789
v -0.04213570 -0.08383523 -0.00553526
v -0.05102722 -0.07550414 -0.01776424
v -0.05980704 -0.06169306 -0.02902465
v -0.06331850 -0.04882684 -0.03726676
v -0.02183862 -0.09853777 0.00900672
v -0.01782196 -0.09777061 0.01544686
v -0.01428245 -0.09789176 0.02110059
v -0.01105736 -0.09755606 0.02587543
v -0.00642059 -0.09876537 0.02536276
v -0.00006321 -0.09965467 0.02496360
v -0.00565746 -0.10100338 0.01752972
v 0.00014358 -0.10181501 0.01809371
v -0.00802396 -0.10354106 0.01291627
v 0.00016309 -0.10438789 0.01432204
v -0.01033496 -0.10681134 0.00967822
v -0.00000317 -0.10893282 0.01064411
v -0.04164556 -0.05585047 0.03604430
v -0.04584001 -0.05674560 0.03108711
v -0.04774795 -0.04692374 0.03162223
v -0.05210854 -0.04425523 0.02629246
v -0.05055602 -0.05611822 0.02475244
v -0.04348454 -0.04806843 0.03622350
v -0.05582467 -0.05269738 0.01707580
v -0.05651241 -0.03977783 0.02035277
v -0.05531989 -0.02723051 0.02575508
v -0.05973112 -0.03398612 0.01521193
v -0.05985578 -0.04714275 0.00979471
v -0.05871636 -0.02297098 0.02115053
v -0.06134817 -0.01875601 0.01698095
v -0.06200022 -0.02923211 0.01065999
v -0.06249935 -0.04049852 0.00467540
v -0.04567847 -0.06874760 0.02502666
v -0.06467959 -0.03433385 -0.00076712
v -0.06361568 -0.01487638 0.01226618
v -0.06399723 -0.02419089 0.00588514
v -0.06604437 -0.00944050 0.00629376
v -0.06679893 -0.01841031 -0.00230452
v -0.06738431 -0.02659537 -0.00919845
v -0.06961659 -0.02426239 -0.02455402
v -0.00011702 -0.06856779 0.05939285
v -0.06351484 -0.03281930 -0.05359112
v -0.02174588 -0.02884217 0.04974294
v -0.01646442 -0.02697939 0.05251428
v -0.01153678 -0.02620542 0.05571266
v -0.00753010 -0.02588137 0.05816744
v -0.00364803 -0.02595200 0.05958268
v -0.00024448 -0.12034597 0.00372931
v 0.00060212 0.04223746 0.04929756
v -0.00019270 -0.11353300 0.00768066
v -0.00015170 -0.05671338 0.04434193
v 0.00015467 0.12745626 -0.02883386
v 0.00015467 0.12745626 -0.02883386
v -0.00012686 -0.06376716 0.05866104
v -0.00009052 -0.05171077 0.04648279
v 0.00040375 0.00348120 0.06993883
v -0.00013264 -0.05936917 0.05766508
v -0.00005813 -0.04821749 0.06128831
v 0.00001217 -0.04205269 0.05967910
v 0.00065928 0.07851800 0.03966934
v -0.00001025 -0.04452147 0.06100392
v -0.00009293 -0.02379173 0.05991259
v 0.00043423 -0.00059961 0.07335948
v 0.00001108 -0.04064448 0.05832371
v -0.00006361 -0.05193534 0.05973546
v -0.00014586 -0.04540950 0.05084276
v -0.00002357 -0.04032623 0.05665095
v 0.00023869 -0.04134202 0.04421997
v 0.00000987 -0.02662089 0.05984899
v 0.00054315 0.02025423 0.05555828
v 0.00042869 0.01718435 0.05814050
v 0.00025253 0.10249957 0.02174324
v 0.00053756 0.08877842 0.03406294
v 0.00040536 0.00727159 0.06663753
v 0.00056007 0.06124346 0.04536775
v 0.00008228 0.12615463 -0.09215315
v 0.00008228 0.12615463 -0.09215315
v 0.00045050 -0.00452958 0.07550053
v 0.00000389 -0.01850688 0.06502803
v 0.00016496 0.11914331 -0.00385287
v -0.00007718 0.11702811 -0.11654537
v -0.00007718 0.11702811 -0.11654537
v 0.00013478 -0.04268941 0.05933096
v 0.00015646 0.12364636 -0.01578882
v 0.00017470 -0.04424122 0.05643176
v 0.00018461 -0.01478465 0.07254718
v -0.00000979 -0.03306773 0.06061728
v -0.00000902 -0.02922130 0.05987417
v 0.00000860 0.12251393 -0.10476793
v 0.00000860 0.12251393 -0.10476793
v 0.00074704 0.04843846 0.04875366
v 0.00003784 -0.03553766 0.06146248
v 0.00061478 0.02915898 0.05017392
v 0.00011242 -0.03798194 0.06178061
v -0.00036556 -0.12586302 0.00008578
v 0.00011785 -0.04030999 0.06073749
v 0.00022686 -0.04347262 0.05036520
v 0.00046389 0.01085218 0.06354999
v 0.00023512 -0.04261829 0.04726940
v 0.00061329 0.06866678 0.04300514
v -0.00006338 -0.02128370 0.06116841
v -0.00002380 -0.02072825 0.06172580
v 0.00051967 0.02661846 0.05106163
v 0.00030444 0.09620944 0.02819256
v 0.00069794 0.03171021 0.04990418
v -0.00001894 -0.02195730 0.06063476
v 0.00013449 0.13065465 -0.07477909
v 0.00013449 0.13065465 -0.07477909
v 0.00014174 0.13155979 -0.06153166
v 0.00014174 0.13155979 -0.06153166
v 0.00051006 0.02324818 0.05322089
v 0.00051967 0.01421670 0.06058202
v 0.00037341 -0.01130973 0.07527881
v 0.00042345 -0.00840429 0.07611430
v 0.00018047 0.11382671 0.00637186
v 0.00015051 0.13079856 -0.04432580
v 0.00015051 0.13079856 -0.04432580
v 0.00020999 0.10824574 0.01461874
v 0.00010035 -0.01601817 0.07080477
v 0.00051576 0.03500242 0.04946440
v 0.00002803 -0.01751288 0.06768607
v 0.00000493 -0.01969176 0.06290198
v 0.00688460 -0.00790290 0.05530848
v 0.06701775 -0.03202678 -0.01450305
v 0.06569996 -0.03940581 -0.02213307
v 0.06263121 -0.05087493 -0.01425533
v 0.06431389 -0.04261046 -0.00636606
v 0.05826824 -0.06104908 -0.00614624
v 0.06143620 -0.05116902 -0.00010754
v 0.05256610 -0.06889898 0.00311534
v 0.05717048 -0.05889992 0.00727127
v -0.00417503 -0.01474019 0.06984948
v -0.00318443 -0.01640707 0.06739637
v 0.04794317 -0.07359510 0.01325455
v 0.05263224 -0.06390704 0.01566699
v -0.01515583 0.02061168 0.03436253
v -0.00789775 -0.01858970 0.05757305
v -0.00699200 0.00464308 0.06268547
v -0.01393391 0.02086955 0.03504940
v 0.03336092 -0.07628285 0.03546803
v 0.03162033 -0.08144914 0.03157590
v 0.02463134 -0.08372020 0.03942627
v 0.02531507 -0.07972391 0.04370802
v -0.01038940 -0.01817014 0.05643093
v 0.01739155 -0.08595779 0.04644615
v 0.01807901 -0.08211996 0.05067712
v 0.00951522 -0.08696183 0.05056776
v 0.00966744 -0.08321010 0.05504891
v -0.00653448 0.01121581 0.05710751
v -0.00823876 0.02012991 0.04426353
v 0.00861486 -0.07367871 0.05876476
v 0.00914395 -0.07865527 0.05768552
v -0.00655651 0.00784800 0.05999160
v -0.01569307 -0.01472881 0.05661746
v -0.01403368 -0.01760122 0.05547322
v -0.00684332 -0.00890634 0.07232044
v -0.00775937 -0.00614058 0.07133391
v 0.01610791 -0.07299498 0.05467163
v -0.00748002 -0.01190509 0.07024939
v -0.00475274 -0.01360354 0.07092607
v 0.01735725 -0.07798383 0.05324702
v -0.01661273 0.02036093 0.03468028
v -0.02738456 0.02154831 0.02884425
v -0.00602763 -0.01085502 0.07220811
v -0.00298051 -0.01280774 0.07284857
v -0.01989481 0.02119810 0.03253812
v -0.01595848 0.02049416 0.03447569
v -0.01187825 -0.01031144 0.06519967
v -0.00685868 0.01914410 0.04858597
v 0.02269094 -0.07077730 0.04901256
v 0.02439923 -0.07562394 0.04688425
v 0.03045695 -0.06695801 0.04231248
v 0.03232329 -0.07187708 0.03932071
v -0.01456886 -0.01189659 0.06082764
v 0.03686190 -0.06244141 0.03832262
v 0.04005988 -0.06549098 0.03383776
v 0.00883686 -0.08998039 0.04377895
v -0.01745262 0.02045935 0.03459730
v -0.01805517 0.02064247 0.03449607
v -0.00761851 0.00103767 0.06574821
v 0.01624460 -0.08908377 0.03997852
v 0.02318190 -0.08707923 0.03386420
v 0.02949628 -0.08550802 0.02683567
v 0.04161963 -0.07682743 0.02308393
v -0.02251448 0.02125872 0.03285462
v -0.00296476 -0.01836593 0.06252358
v -0.01007285 -0.01103118 0.06762487
v -0.00864463 -0.01154366 0.06910658
v -0.00345599 -0.01917607 0.06066606
v 0.03602581 -0.08393198 0.01861186
v 0.04298745 -0.07966130 0.00993622
v -0.01167613 0.02072688 0.03733104
v 0.04755763 -0.07510229 -0.00113511
v -0.00651729 0.01687826 0.05219084
v -0.00640126 0.01409483 0.05501484
v 0.05479907 -0.06709211 -0.01202847
v 0.06057576 -0.05584286 -0.02198277
v -0.00282876 -0.01741637 0.06493528
v 0.06422012 -0.04373794 -0.02986706
v 0.06757697 -0.03165001 -0.02743261
v 0.01485029 -0.06869992 0.05491908
v 0.00806514 -0.06891421 0.05835077
v 0.02093321 -0.06686099 0.05020944
v -0.00796568 -0.00267544 0.06916517
v 0.02814176 -0.06276518 0.04453544
v 0.03427814 -0.05865959 0.04130873
v 0.03923059 -0.04702707 0.04068161
v -0.00590155 -0.01868303 0.05914801
v 0.03796868 -0.05310758 0.04043757
v 0.03768765 -0.03528747 0.04324051
v 0.03861398 -0.04106814 0.04183654
v 0.04574114 -0.02870592 0.03814543
v 0.04722568 -0.03730612 0.03490753
v 0.04303850 -0.03995793 0.03864552
v 0.00028074 -0.01326521 0.07398557
v -0.00531816 -0.01240401 0.07166727
v 0.04190634 -0.03247999 0.04089737
v 0.04927105 -0.02268899 0.03508630
v 0.05123198 -0.03314037 0.03077317
v 0.00801274 -0.09254980 0.03776921
v -0.02903051 0.03529850 0.03972161
v -0.02896324 0.03296138 0.03833418
v 0.01464048 -0.09205930 0.03425220
v 0.02062987 -0.09114149 0.02848481
v 0.02508230 -0.09081952 0.02166613
v 0.03008997 -0.08996636 0.01398491
v 0.03508482 -0.08750720 0.00512328
v 0.04131351 -0.08303083 -0.00529176
v -0.02208530 0.03837670 0.04342416
v -0.00440431 0.03849901 0.04851814
v -0.00974461 0.03857339 0.04740152
v 0.05035708 -0.07477657 -0.01729966
v -0.02993438 0.02820023 0.03714099
v -0.03047579 0.02595079 0.03589709
v -0.02881343 0.03085724 0.03699639
v -0.03023980 0.02635912 0.03721968
v -0.03022732 0.02718967 0.03755358
v 0.05831734 -0.06076943 -0.02844372
v -0.02890475 0.02986188 0.03660300
v 0.06120713 -0.04752660 -0.03651310
v -0.02887014 0.02989356 0.03660828
v 0.02154406 -0.09827825 0.00888184
v -0.02709602 0.03746080 0.04142613
v 0.01763847 -0.09746830 0.01530976
v 0.01421846 -0.09752911 0.02096696
v -0.02934290 0.02920110 0.03657018
v -0.03063533 0.02533065 0.03420236
v 0.01102897 -0.09722538 0.02574250
v -0.03132593 0.02352494 0.02957271
v 0.00637898 -0.09862304 0.02529989
v 0.00056855 0.03855738 0.04939092
v -0.02100122 0.04855057 0.04617230
v -0.05129797 0.04782140 0.02480835
v 0.00582122 -0.10093243 0.01747060
v -0.05446758 0.04248813 0.02198096
v 0.00804521 -0.10342743 0.01283887
v -0.04806462 0.00640448 0.02919238
v -0.05072776 0.00726690 0.02664423
v -0.01822940 0.04238698 0.04675231
v 0.01024506 -0.10674100 0.00979438
v 0.04137430 -0.05575237 0.03683329
v 0.04534717 -0.05659210 0.03176584
v 0.04732540 -0.04679789 0.03240582
v 0.05169019 -0.04409390 0.02709138
v -0.02617996 0.06800780 0.03793321
v -0.03061645 0.11404983 -0.01051942
v -0.02465419 0.06090852 0.04126812
v -0.03900794 0.05347057 0.03541045
v 0.05012190 -0.05595293 0.02545233
v -0.03075236 0.10940143 -0.00135552
v 0.04322030 -0.04800668 0.03702159
v 0.05531796 -0.05248737 0.01786551
v 0.05604478 -0.03955973 0.02125456
v 0.05519975 -0.02700061 0.02668815
v 0.05932569 -0.03361607 0.01612338
v -0.04638509 0.05192560 0.02922964
v 0.05928012 -0.04686030 0.01072140
v -0.05537326 0.01212510 0.01928742
v -0.00609915 0.05446279 0.04727185
v -0.05670476 0.01789612 0.01635936
v 0.05860145 -0.02265723 0.02219941
v -0.01432729 0.05446365 0.04654796
v -0.02712290 0.12476575 -0.07323944
v 0.06127330 -0.01827553 0.01798486
v 0.06155502 -0.02881096 0.01166466
v 0.06195866 -0.04006880 0.00561721
v 0.04542347 -0.06848755 0.02555560
v -0.01312754 0.03525328 0.04417320
v 0.06410930 -0.03388919 0.00028314
v -0.03817249 0.00709727 0.03458321
v -0.04121913 0.00665902 0.03322856
v 0.06346599 -0.01436558 0.01324178
v -0.03100908 0.12446639 -0.06192613
v -0.05445476 0.00998541 0.02140790
v -0.02942125 0.08592983 0.02741133
v -0.00914537 0.02856402 0.04230709
v -0.01095859 0.03138913 0.04242072
v -0.03026121 0.09274976 0.02071325
v 0.06357827 -0.02361469 0.00684059
v 0.06585549 -0.00889623 0.00723040
v 0.06643014 -0.01782154 -0.00131430
v -0.03060678 0.09883677 0.01372860
v 0.06681433 -0.02595547 -0.00811922
v 0.06880552 -0.02357205 -0.02333535
v -0.03094820 0.11821061 -0.02119472
v -0.02123875 0.01046255 0.03815663
v 0.06211943 -0.03182760 -0.05255491
v 0.02154766 -0.02892211 0.05027459
v 0.01627963 -0.02708041 0.05292170
v -0.05672324 0.03629402 0.01943769
v -0.05757551 0.02966463 0.01783338
v -0.03160965 0.12375826 -0.04802478
v -0.03083272 0.00817812 0.03711553
v -0.05727489 0.02370155 0.01666499
v -0.01538516 0.12676775 -0.08136093
v 0.01141817 -0.02629235 0.05610481
v -0.05289779 0.00833286 0.02401982
v 0.00754498 -0.02592340 0.05861530
v 0.00368308 -0.02595739 0.05993407
v -0.03159887 0.05429031 0.04034514
v -0.03470303 0.00754175 0.03597835
v -0.00860326 0.02541582 0.04179236
v -0.01659976 0.01277013 0.03848097
v -0.01316363 0.01579326 0.03890973
v -0.03070250 0.10431383 0.00658028
v -0.01080505 0.01876803 0.03984350
v -0.00899264 0.02201633 0.04118950
v -0.02601210 0.00896967 0.03799674
v -0.02798842 0.07687218 0.03367877
v -0.03116162 0.12148848 -0.03392942
v -0.04469343 0.00642547 0.03138182
v 0.00011932 0.12807763 -0.08420940
v 0.00011932 0.12807763 -0.08420940
v 0.00054766 0.05454107 0.04735364
v -0.00977423 0.02041094 0.04067436
v -0.01573813 0.03858750 0.04577586
v -0.02312315 0.05442351 0.04426791
v -0.00006889 -0.05557181 0.05821580
v -0.02687734 -0.03915934 0.04828013
v -0.02830576 -0.04117673 0.04690690
v -0.02806921 -0.04681817 0.04507436
v -0.01945668 -0.03431584 0.05328244
v -0.02393864 -0.03687745 0.05036263
v -0.01839053 -0.05331346 0.05254080
v -0.02875218 -0.04307280 0.04595472
v -0.01271845 -0.05450387 0.05568380
v -0.02901104 -0.04493161 0.04522028
v -0.00682829 -0.05494563 0.05734756
v 0.00000257 -0.03100198 0.06027723
v -0.00932639 -0.03084398 0.05876794
v -0.00453505 -0.03057826 0.06022287
v -0.01434800 -0.03211933 0.05626250
v -0.02601400 -0.04897993 0.04614781
v -0.02300388 -0.05138244 0.04877340
v 0.00441543 -0.01485150 0.07000085
v 0.00328702 -0.01643108 0.06748983
v 0.01548463 0.02061614 0.03525028
v 0.00780028 -0.01864873 0.05780361
v 0.00731074 0.00469140 0.06294817
v 0.01420647 0.02086954 0.03575277
v 0.01029432 -0.01827977 0.05670132
v 0.00701010 0.01127205 0.05737863
v 0.00850343 0.02014085 0.04459912
v 0.00694783 0.00790729 0.06026372
v 0.01562470 -0.01488876 0.05691848
v 0.01393809 -0.01775063 0.05576602
v 0.00728535 -0.00889566 0.07252263
v 0.00816718 -0.00611047 0.07155062
v 0.00774153 -0.01194143 0.07041678
v 0.00509941 -0.01372881 0.07111675
v 0.01703597 0.02037840 0.03576864
v 0.02792267 0.02154845 0.02992220
v 0.00647805 -0.01089075 0.07241122
v 0.00353378 -0.01294607 0.07305823
v 0.02037278 0.02108472 0.03375575
v 0.01636031 0.02050275 0.03549880
v 0.01190164 -0.01037192 0.06538540
v 0.00727963 0.01918248 0.04891082
v 0.01456892 -0.01201443 0.06107218
v 0.01791816 0.02047626 0.03575729
v 0.01853437 0.02065372 0.03571894
v 0.00783074 0.00105158 0.06598625
v 0.02298212 0.02099368 0.03399555
v 0.00289430 -0.01830934 0.06256801
v 0.01013626 -0.01106011 0.06778160
v 0.00878775 -0.01156252 0.06925794
v 0.00335273 -0.01913668 0.06076050
v 0.01187858 0.02071823 0.03785018
v 0.00705382 0.01693498 0.05249948
v 0.00702828 0.01416612 0.05529312
v 0.00281160 -0.01736185 0.06498435
v 0.00829954 -0.00264572 0.06938805
v 0.00580294 -0.01870099 0.05932291
v 0.00573454 -0.01249297 0.07187209
v 0.02998098 0.03546885 0.04083824
v 0.02984765 0.03310069 0.03957563
v 0.02309753 0.03841451 0.04439817
v 0.00547772 0.03848853 0.04885395
v 0.01075430 0.03856315 0.04792510
v 0.03050665 0.02836031 0.03851980
v 0.03080105 0.02597746 0.03687906
v 0.02957813 0.03097787 0.03832128
v 0.03073873 0.02635843 0.03852719
v 0.03076032 0.02727759 0.03891320
v 0.02961142 0.02996418 0.03797986
v 0.02955355 0.03000116 0.03806276
v 0.02809254 0.03758954 0.04250423
v 0.02996974 0.02932958 0.03796225
v 0.03101999 0.02555032 0.03507712
v 0.03178627 0.02377617 0.03049683
v 0.02215273 0.04863256 0.04711313
v 0.05191270 0.04824837 0.02540893
v 0.05488430 0.04288200 0.02256333
v 0.04844238 0.00659810 0.03020204
v 0.05105770 0.00753960 0.02759230
v 0.01932156 0.04239071 0.04769083
v 0.02703441 0.06823054 0.03830346
v 0.03082092 0.11423510 -0.01057965
v 0.02561248 0.06107888 0.04174889
v 0.03990214 0.05376590 0.03609339
v 0.03093943 0.10951401 -0.00136675
v 0.04716115 0.05231528 0.02986536
v 0.05591969 0.01253560 0.02025502
v 0.00720062 0.05449873 0.04756511
v 0.05747111 0.01830926 0.01741065
v 0.01545402 0.05455000 0.04710716
v 0.02733839 0.12494545 -0.07331911
v 0.01399841 0.03531089 0.04478545
v 0.03860573 0.00720873 0.03580689
v 0.04165821 0.00677987 0.03441725
v 0.03125522 0.12468964 -0.06202868
v 0.05486287 0.01034314 0.02230367
v 0.03009835 0.08602122 0.02751481
v 0.00984739 0.02872491 0.04267948
v 0.01169634 0.03154612 0.04286516
v 0.03054018 0.09254196 0.02101077
v 0.03081676 0.09875106 0.01388323
v 0.03117784 0.11844233 -0.02128409
v 0.02144130 0.01034742 0.03877939
v 0.05700720 0.03667283 0.02005338
v 0.05797856 0.03002954 0.01864210
v 0.03186741 0.12401590 -0.04814014
v 0.03121559 0.00809528 0.03802470
v 0.05794883 0.02407947 0.01760116
v 0.01560801 0.12683378 -0.08139515
v 0.05330140 0.00862909 0.02491976
v 0.03255137 0.05449939 0.04102864
v 0.03507445 0.00759237 0.03709521
v 0.00903511 0.02556120 0.04210591
v 0.01669944 0.01266264 0.03901187
v 0.01326199 0.01570681 0.03938448
v 0.03088722 0.10433720 0.00663758
v 0.01094332 0.01871915 0.04027598
v 0.00925306 0.02208930 0.04150553
v 0.02615174 0.00888643 0.03869370
v 0.02880435 0.07712936 0.03399646
v 0.03141107 0.12175068 -0.03403907
v 0.04508893 0.00656161 0.03246921
v 0.00997028 0.02041182 0.04105097
v 0.01673390 0.03857361 0.04654605
v 0.02419546 0.05455177 0.04496519
v 0.02687036 -0.03925273 0.04882842
v 0.02831535 -0.04128130 0.04753017
v 0.02798923 -0.04692036 0.04587530
v 0.01944325 -0.03443818 0.05365411
v 0.02391396 -0.03699321 0.05080822
v 0.01785057 -0.05331058 0.05271498
v 0.02869572 -0.04316842 0.04663070
v 0.01237106 -0.05452393 0.05590170
v 0.02894290 -0.04502182 0.04600228
v 0.00650955 -0.05505884 0.05769182
v 0.00934177 -0.03085141 0.05918032
v 0.00455027 -0.03054771 0.06054502
v 0.01427723 -0.03217665 0.05662911
v 0.02585184 -0.04903672 0.04668405
v 0.02259969 -0.05138312 0.04899162
v 0.03185448 0.02215593 0.02502069
v -0.03129209 0.02191922 0.02397309
v 0.03009154 0.02139768 0.03788161
v 0.02852535 0.02139810 0.03740639
v 0.02708093 0.02139849 0.03663598
v 0.02586938 0.02139883 0.03563979
v 0.03012343 0.02171578 0.03788141
v 0.02858614 0.02202328 0.03740659
v 0.02716963 0.02230576 0.03663650
v 0.02598250 0.02254295 0.03563860
v 0.03021541 0.02202279 0.03788169
v 0.02876817 0.02262333 0.03740651
v 0.02743385 0.02317777 0.03663594
v 0.02631450 0.02364186 0.03563894
v 0.03036550 0.02230470 0.03788193
v 0.02906330 0.02317717 0.03740737
v 0.02786216 0.02398146 0.03663629
v 0.02685506 0.02465537 0.03563890
v 0.03056875 0.02255148 0.03788136
v 0.02946087 0.02366165 0.03740611
v 0.02843885 0.02468574 0.03663620
v 0.02758178 0.02554450 0.03564010
v 0.03081502 0.02275506 0.03788159
v 0.02994442 0.02405984 0.03740672
v 0.02914182 0.02526342 0.03663579
v 0.02846945 0.02627240 0.03563812
v 0.03109639 0.02290544 0.03788166
v 0.03049719 0.02435555 0.03740605
v 0.02994396 0.02569252 0.03663526
v 0.02948111 0.02681371 0.03563752
v 0.03140284 0.02299854 0.03788140
v 0.03109604 0.02453790 0.03740643
v 0.03081432 0.02595704 0.03663562
v 0.03057771 0.02714634 0.03563721
v 0.03172024 0.02302950 0.03788059
v 0.03171982 0.02459874 0.03740482
v 0.03171958 0.02604575 0.03663392
v 0.03171943 0.02725916 0.03563667
v 0.03203766 0.02299810 0.03788032
v 0.03234374 0.02453710 0.03740479
v 0.03262492 0.02595593 0.03663340
v 0.03286101 0.02714509 0.03563511
v 0.03234398 0.02290470 0.03787966
v 0.03294234 0.02435420 0.03740332
v 0.03349496 0.02569052 0.03663198
v 0.03395767 0.02681142 0.03563449
v 0.03262525 0.02275389 0.03787902
v 0.03349508 0.02405777 0.03740299
v 0.03429703 0.02526059 0.03663124
v 0.03496918 0.02626902 0.03563339
v 0.03287148 0.02255022 0.03787854
v 0.03397845 0.02365930 0.03740169
v 0.03499986 0.02468225 0.03663020
v 0.03585696 0.02554007 0.03563333
v 0.03307450 0.02230318 0.03787765
v 0.03437575 0.02317431 0.03740083
v 0.03557632 0.02397753 0.03662880
v 0.03658317 0.02465051 0.03563061
v 0.03322463 0.02202135 0.03787727
v 0.03467093 0.02262058 0.03739972
v 0.03600459 0.02317368 0.03662748
v 0.03712358 0.02363681 0.03562903
v 0.03331743 0.02171429 0.03787619
v 0.03485284 0.02202048 0.03739875
v 0.03626883 0.02230170 0.03662666
v 0.03745577 0.02253804 0.03562777
v 0.03334865 0.02139646 0.03787635
v 0.03491405 0.02139574 0.03739823
v 0.03635783 0.02139496 0.03662566
v 0.03757004 0.02139418 0.03562863
v 0.03331749 0.02107859 0.03787560
v 0.03485295 0.02077093 0.03739772
v 0.03626903 0.02048829 0.03662550
v 0.03745630 0.02025066 0.03562696
v 0.03322482 0.02077174 0.03787620
v 0.03467137 0.02017120 0.03739814
v 0.03600536 0.01961666 0.03662569
v 0.03712484 0.01915213 0.03562767
v 0.03307479 0.02049000 0.03787591
v 0.03437650 0.01961757 0.03739857
v 0.03557771 0.01881306 0.03662665
v 0.03658539 0.01813876 0.03562908
v 0.03287206 0.02024315 0.03787692
v 0.03397973 0.01913295 0.03739960
v 0.03500198 0.01810864 0.03662813
v 0.03586010 0.01724944 0.03563184
v 0.03262610 0.02003952 0.03787747
v 0.03349685 0.01873455 0.03740099
v 0.03429974 0.01753066 0.03662925
v 0.03497276 0.01652136 0.03563148
v 0.03234502 0.01988897 0.03787824
v 0.03294441 0.01843866 0.03740142
v 0.03349809 0.01710131 0.03663000
v 0.03396178 0.01597960 0.03563257
v 0.03203888 0.01979571 0.03787869
v 0.03234614 0.01825590 0.03740295
v 0.03262842 0.01683630 0.03663158
v 0.03286545 0.01564671 0.03563317
v 0.03172154 0.01976459 0.03787923
v 0.03172231 0.01819493 0.03740300
v 0.03172323 0.01674731 0.03663203
v 0.03172411 0.01553366 0.03563440
v 0.03140426 0.01979574 0.03787975
v 0.03109870 0.01825609 0.03740447
v 0.03081813 0.01683674 0.03663349
v 0.03058244 0.01564743 0.03563479
v 0.03109777 0.01988918 0.03787977
v 0.03049970 0.01843914 0.03740385
v 0.02994764 0.01710219 0.03663306
v 0.02948575 0.01598106 0.03563491
v 0.03081641 0.02003979 0.03788010
v 0.02994690 0.01873524 0.03740505
v 0.02914536 0.01753203 0.03663351
v 0.02847395 0.01652342 0.03563530
v 0.03056992 0.02024359 0.03788015
v 0.02946301 0.01913395 0.03740441
v 0.02844199 0.01811033 0.03663403
v 0.02758615 0.01725224 0.03563691
v 0.03036656 0.02049050 0.03788067
v 0.02906517 0.01961868 0.03740566
v 0.02786468 0.01881498 0.03663443
v 0.02685838 0.01814177 0.03563649
v 0.03172065 0.02139730 0.03804008
v 0.03021610 0.02077251 0.03788088
v 0.02876948 0.02017278 0.03740515
v 0.02743558 0.01961901 0.03663458
v 0.02631661 0.01915555 0.03563757
v 0.03012377 0.02107958 0.03788102
v 0.02858679 0.02077291 0.03740596
v 0.02717035 0.02049112 0.03663601
v 0.02598328 0.02025459 0.03563832
v 0.02468843 0.02139928 0.03478396
v 0.02286322 0.02139988 0.03332939
v 0.02130580 0.02140036 0.03142779
v 0.02014900 0.02140065 0.02925814
v 0.01943806 0.02140086 0.02690258
v 0.01919862 0.02140141 0.02445507
v 0.01919862 0.02140141 0.02445507
v 0.01944027 0.02140012 0.02200411
v 0.02015240 0.02139937 0.01964855
v 0.02131014 0.02139856 0.01747686
v 0.02286844 0.02139769 0.01557433
v 0.02476607 0.02139683 0.01401221
v 0.02693217 0.02139596 0.01285171
v 0.02928138 0.02139512 0.01213797
v 0.02482313 0.02277437 0.03478325
v 0.02303234 0.02313119 0.03333000
v 0.02150468 0.02343685 0.03142873
v 0.02037035 0.02366264 0.02925857
v 0.01967272 0.02380227 0.02690309
v 0.01943840 0.02384918 0.02445373
v 0.01943840 0.02384918 0.02445373
v 0.01967444 0.02380153 0.02200426
v 0.02037382 0.02366122 0.01964870
v 0.02150961 0.02343463 0.01747697
v 0.02303807 0.02312868 0.01557445
v 0.02489977 0.02275753 0.01401229
v 0.02702279 0.02233321 0.01285172
v 0.02932817 0.02187277 0.01213797
v 0.02522321 0.02409616 0.03478331
v 0.02353512 0.02479737 0.03333044
v 0.02209701 0.02539473 0.03142888
v 0.02102878 0.02583811 0.02925772
v 0.02037104 0.02611193 0.02690290
v 0.02014941 0.02620395 0.02445327
v 0.02014941 0.02620395 0.02445327
v 0.02037224 0.02611124 0.02200394
v 0.02103173 0.02583659 0.01964863
v 0.02210166 0.02539224 0.01747696
v 0.02354101 0.02479436 0.01557449
v 0.02529484 0.02406498 0.01401236
v 0.02729599 0.02323426 0.01285182
v 0.02946729 0.02233233 0.01213802
v 0.02587175 0.02531454 0.03478439
v 0.02435343 0.02633159 0.03333072
v 0.02305911 0.02719869 0.03142862
v 0.02209760 0.02784278 0.02925723
v 0.02150569 0.02823891 0.02690252
v 0.02130630 0.02837300 0.02445294
v 0.02130630 0.02837300 0.02445294
v 0.02150711 0.02823811 0.02200371
v 0.02210060 0.02784106 0.01964846
v 0.02306329 0.02719616 0.01747695
v 0.02435841 0.02632846 0.01557445
v 0.02593715 0.02527100 0.01401231
v 0.02773812 0.02406402 0.01285178
v 0.02969233 0.02275574 0.01213798
v 0.02674606 0.02638200 0.03478397
v 0.02545522 0.02767578 0.03332935
v 0.02435392 0.02877962 0.03142804
v 0.02353635 0.02959934 0.02925686
v 0.02303341 0.03010384 0.02690202
v 0.02286388 0.03027404 0.02445277
v 0.02286388 0.03027404 0.02445277
v 0.02303473 0.03010300 0.02200345
v 0.02353903 0.02959763 0.01964840
v 0.02435748 0.02877721 0.01747695
v 0.02545955 0.02767272 0.01557446
v 0.02680198 0.02632737 0.01401229
v 0.02833373 0.02479235 0.01285177
v 0.02999671 0.02312593 0.01213801
v 0.02781194 0.02725739 0.03478286
v 0.02679753 0.02877883 0.03332848
v 0.02593198 0.03007648 0.03142708
v 0.02528956 0.03104067 0.02925629
v 0.02489478 0.03163446 0.02690153
v 0.02476116 0.03183482 0.02445261
v 0.02476116 0.03183482 0.02445261
v 0.02489598 0.03163366 0.02200338
v 0.02529187 0.03103909 0.01964831
v 0.02593521 0.03007418 0.01747690
v 0.02680107 0.02877608 0.01557443
v 0.02785623 0.02719400 0.01401230
v 0.02906058 0.02538916 0.01285174
v 0.03036607 0.02343085 0.01213796
v 0.02902796 0.02790687 0.03478112
v 0.02832887 0.02959787 0.03332708
v 0.02773274 0.03103999 0.03142646
v 0.02729083 0.03211153 0.02925589
v 0.02701779 0.03277165 0.02690168
v 0.02692719 0.03299422 0.02445263
v 0.02692719 0.03299422 0.02445263
v 0.02701841 0.03277103 0.02200329
v 0.02729236 0.03211023 0.01964824
v 0.02773538 0.03103792 0.01747684
v 0.02833197 0.02959539 0.01557439
v 0.02905978 0.02783779 0.01401230
v 0.02988867 0.02583240 0.01285180
v 0.03078867 0.02365648 0.01213801
v 0.03034713 0.02830749 0.03478038
v 0.02999166 0.03010171 0.03332629
v 0.02968683 0.03163315 0.03142566
v 0.02946202 0.03277097 0.02925519
v 0.02932309 0.03347143 0.02690166
v 0.02927644 0.03370710 0.02445296
v 0.02927644 0.03370710 0.02445296
v 0.02932368 0.03347082 0.02200350
v 0.02946339 0.03276976 0.01964824
v 0.02968898 0.03163132 0.01747676
v 0.02999419 0.03009953 0.01557430
v 0.03036440 0.02823369 0.01401221
v 0.03078775 0.02610603 0.01285166
v 0.03124722 0.02379580 0.01213795
v 0.03171949 0.02844227 0.03478027
v 0.03171919 0.03027156 0.03332585
v 0.03171908 0.03183293 0.03142484
v 0.03171915 0.03299288 0.02925473
v 0.03171933 0.03370636 0.02690075
v 0.03172035 0.03394870 0.02445397
v 0.03172035 0.03394870 0.02445397
v 0.03172019 0.03370570 0.02200350
v 0.03172042 0.03299171 0.01964813
v 0.03172087 0.03183128 0.01747660
v 0.03172147 0.03026951 0.01557418
v 0.03172219 0.02836769 0.01401212
v 0.03172302 0.02619800 0.01285162
v 0.03172385 0.02384279 0.01213788
v 0.03309143 0.02830608 0.03477856
v 0.03344672 0.03010024 0.03332520
v 0.03375135 0.03163132 0.03142404
v 0.03397643 0.03276923 0.02925437
v 0.03411606 0.03346956 0.02690061
v 0.03416351 0.03370507 0.02445180
v 0.03416351 0.03370507 0.02445180
v 0.03411656 0.03346901 0.02200296
v 0.03397754 0.03276812 0.01964785
v 0.03375283 0.03162979 0.01747622
v 0.03344887 0.03009828 0.01557402
v 0.03308007 0.02823271 0.01401197
v 0.03265828 0.02610535 0.01285145
v 0.03220054 0.02379544 0.01213779
v 0.03441048 0.02790408 0.03477755
v 0.03510944 0.02959472 0.03332410
v 0.03570559 0.03103637 0.03142343
v 0.03614805 0.03210797 0.02925388
v 0.03642159 0.03276803 0.02690005
v 0.03651398 0.03299043 0.02445087
v 0.03651398 0.03299043 0.02445087
v 0.03642187 0.03276753 0.02200207
v 0.03614881 0.03210695 0.01964723
v 0.03570678 0.03103494 0.01747583
v 0.03511139 0.02959290 0.01557370
v 0.03438498 0.02783586 0.01401185
v 0.03355763 0.02583106 0.01285148
v 0.03265926 0.02365579 0.01213781
v 0.03562686 0.02725333 0.03477769
v 0.03664149 0.02877422 0.03332433
v 0.03750657 0.03007130 0.03142310
v 0.03814943 0.03103530 0.02925277
v 0.03854496 0.03162914 0.02689915
v 0.03867952 0.03182944 0.02445026
v 0.03867952 0.03182944 0.02445026
v 0.03854525 0.03162860 0.02200158
v 0.03815011 0.03103428 0.01964680
v 0.03750757 0.03006987 0.01747557
v 0.03664285 0.02877245 0.01557335
v 0.03558891 0.02719116 0.01401156
v 0.03438592 0.02538721 0.01285124
v 0.03308194 0.02342983 0.01213764
v 0.03669272 0.02637684 0.03477704
v 0.03798376 0.02766988 0.03332310
v 0.03908542 0.02877318 0.03142275
v 0.03990363 0.02959258 0.02925245
v 0.04040748 0.03009696 0.02689849
v 0.04057785 0.03026725 0.02444996
v 0.04057785 0.03026725 0.02444996
v 0.04040766 0.03009645 0.02200118
v 0.03990408 0.02959158 0.01964651
v 0.03908620 0.02877177 0.01747534
v 0.03798515 0.02766807 0.01557318
v 0.03664371 0.02632373 0.01401132
v 0.03511320 0.02478985 0.01285112
v 0.03345158 0.02312464 0.01213765
v 0.03756721 0.02530869 0.03477613
v 0.03908635 0.02632482 0.03332303
v 0.04038098 0.02719125 0.03142195
v 0.04134359 0.02783494 0.02925204
v 0.04193689 0.02823088 0.02689822
v 0.04213708 0.02836506 0.02444989
v 0.04213708 0.02836506 0.02444989
v 0.04193676 0.02823035 0.02200115
v 0.04134377 0.02783392 0.01964641
v 0.04038157 0.02718974 0.01747530
v 0.03908719 0.02632298 0.01557304
v 0.03750935 0.02526672 0.01401123
v 0.03570936 0.02406105 0.01285100
v 0.03375618 0.02275421 0.01213753
v 0.03821551 0.02409003 0.03477372
v 0.03990457 0.02478993 0.03332136
v 0.04134461 0.02538657 0.03142194
v 0.04241511 0.02582954 0.02925261
v 0.04307381 0.02610307 0.02689880
v 0.04329626 0.02619414 0.02445021
v 0.04329626 0.02619414 0.02445021
v 0.04307340 0.02610261 0.02200095
v 0.04241437 0.02582860 0.01964629
v 0.04134464 0.02538512 0.01747514
v 0.03990586 0.02478831 0.01557302
v 0.03815267 0.02406026 0.01401131
v 0.03615219 0.02323102 0.01285112
v 0.03398161 0.02233066 0.01213762
v 0.03861649 0.02276830 0.03477303
v 0.04040991 0.02312378 0.03332162
v 0.04193906 0.02342830 0.03142188
v 0.04307623 0.02365352 0.02925377
v 0.04377465 0.02379286 0.02689921
v 0.04400966 0.02383986 0.02445071
v 0.04400966 0.02383986 0.02445071
v 0.04377372 0.02379243 0.02200139
v 0.04307429 0.02365275 0.01964643
v 0.04193832 0.02342708 0.01747510
v 0.04041020 0.02312231 0.01557301
v 0.03854870 0.02275251 0.01401119
v 0.03642595 0.02232973 0.01285095
v 0.03412101 0.02187099 0.01213751
v 0.03875348 0.02139345 0.03477433
v 0.04058162 0.02139254 0.03332211
v 0.04214188 0.02139177 0.03142261
v 0.04330030 0.02139129 0.02925399
v 0.04401200 0.02139113 0.02689889
v 0.04425279 0.02139176 0.02445205
v 0.04425279 0.02139176 0.02445205
v 0.04400995 0.02139089 0.02200162
v 0.04329745 0.02139075 0.01964639
v 0.04213946 0.02139085 0.01747502
v 0.04058110 0.02139117 0.01557285
v 0.03868347 0.02139170 0.01401096
v 0.03651850 0.02139240 0.01285076
v 0.03416831 0.02139325 0.01213737
v 0.03861762 0.02001890 0.03477258
v 0.04041187 0.01966140 0.03332182
v 0.04194228 0.01935531 0.03142262
v 0.04307881 0.01912923 0.02925393
v 0.04377748 0.01898955 0.02689910
v 0.04401172 0.01894229 0.02445021
v 0.04401172 0.01894229 0.02445021
v 0.04377570 0.01898950 0.02200125
v 0.04307599 0.01912891 0.01964618
v 0.04193991 0.01935477 0.01747479
v 0.04041143 0.01966019 0.01557277
v 0.03854965 0.02003100 0.01401101
v 0.03642661 0.02045517 0.01285081
v 0.03412136 0.02091563 0.01213744
v 0.03821782 0.01869746 0.03477307
v 0.03990816 0.01799564 0.03332151
v 0.04134882 0.01739759 0.03142202
v 0.04241964 0.01695365 0.02925363
v 0.04307834 0.01667955 0.02689866
v 0.04329982 0.01658705 0.02444946
v 0.04329982 0.01658705 0.02444946
v 0.04307737 0.01667943 0.02200054
v 0.04241780 0.01695341 0.01964572
v 0.04134772 0.01739708 0.01747449
v 0.03990831 0.01799450 0.01557249
v 0.03815455 0.01872358 0.01401094
v 0.03615348 0.01955415 0.01285087
v 0.03398228 0.02045609 0.01213749
v 0.03757061 0.01747906 0.03477544
v 0.03909075 0.01646137 0.03332260
v 0.04038608 0.01559374 0.03142158
v 0.04134929 0.01494907 0.02925258
v 0.04194254 0.01455246 0.02689789
v 0.04214242 0.01441784 0.02444915
v 0.04214242 0.01441784 0.02444915
v 0.04194209 0.01455229 0.02200022
v 0.04134864 0.01494869 0.01964547
v 0.04038578 0.01559309 0.01747447
v 0.03909063 0.01646041 0.01557242
v 0.03751209 0.01751757 0.01401070
v 0.03571124 0.01872436 0.01285064
v 0.03375717 0.02003266 0.01213733
v 0.03669674 0.01641157 0.03477594
v 0.03798880 0.01511730 0.03332217
v 0.03909124 0.01401287 0.03142142
v 0.03991009 0.01319255 0.02925189
v 0.04041409 0.01268756 0.02689700
v 0.04058467 0.01251675 0.02444856
v 0.04058467 0.01251675 0.02444856
v 0.04041412 0.01268729 0.02199993
v 0.03991006 0.01319205 0.01964546
v 0.03909147 0.01401203 0.01747432
v 0.03798952 0.01511611 0.01557237
v 0.03664721 0.01646117 0.01401069
v 0.03511560 0.01799604 0.01285063
v 0.03345282 0.01966250 0.01213739
v 0.03563131 0.01553606 0.03477601
v 0.03664690 0.01401413 0.03332229
v 0.03751304 0.01271606 0.03142085
v 0.03815664 0.01175134 0.02925185
v 0.03855250 0.01115709 0.02689726
v 0.03868721 0.01095609 0.02444858
v 0.03868721 0.01095609 0.02444858
v 0.03855269 0.01115676 0.02199996
v 0.03815703 0.01175069 0.01964542
v 0.03751374 0.01271508 0.01747443
v 0.03664801 0.01401277 0.01557233
v 0.03559304 0.01559456 0.01401068
v 0.03438876 0.01739922 0.01285063
v 0.03308341 0.01935754 0.01213732
v 0.03172491 0.02139439 0.01189616
v 0.03441533 0.01488640 0.03477547
v 0.03511554 0.01319500 0.03332190
v 0.03571269 0.01175249 0.03142118
v 0.03615594 0.01068060 0.02925265
v 0.03642989 0.01002011 0.02689791
v 0.03652239 0.00979701 0.02444889
v 0.03652239 0.00979701 0.02444889
v 0.03643007 0.01001974 0.02200016
v 0.03615648 0.01067986 0.01964554
v 0.03571360 0.01175141 0.01747444
v 0.03511715 0.01319350 0.01557249
v 0.03438950 0.01495077 0.01401089
v 0.03356076 0.01695602 0.01285083
v 0.03266087 0.01913195 0.01213746
v 0.03309670 0.01448544 0.03477633
v 0.03345332 0.01269091 0.03332269
v 0.03375893 0.01115928 0.03142156
v 0.03398485 0.01002125 0.02925283
v 0.03412487 0.00932075 0.02689821
v 0.03417240 0.00908470 0.02444961
v 0.03417240 0.00908470 0.02444961
v 0.03412522 0.00932036 0.02200089
v 0.03398564 0.01002045 0.01964599
v 0.03376006 0.01115812 0.01747464
v 0.03345501 0.01268938 0.01557271
v 0.03308487 0.01455485 0.01401093
v 0.03266161 0.01668235 0.01285073
v 0.03220227 0.01899260 0.01213741
v 0.03172507 0.01435043 0.03477779
v 0.03172603 0.01252094 0.03332318
v 0.03172697 0.01095940 0.03142210
v 0.03172779 0.00979931 0.02925303
v 0.03172841 0.00908585 0.02689811
v 0.03172946 0.00884462 0.02445157
v 0.03172946 0.00884462 0.02445157
v 0.03172901 0.00908543 0.02200136
v 0.03172867 0.00979849 0.01964618
v 0.03172822 0.01095819 0.01747490
v 0.03172771 0.01251940 0.01557279
v 0.03172705 0.01442088 0.01401102
v 0.03172639 0.01659141 0.01285094
v 0.03172563 0.01894564 0.01213754
v 0.03035280 0.01448640 0.03477766
v 0.02999854 0.01269216 0.03332345
v 0.02969485 0.01116085 0.03142263
v 0.02947062 0.01002290 0.02925339
v 0.02933207 0.00932255 0.02689898
v 0.02928546 0.00908668 0.02445047
v 0.02928546 0.00908668 0.02445047
v 0.02933244 0.00932214 0.02200122
v 0.02947152 0.01002208 0.01964625
v 0.02969625 0.01115965 0.01747503
v 0.03000032 0.01269063 0.01557292
v 0.03036918 0.01455583 0.01401111
v 0.03079104 0.01668304 0.01285086
v 0.03124893 0.01899295 0.01213748
v 0.02903365 0.01488834 0.03477797
v 0.02833577 0.01319754 0.03332383
v 0.02774071 0.01175560 0.03142314
v 0.02729919 0.01068394 0.02925395
v 0.02702640 0.01002361 0.02689898
v 0.02693579 0.00980075 0.02445015
v 0.02693579 0.00980075 0.02445015
v 0.02702677 0.01002320 0.02200099
v 0.02730010 0.01068311 0.01964624
v 0.02774227 0.01175440 0.01747514
v 0.02833776 0.01319599 0.01557299
v 0.02906427 0.01495270 0.01401123
v 0.02989176 0.01695735 0.01285108
v 0.03079027 0.01913264 0.01213761
v 0.02781765 0.01553903 0.03477934
v 0.02680431 0.01401794 0.03332496
v 0.02593970 0.01272058 0.03142352
v 0.02529760 0.01175633 0.02925405
v 0.02490283 0.01116225 0.02689873
v 0.02476909 0.01096142 0.02445018
v 0.02476909 0.01096142 0.02445018
v 0.02490353 0.01116181 0.02200129
v 0.02529890 0.01175549 0.01964648
v 0.02594146 0.01271939 0.01747534
v 0.02680632 0.01401640 0.01557308
v 0.02786028 0.01559741 0.01401129
v 0.02906340 0.01740118 0.01285103
v 0.03036753 0.01935856 0.01213757
v 0.02675149 0.01641547 0.03478030
v 0.02546179 0.01512229 0.03332559
v 0.02436110 0.01401870 0.03142442
v 0.02354358 0.01319899 0.02925464
v 0.02304048 0.01269428 0.02689932
v 0.02287075 0.01252354 0.02445056
v 0.02287075 0.01252354 0.02445056
v 0.02304126 0.01269382 0.02200157
v 0.02354505 0.01319811 0.01964680
v 0.02436286 0.01401748 0.01747556
v 0.02546411 0.01512072 0.01557335
v 0.02680555 0.01646480 0.01401146
v 0.02833615 0.01799855 0.01285119
v 0.02999795 0.01966379 0.01213769
v 0.02587644 0.01748361 0.03478035
v 0.02435924 0.01646744 0.03332606
v 0.02306540 0.01560071 0.03142441
v 0.02210373 0.01495671 0.02925507
v 0.02151138 0.01456046 0.02689999
v 0.02131180 0.01442586 0.02445118
v 0.02131180 0.01442586 0.02445118
v 0.02151245 0.01455998 0.02200217
v 0.02210545 0.01495582 0.01964715
v 0.02306771 0.01559945 0.01747590
v 0.02436218 0.01646582 0.01557359
v 0.02594000 0.01752183 0.01401162
v 0.02774004 0.01872732 0.01285131
v 0.02969333 0.02003419 0.01213772
v 0.02522657 0.01870220 0.03478051
v 0.02353978 0.01800225 0.03332671
v 0.02210203 0.01740548 0.03142527
v 0.02103319 0.01696236 0.02925643
v 0.02037520 0.01668846 0.02690101
v 0.02015329 0.01659716 0.02445222
v 0.02015329 0.01659716 0.02445222
v 0.02037597 0.01668799 0.02200258
v 0.02103508 0.01696141 0.01964763
v 0.02210464 0.01740419 0.01747611
v 0.02354350 0.01800052 0.01557381
v 0.02529675 0.01872829 0.01401192
v 0.02729730 0.01955738 0.01285151
v 0.02946796 0.02045777 0.01213786
v 0.02482480 0.02002411 0.03478197
v 0.02303467 0.01966855 0.03332834
v 0.02150780 0.01936379 0.03142644
v 0.02037269 0.01913849 0.02925747
v 0.01967517 0.01899915 0.02690209
v 0.01944055 0.01895197 0.02445324
v 0.01944055 0.01895197 0.02445324
v 0.01967624 0.01899863 0.02200357
v 0.02037546 0.01913737 0.01964825
v 0.02151117 0.01936231 0.01747650
v 0.02303931 0.01966656 0.01557415
v 0.02490074 0.02003600 0.01401206
v 0.02702347 0.02045864 0.01285156
v 0.02932852 0.02091742 0.01213788
v -0.03307809 0.02149249 0.03680033
v -0.03464357 0.02149295 0.03632236
v -0.03608698 0.02149331 0.03554893
v -0.03729839 0.02149347 0.03455054
v -0.03304613 0.02181041 0.03680025
v -0.03458279 0.02211778 0.03632275
v -0.03599877 0.02240004 0.03555017
v -0.03718551 0.02263722 0.03455058
v -0.03295445 0.02211737 0.03680109
v -0.03440126 0.02271770 0.03632372
v -0.03573518 0.02327182 0.03555107
v -0.03685412 0.02373574 0.03455190
v -0.03280448 0.02239913 0.03680134
v -0.03410636 0.02327129 0.03632452
v -0.03530736 0.02407534 0.03555216
v -0.03631452 0.02474906 0.03455364
v -0.03260152 0.02264596 0.03680196
v -0.03370929 0.02375590 0.03632517
v -0.03473131 0.02477964 0.03555343
v -0.03558888 0.02563818 0.03455629
v -0.03235540 0.02284948 0.03680236
v -0.03322608 0.02415403 0.03632618
v -0.03402878 0.02535745 0.03555427
v -0.03470152 0.02636637 0.03455622
v -0.03207416 0.02300002 0.03680270
v -0.03267349 0.02445001 0.03632638
v -0.03322694 0.02578677 0.03555485
v -0.03369026 0.02690803 0.03455715
v -0.03176786 0.02309320 0.03680319
v -0.03207491 0.02463246 0.03632753
v -0.03235695 0.02605153 0.03555601
v -0.03259374 0.02724087 0.03455758
v -0.03145044 0.02312435 0.03680338
v -0.03145102 0.02469362 0.03632744
v -0.03145162 0.02614067 0.03555635
v -0.03145208 0.02735416 0.03455893
v -0.03113298 0.02309315 0.03680396
v -0.03082710 0.02463235 0.03632874
v -0.03054617 0.02605138 0.03555784
v -0.03031023 0.02724057 0.03455939
v -0.03082648 0.02299986 0.03680411
v -0.03022818 0.02444960 0.03632835
v -0.02967570 0.02578627 0.03555740
v -0.02921339 0.02690722 0.03455963
v -0.03054505 0.02284930 0.03680398
v -0.02967522 0.02415353 0.03632884
v -0.02887330 0.02535663 0.03555775
v -0.02820137 0.02636526 0.03456006
v -0.03029870 0.02264556 0.03680373
v -0.02919153 0.02375502 0.03632817
v -0.02817001 0.02477848 0.03555791
v -0.02731309 0.02563681 0.03456173
v -0.03009538 0.02239864 0.03680401
v -0.02879378 0.02327026 0.03632891
v -0.02759310 0.02407378 0.03555762
v -0.02658618 0.02474712 0.03456018
v -0.02994520 0.02211664 0.03680370
v -0.02849846 0.02271620 0.03632793
v -0.02716450 0.02326978 0.03555698
v -0.02604537 0.02373320 0.03455969
v -0.02985204 0.02180956 0.03680341
v -0.02831613 0.02211606 0.03632791
v -0.02689987 0.02239764 0.03555731
v -0.02571286 0.02263408 0.03455919
v -0.02982099 0.02149145 0.03680351
v -0.02825495 0.02149085 0.03632778
v -0.02681065 0.02149035 0.03555688
v -0.02559903 0.02148994 0.03456018
v -0.02985192 0.02117335 0.03680329
v -0.02831590 0.02086568 0.03632763
v -0.02689956 0.02058304 0.03555689
v -0.02571241 0.02034576 0.03455876
v -0.02994502 0.02086631 0.03680328
v -0.02849805 0.02026560 0.03632734
v -0.02716391 0.01971100 0.03555615
v -0.02604473 0.01924686 0.03455852
v -0.03009518 0.02058433 0.03680338
v -0.02879327 0.01971165 0.03632794
v -0.02759228 0.01890719 0.03555633
v -0.02658547 0.01823330 0.03455813
v -0.03029831 0.02033752 0.03680309
v -0.02919066 0.01922710 0.03632721
v -0.02816894 0.01820282 0.03555634
v -0.02731238 0.01734416 0.03455886
v -0.03054463 0.02013383 0.03680328
v -0.02967421 0.01882868 0.03632791
v -0.02887181 0.01762489 0.03555615
v -0.02819965 0.01661583 0.03455768
v -0.03082589 0.01998343 0.03680295
v -0.03022683 0.01853295 0.03632693
v -0.02967381 0.01719563 0.03555576
v -0.02921108 0.01607412 0.03455748
v -0.03113232 0.01989017 0.03680293
v -0.03082568 0.01835032 0.03632744
v -0.03054408 0.01693073 0.03555622
v -0.03030754 0.01574122 0.03455741
v -0.03144960 0.01985925 0.03680248
v -0.03144930 0.01828954 0.03632629
v -0.03144917 0.01684192 0.03555498
v -0.03144914 0.01562821 0.03455713
v -0.03176698 0.01989052 0.03680218
v -0.03207316 0.01835092 0.03632621
v -0.03235441 0.01693153 0.03555460
v -0.03259061 0.01574204 0.03455608
v -0.03207320 0.01998406 0.03680165
v -0.03267160 0.01853414 0.03632480
v -0.03322428 0.01719717 0.03555316
v -0.03368715 0.01607567 0.03455553
v -0.03235440 0.02013484 0.03680092
v -0.03322420 0.01883046 0.03632426
v -0.03402620 0.01762713 0.03555235
v -0.03469847 0.01661819 0.03455439
v -0.03260055 0.02033865 0.03680059
v -0.03370746 0.01922922 0.03632318
v -0.03472881 0.01820569 0.03555128
v -0.03558607 0.01734703 0.03455434
v -0.03280354 0.02058566 0.03679987
v -0.03410462 0.01971413 0.03632238
v -0.03530504 0.01891053 0.03554985
v -0.03631189 0.01823701 0.03455152
v -0.03144979 0.02149210 0.03696313
v -0.03295377 0.02086755 0.03680009
v -0.03439997 0.02026802 0.03632221
v -0.03573320 0.01971456 0.03554888
v -0.03685180 0.01925097 0.03454979
v -0.03304572 0.02117456 0.03679968
v -0.03458191 0.02086804 0.03632155
v -0.03599743 0.02058650 0.03554850
v -0.03718410 0.02034980 0.03454920
v -0.03848100 0.02149356 0.03369515
v -0.04030862 0.02149385 0.03224238
v -0.04186987 0.02149404 0.03034368
v -0.04302967 0.02149425 0.02817591
v -0.04374129 0.02149452 0.02582085
v -0.04398107 0.02149512 0.02337363
v -0.04398107 0.02149512 0.02337363
v -0.04373851 0.02149409 0.02092330
v -0.04302609 0.02149343 0.01856805
v -0.04186811 0.02149273 0.01639669
v -0.04030976 0.02149192 0.01449446
v -0.03841212 0.02149113 0.01293256
v -0.03624610 0.02149031 0.01177230
v -0.03389682 0.02148954 0.01105889
v -0.03834590 0.02286830 0.03369506
v -0.04013889 0.02322495 0.03224273
v -0.04166945 0.02353063 0.03034395
v -0.04280724 0.02375649 0.02817586
v -0.04350564 0.02389623 0.02582129
v -0.04374020 0.02394323 0.02337257
v -0.04374020 0.02394323 0.02337257
v -0.04350409 0.02389557 0.02092315
v -0.04280451 0.02375532 0.01856812
v -0.04166839 0.02352884 0.01639675
v -0.04014001 0.02322295 0.01449460
v -0.03827823 0.02285185 0.01293276
v -0.03615514 0.02242759 0.01177249
v -0.03384981 0.02196723 0.01105902
v -0.03794628 0.02418976 0.03369636
v -0.03963578 0.02489090 0.03224373
v -0.04107682 0.02548865 0.03034470
v -0.04214764 0.02593219 0.02817500
v -0.04280630 0.02620602 0.02582097
v -0.04302854 0.02629809 0.02337216
v -0.04302854 0.02629809 0.02337216
v -0.04280546 0.02620533 0.02092282
v -0.04214611 0.02593077 0.01856804
v -0.04107608 0.02548651 0.01639678
v -0.03963678 0.02488868 0.01449465
v -0.03788305 0.02415933 0.01293287
v -0.03588194 0.02332868 0.01177265
v -0.03371069 0.02242682 0.01105912
v -0.03729899 0.02540808 0.03369902
v -0.03881897 0.02642535 0.03224593
v -0.04011429 0.02729269 0.03034502
v -0.04107749 0.02793690 0.02817469
v -0.04167079 0.02833310 0.02582049
v -0.04187075 0.02846724 0.02337188
v -0.04187075 0.02846724 0.02337188
v -0.04167015 0.02833228 0.02092300
v -0.04107679 0.02793536 0.01856818
v -0.04011411 0.02729045 0.01639705
v -0.03881904 0.02642275 0.01449479
v -0.03724052 0.02536537 0.01293287
v -0.03543970 0.02415844 0.01177258
v -0.03348557 0.02285022 0.01105906
v -0.03642522 0.02647564 0.03369999
v -0.03771716 0.02776965 0.03224600
v -0.03881931 0.02887369 0.03034523
v -0.03963830 0.02969357 0.02817461
v -0.04014231 0.03019811 0.02582066
v -0.04031264 0.03036836 0.02337195
v -0.04031264 0.03036836 0.02337195
v -0.04014221 0.03019735 0.02092305
v -0.03963822 0.02969205 0.01856827
v -0.03881976 0.02887163 0.01639706
v -0.03771790 0.02776711 0.01449493
v -0.03637561 0.02642179 0.01293301
v -0.03484401 0.02488682 0.01177268
v -0.03318118 0.02322044 0.01105916
v -0.03535984 0.02735135 0.03370055
v -0.03637539 0.02887301 0.03224698
v -0.03724128 0.03017065 0.03034556
v -0.03788474 0.03113500 0.02817503
v -0.03828042 0.03172890 0.02582118
v -0.03841520 0.03192924 0.02337221
v -0.03841520 0.03192924 0.02337221
v -0.03828061 0.03172822 0.02092339
v -0.03788512 0.03113357 0.01856854
v -0.03724193 0.03016866 0.01639725
v -0.03637633 0.02887062 0.01449496
v -0.03532137 0.02728852 0.01293310
v -0.03411710 0.02548370 0.01177277
v -0.03281175 0.02352539 0.01105915
v -0.03414377 0.02800110 0.03370019
v -0.03484373 0.02969228 0.03224659
v -0.03544080 0.03113440 0.03034579
v -0.03588369 0.03220617 0.02817598
v -0.03615753 0.03286632 0.02582198
v -0.03624916 0.03308873 0.02337275
v -0.03624916 0.03308873 0.02337275
v -0.03615777 0.03286570 0.02092384
v -0.03588433 0.03220485 0.01856891
v -0.03544171 0.03113249 0.01639748
v -0.03484534 0.02968998 0.01449528
v -0.03411775 0.02793238 0.01293339
v -0.03328905 0.02592697 0.01177298
v -0.03238917 0.02375105 0.01105929
v -0.03282483 0.02840213 0.03370100
v -0.03318110 0.03019661 0.03224749
v -0.03348671 0.03172791 0.03034627
v -0.03371227 0.03286591 0.02817640
v -0.03385220 0.03356626 0.02582248
v -0.03389983 0.03380173 0.02337357
v -0.03389983 0.03380173 0.02337357
v -0.03385266 0.03356557 0.02092463
v -0.03371330 0.03286453 0.01856948
v -0.03348802 0.03172600 0.01639784
v -0.03318308 0.03019421 0.01449558
v -0.03281306 0.02832834 0.01293351
v -0.03238985 0.02620066 0.01177298
v -0.03193054 0.02389039 0.01105928
v -0.03145275 0.02853739 0.03370250
v -0.03145355 0.03036674 0.03224806
v -0.03145432 0.03192813 0.03034696
v -0.03145500 0.03308803 0.02817674
v -0.03145549 0.03380145 0.02582263
v -0.03145609 0.03404362 0.02337552
v -0.03145609 0.03404362 0.02337552
v -0.03145631 0.03380060 0.02092511
v -0.03145625 0.03308658 0.01856974
v -0.03145605 0.03192609 0.01639817
v -0.03145572 0.03036426 0.01449574
v -0.03145521 0.02846240 0.01293363
v -0.03145462 0.02629266 0.01177313
v -0.03145385 0.02393741 0.01105937
v -0.03008026 0.02840167 0.03370252
v -0.02972580 0.03019573 0.03224845
v -0.02942170 0.03172705 0.03034778
v -0.02919759 0.03286462 0.02817718
v -0.02905887 0.03356489 0.02582348
v -0.02901231 0.03380044 0.02337466
v -0.02901231 0.03380044 0.02337466
v -0.02905953 0.03356414 0.02092516
v -0.02919900 0.03286310 0.01856987
v -0.02942394 0.03172475 0.01639835
v -0.02972828 0.03019311 0.01449588
v -0.03009730 0.02832747 0.01293374
v -0.03051925 0.02620006 0.01177319
v -0.03097716 0.02389009 0.01105943
v -0.02876075 0.02800019 0.03370317
v -0.02806250 0.02969084 0.03224920
v -0.02746697 0.03113266 0.03034862
v -0.02702573 0.03220376 0.02817792
v -0.02675306 0.03286360 0.02582358
v -0.02666165 0.03308599 0.02337441
v -0.02666165 0.03308599 0.02337441
v -0.02675380 0.03286282 0.02092502
v -0.02702745 0.03220211 0.01856991
v -0.02746989 0.03113003 0.01639844
v -0.02806565 0.02968784 0.01449596
v -0.02879237 0.02793066 0.01293381
v -0.02961996 0.02592580 0.01177330
v -0.03051851 0.02375046 0.01105948
v -0.02754406 0.02735000 0.03370483
v -0.02653025 0.02887096 0.03225072
v -0.02566531 0.03016807 0.03034934
v -0.02502346 0.03113172 0.02817846
v -0.02462921 0.03172507 0.02582354
v -0.02449580 0.03192522 0.02337448
v -0.02449580 0.03192522 0.02337448
v -0.02463061 0.03172399 0.02092512
v -0.02502623 0.03112962 0.01856999
v -0.02566903 0.03016505 0.01639852
v -0.02653415 0.02886749 0.01449601
v -0.02758835 0.02728607 0.01293385
v -0.02879154 0.02548200 0.01177326
v -0.03009574 0.02352454 0.01105945
v -0.02647752 0.02647391 0.03370574
v -0.02518700 0.02776708 0.03225156
v -0.02408587 0.02887033 0.03035048
v -0.02326900 0.02968929 0.02817912
v -0.02276656 0.03019322 0.02582406
v -0.02259735 0.03036315 0.02337466
v -0.02259735 0.03036315 0.02337466
v -0.02276825 0.03019207 0.02092521
v -0.02327240 0.02968694 0.01857007
v -0.02409040 0.02886701 0.01639857
v -0.02519186 0.02776321 0.01449604
v -0.02653348 0.02641872 0.01293384
v -0.02806427 0.02488470 0.01177329
v -0.02972616 0.02321936 0.01105949
v -0.02560247 0.02540592 0.03370604
v -0.02408364 0.02642243 0.03225321
v -0.02278940 0.02728881 0.03035140
v -0.02182869 0.02793192 0.02817964
v -0.02123734 0.02832730 0.02582455
v -0.02103840 0.02846107 0.02337484
v -0.02103840 0.02846107 0.02337484
v -0.02123926 0.02832614 0.02092545
v -0.02183274 0.02792939 0.01857013
v -0.02279513 0.02728506 0.01639857
v -0.02408977 0.02641820 0.01449604
v -0.02566792 0.02536175 0.01293387
v -0.02746816 0.02415594 0.01177329
v -0.02942153 0.02284896 0.01105946
v -0.02495377 0.02418691 0.03370434
v -0.02326517 0.02488727 0.03225202
v -0.02182607 0.02548408 0.03035147
v -0.02075840 0.02592637 0.02817988
v -0.02010117 0.02619947 0.02582481
v -0.01987990 0.02629017 0.02337510
v -0.01987990 0.02629017 0.02337510
v -0.02010283 0.02619848 0.02092564
v -0.02076240 0.02592416 0.01857026
v -0.02183226 0.02548048 0.01639857
v -0.02327137 0.02488350 0.01449605
v -0.02502484 0.02415524 0.01293387
v -0.02702549 0.02332586 0.01177332
v -0.02919621 0.02242539 0.01105949
v -0.02455311 0.02286482 0.03370393
v -0.02276197 0.02322051 0.03225088
v -0.02123312 0.02352541 0.03035061
v -0.02009884 0.02375021 0.02818039
v -0.01940130 0.02388924 0.02582484
v -0.01916718 0.02393585 0.02337543
v -0.01916718 0.02393585 0.02337543
v -0.01940346 0.02388819 0.02092583
v -0.02010307 0.02374827 0.01857027
v -0.02123891 0.02352242 0.01639855
v -0.02276734 0.02321745 0.01449601
v -0.02462890 0.02284752 0.01293382
v -0.02675168 0.02242463 0.01177323
v -0.02905679 0.02196573 0.01105944
v -0.02441763 0.02148964 0.03370440
v -0.02259192 0.02148900 0.03225015
v -0.02103368 0.02148843 0.03034912
v -0.01987631 0.02148789 0.02817975
v -0.01916534 0.02148752 0.02582417
v -0.01892548 0.02148769 0.02337646
v -0.01892548 0.02148769 0.02337646
v -0.01916781 0.02148652 0.02092562
v -0.01988019 0.02148622 0.01857010
v -0.02103814 0.02148615 0.01639839
v -0.02259658 0.02148630 0.01449587
v -0.02449431 0.02148671 0.01293370
v -0.02665946 0.02148728 0.01177321
v -0.02900968 0.02148803 0.01105944
v -0.02455336 0.02011446 0.03370254
v -0.02276227 0.01975769 0.03224925
v -0.02123465 0.01945177 0.03034782
v -0.02009889 0.01922574 0.02817898
v -0.01940115 0.01908580 0.02582360
v -0.01916639 0.01903839 0.02337473
v -0.01916639 0.01903839 0.02337473
v -0.01940228 0.01908515 0.02092507
v -0.02010180 0.01922434 0.01856980
v -0.02123790 0.01944999 0.01639803
v -0.02276633 0.01975528 0.01449571
v -0.02462810 0.02012595 0.01293358
v -0.02675114 0.02055003 0.01177306
v -0.02905652 0.02101036 0.01105934
v -0.02495403 0.01879269 0.03370168
v -0.02326632 0.01809157 0.03224800
v -0.02182776 0.01749370 0.03034684
v -0.02075826 0.01704990 0.02817799
v -0.02009996 0.01677548 0.02582259
v -0.01987785 0.01668301 0.02337378
v -0.01987785 0.01668301 0.02337378
v -0.02010076 0.01677495 0.02092415
v -0.02076012 0.01704878 0.01856919
v -0.02183020 0.01749222 0.01639764
v -0.02326948 0.01808956 0.01449538
v -0.02502326 0.01881849 0.01293341
v -0.02702440 0.01964894 0.01177301
v -0.02919567 0.02055079 0.01105932
v -0.02560278 0.01757441 0.03370194
v -0.02408461 0.01655717 0.03224772
v -0.02279001 0.01568951 0.03034615
v -0.02182774 0.01504486 0.02817676
v -0.02123495 0.01464822 0.02582162
v -0.02103521 0.01451344 0.02337281
v -0.02103521 0.01451344 0.02337281
v -0.02123594 0.01464767 0.02092376
v -0.02182926 0.01504389 0.01856870
v -0.02279206 0.01568813 0.01639733
v -0.02408707 0.01655542 0.01449508
v -0.02566572 0.01761245 0.01293313
v -0.02746662 0.01881916 0.01177281
v -0.02942077 0.02012736 0.01105918
v -0.02647696 0.01650679 0.03370215
v -0.02518622 0.01521269 0.03224745
v -0.02408463 0.01410835 0.03034622
v -0.02326648 0.01328806 0.02817641
v -0.02276294 0.01278299 0.02582102
v -0.02259304 0.01261212 0.02337223
v -0.02259304 0.01261212 0.02337223
v -0.02276365 0.01278251 0.02092322
v -0.02326786 0.01328710 0.01856846
v -0.02408632 0.01410699 0.01639713
v -0.02518822 0.01521103 0.01449486
v -0.02653064 0.01655599 0.01293292
v -0.02806230 0.01809078 0.01177267
v -0.02972516 0.01975716 0.01105916
v -0.02754253 0.01563102 0.03370145
v -0.02652803 0.01410921 0.03224697
v -0.02566247 0.01281127 0.03034542
v -0.02501959 0.01184656 0.02817590
v -0.02462433 0.01125218 0.02582053
v -0.02449037 0.01105126 0.02337191
v -0.02449037 0.01105126 0.02337191
v -0.02462496 0.01125171 0.02092295
v -0.02502076 0.01184566 0.01856812
v -0.02566401 0.01280998 0.01639695
v -0.02652981 0.01410758 0.01449471
v -0.02758491 0.01568929 0.01293285
v -0.02878919 0.01749389 0.01177255
v -0.03009458 0.01945218 0.01105905
v -0.03145317 0.02148895 0.01081760
v -0.02875816 0.01498110 0.03370032
v -0.02805901 0.01328981 0.03224602
v -0.02746283 0.01184748 0.03034514
v -0.02702043 0.01077548 0.02817587
v -0.02674708 0.01011495 0.02582076
v -0.02665525 0.00989199 0.02337188
v -0.02665525 0.00989199 0.02337188
v -0.02674742 0.01011452 0.02092267
v -0.02702126 0.01077461 0.01856790
v -0.02746421 0.01184621 0.01639676
v -0.02806073 0.01328820 0.01449460
v -0.02878845 0.01504541 0.01293279
v -0.02961725 0.01705063 0.01177259
v -0.03051716 0.01922654 0.01105909
v -0.03007704 0.01458005 0.03370010
v -0.02972144 0.01278554 0.03224578
v -0.02941659 0.01125402 0.03034474
v -0.02919144 0.01011587 0.02817540
v -0.02905219 0.00941541 0.02582078
v -0.02900529 0.00917949 0.02337216
v -0.02900529 0.00917949 0.02337216
v -0.02905252 0.00941500 0.02092287
v -0.02919222 0.01011504 0.01856790
v -0.02941780 0.01125278 0.01639664
v -0.02972296 0.01278396 0.01449452
v -0.03009311 0.01464943 0.01293268
v -0.03051637 0.01677693 0.01177240
v -0.03097575 0.01908717 0.01105898
v -0.03144918 0.01444496 0.03370030
v -0.03144884 0.01261546 0.03224559
v -0.03144860 0.01105392 0.03034433
v -0.03144849 0.00989381 0.02817510
v -0.03144845 0.00918033 0.02582003
v -0.03144873 0.00893903 0.02337313
v -0.03144873 0.00893903 0.02337313
v -0.03144894 0.00917991 0.02092300
v -0.03144924 0.00989299 0.01856783
v -0.03144968 0.01105273 0.01639655
v -0.03145026 0.01261392 0.01449440
v -0.03145091 0.01451542 0.01293257
v -0.03145164 0.01668595 0.01177246
v -0.03145241 0.01904019 0.01105902
v -0.03282100 0.01458088 0.03369910
v -0.03317627 0.01278659 0.03224520
v -0.03348077 0.01125516 0.03034393
v -0.03370572 0.01011728 0.02817494
v -0.03384507 0.00941687 0.02582013
v -0.03389242 0.00918085 0.02337141
v -0.03389242 0.00918085 0.02337141
v -0.03384537 0.00941649 0.02092258
v -0.03370638 0.01011649 0.01856764
v -0.03348169 0.01125403 0.01639630
v -0.03317767 0.01278508 0.01449431
v -0.03280881 0.01465031 0.01293251
v -0.03238697 0.01677753 0.01177227
v -0.03192911 0.01908747 0.01105890
v -0.03413992 0.01498274 0.03369831
v -0.03483892 0.01329179 0.03224451
v -0.03543501 0.01184970 0.03034368
v -0.03587732 0.01077813 0.02817482
v -0.03615070 0.01011784 0.02581988
v -0.03624208 0.00989482 0.02337078
v -0.03624208 0.00989482 0.02337078
v -0.03615085 0.01011746 0.02092193
v -0.03587775 0.01077742 0.01856724
v -0.03543570 0.01184868 0.01639610
v -0.03484021 0.01329036 0.01449412
v -0.03411372 0.01504714 0.01293247
v -0.03328627 0.01705182 0.01177236
v -0.03238778 0.01922714 0.01105896
v -0.03535626 0.01563327 0.03369866
v -0.03637095 0.01411196 0.03224503
v -0.03723603 0.01281453 0.03034359
v -0.03787888 0.01185025 0.02817411
v -0.03827422 0.01125629 0.02581931
v -0.03840875 0.01105541 0.02337050
v -0.03840875 0.01105541 0.02337050
v -0.03827433 0.01125597 0.02092173
v -0.03787913 0.01184966 0.01856709
v -0.03723655 0.01281360 0.01639605
v -0.03637169 0.01411069 0.01449398
v -0.03531769 0.01569175 0.01293231
v -0.03411461 0.01749559 0.01177218
v -0.03281051 0.01945303 0.01105882
v -0.03642205 0.01650967 0.03369816
v -0.03771335 0.01521609 0.03224429
v -0.03881488 0.01411243 0.03034351
v -0.03963334 0.01329267 0.02817401
v -0.04013699 0.01278808 0.02581917
v -0.04030711 0.01261742 0.02337048
v -0.04030711 0.01261742 0.02337048
v -0.04013681 0.01278784 0.02092165
v -0.03963317 0.01329224 0.01856709
v -0.03881518 0.01411164 0.01639591
v -0.03771403 0.01521498 0.01449386
v -0.03637252 0.01655911 0.01293219
v -0.03484189 0.01809294 0.01177217
v -0.03318012 0.01975825 0.01105888
v -0.03729638 0.01757791 0.03369734
v -0.03881600 0.01656105 0.03224450
v -0.04011096 0.01569416 0.03034368
v -0.04107377 0.01505021 0.02817456
v -0.04166675 0.01465408 0.02581964
v -0.04186621 0.01451958 0.02337066
v -0.04186621 0.01451958 0.02337066
v -0.04166606 0.01465392 0.02092187
v -0.04107292 0.01504990 0.01856710
v -0.04011055 0.01569360 0.01639599
v -0.03881610 0.01656006 0.01449391
v -0.03723814 0.01761612 0.01293224
v -0.03543804 0.01882168 0.01177217
v -0.03348474 0.02012862 0.01105883
v -0.03794401 0.01879705 0.03369447
v -0.03963360 0.01809632 0.03224245
v -0.04107469 0.01749884 0.03034375
v -0.04214537 0.01705569 0.02817538
v -0.04280388 0.01678200 0.02582042
v -0.04302518 0.01669066 0.02337112
v -0.04302518 0.01669066 0.02337112
v -0.04280277 0.01678189 0.02092221
v -0.04214342 0.01705541 0.01856738
v -0.04107361 0.01749829 0.01639615
v -0.03963470 0.01809474 0.01449414
v -0.03788137 0.01882260 0.01293250
v -0.03588078 0.01965178 0.01177240
v -0.03371011 0.02055222 0.01105897
v -0.03834438 0.02011892 0.03369356
v -0.04013770 0.01976264 0.03224203
v -0.04166884 0.01945727 0.03034372
v -0.04280627 0.01923188 0.02817570
v -0.04350451 0.01909264 0.02582087
v -0.04373857 0.01904544 0.02337189
v -0.04373857 0.01904544 0.02337189
v -0.04350259 0.01909249 0.02092291
v -0.04280308 0.01923140 0.01856784
v -0.04166717 0.01945642 0.01639642
v -0.04013892 0.01976079 0.01449436
v -0.03827737 0.02013031 0.01293258
v -0.03615456 0.02055300 0.01177235
v -0.03384952 0.02101186 0.01105893
v 0.02660082 -0.04971526 0.03566924
v 0.02657435 -0.04872573 0.03559047
v 0.02651324 -0.04759588 0.03555815
v 0.02636206 -0.04610122 0.03564660
v 0.02610870 -0.04488173 0.03583875
v 0.02577360 -0.04388237 0.03611387
v 0.02526949 -0.04314701 0.03650851
v 0.02459965 -0.04248201 0.03700611
v 0.02287428 -0.04195750 0.03813612
v 0.02086852 -0.04152152 0.03937483
v 0.01842215 -0.04122467 0.04078434
v 0.01582704 -0.04110600 0.04194443
v 0.01315756 -0.04107643 0.04297983
v 0.00997226 -0.04113188 0.04354463
v 0.00653798 -0.04119996 0.04399562
v 0.00233846 -0.04129467 0.04414519
v -0.00190068 -0.04124579 0.04409404
v -0.00617943 -0.04105332 0.04384220
v -0.00965636 -0.04098100 0.04330866
v -0.01287626 -0.04094261 0.04266964
v -0.01562077 -0.04089760 0.04160535
v -0.01828212 -0.04096962 0.04043014
v -0.02077714 -0.04127568 0.03903305
v -0.02281846 -0.04171903 0.03778870
v -0.02457106 -0.04224977 0.03664155
v -0.02525303 -0.04291805 0.03613240
v -0.02576734 -0.04365132 0.03572597
v -0.02611247 -0.04462357 0.03543448
v -0.02636041 -0.04581118 0.03522070
v -0.02648684 -0.04726800 0.03510405
v -0.02654140 -0.04836883 0.03512755
v -0.02656833 -0.04933275 0.03520494
v 0.02660082 -0.04971526 0.03433591
v 0.02646177 -0.04879088 0.03426139
v 0.02629039 -0.04773553 0.03423022
v 0.02603495 -0.04633969 0.03431178
v 0.02568414 -0.04520068 0.03449012
v 0.02525704 -0.04426711 0.03474590
v 0.02467220 -0.04357995 0.03511324
v 0.02393266 -0.04295847 0.03557667
v 0.02220798 -0.04246810 0.03663034
v 0.02022159 -0.04206037 0.03778547
v 0.01782397 -0.04178248 0.03910001
v 0.01528753 -0.04167090 0.04018177
v 0.01268167 -0.04164248 0.04114714
v 0.00959438 -0.04169342 0.04167329
v 0.00627471 -0.04175613 0.04209322
v 0.00224081 -0.04184370 0.04223181
v -0.00183006 -0.04179726 0.04218308
v -0.00593789 -0.04161680 0.04194702
v -0.00929738 -0.04154848 0.04144806
v -0.01241696 -0.04151183 0.04085064
v -0.01509284 -0.04146900 0.03985631
v -0.01769111 -0.04153538 0.03875844
v -0.02013414 -0.04182022 0.03745349
v -0.02215371 -0.04223320 0.03629110
v -0.02390381 -0.04272773 0.03521943
v -0.02465466 -0.04335063 0.03474322
v -0.02524903 -0.04403420 0.03436290
v -0.02568549 -0.04494080 0.03408983
v -0.02603124 -0.04604843 0.03388931
v -0.02626358 -0.04740730 0.03377945
v -0.02642886 -0.04843392 0.03380037
v -0.02656833 -0.04933275 0.03387160
v 0.02660082 -0.04971527 0.03300257
v 0.02634919 -0.04885602 0.03293231
v 0.02606755 -0.04787518 0.03290230
v 0.02570784 -0.04657816 0.03297696
v 0.02525958 -0.04551962 0.03314149
v 0.02474047 -0.04465187 0.03337793
v 0.02407490 -0.04401290 0.03371796
v 0.02326568 -0.04343493 0.03414722
v 0.02154167 -0.04297871 0.03512456
v 0.01957466 -0.04259922 0.03619611
v 0.01722579 -0.04234029 0.03741569
v 0.01474801 -0.04223581 0.03841911
v 0.01220578 -0.04220853 0.03931445
v 0.00921651 -0.04225495 0.03980195
v 0.00601144 -0.04231230 0.04019081
v 0.00214317 -0.04239273 0.04031844
v -0.00175943 -0.04234874 0.04027212
v -0.00569636 -0.04218028 0.04005186
v -0.00893839 -0.04211596 0.03958746
v -0.01195765 -0.04208104 0.03903164
v -0.01456491 -0.04204039 0.03810726
v -0.01710010 -0.04210115 0.03708675
v -0.01949114 -0.04236476 0.03587394
v -0.02148896 -0.04274736 0.03479351
v -0.02323657 -0.04320569 0.03379732
v -0.02405630 -0.04378321 0.03335405
v -0.02473072 -0.04441707 0.03299982
v -0.02525852 -0.04525804 0.03274519
v -0.02570208 -0.04628566 0.03255792
v -0.02604033 -0.04754659 0.03245483
v -0.02631631 -0.04849900 0.03247320
v -0.02656833 -0.04933275 0.03253827
v 0.02660082 -0.04971526 0.03166924
v 0.02623661 -0.04892117 0.03160322
v 0.02584470 -0.04801482 0.03157437
v 0.02538073 -0.04681663 0.03164214
v 0.02483502 -0.04583856 0.03179286
v 0.02422391 -0.04503661 0.03200996
v 0.02347760 -0.04444585 0.03232268
v 0.02259870 -0.04391139 0.03271777
v 0.02087537 -0.04348931 0.03361878
v 0.01892774 -0.04313806 0.03460675
v 0.01662761 -0.04289811 0.03573136
v 0.01420850 -0.04280071 0.03665644
v 0.01172989 -0.04277458 0.03748176
v 0.00883863 -0.04281648 0.03793061
v 0.00574817 -0.04286847 0.03828841
v 0.00204553 -0.04294177 0.03840507
v -0.00168881 -0.04290020 0.03836115
v -0.00545483 -0.04274376 0.03815668
v -0.00857941 -0.04268343 0.03772686
v -0.01149835 -0.04265025 0.03721264
v -0.01403699 -0.04261178 0.03635822
v -0.01650909 -0.04266692 0.03541505
v -0.01884813 -0.04290930 0.03429439
v -0.02082422 -0.04326152 0.03329591
v -0.02256932 -0.04368364 0.03237520
v -0.02345793 -0.04421579 0.03196488
v -0.02421240 -0.04479995 0.03163674
v -0.02483154 -0.04557528 0.03140055
v -0.02537291 -0.04652290 0.03122653
v -0.02581708 -0.04768589 0.03113022
v -0.02620376 -0.04856408 0.03114602
v -0.02656833 -0.04933275 0.03120494
v 0.02660082 -0.04971526 0.03033591
v 0.02612404 -0.04898632 0.03027415
v 0.02562185 -0.04815447 0.03024645
v 0.02505362 -0.04705510 0.03030732
v 0.02441046 -0.04615751 0.03044424
v 0.02370735 -0.04542136 0.03064200
v 0.02288030 -0.04487880 0.03092741
v 0.02193171 -0.04438785 0.03128833
v 0.02020907 -0.04399991 0.03211300
v 0.01828081 -0.04367691 0.03301739
v 0.01602943 -0.04345592 0.03404704
v 0.01366899 -0.04336561 0.03489378
v 0.01125400 -0.04334063 0.03564907
v 0.00846075 -0.04337801 0.03605927
v 0.00548491 -0.04342464 0.03638601
v 0.00194789 -0.04349080 0.03649169
v -0.00161819 -0.04345167 0.03645020
v -0.00521330 -0.04330724 0.03626151
v -0.00822042 -0.04325091 0.03586626
v -0.01103905 -0.04321947 0.03539365
v -0.01350906 -0.04318317 0.03460918
v -0.01591809 -0.04323269 0.03374336
v -0.01820514 -0.04345384 0.03271484
v -0.02015947 -0.04377569 0.03179831
v -0.02190208 -0.04416160 0.03095308
v -0.02285956 -0.04464838 0.03057570
v -0.02369409 -0.04518282 0.03027367
v -0.02440456 -0.04589251 0.03005591
v -0.02504375 -0.04676014 0.02989515
v -0.02559383 -0.04782519 0.02980561
v -0.02609122 -0.04862917 0.02981885
v -0.02656833 -0.04933275 0.02987160
v 0.02660082 -0.04971526 0.02900257
v 0.02601146 -0.04905146 0.02894507
v 0.02539901 -0.04829412 0.02891852
v 0.02472651 -0.04729356 0.02897250
v 0.02398589 -0.04647645 0.02909561
v 0.02319078 -0.04580610 0.02927403
v 0.02228300 -0.04531175 0.02953213
v 0.02126472 -0.04486430 0.02985887
v 0.01954277 -0.04451052 0.03060722
v 0.01763388 -0.04421575 0.03142803
v 0.01543126 -0.04401373 0.03236271
v 0.01312947 -0.04393051 0.03313112
v 0.01077811 -0.04390668 0.03381639
v 0.00808287 -0.04393954 0.03418793
v 0.00522164 -0.04398081 0.03448360
v 0.00185024 -0.04403983 0.03457832
v -0.00154756 -0.04400314 0.03453923
v -0.00497177 -0.04387071 0.03436634
v -0.00786144 -0.04381838 0.03400566
v -0.01057975 -0.04378868 0.03357464
v -0.01298113 -0.04375456 0.03286013
v -0.01532708 -0.04379846 0.03207166
v -0.01756213 -0.04399838 0.03113528
v -0.01949472 -0.04428984 0.03030072
v -0.02123483 -0.04463955 0.02953096
v -0.02226119 -0.04508096 0.02918653
v -0.02317578 -0.04556569 0.02891059
v -0.02397758 -0.04620975 0.02871127
v -0.02471458 -0.04699738 0.02856375
v -0.02537058 -0.04796448 0.02848100
v -0.02597867 -0.04869425 0.02849167
v -0.02656833 -0.04933275 0.02853827
v 0.02660082 -0.04971526 0.02766924
v 0.02589888 -0.04911661 0.02761599
v 0.02517616 -0.04843377 0.02759060
v 0.02439940 -0.04753203 0.02763768
v 0.02356133 -0.04679540 0.02774698
v 0.02267422 -0.04619085 0.02790606
v 0.02168570 -0.04574470 0.02813686
v 0.02059774 -0.04534076 0.02842943
v 0.01887647 -0.04502112 0.02910144
v 0.01698696 -0.04475460 0.02983867
v 0.01483308 -0.04457155 0.03067839
v 0.01258996 -0.04449541 0.03136845
v 0.01030222 -0.04447274 0.03198370
v 0.00770499 -0.04450107 0.03231659
v 0.00495837 -0.04453698 0.03258120
v 0.00175260 -0.04458887 0.03266494
v -0.00147694 -0.04455461 0.03262826
v -0.00473024 -0.04443420 0.03247117
v -0.00750246 -0.04438587 0.03214505
v -0.01012045 -0.04435790 0.03175565
v -0.01245320 -0.04432596 0.03111109
v -0.01473607 -0.04436423 0.03039997
v -0.01691913 -0.04454293 0.02955572
v -0.01882998 -0.04480401 0.02880312
v -0.02056759 -0.04511751 0.02810884
v -0.02166283 -0.04551354 0.02779736
v -0.02265747 -0.04594857 0.02754751
v -0.02355060 -0.04652698 0.02736662
v -0.02438542 -0.04723462 0.02723237
v -0.02514733 -0.04810377 0.02715639
v -0.02586612 -0.04875934 0.02716449
v -0.02656833 -0.04933275 0.02720493
v 0.02660082 -0.04971526 0.02633591
v 0.02578630 -0.04918175 0.02628691
v 0.02495332 -0.04857341 0.02626268
v 0.02407229 -0.04777050 0.02630286
v 0.02313677 -0.04711435 0.02639835
v 0.02215765 -0.04657560 0.02653809
v 0.02108840 -0.04617764 0.02674158
v 0.01993076 -0.04581722 0.02699998
v 0.01821017 -0.04553172 0.02759566
v 0.01634003 -0.04529344 0.02824931
v 0.01423490 -0.04512936 0.02899406
v 0.01205045 -0.04506031 0.02960579
v 0.00982633 -0.04503879 0.03015101
v 0.00732711 -0.04506261 0.03044525
v 0.00469510 -0.04509315 0.03067879
v 0.00165496 -0.04513790 0.03075157
v -0.00140631 -0.04510608 0.03071730
v -0.00448871 -0.04499767 0.03057599
v -0.00714347 -0.04495334 0.03028446
v -0.00966114 -0.04492711 0.02993665
v -0.01192528 -0.04489735 0.02936204
v -0.01414506 -0.04493000 0.02872827
v -0.01627613 -0.04508747 0.02797617
v -0.01816523 -0.04531816 0.02730552
v -0.01990035 -0.04559547 0.02668673
v -0.02106446 -0.04594613 0.02640818
v -0.02213916 -0.04633145 0.02618444
v -0.02312362 -0.04684422 0.02602198
v -0.02405625 -0.04747186 0.02590098
v -0.02492407 -0.04824307 0.02583178
v -0.02575357 -0.04882442 0.02583732
v -0.02656833 -0.04933275 0.02587160
v 0.02660082 -0.04971526 0.02500258
v 0.02567373 -0.04924690 0.02495783
v 0.02473047 -0.04871306 0.02493475
v 0.02374518 -0.04800897 0.02496804
v 0.02271221 -0.04743329 0.02504973
v 0.02164109 -0.04696034 0.02517013
v 0.02049110 -0.04661059 0.02534631
v 0.01926377 -0.04629368 0.02557053
v 0.01754386 -0.04604233 0.02608988
v 0.01569310 -0.04583229 0.02665996
v 0.01363672 -0.04568718 0.02730974
v 0.01151093 -0.04562522 0.02784313
v 0.00935044 -0.04560484 0.02831833
v 0.00694923 -0.04562414 0.02857391
v 0.00443183 -0.04564932 0.02877639
v 0.00155731 -0.04568694 0.02883820
v -0.00133569 -0.04565755 0.02880634
v -0.00424718 -0.04556115 0.02868082
v -0.00678449 -0.04552082 0.02842386
v -0.00920184 -0.04549632 0.02811765
v -0.01139735 -0.04546874 0.02761300
v -0.01355405 -0.04549576 0.02705658
v -0.01563313 -0.04563201 0.02639662
v -0.01750049 -0.04583233 0.02580793
v -0.01923310 -0.04607343 0.02526461
v -0.02046610 -0.04637871 0.02501901
v -0.02162085 -0.04671432 0.02482136
v -0.02269665 -0.04716146 0.02467734
v -0.02372709 -0.04770910 0.02456959
v -0.02470082 -0.04838236 0.02450717
v -0.02564103 -0.04888950 0.02451014
v -0.02656833 -0.04933275 0.02453827
v 0.02660082 -0.04971526 0.02366924
v 0.02556115 -0.04931205 0.02362875
v 0.02450763 -0.04885270 0.02360683
v 0.02341807 -0.04824743 0.02363322
v 0.02228765 -0.04775224 0.02370110
v 0.02112453 -0.04734509 0.02380216
v 0.01989381 -0.04704354 0.02395103
v 0.01859679 -0.04677014 0.02414108
v 0.01687756 -0.04655293 0.02458410
v 0.01504618 -0.04637114 0.02507060
v 0.01303855 -0.04624499 0.02562542
v 0.01097142 -0.04619012 0.02608047
v 0.00887455 -0.04617089 0.02648564
v 0.00657135 -0.04618567 0.02670257
v 0.00416856 -0.04620549 0.02687398
v 0.00145967 -0.04623597 0.02692482
v -0.00126507 -0.04620902 0.02689538
v -0.00400564 -0.04612463 0.02678565
v -0.00642550 -0.04608830 0.02656325
v -0.00874254 -0.04606554 0.02629866
v -0.01086942 -0.04604013 0.02586395
v -0.01296304 -0.04606153 0.02538488
v -0.01499013 -0.04617655 0.02481706
v -0.01683574 -0.04634649 0.02431034
v -0.01856586 -0.04655138 0.02384249
v -0.01986773 -0.04681129 0.02362984
v -0.02110253 -0.04709720 0.02345828
v -0.02226967 -0.04747869 0.02333270
v -0.02339792 -0.04794633 0.02323820
v -0.02447757 -0.04852166 0.02318256
v -0.02552848 -0.04895459 0.02318297
v -0.02656833 -0.04933275 0.02320494
v 0.02660082 -0.04971526 0.02233591
v 0.02544857 -0.04937719 0.02229967
v 0.02428478 -0.04899235 0.02227891
v 0.02309096 -0.04848590 0.02229841
v 0.02186309 -0.04807118 0.02235247
v 0.02060797 -0.04772983 0.02243419
v 0.01929651 -0.04747649 0.02255576
v 0.01792980 -0.04724660 0.02271164
v 0.01621126 -0.04706353 0.02307832
v 0.01439925 -0.04690998 0.02348124
v 0.01244037 -0.04680280 0.02394109
v 0.01043191 -0.04675502 0.02431780
v 0.00839866 -0.04673694 0.02465295
v 0.00619347 -0.04674720 0.02483123
v 0.00390529 -0.04676166 0.02497158
v 0.00136203 -0.04678500 0.02501145
v -0.00119444 -0.04676048 0.02498442
v -0.00376411 -0.04668811 0.02489048
v -0.00606652 -0.04665577 0.02470265
v -0.00828324 -0.04663475 0.02447966
v -0.01034150 -0.04661152 0.02411491
v -0.01237203 -0.04662730 0.02371319
v -0.01434713 -0.04672109 0.02323751
v -0.01617099 -0.04686065 0.02281274
v -0.01789862 -0.04702934 0.02242037
v -0.01926936 -0.04724388 0.02224067
v -0.02058422 -0.04748007 0.02209521
v -0.02184269 -0.04779593 0.02198806
v -0.02306876 -0.04818358 0.02190681
v -0.02425432 -0.04866095 0.02185795
v -0.02541593 -0.04901967 0.02185579
v -0.02656833 -0.04933275 0.02187160
v 0.02660082 -0.04971526 0.02100257
v 0.02533599 -0.04944234 0.02097059
v 0.02406193 -0.04913200 0.02095098
v 0.02276385 -0.04872437 0.02096359
v 0.02143853 -0.04839012 0.02100384
v 0.02009140 -0.04811458 0.02106622
v 0.01869921 -0.04790944 0.02116048
v 0.01726282 -0.04772305 0.02128219
v 0.01554495 -0.04757414 0.02157254
v 0.01375232 -0.04744883 0.02189188
v 0.01184219 -0.04736062 0.02225676
v 0.00989239 -0.04731992 0.02255514
v 0.00792277 -0.04730299 0.02282026
v 0.00581559 -0.04730873 0.02295989
v 0.00364202 -0.04731783 0.02306917
v 0.00126438 -0.04733404 0.02309807
v -0.00112382 -0.04731195 0.02307345
v -0.00352258 -0.04725159 0.02299531
v -0.00570753 -0.04722325 0.02284205
v -0.00782394 -0.04720397 0.02266066
v -0.00981357 -0.04718291 0.02236586
v -0.01178103 -0.04719307 0.02204149
v -0.01370413 -0.04726564 0.02165795
v -0.01550625 -0.04737481 0.02131514
v -0.01723137 -0.04750730 0.02099825
v -0.01867099 -0.04767646 0.02085149
v -0.02006591 -0.04786295 0.02073213
v -0.02141571 -0.04811316 0.02064341
v -0.02273959 -0.04842081 0.02057542
v -0.02403107 -0.04880025 0.02053333
v -0.02530339 -0.04908476 0.02052861
v -0.02656833 -0.04933275 0.02053827
v 0.02660082 -0.04971526 0.01966924
v 0.02522342 -0.04950749 0.01964151
v 0.02383909 -0.04927164 0.01962306
v 0.02243675 -0.04896284 0.01962877
v 0.02101397 -0.04870907 0.01965521
v 0.01957484 -0.04849933 0.01969825
v 0.01810191 -0.04834238 0.01976520
v 0.01659583 -0.04819951 0.01985274
v 0.01487865 -0.04808474 0.02006676
v 0.01310540 -0.04798767 0.02030252
v 0.01124401 -0.04791843 0.02057244
v 0.00935288 -0.04788482 0.02079248
v 0.00744688 -0.04786904 0.02098757
v 0.00543772 -0.04787026 0.02108855
v 0.00337875 -0.04787401 0.02116677
v 0.00116674 -0.04788307 0.02118470
v -0.00105320 -0.04786343 0.02116249
v -0.00328105 -0.04781506 0.02110014
v -0.00534855 -0.04779073 0.02098145
v -0.00736463 -0.04777318 0.02084166
v -0.00928564 -0.04775430 0.02061682
v -0.01119002 -0.04775884 0.02036980
v -0.01306113 -0.04781018 0.02007840
v -0.01484150 -0.04788898 0.01981755
v -0.01656413 -0.04798526 0.01957613
v -0.01807263 -0.04810904 0.01946232
v -0.01954760 -0.04824582 0.01936905
v -0.02098873 -0.04843040 0.01929877
v -0.02241043 -0.04865805 0.01924403
v -0.02380782 -0.04893954 0.01920872
v -0.02519084 -0.04914984 0.01920144
v -0.02656833 -0.04933275 0.01920494
v 0.02660082 -0.04971526 0.01833591
v 0.02511084 -0.04957263 0.01831242
v 0.02361624 -0.04941129 0.01829514
v 0.02210964 -0.04920131 0.01829395
v 0.02058941 -0.04902802 0.01830659
v 0.01905828 -0.04888408 0.01833029
v 0.01750461 -0.04877533 0.01836993
v 0.01592885 -0.04867597 0.01842329
v 0.01421235 -0.04859534 0.01856098
v 0.01245847 -0.04852652 0.01871316
v 0.01064583 -0.04847625 0.01888811
v 0.00881337 -0.04844973 0.01902981
v 0.00697099 -0.04843509 0.01915488
v 0.00505984 -0.04843180 0.01921721
v 0.00311548 -0.04843017 0.01926436
v 0.00106910 -0.04843211 0.01927133
v -0.00098257 -0.04841490 0.01925153
v -0.00303952 -0.04837854 0.01920497
v -0.00498956 -0.04835821 0.01912085
v -0.00690533 -0.04834240 0.01902266
v -0.00875771 -0.04832570 0.01886778
v -0.01059901 -0.04832461 0.01869810
v -0.01241813 -0.04835472 0.01849884
v -0.01417675 -0.04840314 0.01831995
v -0.01589688 -0.04846321 0.01815402
v -0.01747426 -0.04854162 0.01807315
v -0.01902929 -0.04862870 0.01800598
v -0.02056175 -0.04874764 0.01795413
v -0.02208126 -0.04889529 0.01791264
v -0.02358456 -0.04907884 0.01788411
v -0.02507829 -0.04921493 0.01787426
v -0.02656833 -0.04933275 0.01787160
v 0.02660082 -0.04971526 0.01700258
v 0.02499826 -0.04963778 0.01698335
v 0.02339340 -0.04955094 0.01696721
v 0.02178252 -0.04943977 0.01695913
v 0.02016484 -0.04934696 0.01695796
v 0.01854171 -0.04926882 0.01696232
v 0.01690731 -0.04920828 0.01697465
v 0.01526186 -0.04915243 0.01699384
v 0.01354605 -0.04910595 0.01705520
v 0.01181154 -0.04906537 0.01712380
v 0.01004766 -0.04903406 0.01720379
v 0.00827386 -0.04901463 0.01726715
v 0.00649510 -0.04900114 0.01732220
v 0.00468196 -0.04899333 0.01734587
v 0.00285221 -0.04898635 0.01736196
v 0.00097145 -0.04898114 0.01735795
v -0.00091195 -0.04896637 0.01734056
v -0.00279799 -0.04894202 0.01730979
v -0.00463058 -0.04892568 0.01726025
v -0.00644603 -0.04891161 0.01720367
v -0.00822979 -0.04889709 0.01711873
v -0.01000800 -0.04889038 0.01702641
v -0.01177513 -0.04889926 0.01691929
v -0.01351201 -0.04891730 0.01682235
v -0.01522964 -0.04894117 0.01673190
v -0.01687589 -0.04897420 0.01668398
v -0.01851097 -0.04901157 0.01664290
v -0.02013478 -0.04906487 0.01660949
v -0.02175210 -0.04913253 0.01658126
v -0.02336131 -0.04921813 0.01655950
v -0.02496574 -0.04928001 0.01654709
v -0.02656833 -0.04933275 0.01653827
v 0.02660082 -0.04971526 0.01566924
v 0.02488568 -0.04970292 0.01565426
v 0.02317055 -0.04969059 0.01563929
v 0.02145541 -0.04967824 0.01562431
v 0.01974028 -0.04966591 0.01560933
v 0.01802515 -0.04965357 0.01559435
v 0.01631001 -0.04964123 0.01557938
v 0.01459488 -0.04962889 0.01556440
v 0.01287975 -0.04961655 0.01554942
v 0.01116461 -0.04960421 0.01553444
v 0.00944948 -0.04959187 0.01551947
v 0.00773434 -0.04957953 0.01550449
v 0.00601921 -0.04956719 0.01548951
v 0.00430408 -0.04955486 0.01547453
v 0.00258894 -0.04954252 0.01545956
v 0.00087381 -0.04953017 0.01544458
v -0.00084132 -0.04951784 0.01542960
v -0.00255646 -0.04950550 0.01541462
v -0.00427159 -0.04949316 0.01539965
v -0.00598673 -0.04948082 0.01538467
v -0.00770186 -0.04946848 0.01536969
v -0.00941699 -0.04945615 0.01535471
v -0.01113213 -0.04944380 0.01533973
v -0.01284726 -0.04943146 0.01532476
v -0.01456240 -0.04941913 0.01530978
v -0.01627753 -0.04940679 0.01529480
v -0.01799266 -0.04939445 0.01527982
v -0.01970780 -0.04938211 0.01526485
v -0.02142293 -0.04936977 0.01524987
v -0.02313806 -0.04935743 0.01523489
v -0.02485320 -0.04934509 0.01521991
v -0.02656833 -0.04933275 0.01520494
v 0.02660082 -0.04971526 0.01700258
v 0.02497661 -0.04979284 0.01700410
v 0.02335240 -0.04987042 0.01700562
v 0.02168496 -0.04993084 0.01702354
v 0.02000572 -0.04998658 0.01704594
v 0.01828629 -0.05002055 0.01709132
v 0.01653671 -0.05003821 0.01715394
v 0.01478237 -0.05005271 0.01720787
v 0.01301947 -0.05006152 0.01724615
v 0.01125870 -0.05006757 0.01728455
v 0.00951069 -0.05005699 0.01732369
v 0.00776268 -0.05004640 0.01736282
v 0.00604957 -0.05004289 0.01737179
v 0.00433915 -0.05003993 0.01737845
v 0.00261001 -0.05002753 0.01737510
v 0.00087337 -0.05001137 0.01736775
v -0.00085977 -0.04999580 0.01735179
v -0.00258940 -0.04998080 0.01732722
v -0.00431359 -0.04996327 0.01729870
v -0.00602420 -0.04993943 0.01726034
v -0.00773743 -0.04991620 0.01721985
v -0.00948479 -0.04990100 0.01715168
v -0.01123215 -0.04988579 0.01708351
v -0.01299340 -0.04985436 0.01701560
v -0.01475696 -0.04982023 0.01694774
v -0.01651049 -0.04978446 0.01686467
v -0.01825847 -0.04974778 0.01677316
v -0.01997671 -0.04969160 0.01669839
v -0.02165531 -0.04960945 0.01664593
v -0.02332203 -0.04952436 0.01659829
v -0.02494518 -0.04942855 0.01656828
v -0.02656833 -0.04933275 0.01653827
v 0.02660082 -0.04971527 0.01833591
v 0.02506754 -0.04988276 0.01835393
v 0.02353426 -0.05005027 0.01837196
v 0.02191450 -0.05018344 0.01842278
v 0.02027116 -0.05030725 0.01848255
v 0.01854743 -0.05038754 0.01858829
v 0.01676340 -0.05043519 0.01872850
v 0.01496986 -0.05047652 0.01885134
v 0.01315920 -0.05050649 0.01894288
v 0.01135278 -0.05053092 0.01903467
v 0.00957190 -0.05052210 0.01912791
v 0.00779102 -0.05051328 0.01922116
v 0.00607994 -0.05051859 0.01925408
v 0.00437423 -0.05052500 0.01928236
v 0.00263107 -0.05051256 0.01929064
v 0.00087292 -0.05049258 0.01929093
v -0.00087821 -0.05047376 0.01927398
v -0.00262234 -0.05045609 0.01923981
v -0.00435560 -0.05043338 0.01919776
v -0.00606167 -0.05039804 0.01913601
v -0.00777299 -0.05036393 0.01907001
v -0.00955258 -0.05034586 0.01894864
v -0.01133218 -0.05032777 0.01882728
v -0.01313954 -0.05027725 0.01870644
v -0.01495152 -0.05022134 0.01858569
v -0.01674346 -0.05016213 0.01843454
v -0.01852427 -0.05010110 0.01826649
v -0.02024562 -0.05000110 0.01813193
v -0.02188769 -0.04984911 0.01804199
v -0.02350600 -0.04969128 0.01796168
v -0.02503717 -0.04951202 0.01791664
v -0.02656833 -0.04933275 0.01787160
v 0.02660082 -0.04971526 0.01966924
v 0.02515846 -0.04997268 0.01970377
v 0.02371611 -0.05023010 0.01973829
v 0.02214404 -0.05043603 0.01982201
v 0.02053659 -0.05062792 0.01991916
v 0.01880857 -0.05075452 0.02008525
v 0.01699010 -0.05083217 0.02030307
v 0.01515736 -0.05090034 0.02049481
v 0.01329892 -0.05095146 0.02063961
v 0.01144687 -0.05099427 0.02078478
v 0.00963311 -0.05098721 0.02093213
v 0.00781935 -0.05098015 0.02107949
v 0.00611030 -0.05099429 0.02113636
v 0.00440931 -0.05101007 0.02118628
v 0.00265213 -0.05099758 0.02120619
v 0.00087248 -0.05097377 0.02121410
v -0.00089666 -0.05095172 0.02119617
v -0.00265528 -0.05093139 0.02115240
v -0.00439760 -0.05090348 0.02109681
v -0.00609914 -0.05085665 0.02101168
v -0.00780856 -0.05081166 0.02092016
v -0.00962038 -0.05079070 0.02074561
v -0.01143221 -0.05076975 0.02057105
v -0.01328568 -0.05070015 0.02039728
v -0.01514608 -0.05062244 0.02022365
v -0.01697643 -0.05053981 0.02000441
v -0.01879007 -0.05045443 0.01975983
v -0.02051453 -0.05031059 0.01956546
v -0.02212007 -0.05008878 0.01943806
v -0.02368996 -0.04985821 0.01932508
v -0.02512915 -0.04959548 0.01926501
v -0.02656833 -0.04933275 0.01920494
v 0.02660082 -0.04971526 0.02100258
v 0.02524939 -0.05006260 0.02105360
v 0.02389797 -0.05040994 0.02110462
v 0.02237358 -0.05068863 0.02122125
v 0.02080203 -0.05094859 0.02135576
v 0.01906971 -0.05112151 0.02158222
v 0.01721679 -0.05122915 0.02187763
v 0.01534485 -0.05132415 0.02213828
v 0.01343865 -0.05139643 0.02233634
v 0.01154095 -0.05145762 0.02253489
v 0.00969432 -0.05145233 0.02273635
v 0.00784769 -0.05144702 0.02293782
v 0.00614067 -0.05146999 0.02301865
v 0.00444438 -0.05149514 0.02309019
v 0.00267319 -0.05148260 0.02312173
v 0.00087204 -0.05145498 0.02313728
v -0.00091510 -0.05142967 0.02311836
v -0.00268822 -0.05140669 0.02306499
v -0.00443960 -0.05137360 0.02299587
v -0.00613661 -0.05131526 0.02288735
v -0.00784412 -0.05125938 0.02277032
v -0.00968818 -0.05123556 0.02254257
v -0.01153224 -0.05121174 0.02231482
v -0.01343182 -0.05112305 0.02208813
v -0.01534065 -0.05102355 0.02186161
v -0.01720940 -0.05091748 0.02157428
v -0.01905588 -0.05080776 0.02125316
v -0.02078345 -0.05062008 0.02099901
v -0.02235246 -0.05032846 0.02083412
v -0.02387393 -0.05002514 0.02068847
v -0.02522113 -0.04967894 0.02061337
v -0.02656833 -0.04933275 0.02053827
v 0.02660082 -0.04971526 0.02233591
v 0.02534032 -0.05015252 0.02240343
v 0.02407982 -0.05058978 0.02247096
v 0.02260312 -0.05094122 0.02262048
v 0.02106747 -0.05126926 0.02279237
v 0.01933084 -0.05148850 0.02307919
v 0.01744349 -0.05162612 0.02345219
v 0.01553234 -0.05174797 0.02378174
v 0.01357837 -0.05184140 0.02403307
v 0.01163504 -0.05192098 0.02428500
v 0.00975553 -0.05191744 0.02454057
v 0.00787602 -0.05191389 0.02479616
v 0.00617103 -0.05194569 0.02490093
v 0.00447946 -0.05198021 0.02499411
v 0.00269425 -0.05196761 0.02503728
v 0.00087159 -0.05193618 0.02506045
v -0.00093355 -0.05190763 0.02504055
v -0.00272117 -0.05188198 0.02497759
v -0.00448160 -0.05184370 0.02489492
v -0.00617408 -0.05177386 0.02476302
v -0.00787969 -0.05170711 0.02462048
v -0.00975597 -0.05168041 0.02433953
v -0.01163226 -0.05165372 0.02405859
v -0.01357795 -0.05154594 0.02377897
v -0.01553521 -0.05142466 0.02349957
v -0.01744236 -0.05129515 0.02314415
v -0.01932168 -0.05116108 0.02274650
v -0.02105236 -0.05092956 0.02243254
v -0.02258484 -0.05056812 0.02223018
v -0.02405790 -0.05019206 0.02205187
v -0.02531311 -0.04976241 0.02196173
v -0.02656833 -0.04933275 0.02187160
v 0.02660082 -0.04971526 0.02366924
v 0.02543125 -0.05024244 0.02375327
v 0.02426167 -0.05076962 0.02383729
v 0.02283267 -0.05119382 0.02401972
v 0.02133291 -0.05158994 0.02422898
v 0.01959198 -0.05185548 0.02457615
v 0.01767018 -0.05202311 0.02502676
v 0.01571983 -0.05217179 0.02542521
v 0.01371810 -0.05228637 0.02572979
v 0.01172912 -0.05238433 0.02603511
v 0.00981674 -0.05238255 0.02634480
v 0.00790436 -0.05238076 0.02665449
v 0.00620139 -0.05242139 0.02678322
v 0.00451453 -0.05246528 0.02689802
v 0.00271531 -0.05245264 0.02695282
v 0.00087115 -0.05241738 0.02698363
v -0.00095199 -0.05238559 0.02696274
v -0.00275411 -0.05235728 0.02689018
v -0.00452360 -0.05231381 0.02679398
v -0.00621155 -0.05223247 0.02663870
v -0.00791525 -0.05215483 0.02647063
v -0.00982377 -0.05212527 0.02613650
v -0.01173229 -0.05209570 0.02580236
v -0.01372409 -0.05196884 0.02546981
v -0.01572977 -0.05182576 0.02513752
v -0.01767533 -0.05167282 0.02471402
v -0.01958749 -0.05151441 0.02423983
v -0.02132127 -0.05123906 0.02386608
v -0.02281722 -0.05080780 0.02362624
v -0.02424186 -0.05035899 0.02341526
v -0.02540510 -0.04984587 0.02331010
v -0.02656833 -0.04933275 0.02320494
v 0.02660082 -0.04971526 0.02500258
v 0.02552217 -0.05033236 0.02510310
v 0.02444353 -0.05094946 0.02520363
v 0.02306221 -0.05144642 0.02541895
v 0.02159835 -0.05191061 0.02566558
v 0.01985312 -0.05222247 0.02607312
v 0.01789688 -0.05242009 0.02660132
v 0.01590732 -0.05259560 0.02706868
v 0.01385782 -0.05273134 0.02742652
v 0.01182321 -0.05284768 0.02778522
v 0.00987795 -0.05284766 0.02814902
v 0.00793270 -0.05284764 0.02851282
v 0.00623176 -0.05289709 0.02866550
v 0.00454961 -0.05295035 0.02880194
v 0.00273638 -0.05293766 0.02886837
v 0.00087071 -0.05289858 0.02890680
v -0.00097044 -0.05286355 0.02888493
v -0.00278705 -0.05283257 0.02880277
v -0.00456561 -0.05278392 0.02869304
v -0.00624902 -0.05269108 0.02851437
v -0.00795082 -0.05260256 0.02832079
v -0.00989157 -0.05257012 0.02793346
v -0.01183232 -0.05253768 0.02754613
v -0.01387023 -0.05239173 0.02716065
v -0.01592433 -0.05222687 0.02677548
v -0.01790830 -0.05205050 0.02628389
v -0.01985329 -0.05186774 0.02573317
v -0.02159018 -0.05154855 0.02529962
v -0.02304960 -0.05104747 0.02502231
v -0.02442583 -0.05052591 0.02477866
v -0.02549708 -0.04992934 0.02465846
v -0.02656833 -0.04933275 0.02453827
v 0.02660082 -0.04971526 0.02633591
v 0.02561310 -0.05042228 0.02645294
v 0.02462538 -0.05112930 0.02656996
v 0.02329175 -0.05169901 0.02681819
v 0.02186378 -0.05223128 0.02710219
v 0.02011426 -0.05258945 0.02757008
v 0.01812357 -0.05281706 0.02817589
v 0.01609481 -0.05301942 0.02871215
v 0.01399754 -0.05317631 0.02912325
v 0.01191729 -0.05331104 0.02953533
v 0.00993916 -0.05331278 0.02995324
v 0.00796103 -0.05331451 0.03037116
v 0.00626212 -0.05337279 0.03054778
v 0.00458469 -0.05343542 0.03070585
v 0.00275744 -0.05342267 0.03078391
v 0.00087026 -0.05337978 0.03082997
v -0.00098888 -0.05334152 0.03080712
v -0.00281999 -0.05330787 0.03071536
v -0.00460761 -0.05325403 0.03059209
v -0.00628649 -0.05314969 0.03039004
v -0.00798638 -0.05305028 0.03017095
v -0.00995936 -0.05301498 0.02973042
v -0.01193235 -0.05297967 0.02928990
v -0.01401637 -0.05281463 0.02885149
v -0.01611890 -0.05262797 0.02841344
v -0.01814127 -0.05242817 0.02785375
v -0.02011910 -0.05222107 0.02722650
v -0.02185910 -0.05185805 0.02673316
v -0.02328198 -0.05128714 0.02641837
v -0.02460980 -0.05069284 0.02614205
v -0.02558907 -0.05001280 0.02600683
v -0.02656833 -0.04933275 0.02587160
v 0.02660082 -0.04971526 0.02766924
v 0.02570403 -0.05051220 0.02780277
v 0.02480724 -0.05130914 0.02793629
v 0.02352129 -0.05195161 0.02821742
v 0.02212922 -0.05255195 0.02853880
v 0.02037540 -0.05295644 0.02906705
v 0.01835027 -0.05321404 0.02975045
v 0.01628231 -0.05344323 0.03035562
v 0.01413727 -0.05362128 0.03081998
v 0.01201138 -0.05377439 0.03128543
v 0.01000037 -0.05377789 0.03175746
v 0.00798937 -0.05378138 0.03222949
v 0.00629248 -0.05384849 0.03243007
v 0.00461976 -0.05392049 0.03260976
v 0.00277850 -0.05390770 0.03269945
v 0.00086982 -0.05386098 0.03275315
v -0.00100733 -0.05381947 0.03272931
v -0.00285293 -0.05378317 0.03262796
v -0.00464961 -0.05372414 0.03249115
v -0.00632396 -0.05360830 0.03226571
v -0.00802195 -0.05349801 0.03202111
v -0.01002716 -0.05345983 0.03152739
v -0.01203237 -0.05342165 0.03103367
v -0.01416251 -0.05323752 0.03054233
v -0.01631346 -0.05302908 0.03005139
v -0.01837423 -0.05280584 0.02942362
v -0.02038490 -0.05257439 0.02871984
v -0.02212801 -0.05216753 0.02816670
v -0.02351436 -0.05152681 0.02781443
v -0.02479377 -0.05085977 0.02750545
v -0.02568105 -0.05009626 0.02735519
v -0.02656833 -0.04933275 0.02720493
v 0.02660082 -0.04971526 0.02900257
v 0.02579495 -0.05060212 0.02915260
v 0.02498909 -0.05148897 0.02930263
v 0.02375084 -0.05220420 0.02961666
v 0.02239466 -0.05287262 0.02997541
v 0.02063654 -0.05332343 0.03056402
v 0.01857696 -0.05361103 0.03132501
v 0.01646980 -0.05386705 0.03199909
v 0.01427699 -0.05406625 0.03251671
v 0.01210546 -0.05423775 0.03303555
v 0.01006158 -0.05424300 0.03356168
v 0.00801771 -0.05424825 0.03408783
v 0.00632285 -0.05432419 0.03431235
v 0.00465484 -0.05440556 0.03451368
v 0.00279956 -0.05439272 0.03461500
v 0.00086938 -0.05434218 0.03467632
v -0.00102577 -0.05429743 0.03465150
v -0.00288587 -0.05425847 0.03454055
v -0.00469161 -0.05419424 0.03439020
v -0.00636143 -0.05406690 0.03414138
v -0.00805751 -0.05394574 0.03387126
v -0.01009495 -0.05390468 0.03332435
v -0.01213240 -0.05386363 0.03277744
v -0.01430864 -0.05366042 0.03223317
v -0.01650802 -0.05343018 0.03168935
v -0.01860720 -0.05318351 0.03099349
v -0.02065071 -0.05292772 0.03021317
v -0.02239692 -0.05247702 0.02960024
v -0.02374674 -0.05176648 0.02921049
v -0.02497773 -0.05102669 0.02886884
v -0.02577303 -0.05017973 0.02870356
v -0.02656833 -0.04933275 0.02853827
v 0.02660082 -0.04971526 0.03033591
v 0.02588588 -0.05069204 0.03050244
v 0.02517094 -0.05166882 0.03066896
v 0.02398038 -0.05245680 0.03101589
v 0.02266010 -0.05319330 0.03141202
v 0.02089768 -0.05369041 0.03206098
v 0.01880365 -0.05400800 0.03289958
v 0.01665729 -0.05429086 0.03364256
v 0.01441672 -0.05451122 0.03421344
v 0.01219955 -0.05470110 0.03478566
v 0.01012279 -0.05470812 0.03536591
v 0.00804604 -0.05471513 0.03594616
v 0.00635321 -0.05479989 0.03619464
v 0.00468991 -0.05489064 0.03641759
v 0.00282062 -0.05487774 0.03653055
v 0.00086893 -0.05482339 0.03659950
v -0.00104421 -0.05477539 0.03657370
v -0.00291882 -0.05473376 0.03645314
v -0.00473362 -0.05466435 0.03628926
v -0.00639890 -0.05452552 0.03601705
v -0.00809308 -0.05439346 0.03572142
v -0.01016275 -0.05434953 0.03512132
v -0.01223243 -0.05430561 0.03452121
v -0.01445478 -0.05408332 0.03392402
v -0.01670259 -0.05383129 0.03332731
v -0.01884017 -0.05356119 0.03256336
v -0.02091651 -0.05328105 0.03170651
v -0.02266584 -0.05278652 0.03103378
v -0.02397912 -0.05200615 0.03060655
v -0.02516170 -0.05119362 0.03023224
v -0.02586502 -0.05026319 0.03005192
v -0.02656833 -0.04933275 0.02987160
v 0.02660082 -0.04971526 0.03166924
v 0.02597681 -0.05078195 0.03185227
v 0.02535280 -0.05184865 0.03203530
v 0.02420992 -0.05270939 0.03241513
v 0.02292554 -0.05351397 0.03284863
v 0.02115882 -0.05405740 0.03355795
v 0.01903035 -0.05440498 0.03447414
v 0.01684478 -0.05471468 0.03528603
v 0.01455644 -0.05495619 0.03591017
v 0.01229363 -0.05516446 0.03653577
v 0.01018401 -0.05517323 0.03717013
v 0.00807438 -0.05518200 0.03780450
v 0.00638358 -0.05527559 0.03807692
v 0.00472499 -0.05537571 0.03832151
v 0.00284168 -0.05536276 0.03844609
v 0.00086849 -0.05530459 0.03852267
v -0.00106266 -0.05525336 0.03849589
v -0.00295176 -0.05520906 0.03836573
v -0.00477562 -0.05513446 0.03818831
v -0.00643638 -0.05498412 0.03789272
v -0.00812865 -0.05484119 0.03757158
v -0.01023055 -0.05479439 0.03691828
v -0.01233245 -0.05474760 0.03626499
v -0.01460092 -0.05450621 0.03561486
v -0.01689715 -0.05423240 0.03496526
v -0.01907314 -0.05393886 0.03413323
v -0.02118232 -0.05363437 0.03319984
v -0.02293475 -0.05309601 0.03246732
v -0.02421150 -0.05224582 0.03200262
v -0.02534567 -0.05136055 0.03159563
v -0.02595700 -0.05034665 0.03140029
v -0.02656833 -0.04933275 0.03120494
v 0.02660082 -0.04971526 0.03300257
v 0.02606773 -0.05087188 0.03320210
v 0.02553465 -0.05202849 0.03340163
v 0.02443947 -0.05296199 0.03381436
v 0.02319097 -0.05383464 0.03428523
v 0.02141996 -0.05442439 0.03505492
v 0.01925704 -0.05480196 0.03604871
v 0.01703227 -0.05513850 0.03692950
v 0.01469617 -0.05540116 0.03760689
v 0.01238772 -0.05562781 0.03828588
v 0.01024522 -0.05563834 0.03897435
v 0.00810271 -0.05564887 0.03966283
v 0.00641394 -0.05575129 0.03995920
v 0.00476007 -0.05586077 0.04022542
v 0.00286275 -0.05584778 0.04036164
v 0.00086804 -0.05578579 0.04044585
v -0.00108110 -0.05573131 0.04041808
v -0.00298470 -0.05568435 0.04027833
v -0.00481762 -0.05560457 0.04008737
v -0.00647385 -0.05544274 0.03976839
v -0.00816421 -0.05528891 0.03942174
v -0.01029834 -0.05523925 0.03871525
v -0.01243248 -0.05518958 0.03800875
v -0.01474706 -0.05492911 0.03730570
v -0.01709171 -0.05463350 0.03660322
v -0.01930610 -0.05431654 0.03570310
v -0.02144812 -0.05398770 0.03469318
v -0.02320366 -0.05340550 0.03390086
v -0.02444389 -0.05248549 0.03339868
v -0.02552964 -0.05152747 0.03295903
v -0.02604898 -0.05043011 0.03274865
v -0.02656833 -0.04933275 0.03253827
v 0.02660082 -0.04971526 0.03433591
v 0.02615866 -0.05096179 0.03455194
v 0.02571651 -0.05220833 0.03476797
v 0.02466901 -0.05321459 0.03521360
v 0.02345641 -0.05415531 0.03572184
v 0.02168109 -0.05479137 0.03655188
v 0.01948374 -0.05519894 0.03762327
v 0.01721977 -0.05556231 0.03857297
v 0.01483589 -0.05584614 0.03930363
v 0.01248180 -0.05609116 0.04003599
v 0.01030643 -0.05610345 0.04077857
v 0.00813105 -0.05611574 0.04152117
v 0.00644430 -0.05622699 0.04184149
v 0.00479514 -0.05634585 0.04212934
v 0.00288381 -0.05633280 0.04227718
v 0.00086760 -0.05626699 0.04236902
v -0.00109955 -0.05620927 0.04234027
v -0.00301764 -0.05615965 0.04219092
v -0.00485962 -0.05607468 0.04198642
v -0.00651132 -0.05590134 0.04164406
v -0.00819978 -0.05573664 0.04127189
v -0.01036614 -0.05568410 0.04051221
v -0.01253251 -0.05563156 0.03975252
v -0.01489320 -0.05535200 0.03899654
v -0.01728627 -0.05503461 0.03824118
v -0.01953907 -0.05469421 0.03727297
v -0.02171393 -0.05434103 0.03618651
v -0.02347257 -0.05371499 0.03533440
v -0.02467627 -0.05272516 0.03479474
v -0.02571360 -0.05169440 0.03432242
v -0.02614097 -0.05051358 0.03409701
v -0.02656833 -0.04933275 0.03387160
v 0.02660082 -0.04971526 0.03566924
v 0.02624959 -0.05105171 0.03590177
v 0.02589836 -0.05238817 0.03613430
v 0.02489855 -0.05346718 0.03661283
v 0.02372185 -0.05447598 0.03715845
v 0.02194223 -0.05515836 0.03804885
v 0.01971043 -0.05559592 0.03919783
v 0.01740726 -0.05598613 0.04021644
v 0.01497562 -0.05629110 0.04100036
v 0.01257589 -0.05655451 0.04178610
v 0.01036764 -0.05656857 0.04258280
v 0.00815939 -0.05658261 0.04337950
v 0.00647467 -0.05670269 0.04372377
v 0.00483022 -0.05683092 0.04403325
v 0.00290487 -0.05681782 0.04419272
v 0.00086716 -0.05674819 0.04429220
v -0.00111799 -0.05668723 0.04426246
v -0.00305058 -0.05663495 0.04410351
v -0.00490162 -0.05654479 0.04388548
v -0.00654879 -0.05635995 0.04351974
v -0.00823534 -0.05618436 0.04312205
v -0.01043394 -0.05612895 0.04230917
v -0.01263253 -0.05607355 0.04149630
v -0.01503934 -0.05577490 0.04068739
v -0.01748084 -0.05543571 0.03987914
v -0.01977204 -0.05507188 0.03884284
v -0.02197973 -0.05469435 0.03767985
v -0.02374149 -0.05402448 0.03676794
v -0.02490865 -0.05296483 0.03619080
v -0.02589757 -0.05186133 0.03568582
v -0.02623295 -0.05059704 0.03544538
v -0.02656833 -0.04933275 0.03520494
v 0.02287428 -0.04195750 0.03813612
v 0.02086852 -0.04152152 0.03937483
v 0.01842215 -0.04122467 0.04078434
v 0.01582704 -0.04110600 0.04194443
v 0.01315756 -0.04107643 0.04297983
v 0.00997226 -0.04113188 0.04354463
v 0.00653798 -0.04119996 0.04399562
v 0.00233846 -0.04129467 0.04414519
v -0.00190068 -0.04124579 0.04409404
v -0.00617943 -0.04105332 0.04384220
v -0.00965636 -0.04098100 0.04330866
v -0.01287626 -0.04094261 0.04266964
v -0.01562077 -0.04089760 0.04160535
v -0.01828212 -0.04096962 0.04043014
v -0.02077714 -0.04127568 0.03903305
v -0.02281846 -0.04171903 0.03778870
v 0.02287428 -0.04388768 0.03813612
v 0.02086852 -0.04345170 0.03937483
v 0.01842215 -0.04315485 0.04078434
v 0.01582704 -0.04303618 0.04194443
v 0.01315756 -0.04300661 0.04297983
v 0.00997226 -0.04306206 0.04354463
v 0.00653798 -0.04313014 0.04399562
v 0.00233846 -0.04322485 0.04414519
v -0.00190068 -0.04317597 0.04409404
v -0.00617943 -0.04298351 0.04384220
v -0.00965636 -0.04291118 0.04330866
v -0.01287626 -0.04287279 0.04266964
v -0.01562077 -0.04282779 0.04160535
v -0.01828212 -0.04289980 0.04043014
v -0.02077714 -0.04320586 0.03903305
v -0.02281846 -0.04364922 0.03778870
v 0.02287428 -0.04581786 0.03813612
v 0.02086852 -0.04538188 0.03937483
v 0.01842215 -0.04508503 0.04078434
v 0.01582704 -0.04496636 0.04194443
v 0.01315756 -0.04493679 0.04297983
v 0.00997226 -0.04499225 0.04354463
v 0.00653798 -0.04506031 0.04399562
v 0.00233846 -0.04515503 0.04414519
v -0.00190068 -0.04510615 0.04409404
v -0.00617943 -0.04491369 0.04384220
v -0.00965636 -0.04484136 0.04330866
v -0.01287626 -0.04480297 0.04266964
v -0.01562077 -0.04475796 0.04160535
v -0.01828212 -0.04482998 0.04043014
v -0.02077714 -0.04513603 0.03903305
v -0.02281846 -0.04557940 0.03778870
v 0.02372185 -0.05447598 0.03715845
v 0.02194223 -0.05515836 0.03804885
v 0.01971043 -0.05559592 0.03919783
v 0.01740726 -0.05598613 0.04021644
v 0.01497562 -0.05629110 0.04100036
v 0.01257589 -0.05655451 0.04178610
v 0.01036764 -0.05656857 0.04258280
v 0.00815939 -0.05658261 0.04337950
v 0.00647467 -0.05670269 0.04372377
v 0.00483022 -0.05683092 0.04403325
v 0.00290487 -0.05681782 0.04419272
v 0.00086716 -0.05674819 0.04429220
v -0.00111799 -0.05668723 0.04426246
v -0.00305058 -0.05663495 0.04410351
v -0.00490162 -0.05654479 0.04388548
v -0.00654879 -0.05635995 0.04351974
v -0.00823534 -0.05618436 0.04312205
v -0.01043394 -0.05612895 0.04230917
v -0.01263253 -0.05607355 0.04149630
v -0.01503934 -0.05577490 0.04068739
v -0.01748084 -0.05543571 0.03987914
v -0.01977204 -0.05507188 0.03884284
v -0.02197973 -0.05469435 0.03767985
v -0.02374149 -0.05402448 0.03676794
v 0.02372185 -0.05254580 0.03715845
v 0.02194223 -0.05322818 0.03804885
v 0.01971043 -0.05366574 0.03919783
v 0.01740726 -0.05405595 0.04021644
v 0.01497562 -0.05436092 0.04100036
v 0.01257589 -0.05462433 0.04178610
v 0.01036764 -0.05463839 0.04258280
v 0.00815939 -0.05465243 0.04337950
v 0.00647467 -0.05477251 0.04372377
v 0.00483022 -0.05490074 0.04403325
v 0.00290487 -0.05488764 0.04419272
v 0.00086716 -0.05481801 0.04429220
v -0.00111799 -0.05475705 0.04426246
v -0.00305058 -0.05470477 0.04410351
v -0.00490162 -0.05461461 0.04388548
v -0.00654879 -0.05442977 0.04351974
v -0.00823534 -0.05425418 0.04312205
v -0.01043394 -0.05419877 0.04230917
v -0.01263253 -0.05414337 0.04149630
v -0.01503934 -0.05384472 0.04068739
v -0.01748084 -0.05350553 0.03987914
v -0.01977204 -0.05314170 0.03884284
v -0.02197973 -0.05276417 0.03767985
v -0.02374149 -0.05209430 0.03676794
v 0.02372185 -0.05061562 0.03715845
v 0.02194223 -0.05129800 0.03804885
v 0.01971043 -0.05173556 0.03919783
v 0.01740726 -0.05212577 0.04021644
v 0.01497562 -0.05243074 0.04100036
v 0.01257589 -0.05269416 0.04178610
v 0.01036764 -0.05270821 0.04258280
v 0.00815939 -0.05272225 0.04337950
v 0.00647467 -0.05284233 0.04372377
v 0.00483022 -0.05297056 0.04403325
v 0.00290487 -0.05295746 0.04419272
v 0.00086716 -0.05288783 0.04429220
v -0.00111799 -0.05282687 0.04426246
v -0.00305058 -0.05277459 0.04410351
v -0.00490162 -0.05268443 0.04388548
v -0.00654879 -0.05249959 0.04351974
v -0.00823534 -0.05232400 0.04312205
v -0.01043394 -0.05226859 0.04230917
v -0.01263253 -0.05221318 0.04149630
v -0.01503934 -0.05191454 0.04068739
v -0.01748084 -0.05157536 0.03987914
v -0.01977204 -0.05121152 0.03884284
v -0.02197973 -0.05083399 0.03767985
v -0.02374149 -0.05016413 0.03676794
vt 0.82790703 0.45609599
vt 0.82686502 0.45540199
vt 0.82669199 0.45624599
vt 0.82784098 0.45644400
vt 0.84284699 0.46157199
vt 0.83797598 0.46721199
vt 0.83834398 0.47262001
vt 0.84205800 0.47177500
vt 0.87001503 0.21894599
vt 0.89153600 0.24374799
vt 0.89494598 0.20901000
vt 0.86188000 0.19373100
vt 0.62606698 0.71354800
vt 0.65553302 0.70334399
vt 0.64685202 0.69039702
vt 0.16477600 0.45621899
vt 0.16580001 0.45552900
vt 0.16598099 0.45637599
vt 0.16484500 0.45656699
vt 0.14995600 0.46172100
vt 0.15486901 0.46736100
vt 0.15455800 0.47277901
vt 0.15085600 0.47194001
vt 0.62071103 0.69929302
vt 0.87538201 0.49635401
vt 0.87625700 0.49373999
vt 0.87483400 0.49195200
vt 0.87392700 0.49454999
vt 0.87147200 0.47077799
vt 0.87094003 0.48253599
vt 0.87129998 0.48586500
vt 0.87201899 0.48354200
vt 0.87150902 0.44995400
vt 0.86988401 0.45089599
vt 0.87214798 0.46094000
vt 0.87387902 0.46077001
vt 0.83831501 0.39576799
vt 0.84038001 0.40287599
vt 0.84402603 0.40020800
vt 0.84114200 0.39189300
vt 0.84143502 0.38494799
vt 0.84912002 0.39376000
vt 0.85358202 0.39091399
vt 0.84660000 0.38201201
vt 0.86590499 0.51285899
vt 0.86335301 0.50989002
vt 0.85948998 0.51204300
vt 0.86255300 0.51566100
vt 0.90319699 0.44354099
vt 0.89633501 0.42058301
vt 0.89099699 0.44571701
vt 0.89359999 0.45279700
vt 0.86293602 0.49307701
vt 0.86594301 0.49374801
vt 0.86690497 0.49178001
vt 0.86448097 0.49005601
vt 0.87783599 0.49930799
vt 0.87890899 0.49639201
vt 0.82423002 0.40945101
vt 0.81627202 0.41867200
vt 0.81809700 0.42589101
vt 0.82323802 0.42397600
vt 0.83807999 0.46049601
vt 0.83616799 0.46802199
vt 0.86569297 0.42608300
vt 0.86352301 0.42940500
vt 0.86805600 0.43942100
vt 0.87018698 0.43730301
vt 0.85795897 0.43334100
vt 0.86382997 0.44075301
vt 0.86651897 0.44289500
vt 0.86382902 0.43761301
vt 0.86701900 0.49985299
vt 0.86315203 0.50459099
vt 0.86403602 0.50545502
vt 0.86787999 0.50012600
vt 0.89722103 0.48843899
vt 0.89682299 0.50398302
vt 0.89905697 0.50332302
vt 0.89822501 0.48813400
vt 0.86876303 0.49305299
vt 0.86988801 0.49088299
vt 0.86822498 0.48936301
vt 0.84469700 0.49453500
vt 0.84696102 0.49539599
vt 0.84718102 0.49295801
vt 0.84539402 0.49112800
vt 0.84899300 0.39854699
vt 0.87676400 0.38905099
vt 0.87880200 0.39724401
vt 0.88464397 0.41507700
vt 0.88861400 0.41509101
vt 0.83182502 0.38786599
vt 0.83402598 0.39528701
vt 0.83680701 0.39541399
vt 0.83617300 0.38850400
vt 0.85058302 0.49986899
vt 0.85404098 0.49753901
vt 0.85150999 0.49687201
vt 0.84886301 0.49839801
vt 0.86947602 0.47908700
vt 0.86612499 0.48705199
vt 0.86439198 0.46142700
vt 0.86895299 0.46304300
vt 0.86821598 0.45520401
vt 0.86340201 0.45396701
vt 0.86290401 0.47519201
vt 0.86741602 0.47640899
vt 0.87216997 0.49075300
vt 0.87316602 0.48285899
vt 0.87129599 0.49078101
vt 0.89672297 0.51719397
vt 0.90603000 0.52495497
vt 0.90951502 0.50410998
vt 0.89933401 0.50906801
vt 0.81471503 0.43905199
vt 0.81538600 0.44600999
vt 0.82024699 0.44222701
vt 0.82299501 0.43559200
vt 0.87954003 0.41107601
vt 0.87556201 0.39690301
vt 0.87356597 0.39672500
vt 0.87481397 0.40760800
vt 0.85782200 0.49788800
vt 0.85713297 0.49110100
vt 0.85463601 0.49166399
vt 0.84133500 0.43198800
vt 0.84400201 0.43557900
vt 0.84903997 0.43020999
vt 0.84700203 0.42516199
vt 0.85720003 0.40824300
vt 0.85902900 0.40365699
vt 0.85369402 0.39823601
vt 0.85268402 0.40256801
vt 0.82272899 0.43008500
vt 0.81719100 0.43087700
vt 0.89225799 0.48811299
vt 0.89092898 0.50258797
vt 0.86194402 0.48796499
vt 0.86355603 0.48500001
vt 0.82086998 0.46672401
vt 0.82585102 0.46595901
vt 0.82484299 0.46431401
vt 0.81962597 0.46357799
vt 0.81879801 0.46710300
vt 0.81785601 0.46374100
vt 0.81587499 0.46368101
vt 0.81577098 0.46596599
vt 0.82696301 0.46505800
vt 0.82634401 0.46508700
vt 0.82690197 0.46665701
vt 0.84699500 0.47429299
vt 0.84840798 0.46216699
vt 0.84625602 0.46164301
vt 0.84442699 0.47282600
vt 0.87087899 0.46601501
vt 0.85307997 0.51914197
vt 0.85477698 0.52482599
vt 0.86409199 0.52006000
vt 0.83749098 0.44620901
vt 0.83910400 0.43999100
vt 0.83572602 0.43924099
vt 0.83548898 0.44468001
vt 0.82189399 0.45214799
vt 0.82458901 0.44691601
vt 0.81871903 0.44914001
vt 0.82220101 0.48261601
vt 0.82561100 0.47161600
vt 0.82176298 0.46934801
vt 0.81960702 0.47085801
vt 0.87344998 0.44890401
vt 0.87598503 0.46035400
vt 0.87890899 0.45968899
vt 0.87638199 0.44738999
vt 0.82435000 0.39586401
vt 0.82914698 0.37488300
vt 0.81494200 0.40056500
vt 0.87202698 0.50370300
vt 0.87370598 0.50723302
vt 0.87523198 0.50461102
vt 0.87335998 0.50122499
vt 0.84051400 0.48203501
vt 0.83870798 0.47956100
vt 0.83850998 0.48221299
vt 0.84004802 0.48453000
vt 0.99000001 0.37224799
vt 0.93608946 0.36805701
vt 0.95094562 0.41074201
vt 0.99000001 0.41584000
vt 0.85571998 0.41443601
vt 0.85183901 0.40943801
vt 0.82558697 0.50368500
vt 0.82449400 0.50935400
vt 0.83364099 0.52431500
vt 0.83135301 0.51439202
vt 0.88065499 0.48659599
vt 0.87744898 0.48509300
vt 0.84934300 0.50199503
vt 0.85556197 0.50381303
vt 0.85222298 0.50139099
vt 0.84895003 0.50091201
vt 0.83514303 0.49357700
vt 0.83621001 0.49700299
vt 0.83985198 0.49555001
vt 0.83885598 0.49240699
vt 0.82575798 0.52381700
vt 0.83968502 0.53749001
vt 0.87601101 0.38244301
vt 0.83144701 0.49930000
vt 0.83431500 0.50584799
vt 0.83818197 0.50117999
vt 0.12401400 0.21895200
vt 0.10273100 0.24370800
vt 0.09962500 0.20902701
vt 0.13226600 0.19378000
vt 0.80975997 0.41909301
vt 0.81349999 0.42736700
vt 0.84768999 0.49967101
vt 0.84638000 0.49801099
vt 0.84263098 0.49227899
vt 0.84414703 0.48881799
vt 0.85496402 0.47657901
vt 0.85801399 0.46201199
vt 0.93115658 0.40578201
vt 0.86485100 0.35541499
vt 0.84152901 0.49424300
vt 0.84208798 0.49458700
vt 0.84157401 0.49249899
vt 0.84078199 0.49189800
vt 0.84877902 0.40535101
vt 0.85281003 0.48713401
vt 0.84814101 0.48515701
vt 0.84857601 0.48835400
vt 0.87314701 0.46933901
vt 0.87382102 0.48282400
vt 0.87566501 0.48373801
vt 0.87521100 0.46961001
vt 0.83618599 0.38043299
vt 0.83904201 0.47780201
vt 0.83711499 0.47467899
vt 0.84147400 0.48604801
vt 0.84069401 0.48935899
vt 0.81032097 0.43671301
vt 0.86655098 0.49635300
vt 0.86767602 0.49484900
vt 0.86504102 0.49536100
vt 0.86401999 0.49669901
vt 0.86233002 0.49956900
vt 0.86264598 0.50113201
vt 0.86529702 0.49785501
vt 0.84591502 0.48697501
vt 0.84680903 0.48939499
vt 0.83940798 0.42890000
vt 0.84400201 0.41646099
vt 0.86547297 0.44750100
vt 0.86018300 0.44781801
vt 0.88555199 0.46919000
vt 0.88630801 0.48725501
vt 0.88940603 0.48757100
vt 0.88730901 0.46843699
vt 0.89839900 0.46947199
vt 0.90680599 0.47047499
vt 0.81546098 0.46862099
vt 0.81342399 0.47868100
vt 0.84079701 0.48521701
vt 0.84031302 0.48849300
vt 0.88011998 0.42682901
vt 0.86700600 0.39939800
vt 0.87635797 0.42125100
vt 0.86539602 0.38682100
vt 0.85944700 0.38433301
vt 0.86199898 0.39172900
vt 0.85550100 0.43732300
vt 0.86072099 0.44145200
vt 0.82783002 0.46442601
vt 0.82923502 0.46145499
vt 0.82731003 0.46245900
vt 0.85950100 0.47527000
vt 0.86144298 0.46149501
vt 0.84066200 0.49974999
vt 0.83115900 0.47926801
vt 0.82974100 0.48790199
vt 0.84549397 0.50982201
vt 0.84362203 0.50440502
vt 0.84167302 0.50256097
vt 0.84101403 0.50565797
vt 0.82777798 0.45436800
vt 0.82649302 0.45120001
vt 0.82457101 0.45394999
vt 0.86096698 0.50221598
vt 0.86107099 0.49919799
vt 0.88774002 0.50105101
vt 0.84856099 0.49528700
vt 0.84918100 0.49301201
vt 0.89018500 0.54854399
vt 0.88146299 0.54089302
vt 0.87766999 0.54025602
vt 0.87646699 0.55424201
vt 0.85047299 0.38211501
vt 0.85621399 0.38959801
vt 0.85818797 0.38883400
vt 0.85437697 0.38288400
vt 0.83431298 0.43885699
vt 0.83436298 0.44376299
vt 0.86932999 0.45115000
vt 0.86812901 0.44899601
vt 0.87029600 0.45778301
vt 0.87113500 0.46068099
vt 0.84313899 0.48176301
vt 0.84217000 0.48059201
vt 0.88729602 0.52504200
vt 0.88150001 0.52043301
vt 0.87536502 0.52848202
vt 0.88103902 0.53205901
vt 0.88450700 0.49923301
vt 0.84859002 0.49091399
vt 0.85011202 0.49089301
vt 0.84788698 0.49176899
vt 0.83848399 0.49051300
vt 0.83451802 0.49039501
vt 0.84800398 0.50770301
vt 0.85692400 0.50929999
vt 0.85606700 0.50783402
vt 0.84913599 0.50599802
vt 0.84397298 0.49669299
vt 0.36805999 0.71419698
vt 0.33888701 0.70371801
vt 0.34728801 0.69067901
vt 0.37320599 0.69972801
vt 0.85263097 0.53065300
vt 0.86395597 0.53176802
vt 0.86408699 0.52657002
vt 0.85627902 0.52939999
vt 0.86332202 0.49572200
vt 0.87013298 0.49322799
vt 0.83407700 0.47140101
vt 0.83241898 0.46327001
vt 0.82811600 0.45678100
vt 0.82809901 0.45705801
vt 0.82833803 0.45706001
vt 0.82843798 0.45674101
vt 0.82943797 0.45526800
vt 0.83082598 0.45357201
vt 0.82894403 0.45192900
vt 0.82873899 0.45455399
vt 0.82826900 0.45600900
vt 0.82816899 0.45640600
vt 0.82857400 0.45629901
vt 0.82864702 0.45580900
vt 0.85885602 0.50406700
vt 0.86198401 0.50357801
vt 0.87210602 0.49356800
vt 0.87300801 0.49088901
vt 0.86779797 0.49717501
vt 0.86902303 0.49537799
vt 0.81362599 0.45126599
vt 0.81644201 0.45282200
vt 0.81709301 0.45000800
vt 0.87285602 0.49691099
vt 0.87440503 0.49874499
vt 0.82950097 0.40201601
vt 0.82921302 0.39702600
vt 0.68581700 0.17555900
vt 0.73167598 0.18465699
vt 0.72038198 0.15718199
vt 0.67165703 0.15113600
vt 0.84588403 0.51727599
vt 0.84727597 0.52503300
vt 0.82815599 0.45556399
vt 0.82838500 0.45546800
vt 0.82834899 0.45445299
vt 0.82678199 0.45721501
vt 0.82783300 0.45681599
vt 0.82958400 0.45611799
vt 0.82857800 0.45842201
vt 0.82789600 0.45882800
vt 0.82786602 0.44422799
vt 0.83148402 0.44365400
vt 0.82883197 0.43721601
vt 0.82856297 0.45537901
vt 0.84233302 0.48401999
vt 0.83145303 0.45731500
vt 0.83557802 0.45491600
vt 0.83474398 0.45167300
vt 0.83145797 0.45530900
vt 0.85253602 0.42987001
vt 0.85155702 0.43394101
vt 0.83995301 0.44818801
vt 0.84320301 0.44272399
vt 0.83610201 0.47776499
vt 0.83440000 0.48449901
vt 0.82792002 0.46560901
vt 0.83076501 0.45944601
vt 0.83507699 0.45839101
vt 0.82704300 0.45804700
vt 0.82514501 0.46013299
vt 0.82600600 0.46125701
vt 0.82733297 0.45855501
vt 0.85239398 0.49225199
vt 0.83909303 0.52195501
vt 0.83944201 0.51233602
vt 0.90928435 0.56561702
vt 0.93382990 0.54706299
vt 0.90120202 0.54044300
vt 0.82941300 0.45702499
vt 0.82805198 0.45725200
vt 0.82787502 0.45730501
vt 0.86664099 0.44152400
vt 0.82976401 0.43439201
vt 0.83842200 0.48683199
vt 0.88351798 0.45805299
vt 0.88079602 0.44544700
vt 0.84008503 0.48787099
vt 0.84020501 0.48994201
vt 0.83303201 0.44370499
vt 0.83218998 0.43794999
vt 0.84035999 0.49063799
vt 0.81820399 0.45246300
vt 0.86083001 0.48997301
vt 0.86303401 0.40149400
vt 0.85813999 0.39543200
vt 0.82785302 0.45710099
vt 0.82806998 0.45246100
vt 0.82910699 0.45786601
vt 0.82156301 0.45833299
vt 0.82136101 0.45511001
vt 0.81803203 0.45621899
vt 0.84669298 0.44450301
vt 0.84291601 0.45140001
vt 0.84569800 0.45370400
vt 0.85041201 0.44676700
vt 0.87731099 0.43333599
vt 0.87240100 0.42150900
vt 0.86841899 0.42339599
vt 0.87290502 0.43510401
vt 0.91231209 0.59426600
vt 0.88191599 0.57186198
vt 0.87643802 0.61107802
vt 0.87848699 0.51039398
vt 0.88068599 0.50736398
vt 0.87661397 0.50195801
vt 0.85832298 0.54597503
vt 0.87241399 0.53830898
vt 0.86362499 0.53746700
vt 0.88087600 0.47009099
vt 0.82280302 0.49315199
vt 0.82983202 0.49333200
vt 0.88317502 0.42831299
vt 0.85053498 0.44091499
vt 0.85543799 0.44360599
vt 0.86625099 0.50735801
vt 0.86088502 0.50768000
vt 0.53635001 0.15994000
vt 0.53496498 0.14292100
vt 0.51268399 0.50466901
vt 0.51306701 0.50445598
vt 0.51279598 0.50414401
vt 0.51269698 0.50419497
vt 0.51372999 0.49890801
vt 0.51332402 0.50096399
vt 0.51422203 0.50140899
vt 0.51570201 0.49988499
vt 0.51257002 0.50393897
vt 0.51194102 0.50398898
vt 0.51205301 0.50458801
vt 0.51261699 0.50410903
vt 0.86838597 0.50986803
vt 0.51879400 0.50176603
vt 0.51561999 0.50246602
vt 0.51642603 0.50456899
vt 0.52257800 0.50625801
vt 0.50505799 0.50564200
vt 0.50797200 0.50729299
vt 0.50787503 0.50385201
vt 0.50604802 0.50180501
vt 0.51005203 0.50871700
vt 0.51007700 0.51247197
vt 0.51318997 0.51244903
vt 0.51233500 0.50893801
vt 0.51145202 0.50278097
vt 0.51042002 0.50156200
vt 0.51019597 0.50411099
vt 0.51451498 0.50389200
vt 0.51430798 0.50295502
vt 0.51330101 0.50360101
vt 0.51335800 0.50391698
vt 0.71597302 0.21276499
vt 0.75427598 0.22046700
vt 0.62070602 0.53258002
vt 0.61897498 0.52694398
vt 0.60534400 0.53636599
vt 0.60734999 0.54061103
vt 0.81695300 0.46010500
vt 0.81516498 0.46155700
vt 0.88284600 0.50367099
vt 0.86632597 0.49915200
vt 0.87636101 0.51326400
vt 0.87191403 0.51952702
vt 0.87344700 0.52394003
vt 0.87870002 0.51699299
vt 0.87013298 0.50138497
vt 0.83192599 0.42950401
vt 0.85622102 0.48534599
vt 0.86853999 0.52314597
vt 0.86748099 0.51652902
vt 0.87225902 0.46946600
vt 0.87163198 0.49921501
vt 0.86947399 0.49801701
vt 0.85076803 0.51305801
vt 0.84793001 0.45757899
vt 0.85672098 0.45520899
vt 0.85397202 0.44992000
vt 0.11809200 0.49646100
vt 0.11721000 0.49385101
vt 0.11860500 0.49207100
vt 0.11952400 0.49466300
vt 0.12166300 0.47088799
vt 0.12232900 0.48270699
vt 0.12201500 0.48602700
vt 0.12128400 0.48369700
vt 0.84701598 0.45512599
vt 0.84109497 0.47938100
vt 0.80541402 0.43679199
vt 0.85029501 0.41923800
vt 0.12142700 0.44996500
vt 0.12304000 0.45093000
vt 0.12091900 0.46097299
vt 0.11920800 0.46078399
vt 0.85437602 0.42246500
vt 0.87754500 0.47000799
vt 0.85926098 0.50241601
vt 0.83687699 0.42885900
vt 0.83772498 0.41497499
vt 0.83308601 0.41382599
vt 0.84971303 0.49174100
vt 0.88509798 0.42957401
vt 0.88768703 0.43549901
vt 0.82826102 0.45723799
vt 0.87477100 0.42074499
vt 0.86492300 0.40048400
vt 0.79238403 0.22800601
vt 0.82725602 0.23792200
vt 0.15380400 0.39581299
vt 0.15182400 0.40292901
vt 0.14816600 0.40025800
vt 0.15094601 0.39194000
vt 0.81080902 0.20553000
vt 0.77446002 0.19430400
vt 0.80699199 0.47451800
vt 0.80914700 0.45602900
vt 0.80655998 0.45275900
vt 0.59830499 0.17724600
vt 0.57960898 0.15160100
vt 0.79688901 0.43643600
vt 0.78121400 0.43825099
vt 0.78358901 0.48692101
vt 0.79485297 0.46504301
vt 0.73414201 0.62552500
vt 0.74672300 0.62295502
vt 0.74569798 0.58668000
vt 0.73537999 0.59505898
vt 0.56697601 0.80698502
vt 0.53067303 0.81085300
vt 0.53354597 0.82801700
vt 0.57314599 0.82360601
vt 0.60683501 0.87301701
vt 0.55749601 0.88535500
vt 0.58150202 0.90359497
vt 0.15059400 0.38498801
vt 0.14303800 0.39378700
vt 0.13857099 0.39093199
vt 0.14543200 0.38201800
vt 0.63097101 0.88763398
vt 0.68849701 0.51527297
vt 0.68927097 0.49281201
vt 0.67538100 0.49340901
vt 0.67527902 0.51476997
vt 0.83760601 0.40344101
vt 0.83460301 0.40304601
vt 0.12763000 0.51295298
vt 0.13013899 0.50999302
vt 0.13398699 0.51214498
vt 0.13097601 0.51574498
vt 0.09000000 0.44332901
vt 0.09657400 0.42033699
vt 0.10214800 0.44551200
vt 0.09961800 0.45258701
vt 0.62096101 0.91860503
vt 0.66477102 0.89913797
vt 0.54548299 0.59533900
vt 0.13036001 0.49320701
vt 0.12739600 0.49387601
vt 0.12642699 0.49192101
vt 0.12880599 0.49020401
vt 0.11567600 0.49940699
vt 0.11459400 0.49649400
vt 0.16794600 0.40955901
vt 0.17595600 0.41877699
vt 0.17421900 0.42599800
vt 0.16907801 0.42408800
vt 0.15469299 0.46064001
vt 0.15667000 0.46817800
vt 0.12692200 0.42614701
vt 0.12909500 0.42948499
vt 0.12471600 0.43945700
vt 0.12259100 0.43732199
vt 0.54922098 0.60093999
vt 0.56133997 0.58541399
vt 0.55933201 0.57913399
vt 0.52111399 0.75511497
vt 0.52456701 0.77229398
vt 0.55421197 0.77031702
vt 0.54816300 0.75396001
vt 0.57607001 0.56872302
vt 0.57418698 0.56412101
vt 0.53649902 0.84453702
vt 0.57965201 0.83956200
vt 0.83777499 0.86267102
vt 0.13463700 0.43351299
vt 0.12890100 0.44091299
vt 0.12625600 0.44302100
vt 0.12887400 0.43776101
vt 0.80706197 0.87819302
vt 0.80059600 0.90428698
vt 0.12639500 0.49994600
vt 0.13028200 0.50470501
vt 0.12942900 0.50556499
vt 0.12555800 0.50021601
vt 0.85350603 0.87147701
vt 0.96066976 0.47556400
vt 0.95054317 0.45953900
vt 0.94334930 0.51572299
vt 0.96815014 0.52668798
vt 0.65086502 0.18892200
vt 0.63122100 0.16064700
vt 0.09633900 0.48844099
vt 0.09688900 0.50401503
vt 0.09468600 0.50331402
vt 0.09535900 0.48808199
vt 0.12460500 0.49318799
vt 0.12346900 0.49103299
vt 0.12509599 0.48951799
vt 0.14845100 0.49467799
vt 0.14620900 0.49553901
vt 0.14597200 0.49310601
vt 0.14773300 0.49127799
vt 0.14320700 0.39859301
vt 0.11552600 0.38890299
vt 0.11360700 0.39715299
vt 0.10808000 0.41492701
vt 0.10416600 0.41491100
vt 0.69654602 0.70438600
vt 0.70861697 0.71285897
vt 0.72750998 0.68787998
vt 0.71376401 0.68214703
vt 0.51551503 0.72114301
vt 0.53888100 0.72156203
vt 0.53320003 0.70351398
vt 0.51342303 0.70145798
vt 0.16019499 0.38791400
vt 0.15806299 0.39535600
vt 0.15529500 0.39547601
vt 0.15586799 0.38854599
vt 0.73181498 0.56497198
vt 0.73975301 0.55036300
vt 0.72748101 0.51703602
vt 0.72172999 0.53606999
vt 0.70050198 0.51890701
vt 0.14264300 0.49998999
vt 0.13920300 0.49765700
vt 0.14170200 0.49700099
vt 0.14433800 0.49853000
vt 0.70260900 0.49628299
vt 0.12373100 0.47926000
vt 0.12714800 0.48721299
vt 0.56026798 0.78831100
vt 0.52745599 0.79143202
vt 0.74082702 0.65736598
vt 0.72679001 0.65539098
vt 0.53411102 0.60323900
vt 0.54071599 0.60976499
vt 0.52927798 0.62352997
vt 0.12855200 0.46156400
vt 0.12404000 0.46318799
vt 0.12469300 0.45536500
vt 0.12945899 0.45411599
vt 0.51048398 0.61601698
vt 0.51011097 0.63230699
vt 0.52492601 0.63582999
vt 0.61127502 0.74594802
vt 0.61932600 0.75915700
vt 0.65137798 0.74926400
vt 0.64241600 0.73732698
vt 0.59083498 0.85674202
vt 0.13020600 0.47535700
vt 0.12573500 0.47658500
vt 0.54451501 0.86544102
vt 0.51103002 0.67267901
vt 0.52616501 0.67505699
vt 0.52486402 0.66010398
vt 0.12122600 0.49089301
vt 0.12015300 0.48299199
vt 0.12208300 0.49092999
vt 0.09709600 0.51721299
vt 0.08787200 0.52495199
vt 0.08430000 0.50401503
vt 0.09445600 0.50904602
vt 0.51123202 0.65880102
vt 0.59003198 0.54891801
vt 0.59154397 0.55331498
vt 0.84693003 0.37075099
vt 0.84465998 0.37707201
vt 0.80764103 0.52528298
vt 0.79900002 0.49461299
vt 0.79090297 0.52645600
vt 0.80274701 0.56545198
vt 0.81602103 0.59836900
vt 0.82825202 0.61916500
vt 0.83498400 0.57283902
vt 0.81909698 0.55296302
vt 0.84264398 0.21419300
vt 0.85889500 0.24426500
vt 0.50892800 0.60206902
vt 0.50795001 0.59052801
vt 0.17772500 0.43916699
vt 0.17712501 0.44612700
vt 0.17224400 0.44235599
vt 0.16944100 0.43571901
vt 0.96046340 0.43988800
vt 0.11306100 0.41095099
vt 0.11680600 0.39683101
vt 0.11876700 0.39667800
vt 0.11767500 0.40750399
vt 0.94250542 0.43536299
vt 0.51376402 0.50548500
vt 0.51277202 0.50388598
vt 0.51298898 0.50334698
vt 0.51279998 0.50378102
vt 0.51480401 0.50787002
vt 0.51675701 0.51084900
vt 0.51355201 0.50234401
vt 0.51317501 0.50221801
vt 0.51286501 0.50339401
vt 0.51282197 0.50401598
vt 0.49915701 0.50749701
vt 0.49946901 0.51272100
vt 0.50483900 0.51308697
vt 0.50366801 0.50852400
vt 0.51255399 0.50382298
vt 0.51224899 0.50356102
vt 0.51024503 0.50562799
vt 0.51233798 0.50472897
vt 0.51265299 0.50415999
vt 0.51132202 0.50623602
vt 0.50894397 0.49942499
vt 0.51258302 0.50620800
vt 0.13547000 0.49800199
vt 0.13609099 0.49123800
vt 0.13856700 0.49180099
vt 0.15116800 0.43211001
vt 0.14855200 0.43570700
vt 0.14347400 0.43033600
vt 0.14544900 0.42527401
vt 0.84682298 0.43844000
vt 0.77224702 0.26839301
vt 0.80571300 0.31481099
vt 0.81702101 0.30926800
vt 0.13508700 0.40833601
vt 0.13321701 0.40371501
vt 0.13851000 0.39827499
vt 0.13955100 0.40262699
vt 0.16964100 0.43020499
vt 0.17516799 0.43098199
vt 0.10127700 0.48813099
vt 0.10272800 0.50264603
vt 0.78944302 0.26233399
vt 0.85260397 0.48989299
vt 0.77233398 0.68239498
vt 0.78721201 0.69847798
vt 0.81252003 0.65703100
vt 0.13129400 0.48811400
vt 0.12966800 0.48516300
vt 0.80222303 0.63505399
vt 0.80074102 0.71552002
vt 0.82819402 0.67362201
vt 0.84308898 0.63510698
vt 0.86770099 0.58287400
vt 0.62082100 0.58271003
vt 0.62418699 0.57873601
vt 0.62044901 0.57742703
vt 0.17189300 0.46684900
vt 0.16692600 0.46610299
vt 0.16790800 0.46444899
vt 0.17309500 0.46369800
vt 0.61764097 0.58080500
vt 0.62025201 0.58459997
vt 0.61707401 0.58302599
vt 0.17396300 0.46722400
vt 0.17486300 0.46385199
vt 0.17683600 0.46377701
vt 0.17697200 0.46606499
vt 0.62271303 0.58661997
vt 0.62358099 0.58461499
vt 0.62753499 0.58074200
vt 0.58936900 0.59458202
vt 0.59152502 0.59539002
vt 0.59546298 0.59061301
vt 0.59322298 0.58914101
vt 0.58784997 0.59288198
vt 0.59294897 0.58644903
vt 0.16580699 0.46519700
vt 0.16642500 0.46522900
vt 0.16588201 0.46679899
vt 0.14600000 0.47444001
vt 0.14445400 0.46230501
vt 0.14657100 0.46178901
vt 0.14852300 0.47298199
vt 0.60282803 0.60223800
vt 0.60246903 0.60383099
vt 0.12217500 0.46614501
vt 0.60349703 0.60044700
vt 0.58997101 0.60596699
vt 0.59014702 0.61070400
vt 0.14036700 0.51929802
vt 0.13872300 0.52496397
vt 0.12948699 0.52013701
vt 0.60219002 0.60779202
vt 0.60227698 0.60520703
vt 0.59005302 0.60343099
vt 0.15513900 0.44634500
vt 0.15346700 0.44011500
vt 0.15681900 0.43936199
vt 0.15711699 0.44481200
vt 0.17070700 0.45228100
vt 0.16797300 0.44704801
vt 0.17383800 0.44926301
vt 0.17072500 0.48275301
vt 0.16723600 0.47175500
vt 0.17103501 0.46948600
vt 0.17320199 0.47099200
vt 0.11950000 0.44889301
vt 0.11712200 0.46034601
vt 0.11421900 0.45966300
vt 0.11658400 0.44736499
vt 0.58619499 0.60461402
vt 0.58488399 0.60649699
vt 0.16771699 0.39594799
vt 0.16272800 0.37493300
vt 0.17710499 0.40067399
vt 0.12148000 0.50379097
vt 0.11984100 0.50732398
vt 0.11830100 0.50470501
vt 0.12013400 0.50132102
vt 0.15249801 0.48220500
vt 0.15427200 0.47973400
vt 0.15448999 0.48238599
vt 0.15298000 0.48469600
vt 0.58511102 0.60977399
vt 0.60322398 0.57507998
vt 0.60433602 0.57058603
vt 0.59352601 0.57852799
vt 0.59324801 0.58288801
vt 0.60203600 0.57905102
vt 0.60968500 0.57710803
vt 0.61157900 0.57316798
vt 0.61355001 0.56870800
vt 0.01000000 0.37200201
vt 0.06059005 0.36792001
vt 0.04666018 0.41066599
vt 0.01000000 0.41547599
vt 0.13663501 0.41455099
vt 0.14046000 0.40951699
vt 0.16755500 0.50381303
vt 0.16869099 0.50950801
vt 0.15973000 0.52446699
vt 0.16192000 0.51451600
vt 0.58567601 0.58732402
vt 0.58705902 0.59070700
vt 0.61547297 0.56451797
vt 0.60585099 0.56631798
vt 0.11278100 0.48666701
vt 0.11595600 0.48517099
vt 0.59375697 0.57495302
vt 0.58489001 0.58534199
vt 0.57998598 0.59484601
vt 0.58339202 0.59364003
vt 0.60684502 0.56190300
vt 0.60739499 0.55894297
vt 0.59308499 0.56899703
vt 0.59332597 0.57135803
vt 0.14389101 0.50214797
vt 0.13776800 0.50389898
vt 0.14103600 0.50149602
vt 0.14426900 0.50105500
vt 0.15794200 0.49373800
vt 0.15692000 0.49716401
vt 0.15328100 0.49572000
vt 0.15423900 0.49257201
vt 0.61766899 0.55983597
vt 0.61865699 0.55644798
vt 0.16755900 0.52400899
vt 0.15384100 0.53766000
vt 0.63826901 0.58225501
vt 0.64211297 0.58536398
vt 0.64610600 0.58155602
vt 0.11623500 0.38223001
vt 0.64402199 0.57857400
vt 0.67661101 0.57116801
vt 0.68166202 0.57855499
vt 0.69227898 0.57344002
vt 0.16168500 0.49945000
vt 0.15889800 0.50599802
vt 0.15500399 0.50134999
vt 0.18242800 0.41920000
vt 0.17880200 0.42746401
vt 0.14551100 0.49981400
vt 0.14680600 0.49815300
vt 0.15048601 0.49242499
vt 0.14895400 0.48897299
vt 0.68558198 0.56650698
vt 0.13808601 0.47674701
vt 0.13488901 0.46217301
vt 0.71169698 0.52478302
vt 0.69307101 0.55272400
vt 0.70132202 0.55906302
vt 0.63431197 0.57959002
vt 0.63113397 0.57704598
vt 0.63053799 0.58282298
vt 0.63376600 0.58625001
vt 0.64040500 0.57542598
vt 0.63631099 0.57269800
vt 0.62760699 0.57516700
vt 0.63193798 0.57048798
vt 0.62708300 0.56917202
vt 0.62336200 0.57387400
vt 0.61825001 0.57238299
vt 0.06434902 0.40546101
vt 0.12745000 0.35524300
vt 0.61626202 0.57657099
vt 0.62113798 0.56775498
vt 0.63096601 0.56509101
vt 0.62423801 0.56348401
vt 0.63650799 0.56653798
vt 0.64144200 0.56928998
vt 0.64604801 0.57245600
vt 0.65038800 0.57602602
vt 0.65248102 0.58100301
vt 0.65320200 0.56956500
vt 0.66195297 0.56775701
vt 0.65460998 0.56273597
vt 0.64735800 0.56586301
vt 0.65863901 0.57415599
vt 0.66802800 0.57355797
vt 0.15159699 0.49441499
vt 0.15104499 0.49475399
vt 0.15153700 0.49265799
vt 0.15231800 0.49206400
vt 0.64174199 0.56285900
vt 0.64674902 0.55921400
vt 0.63827300 0.55689502
vt 0.63506401 0.56102002
vt 0.14346901 0.40541801
vt 0.14034200 0.48728701
vt 0.14495400 0.48530999
vt 0.14454800 0.48850700
vt 0.62758601 0.55902201
vt 0.63009900 0.55522698
vt 0.12001400 0.46937901
vt 0.11952000 0.48292899
vt 0.11770500 0.48383000
vt 0.11797400 0.46963200
vt 0.60102999 0.58265299
vt 0.60154700 0.58557898
vt 0.60783601 0.58322001
vt 0.60779202 0.58086503
vt 0.61382401 0.58018202
vt 0.15579399 0.38047501
vt 0.15392099 0.47797200
vt 0.15580100 0.47484800
vt 0.61325300 0.58244097
vt 0.60837102 0.58571398
vt 0.60885799 0.59598202
vt 0.61087602 0.59571999
vt 0.61318499 0.58493799
vt 0.15158500 0.48620799
vt 0.15238699 0.48951101
vt 0.60297102 0.58783501
vt 0.60663003 0.59700203
vt 0.59785300 0.59195399
vt 0.18207400 0.43683001
vt 0.60475498 0.59858900
vt 0.59367502 0.59578198
vt 0.60958999 0.65031701
vt 0.60978198 0.65372097
vt 0.62329102 0.64998001
vt 0.62126601 0.64663100
vt 0.62672001 0.63420701
vt 0.62914902 0.63831598
vt 0.63682199 0.63216197
vt 0.63347900 0.62870699
vt 0.62410998 0.63019502
vt 0.12682000 0.49646500
vt 0.12569501 0.49497199
vt 0.12830400 0.49548000
vt 0.12932600 0.49681100
vt 0.13102201 0.49968699
vt 0.13072500 0.50124800
vt 0.12807199 0.49795699
vt 0.14718500 0.48712900
vt 0.14631300 0.48954701
vt 0.62959301 0.62475300
vt 0.61738402 0.63458598
vt 0.15305300 0.42901301
vt 0.14834499 0.41655499
vt 0.12733699 0.44767299
vt 0.13259301 0.44797099
vt 0.10770100 0.46917400
vt 0.10715600 0.48732999
vt 0.10409300 0.48762101
vt 0.10596500 0.46837899
vt 0.61898899 0.63936502
vt 0.62036401 0.64383101
vt 0.62324297 0.61021298
vt 0.62192398 0.61373901
vt 0.09503400 0.46929100
vt 0.08668800 0.47028899
vt 0.17730699 0.46873301
vt 0.17942700 0.47881699
vt 0.15224400 0.48537901
vt 0.15275300 0.48865199
vt 0.11269000 0.42672500
vt 0.12528101 0.39932600
vt 0.11633400 0.42118901
vt 0.12677300 0.38676399
vt 0.13268000 0.38428101
vt 0.13018499 0.39169401
vt 0.62415898 0.61677802
vt 0.62628698 0.61216700
vt 0.62423700 0.60672599
vt 0.62767702 0.60757297
vt 0.61376297 0.60731000
vt 0.61349303 0.60881799
vt 0.61299902 0.61047202
vt 0.13713101 0.43748400
vt 0.13199200 0.44162500
vt 0.61390197 0.60594600
vt 0.16493601 0.46456599
vt 0.16351500 0.46158600
vt 0.16543700 0.46259400
vt 0.13357501 0.47543901
vt 0.13147600 0.46164501
vt 0.15251900 0.49992400
vt 0.61398703 0.60468799
vt 0.16177200 0.47942701
vt 0.16326299 0.48805201
vt 0.14782400 0.51000899
vt 0.14962301 0.50459099
vt 0.15154301 0.50274003
vt 0.15223300 0.50583500
vt 0.16488400 0.45449501
vt 0.16613001 0.45132399
vt 0.16806901 0.45407900
vt 0.61402297 0.60347700
vt 0.61404198 0.60225201
vt 0.70488399 0.46795899
vt 0.71506000 0.50341600
vt 0.13240500 0.50232601
vt 0.13226500 0.49931699
vt 0.10587200 0.50113100
vt 0.71834600 0.47527599
vt 0.62578601 0.58690798
vt 0.14461900 0.49542701
vt 0.14398900 0.49315599
vt 0.62807298 0.58972299
vt 0.10378200 0.54860002
vt 0.11240400 0.54095000
vt 0.11615300 0.54032302
vt 0.11746300 0.55432898
vt 0.62452501 0.58903402
vt 0.14157701 0.38209799
vt 0.13593900 0.38959399
vt 0.13396400 0.38880599
vt 0.13770799 0.38284701
vt 0.15821800 0.43898201
vt 0.15822700 0.44389701
vt 0.62631398 0.59185100
vt 0.12356400 0.45126101
vt 0.12472000 0.44914401
vt 0.12266600 0.45792100
vt 0.12188500 0.46078101
vt 0.63065499 0.59337503
vt 0.63801402 0.59014899
vt 0.61930197 0.58677101
vt 0.61325300 0.59709299
vt 0.61372602 0.59833503
vt 0.14990000 0.48192099
vt 0.15084600 0.48076099
vt 0.10647600 0.52509999
vt 0.11220600 0.52050102
vt 0.11835800 0.52856499
vt 0.11274900 0.53213102
vt 0.10905600 0.49932599
vt 0.62114000 0.58901298
vt 0.61654800 0.58543801
vt 0.61229903 0.59617299
vt 0.61388999 0.59964103
vt 0.61398900 0.60095000
vt 0.14455301 0.49106199
vt 0.14304100 0.49103799
vt 0.62203300 0.59128201
vt 0.14526100 0.49191701
vt 0.62323302 0.59389198
vt 0.62785101 0.59522802
vt 0.15458700 0.49067700
vt 0.15853000 0.49055499
vt 0.14530800 0.50790602
vt 0.13651501 0.50941199
vt 0.13733600 0.50793499
vt 0.14415599 0.50619203
vt 0.62436199 0.59918803
vt 0.62457103 0.60147101
vt 0.62872499 0.59812599
vt 0.14919101 0.49684101
vt 0.62906700 0.60094601
vt 0.62407100 0.59677398
vt 0.62449801 0.60390699
vt 0.62866098 0.60394800
vt 0.64556003 0.58656800
vt 0.63968402 0.59325403
vt 0.64596099 0.59758401
vt 0.65238601 0.58769399
vt 0.14089000 0.53078401
vt 0.12971100 0.53184301
vt 0.12953900 0.52664101
vt 0.13726200 0.52951699
vt 0.13000800 0.49583799
vt 0.66223001 0.58747101
vt 0.66189200 0.57984197
vt 0.65903199 0.60003197
vt 0.67118800 0.60176402
vt 0.12325300 0.49336201
vt 0.15879001 0.47156799
vt 0.16036201 0.46340799
vt 0.67315501 0.58913702
vt 0.67118299 0.58095598
vt 0.63228399 0.59641099
vt 0.16457500 0.45690501
vt 0.16459601 0.45718199
vt 0.16435800 0.45718500
vt 0.16425399 0.45686600
vt 0.63331401 0.59951901
vt 0.64940101 0.60797298
vt 0.16324300 0.45539501
vt 0.16184101 0.45370001
vt 0.16369900 0.45205399
vt 0.16393200 0.45468000
vt 0.65780598 0.61182702
vt 0.64087999 0.60583198
vt 0.63689899 0.61222100
vt 0.64309198 0.61541700
vt 0.16441400 0.45613399
vt 0.16451900 0.45653000
vt 0.16411400 0.45642501
vt 0.16403601 0.45593500
vt 0.64973599 0.61836499
vt 0.63834000 0.62204200
vt 0.13451900 0.50416899
vt 0.13141499 0.50369197
vt 0.64313000 0.62549001
vt 0.63347399 0.61856300
vt 0.63232398 0.60416698
vt 0.12131500 0.49369001
vt 0.12040500 0.49101701
vt 0.12559500 0.49728301
vt 0.12436900 0.49549800
vt 0.63062602 0.60944402
vt 0.62862098 0.61500698
vt 0.62615401 0.62074399
vt 0.17892700 0.45137799
vt 0.17614201 0.45293599
vt 0.17546500 0.45012900
vt 0.12059900 0.49701801
vt 0.11907800 0.49884701
vt 0.16263600 0.40210900
vt 0.16287901 0.39709899
vt 0.30617300 0.17560899
vt 0.26044700 0.18471600
vt 0.27172601 0.15731400
vt 0.32052499 0.15122600
vt 0.14749900 0.51743698
vt 0.14617500 0.52517700
vt 0.62196201 0.62605602
vt 0.62018299 0.62171000
vt 0.61614603 0.63031399
vt 0.16452201 0.45568901
vt 0.16429400 0.45559299
vt 0.16431700 0.45458001
vt 0.16590300 0.45734599
vt 0.16485700 0.45693901
vt 0.61482400 0.62555999
vt 0.61170602 0.65984797
vt 0.62769300 0.65620100
vt 0.61412698 0.62168998
vt 0.61022198 0.61352497
vt 0.60806698 0.61409998
vt 0.60836899 0.62322199
vt 0.16310900 0.45624501
vt 0.59095699 0.61373198
vt 0.59214199 0.61679697
vt 0.16413800 0.45854899
vt 0.16482100 0.45895600
vt 0.16468500 0.44435099
vt 0.16108300 0.44378600
vt 0.16365600 0.43734100
vt 0.16411500 0.45550400
vt 0.15071400 0.48418099
vt 0.60253900 0.61068201
vt 0.60228300 0.60919601
vt 0.58689100 0.61396497
vt 0.58928800 0.61756802
vt 0.16126300 0.45744801
vt 0.15713000 0.45504799
vt 0.15792499 0.45180401
vt 0.16123299 0.45544001
vt 0.13998599 0.43001401
vt 0.14101300 0.43408200
vt 0.15270799 0.44833100
vt 0.14941300 0.44285601
vt 0.15684099 0.47793901
vt 0.15859801 0.48466101
vt 0.16485900 0.46574599
vt 0.16197300 0.45957899
vt 0.15766500 0.45852801
vt 0.16565400 0.45817801
vt 0.16756301 0.46026999
vt 0.16672100 0.46139401
vt 0.16537599 0.45868301
vt 0.14079501 0.49239099
vt 0.15428300 0.52209097
vt 0.15385801 0.51249200
vt 0.08227774 0.56513000
vt 0.04709167 0.53698099
vt 0.09278200 0.54046297
vt 0.16328900 0.45715201
vt 0.16464600 0.45737600
vt 0.16482300 0.45743001
vt 0.12613501 0.44157699
vt 0.16269600 0.43451399
vt 0.15461300 0.48699901
vt 0.10962700 0.45801899
vt 0.11219200 0.44541299
vt 0.15296800 0.48803899
vt 0.15287100 0.49010900
vt 0.15954800 0.44383901
vt 0.16032100 0.43807399
vt 0.15272599 0.49080399
vt 0.17438599 0.45258200
vt 0.13241801 0.49011400
vt 0.59798598 0.62189198
vt 0.60412198 0.61337501
vt 0.12921900 0.40152100
vt 0.13405500 0.39545399
vt 0.60308200 0.61213201
vt 0.16484100 0.45722499
vt 0.59513098 0.61936802
vt 0.16457400 0.45258600
vt 0.16360401 0.45799300
vt 0.59560800 0.62537801
vt 0.59174699 0.62093800
vt 0.60819298 0.62751901
vt 0.17110400 0.45846099
vt 0.17127000 0.45523900
vt 0.17459799 0.45633301
vt 0.14595900 0.44463801
vt 0.14978901 0.45155200
vt 0.14704400 0.45386201
vt 0.14228600 0.44690299
vt 0.11550400 0.43333200
vt 0.12023900 0.42154300
vt 0.12420000 0.42344099
vt 0.11988300 0.43510899
vt 0.08281738 0.59290302
vt 0.11226800 0.57192701
vt 0.11759600 0.61044401
vt 0.11511900 0.51047802
vt 0.11291400 0.50744700
vt 0.11690800 0.50205499
vt 0.13541199 0.54610503
vt 0.12136800 0.53839099
vt 0.13007700 0.53756100
vt 0.11236200 0.47008500
vt 0.61846697 0.61840302
vt 0.61188000 0.61220300
vt 0.17022100 0.49328399
vt 0.16322801 0.49347401
vt 0.58086503 0.61395299
vt 0.10968800 0.42818499
vt 0.58454502 0.61859798
vt 0.14210300 0.44104999
vt 0.13725799 0.44375101
vt 0.12724400 0.50746399
vt 0.13257200 0.50778800
vt 0.57861501 0.60996801
vt 0.57511097 0.61278200
vt 0.57772100 0.61749399
vt 0.58143198 0.62287301
vt 0.58888698 0.62291902
vt 0.58690298 0.62731600
vt 0.59347200 0.63308299
vt 0.59407800 0.62818998
vt 0.60823601 0.63211298
vt 0.60869998 0.63657099
vt 0.59194303 0.63804299
vt 0.58490098 0.63213801
vt 0.59011298 0.64348102
vt 0.58311099 0.63845497
vt 0.60932100 0.64657098
vt 0.60921901 0.64157999
vt 0.58208501 0.59823602
vt 0.57682103 0.60254800
vt 0.58458602 0.59905499
vt 0.57998800 0.60332203
vt 0.58854699 0.60009903
vt 0.57891899 0.60562599
vt 0.57356298 0.60692000
vt 0.45485500 0.15980300
vt 0.45664200 0.14280100
vt 0.59098399 0.59995103
vt 0.57456303 0.62096500
vt 0.56991899 0.61554599
vt 0.57051301 0.62771398
vt 0.56734997 0.61967099
vt 0.57478303 0.63519198
vt 0.57806402 0.62760699
vt 0.56782103 0.60980803
vt 0.56946099 0.60571003
vt 0.56481999 0.61183000
vt 0.56643301 0.60658097
vt 0.58309400 0.58305597
vt 0.58189201 0.58159900
vt 0.57658201 0.59419501
vt 0.57428598 0.59401101
vt 0.60773998 0.55593300
vt 0.61955202 0.55292898
vt 0.60810000 0.55258298
vt 0.48002100 0.50462401
vt 0.47963601 0.50441003
vt 0.47990599 0.50409901
vt 0.48000601 0.50414902
vt 0.62103802 0.54865599
vt 0.59179801 0.56459099
vt 0.59268200 0.56658500
vt 0.62335998 0.14013299
vt 0.66944402 0.56451303
vt 0.67680103 0.55957198
vt 0.66727901 0.55393499
vt 0.66099602 0.55930501
vt 0.65187299 0.55506003
vt 0.47894701 0.49885601
vt 0.47936201 0.50091398
vt 0.47846600 0.50135499
vt 0.47697899 0.49982700
vt 0.65638202 0.54952502
vt 0.64492702 0.54720598
vt 0.64162999 0.55231303
vt 0.63209200 0.55123103
vt 0.63404799 0.54627597
vt 0.68581098 0.58652699
vt 0.68825102 0.59912199
vt 0.69752902 0.58187997
vt 0.70138901 0.59619403
vt 0.56492501 0.63361698
vt 0.48013100 0.50389498
vt 0.48076099 0.50394899
vt 0.48065099 0.50454700
vt 0.48008499 0.50406402
vt 0.56394303 0.62446302
vt 0.55805898 0.63823301
vt 0.55815202 0.62856501
vt 0.55942398 0.64922601
vt 0.56724602 0.64424402
vt 0.56172800 0.61417300
vt 0.56359398 0.60742903
vt 0.55770802 0.61697000
vt 0.56037802 0.60781503
vt 0.58039498 0.58032501
vt 0.57898998 0.57876599
vt 0.57204199 0.59343100
vt 0.56924802 0.59298301
vt 0.65700197 0.66720903
vt 0.64781600 0.65855902
vt 0.63410503 0.66660398
vt 0.64087701 0.67801499
vt 0.66815400 0.67549700
vt 0.68122000 0.65999299
vt 0.66999799 0.65459698
vt 0.65931797 0.64886302
vt 0.68857503 0.61269599
vt 0.67717898 0.61320901
vt 0.67500597 0.62649602
vt 0.68517298 0.62647498
vt 0.70098001 0.61101002
vt 0.69717097 0.62711000
vt 0.67824399 0.64065498
vt 0.66760099 0.63763100
vt 0.69057298 0.64341903
vt 0.57997400 0.67093599
vt 0.58335298 0.66264701
vt 0.57521701 0.65135503
vt 0.56994700 0.65679097
vt 0.57412398 0.67777097
vt 0.56259298 0.66193300
vt 0.61869103 0.68528998
vt 0.61623502 0.67282999
vt 0.58893597 0.64767897
vt 0.58413899 0.64425802
vt 0.58805299 0.65096903
vt 0.58213001 0.64510798
vt 0.96042359 0.68926698
vt 0.92392761 0.70985198
vt 0.92163301 0.73306900
vt 0.99000001 0.70692003
vt 0.63077402 0.64075500
vt 0.63406903 0.64399999
vt 0.64346802 0.63721800
vt 0.63946098 0.63437802
vt 0.64718401 0.62787497
vt 0.65211803 0.63040298
vt 0.65912098 0.62290603
vt 0.65424699 0.62161601
vt 0.65965700 0.61577201
vt 0.66502899 0.61508101
vt 0.58175498 0.65030497
vt 0.58688998 0.65486997
vt 0.66309798 0.76093203
vt 0.69743502 0.74374801
vt 0.68335599 0.73485202
vt 0.63967001 0.64956599
vt 0.65013403 0.64177001
vt 0.65885502 0.63360298
vt 0.66576999 0.62532902
vt 0.67003101 0.61855203
vt 0.80726802 0.44554400
vt 0.81020999 0.44678399
vt 0.89525402 0.46865401
vt 0.89922702 0.48754701
vt 0.90159899 0.50049102
vt 0.84938800 0.50314701
vt 0.85534602 0.50508201
vt 0.86238003 0.43335101
vt 0.85536999 0.42729801
vt 0.12514600 0.50996798
vt 0.86302698 0.43567601
vt 0.86867100 0.49770001
vt 0.86993003 0.49568599
vt 0.87082303 0.49590200
vt 0.87111300 0.49338800
vt 0.81371403 0.45814100
vt 0.89344698 0.46784100
vt 0.88900900 0.46780699
vt 0.88494903 0.45750001
vt 0.88604599 0.45724899
vt 0.88226098 0.44503799
vt 0.88316500 0.44536299
vt 0.86668903 0.44244999
vt 0.86940300 0.45124701
vt 0.85774100 0.50500000
vt 0.85562402 0.50638998
vt 0.85877198 0.50562900
vt 0.81635600 0.45640001
vt 0.84651798 0.49977300
vt 0.84325302 0.49779800
vt 0.84398299 0.49755299
vt 0.82512200 0.46290100
vt 0.82609397 0.46421301
vt 0.82271397 0.46145400
vt 0.81860602 0.46008500
vt 0.82531601 0.44890100
vt 0.82833499 0.44823301
vt 0.82810801 0.44600999
vt 0.86977500 0.51330602
vt 0.84166098 0.49700201
vt 0.84258002 0.50044501
vt 0.84480703 0.50195903
vt 0.85992700 0.50663799
vt 0.84645998 0.50296098
vt 0.84630799 0.50154400
vt 0.84938997 0.50455302
vt 0.84630102 0.50055897
vt 0.84595102 0.45712799
vt 0.84298998 0.45634699
vt 0.81421298 0.50047398
vt 0.81689203 0.49380800
vt 0.85107797 0.42504299
vt 0.89381802 0.52248299
vt 0.89607400 0.52995902
vt 0.87149501 0.46094200
vt 0.85283798 0.44536501
vt 0.84828699 0.44284099
vt 0.85693401 0.44876501
vt 0.85994500 0.45442101
vt 0.84146601 0.48308101
vt 0.85775799 0.48791301
vt 0.85901302 0.48464999
vt 0.85511303 0.48873901
vt 0.89041102 0.53928697
vt 0.88422698 0.53773201
vt 0.88955200 0.52532202
vt 0.88436300 0.53271300
vt 0.82286400 0.45326000
vt 0.83199602 0.44535899
vt 0.83266002 0.44871399
vt 0.83402503 0.44502801
vt 0.83548200 0.44702700
vt 0.83747703 0.44966501
vt 0.83906400 0.45288700
vt 0.83926600 0.45667100
vt 0.82433403 0.45828301
vt 0.84579903 0.53205597
vt 0.82410997 0.45609501
vt 0.82378697 0.46109700
vt 0.82272100 0.45869800
vt 0.82240301 0.45595700
vt 0.83840001 0.43395799
vt 0.84151000 0.43815801
vt 0.83557802 0.43547699
vt 0.84466201 0.44069099
vt 0.83332998 0.43673399
vt 0.89076298 0.52517301
vt 0.88911802 0.53345400
vt 0.80376500 0.45406201
vt 0.73254102 0.48988900
vt 0.74693400 0.52528298
vt 0.50850803 0.41268301
vt 0.50809699 0.41177100
vt 0.69059598 0.46250501
vt 0.67490202 0.45904201
vt 0.56858599 0.38806701
vt 0.56264400 0.38292500
vt 0.55121702 0.38789800
vt 0.55854201 0.39225900
vt 0.52762097 0.40062600
vt 0.52582800 0.40498999
vt 0.53234398 0.40346301
vt 0.53321201 0.39695701
vt 0.59507197 0.44168299
vt 0.60787499 0.44814900
vt 0.61653000 0.43148601
vt 0.60417098 0.42614901
vt 0.51040500 0.41423601
vt 0.51077199 0.41536900
vt 0.51381999 0.41553399
vt 0.51315701 0.41438600
vt 0.50992000 0.41270199
vt 0.51256198 0.41257700
vt 0.50898200 0.41427201
vt 0.50933999 0.41542700
vt 0.60931301 0.35515699
vt 0.59661698 0.36366001
vt 0.60091501 0.37648201
vt 0.61405599 0.37165001
vt 0.58887798 0.47807899
vt 0.59959298 0.46283400
vt 0.58871102 0.45628199
vt 0.57926202 0.47249001
vt 0.56763297 0.48981601
vt 0.57661003 0.49443901
vt 0.55558699 0.51686698
vt 0.55162901 0.50715101
vt 0.54145998 0.50814998
vt 0.54637402 0.51212603
vt 0.54224199 0.49509400
vt 0.55557603 0.49950600
vt 0.53354597 0.49180299
vt 0.47389200 0.50170201
vt 0.47707000 0.50241101
vt 0.47627100 0.50451398
vt 0.47294500 0.50585502
vt 0.52819300 0.49465799
vt 0.54798198 0.49200800
vt 0.48765999 0.50561601
vt 0.48475099 0.50726599
vt 0.48483300 0.50382000
vt 0.48665100 0.50177503
vt 0.55482000 0.48767799
vt 0.53931803 0.48902300
vt 0.51913601 0.49825099
vt 0.52716202 0.49928701
vt 0.48267499 0.50868702
vt 0.48266900 0.51244700
vt 0.47955000 0.51242000
vt 0.48038900 0.50890303
vt 0.48124501 0.50274003
vt 0.48227400 0.50152200
vt 0.48250800 0.50407600
vt 0.47818300 0.50384098
vt 0.47838601 0.50290298
vt 0.47939801 0.50355202
vt 0.47934300 0.50386900
vt 0.52899200 0.50691199
vt 0.50374800 0.50445801
vt 0.50463498 0.50842297
vt 0.53072298 0.59472501
vt 0.54189199 0.59036797
vt 0.52993602 0.58563501
vt 0.54173100 0.58161002
vt 0.52166498 0.51311100
vt 0.53168601 0.51683199
vt 0.51532203 0.51557398
vt 0.52208799 0.52189302
vt 0.51063901 0.64605200
vt 0.50217003 0.49302700
vt 0.50354499 0.49060500
vt 0.50024498 0.49790001
vt 0.90945703 0.77621901
vt 0.88889199 0.81006700
vt 0.51034802 0.45582199
vt 0.51111102 0.45953399
vt 0.50842899 0.42901200
vt 0.50339699 0.43270901
vt 0.50411397 0.43886399
vt 0.51026601 0.43541700
vt 0.51440799 0.43015200
vt 0.51144099 0.42424199
vt 0.50707197 0.42604700
vt 0.50266802 0.42939499
vt 0.51580602 0.44065499
vt 0.50745201 0.44518501
vt 0.50915098 0.44881499
vt 0.51949102 0.44381800
vt 0.56605297 0.47332999
vt 0.55067801 0.47911301
vt 0.53335702 0.48228601
vt 0.51942402 0.48292401
vt 0.51644498 0.48832601
vt 0.52667201 0.48897099
vt 0.51398301 0.49062800
vt 0.52256602 0.49134800
vt 0.51920801 0.49384001
vt 0.51542199 0.49717200
vt 0.51173902 0.49696699
vt 0.51143599 0.49871501
vt 0.51211500 0.49298000
vt 0.50695503 0.55682898
vt 0.50713801 0.56835002
vt 0.52641797 0.46059901
vt 0.51159102 0.46395701
vt 0.51087999 0.47250801
vt 0.52639300 0.47082701
vt 0.54267401 0.46604800
vt 0.54168600 0.45285499
vt 0.50519699 0.48810500
vt 0.52493501 0.45579201
vt 0.52270198 0.45206100
vt 0.53922498 0.44754499
vt 0.53548700 0.44419700
vt 0.55590999 0.44023600
vt 0.56000799 0.45533299
vt 0.57928598 0.44047600
vt 0.56894100 0.42467499
vt 0.60135198 0.39078301
vt 0.57779098 0.38420799
vt 0.57879502 0.39281499
vt 0.57796198 0.40168500
vt 0.59881401 0.40590000
vt 0.61419600 0.38966599
vt 0.61098498 0.40841499
vt 0.59185302 0.42198101
vt 0.57550597 0.41162899
vt 0.56923097 0.39416900
vt 0.55910701 0.39510101
vt 0.56813997 0.40142399
vt 0.55815297 0.40176699
vt 0.56648201 0.40911400
vt 0.55724800 0.40863600
vt 0.55622399 0.41772699
vt 0.56399101 0.41917700
vt 0.52926499 0.41011599
vt 0.53018200 0.41604400
vt 0.53894401 0.41698301
vt 0.53721398 0.40945801
vt 0.52678800 0.40857300
vt 0.53537798 0.40527001
vt 0.51480401 0.41691101
vt 0.51566201 0.41885701
vt 0.27562901 0.21278600
vt 0.23749200 0.22050400
vt 0.52355802 0.40795901
vt 0.52891701 0.40520200
vt 0.54449701 0.39780399
vt 0.54630500 0.40181699
vt 0.54709101 0.40858400
vt 0.54733902 0.41670200
vt 0.53149003 0.44095999
vt 0.54493201 0.43318900
vt 0.53887701 0.43026799
vt 0.52637303 0.43674499
vt 0.53242898 0.42804599
vt 0.50963700 0.42216101
vt 0.52117002 0.43482500
vt 0.51230401 0.41951299
vt 0.51056403 0.41868800
vt 0.51624900 0.42327499
vt 0.51130301 0.41642001
vt 0.51174498 0.41731200
vt 0.50976300 0.41650999
vt 0.51019198 0.41729200
vt 0.52625000 0.42648301
vt 0.55116498 0.43541500
vt 0.52124101 0.44828400
vt 0.50989300 0.45254400
vt 0.37238801 0.53267598
vt 0.37403199 0.52703100
vt 0.38770801 0.53646201
vt 0.38576600 0.54071897
vt 0.50467098 0.53621799
vt 0.50638199 0.54628003
vt 0.54215997 0.39121500
vt 0.53413099 0.12741099
vt 0.17571400 0.46021199
vt 0.17750999 0.46165299
vt 0.11074200 0.50375497
vt 0.57291698 0.37737501
vt 0.50919199 0.41159400
vt 0.51245600 0.41051999
vt 0.59858602 0.34076399
vt 0.58184397 0.32891399
vt 0.57355702 0.34064299
vt 0.58753699 0.35164899
vt 0.55681801 0.35895500
vt 0.56574100 0.36928499
vt 0.12706500 0.49924901
vt 0.55545199 0.37388799
vt 0.54757500 0.36459500
vt 0.53934801 0.37073600
vt 0.54577601 0.37873900
vt 0.52299500 0.38855600
vt 0.51624399 0.38251701
vt 0.50814098 0.39905599
vt 0.51144600 0.40329900
vt 0.51243299 0.40812400
vt 0.52648699 0.39725301
vt 0.11724700 0.51335102
vt 0.12170800 0.51961499
vt 0.12022000 0.52402800
vt 0.11495500 0.51707000
vt 0.52787203 0.38231301
vt 0.53187901 0.39052001
vt 0.51973999 0.37636101
vt 0.57638800 0.13291800
vt 0.53876001 0.38381499
vt 0.53260899 0.37688699
vt 0.52372301 0.37077701
vt 0.52918601 0.36366099
vt 0.53535998 0.35576999
vt 0.54254502 0.34879199
vt 0.55590397 0.33079699
vt 0.56001002 0.31885499
vt 0.53625703 0.32424000
vt 0.53871500 0.31346399
vt 0.52718598 0.34202799
vt 0.52186602 0.35056099
vt 0.51789701 0.35863301
vt 0.51471502 0.36608601
vt 0.50722301 0.48340499
vt 0.50881100 0.49747100
vt 0.50523800 0.50015199
vt 0.50699800 0.51170200
vt 0.49933901 0.50261199
vt 0.51158702 0.51539999
vt 0.50834602 0.51500398
vt 0.50991797 0.51887399
vt 0.51328099 0.51955599
vt 0.50568002 0.51528901
vt 0.50792599 0.51903701
vt 0.49985701 0.51539600
vt 0.50091898 0.52120501
vt 0.50294000 0.52945203
vt 0.50151598 0.52442902
vt 0.51089799 0.52211100
vt 0.51568198 0.52543598
vt 0.12333600 0.50147498
vt 0.52090597 0.53241199
vt 0.53052002 0.52843100
vt 0.73464400 0.92113400
vt 0.51205301 0.37156999
vt 0.50883901 0.37790599
vt 0.16049100 0.42962599
vt 0.13694800 0.48550299
vt 0.50317299 0.40755901
vt 0.50485897 0.40467900
vt 0.50159198 0.40287599
vt 0.12508900 0.52322698
vt 0.12609200 0.51661700
vt 0.50045300 0.40619799
vt 0.50274199 0.37661400
vt 0.12088300 0.46953800
vt 0.12183100 0.49931401
vt 0.12395700 0.49811900
vt 0.14262401 0.51323903
vt 0.14487401 0.45772800
vt 0.13610600 0.45535499
vt 0.13878401 0.45006001
vt 0.14575399 0.45528001
vt 0.15189700 0.47955701
vt 0.49997500 0.39527401
vt 0.50389701 0.39634499
vt 0.50380498 0.36968100
vt 0.50540501 0.36388499
vt 0.50739199 0.35635099
vt 0.49876001 0.40203801
vt 0.49815100 0.40555701
vt 0.18694000 0.43692699
vt 0.50875598 0.41028300
vt 0.14210200 0.41935101
vt 0.13806000 0.42259601
vt 0.11566700 0.47001201
vt 0.50733203 0.41084000
vt 0.50728101 0.40737501
vt 0.50562799 0.40917599
vt 0.51828301 0.31059501
vt 0.51655602 0.32017899
vt 0.50966197 0.34723401
vt 0.51228601 0.33776399
vt 0.99000001 0.74577302
vt 0.76261503 0.72840899
vt 0.74632698 0.72123599
vt 0.13409100 0.50251901
vt 0.71692199 0.75009698
vt 0.73365700 0.75654697
vt 0.77768302 0.73850697
vt 0.75020301 0.76432699
vt 0.82946903 0.82133299
vt 0.79338503 0.84009200
vt 0.75659299 0.89281601
vt 0.86135000 0.80673701
vt 0.88114202 0.76108801
vt 0.84720600 0.78625101
vt 0.81208098 0.80877203
vt 0.15556601 0.42898500
vt 0.15458100 0.41507101
vt 0.15917200 0.41394100
vt 0.14344899 0.49188799
vt 0.77661002 0.82580000
vt 0.75537002 0.85088199
vt 0.72072101 0.85173702
vt 0.74426401 0.82929599
vt 0.70821202 0.90097803
vt 0.67766702 0.92736298
vt 0.50726402 0.58000302
vt 0.99000001 0.32185099
vt 0.91257572 0.31593400
vt 0.76014102 0.16774499
vt 0.86837500 0.38502300
vt 0.87088901 0.38533801
vt 0.81638300 0.26655099
vt 0.83620298 0.30984700
vt 0.88507301 0.43707800
vt 0.88800699 0.44727999
vt 0.88256699 0.43672800
vt 0.88553900 0.44750801
vt 0.88970602 0.45763299
vt 0.88013703 0.43356600
vt 0.87725401 0.53547001
vt 0.87082499 0.53283101
vt 0.10780300 0.42941999
vt 0.10530500 0.43531200
vt 0.85731000 0.38091499
vt 0.86160499 0.38116601
vt 0.16443799 0.45736301
vt 0.85935903 0.37928301
vt 0.85606700 0.37850600
vt 0.85346699 0.37989199
vt 0.85328901 0.37804100
vt 0.85379797 0.58926702
vt 0.86174202 0.37286401
vt 0.86960500 0.38255200
vt 0.86532402 0.38115001
vt 0.86145103 0.37747201
vt 0.85577202 0.37585101
vt 0.85113299 0.37562600
vt 0.84992099 0.37853801
vt 0.11788900 0.42074099
vt 0.12734200 0.40046000
vt 0.19957399 0.22793899
vt 0.16553999 0.23783199
vt 0.18208800 0.20554700
vt 0.21778700 0.19434901
vt 0.18576600 0.47470599
vt 0.18343300 0.45613599
vt 0.18596600 0.45288700
vt 0.87929201 0.43291199
vt 0.86054701 0.39375901
vt 0.39310199 0.17715600
vt 0.41211101 0.15147901
vt 0.89241397 0.51629603
vt 0.89492297 0.51110399
vt 0.88932699 0.50827003
vt 0.88671303 0.51293302
vt 0.99000001 0.44497600
vt 0.99000001 0.47739899
vt 0.95084542 0.56784701
vt 0.88985300 0.52096403
vt 0.88430703 0.51675999
vt 0.89171702 0.45764101
vt 0.89195502 0.52163601
vt 0.89460403 0.51682901
vt 0.88101298 0.51380497
vt 0.88357902 0.51028198
vt 0.88598400 0.50614798
vt 0.89732701 0.51100802
vt 0.19540700 0.43658799
vt 0.21113101 0.43838799
vt 0.20922700 0.48704600
vt 0.19775200 0.46522701
vt 0.89575899 0.53570199
vt 0.87390298 0.64098901
vt 0.91442919 0.62294298
vt 0.87116200 0.67737198
vt 0.91168952 0.65910202
vt 0.95401013 0.63986403
vt 0.95690042 0.60124499
vt 0.88079900 0.53616297
vt 0.86939299 0.52773601
vt 0.78275502 0.75225699
vt 0.80588597 0.72964501
vt 0.75296497 0.77723300
vt 0.75849903 0.78738999
vt 0.78762001 0.76582402
vt 0.81971699 0.73191297
vt 0.85871798 0.62610000
vt 0.85405499 0.65937001
vt 0.83888102 0.68326098
vt 0.25977999 0.62550497
vt 0.24721800 0.62293100
vt 0.24793699 0.58655399
vt 0.25827301 0.59501600
vt 0.84975702 0.69800901
vt 0.81948102 0.75281799
vt 0.84568101 0.72240299
vt 0.82242298 0.77599102
vt 0.84813201 0.75210100
vt 0.87319100 0.73301500
vt 0.86882001 0.70278800
vt 0.79230797 0.77729201
vt 0.76270401 0.79830402
vt 0.79375201 0.79612899
vt 0.76744199 0.80881703
vt 0.82677901 0.69109601
vt 0.83743203 0.35379401
vt 0.82339603 0.36032599
vt 0.42642200 0.80736297
vt 0.46332401 0.81098598
vt 0.46083599 0.82808399
vt 0.42058200 0.82380903
vt 0.80388498 0.40775201
vt 0.75380200 0.49551699
vt 0.76446599 0.54333001
vt 0.77230799 0.50763899
vt 0.76625502 0.45844901
vt 0.38871199 0.87447703
vt 0.43836901 0.88552499
vt 0.41528800 0.90410602
vt 0.36389801 0.88913298
vt 0.30452001 0.51527500
vt 0.30364001 0.49275801
vt 0.31749400 0.49343601
vt 0.31770000 0.51481903
vt 0.77364898 0.59204900
vt 0.78308600 0.55532497
vt 0.79376501 0.59950101
vt 0.77710402 0.63826901
vt 0.99000001 0.62165600
vt 0.99000001 0.58694899
vt 0.15457900 0.40351200
vt 0.15755901 0.40313199
vt 0.99000001 0.55953097
vt 0.67324400 0.72504401
vt 0.37481299 0.91910797
vt 0.32893401 0.90017998
vt 0.67991102 0.77076602
vt 0.99000001 0.66529900
vt 0.91278440 0.68418503
vt 0.95098442 0.66479897
vt 0.99000001 0.64450598
vt 0.99000001 0.52273601
vt 0.72947699 0.82252598
vt 0.71426302 0.60702699
vt 0.71400201 0.58714598
vt 0.71096498 0.62779403
vt 0.70854002 0.56810999
vt 0.55781901 0.57263100
vt 0.55618399 0.56625903
vt 0.55490702 0.55770600
vt 0.56988198 0.55211800
vt 0.56740999 0.54276800
vt 0.54130399 0.56371099
vt 0.54167300 0.57251698
vt 0.55283397 0.55010700
vt 0.55070800 0.54002303
vt 0.54238403 0.55261201
vt 0.56300598 0.49541101
vt 0.56957299 0.50814402
vt 0.56088001 0.52513999
vt 0.57994801 0.52823198
vt 0.57577300 0.51913202
vt 0.56470102 0.53477699
vt 0.58429301 0.53704298
vt 0.54715401 0.52883601
vt 0.53921801 0.52012497
vt 0.54365402 0.53995502
vt 0.52783900 0.54245502
vt 0.52929503 0.55460399
vt 0.57170701 0.55837703
vt 0.58740902 0.54280299
vt 0.58559698 0.50367802
vt 0.59848899 0.48773399
vt 0.59360898 0.51386899
vt 0.60580498 0.50009501
vt 0.59827501 0.52276301
vt 0.61145300 0.50940502
vt 0.60971302 0.47231901
vt 0.61923301 0.45685601
vt 0.62882203 0.43831399
vt 0.63034499 0.46789700
vt 0.64123100 0.44849300
vt 0.63912398 0.47997499
vt 0.65183902 0.46182799
vt 0.44772801 0.59542102
vt 0.44399500 0.60099798
vt 0.43184099 0.58548403
vt 0.43383500 0.57921499
vt 0.47230601 0.75527102
vt 0.46895099 0.77247298
vt 0.43917799 0.77076501
vt 0.44525099 0.75434798
vt 0.61859202 0.48456299
vt 0.62562603 0.49480799
vt 0.61644900 0.51815802
vt 0.60218102 0.53019500
vt 0.64644301 0.51184201
vt 0.64450401 0.49502599
vt 0.63050401 0.50698698
vt 0.63363498 0.51880401
vt 0.65974301 0.47965801
vt 0.66082197 0.50233603
vt 0.66154701 0.51941198
vt 0.60900599 0.54766703
vt 0.59201902 0.56042600
vt 0.62264001 0.54251701
vt 0.64750499 0.52294397
vt 0.63469702 0.52668899
vt 0.68347001 0.54730803
vt 0.67280602 0.54292101
vt 0.64824200 0.53906202
vt 0.63588899 0.53946799
vt 0.66126299 0.54034501
vt 0.57755399 0.57578599
vt 0.56545597 0.59167498
vt 0.84631199 0.27588099
vt 0.52880001 0.56555700
vt 0.52912998 0.57582498
vt 0.55229002 0.66424501
vt 0.54890299 0.65187502
vt 0.52410501 0.64803398
vt 0.56131399 0.68173802
vt 0.55611300 0.60578501
vt 0.41708499 0.56882399
vt 0.41894099 0.56421298
vt 0.55128002 0.61839801
vt 0.54878902 0.63016200
vt 0.54780799 0.64047301
vt 0.45818901 0.84452701
vt 0.41454500 0.83948398
vt 0.15946800 0.86264402
vt 0.18963701 0.87733197
vt 0.19557600 0.90389299
vt 0.14325000 0.87160701
vt 0.59442002 0.72019601
vt 0.58319902 0.70777601
vt 0.72689599 0.71657199
vt 0.74707597 0.68783897
vt 0.67636698 0.68700099
vt 0.69197702 0.66907102
vt 0.70377100 0.64899099
vt 0.75867897 0.65239799
vt 0.76091200 0.61148500
vt 0.75631797 0.56875300
vt 0.03620401 0.47528499
vt 0.06273358 0.46952400
vt 0.04701796 0.50870103
vt 0.02680724 0.52205801
vt 0.70563102 0.79014200
vt 0.34086701 0.18890700
vt 0.36061701 0.16063100
vt 0.71032399 0.80311799
vt 0.69392401 0.77982903
vt 0.69821501 0.84639102
vt 0.68156898 0.83701003
vt 0.71848601 0.81374699
vt 0.67196900 0.82339400
vt 0.66775399 0.80739999
vt 0.65405202 0.79783303
vt 0.64139098 0.78687501
vt 0.62827402 0.77348298
vt 0.88108402 0.28151199
vt 0.51275897 0.50402498
vt 0.51267999 0.50406200
vt 0.29843500 0.70479602
vt 0.28646201 0.71315700
vt 0.26712301 0.68777102
vt 0.28079700 0.68223602
vt 0.51270998 0.50391102
vt 0.51263100 0.50393301
vt 0.51261997 0.50375700
vt 0.51200402 0.50092101
vt 0.51218200 0.50238597
vt 0.51248801 0.50343800
vt 0.81203699 0.38204801
vt 0.47784200 0.72125298
vt 0.45449001 0.72180003
vt 0.46016601 0.70368701
vt 0.47992900 0.70153999
vt 0.26161999 0.56484699
vt 0.25359401 0.55022103
vt 0.26566100 0.51695198
vt 0.27150100 0.53596097
vt 0.29258201 0.51884001
vt 0.29034701 0.49621099
vt 0.43309301 0.78876603
vt 0.46623200 0.79162699
vt 0.25340700 0.65724099
vt 0.26739001 0.65537101
vt 0.45910099 0.60329998
vt 0.45250899 0.60981899
vt 0.46396700 0.62357903
vt 0.48273599 0.61604100
vt 0.48314199 0.63233203
vt 0.46834201 0.63587803
vt 0.38251600 0.74704200
vt 0.37446901 0.76066101
vt 0.34363899 0.75074399
vt 0.35217100 0.73838902
vt 0.40439200 0.85762501
vt 0.45049101 0.86538702
vt 0.48229301 0.67272800
vt 0.46717101 0.67515498
vt 0.46844900 0.66017699
vt 0.48207000 0.65883899
vt 0.40305501 0.54901701
vt 0.40158501 0.55343300
vt 0.14498401 0.37071800
vt 0.14733100 0.37707001
vt 0.18558601 0.52544600
vt 0.19390900 0.49480000
vt 0.20228800 0.52655602
vt 0.19081999 0.56552899
vt 0.17787500 0.59842998
vt 0.16588600 0.61921698
vt 0.15879001 0.57295102
vt 0.17442299 0.55309802
vt 0.15086500 0.21420801
vt 0.13467400 0.24418400
vt 0.48425800 0.60209101
vt 0.48520300 0.59054798
vt 0.03867927 0.44011301
vt 0.05416707 0.43543401
vt 0.47894299 0.50543898
vt 0.47993001 0.50384098
vt 0.47970900 0.50330001
vt 0.47990099 0.50373602
vt 0.47791100 0.50782698
vt 0.47596699 0.51080698
vt 0.47914100 0.50229299
vt 0.47951701 0.50217098
vt 0.47983301 0.50334901
vt 0.47988001 0.50397003
vt 0.49351901 0.50752801
vt 0.49324799 0.51275098
vt 0.48787501 0.51315200
vt 0.48902601 0.50869000
vt 0.48014599 0.50377899
vt 0.48045099 0.50351900
vt 0.48246700 0.50559402
vt 0.48036799 0.50468600
vt 0.48005000 0.50411397
vt 0.48139200 0.50619799
vt 0.48306999 0.49925900
vt 0.48012999 0.50616598
vt 0.14577401 0.43857300
vt 0.21889400 0.26848599
vt 0.18574800 0.31488001
vt 0.17459901 0.30928701
vt 0.20196401 0.26233700
vt 0.14057299 0.49003401
vt 0.22192100 0.68191898
vt 0.20700800 0.69808197
vt 0.18182001 0.65686297
vt 0.19196001 0.63482100
vt 0.19388700 0.71556401
vt 0.16629300 0.67363298
vt 0.15127900 0.63515902
vt 0.12643000 0.58293998
vt 0.37221399 0.58250397
vt 0.36886701 0.57855499
vt 0.37258899 0.57726097
vt 0.37537801 0.58061498
vt 0.37279201 0.58439201
vt 0.37595499 0.58283699
vt 0.37035301 0.58639902
vt 0.36947501 0.58439898
vt 0.36554199 0.58055103
vt 0.40380001 0.59457600
vt 0.40163901 0.59537899
vt 0.39766699 0.59055501
vt 0.39990199 0.58909500
vt 0.40533000 0.59289002
vt 0.40019700 0.58643299
vt 0.39035201 0.60216200
vt 0.39074299 0.60376197
vt 0.38965899 0.60036498
vt 0.40329301 0.60602403
vt 0.40320000 0.61076403
vt 0.39113301 0.60772902
vt 0.39097100 0.60514200
vt 0.40317401 0.60347801
vt 0.40705699 0.60465699
vt 0.40839601 0.60654199
vt 0.40821901 0.60982198
vt 0.38987699 0.57504302
vt 0.38879400 0.57058603
vt 0.39965001 0.57857102
vt 0.39991400 0.58290201
vt 0.39104101 0.57897198
vt 0.38337001 0.57700002
vt 0.38150701 0.57309502
vt 0.37956899 0.56866801
vt 0.40751699 0.58735901
vt 0.40612701 0.59072602
vt 0.37768099 0.56451100
vt 0.38730800 0.56635398
vt 0.39943501 0.57502800
vt 0.40831199 0.58539701
vt 0.41322199 0.59486997
vt 0.40980899 0.59366500
vt 0.38634700 0.56197399
vt 0.38581699 0.55905098
vt 0.40013301 0.56913197
vt 0.39988300 0.57146800
vt 0.37552401 0.55985999
vt 0.37456399 0.55649102
vt 0.35488501 0.58207703
vt 0.35108501 0.58519000
vt 0.34710100 0.58140099
vt 0.34915900 0.57842398
vt 0.31666699 0.57108402
vt 0.31170401 0.57848799
vt 0.30107000 0.57339799
vt 0.30767700 0.56646001
vt 0.28146699 0.52470601
vt 0.30014601 0.55271298
vt 0.29194099 0.55903602
vt 0.35880899 0.57941598
vt 0.36196101 0.57687801
vt 0.36256400 0.58262902
vt 0.35937101 0.58604902
vt 0.35274401 0.57528102
vt 0.35680801 0.57255697
vt 0.36546600 0.57500798
vt 0.36115900 0.57035601
vt 0.36600301 0.56905699
vt 0.36969799 0.57373202
vt 0.37481299 0.57227403
vt 0.37677500 0.57642502
vt 0.37195301 0.56767398
vt 0.36214301 0.56499600
vt 0.36888000 0.56343001
vt 0.35661301 0.56642699
vt 0.35170099 0.56917000
vt 0.34712699 0.57233399
vt 0.34282401 0.57590199
vt 0.34076101 0.58086699
vt 0.34000400 0.56946802
vt 0.33127201 0.56766498
vt 0.33859700 0.56263602
vt 0.34580901 0.56576502
vt 0.33461201 0.57405901
vt 0.32522500 0.57345098
vt 0.35140300 0.56276798
vt 0.34645000 0.55912501
vt 0.35491800 0.55683398
vt 0.35806900 0.56094402
vt 0.36556199 0.55899298
vt 0.36309999 0.55522501
vt 0.39202401 0.58252800
vt 0.39153200 0.58546197
vt 0.38520801 0.58307701
vt 0.38523099 0.58071703
vt 0.37919000 0.58000398
vt 0.37977600 0.58227003
vt 0.38469201 0.58557600
vt 0.38425499 0.59588301
vt 0.38222700 0.59561199
vt 0.37985799 0.58477497
vt 0.39012200 0.58772302
vt 0.38649800 0.59691000
vt 0.39527500 0.59188098
vt 0.38838500 0.59850299
vt 0.39948100 0.59575701
vt 0.38400900 0.65037102
vt 0.38384899 0.65382200
vt 0.37044400 0.65000200
vt 0.37241799 0.64661902
vt 0.36685401 0.63409901
vt 0.36448100 0.63823301
vt 0.35677701 0.63204098
vt 0.36006299 0.62856603
vt 0.36941099 0.63006198
vt 0.36389300 0.62459397
vt 0.37615499 0.63447797
vt 0.37459701 0.63928503
vt 0.37326699 0.64378297
vt 0.37012899 0.60998398
vt 0.37148201 0.61353803
vt 0.36925101 0.61659098
vt 0.36708400 0.61195701
vt 0.36909199 0.60647303
vt 0.36564499 0.60734397
vt 0.37960699 0.60713601
vt 0.37990299 0.60865301
vt 0.38041800 0.61031902
vt 0.37943700 0.60576802
vt 0.37932101 0.60450798
vt 0.37922299 0.60330200
vt 0.37917399 0.60208100
vt 0.28778699 0.46793500
vt 0.27795601 0.50337201
vt 0.27439499 0.47525701
vt 0.36729401 0.58668703
vt 0.36504000 0.58950001
vt 0.36856699 0.58880401
vt 0.36681300 0.59161502
vt 0.36250299 0.59314799
vt 0.35518000 0.58995301
vt 0.37374601 0.58656001
vt 0.37986299 0.59695798
vt 0.37941000 0.59818703
vt 0.37193099 0.58878201
vt 0.37649101 0.58525199
vt 0.38080600 0.59605199
vt 0.37927100 0.59948403
vt 0.37919801 0.60078502
vt 0.37106600 0.59103501
vt 0.36990100 0.59363198
vt 0.36531901 0.59498698
vt 0.36885601 0.59891403
vt 0.36867401 0.60119998
vt 0.36448199 0.59788603
vt 0.36417601 0.60070699
vt 0.36910400 0.59650499
vt 0.36878899 0.60364002
vt 0.36461699 0.60371202
vt 0.34766600 0.58639997
vt 0.35353401 0.59305900
vt 0.34734300 0.59740901
vt 0.34088299 0.58753699
vt 0.33109701 0.58734298
vt 0.33139801 0.57973498
vt 0.33437401 0.59988600
vt 0.32221901 0.60165399
vt 0.32019299 0.58905298
vt 0.32212299 0.58087099
vt 0.36090699 0.59619099
vt 0.35991299 0.59930301
vt 0.34401301 0.60780698
vt 0.33568600 0.61168098
vt 0.35246301 0.60563999
vt 0.35648999 0.61203098
vt 0.35035801 0.61524498
vt 0.34377900 0.61821097
vt 0.35515600 0.62187898
vt 0.35042301 0.62534302
vt 0.35996500 0.61838299
vt 0.36094901 0.60395199
vt 0.36270499 0.60923398
vt 0.36476099 0.61481398
vt 0.36727199 0.62057102
vt 0.37150100 0.62590200
vt 0.37326300 0.62154901
vt 0.37734300 0.63017899
vt 0.37864199 0.62542599
vt 0.38195899 0.65997702
vt 0.36608800 0.65625399
vt 0.37932399 0.62155402
vt 0.38320801 0.61340100
vt 0.38536099 0.61398703
vt 0.38508999 0.62311798
vt 0.40242401 0.61378300
vt 0.40127000 0.61682802
vt 0.39084899 0.61061001
vt 0.39107400 0.60913098
vt 0.40647301 0.61400801
vt 0.40410700 0.61759901
vt 0.39546600 0.62185699
vt 0.38930300 0.61328399
vt 0.39032900 0.61205202
vt 0.39830500 0.61936599
vt 0.39784199 0.62534797
vt 0.40167201 0.62094599
vt 0.38528100 0.62741899
vt 0.37496799 0.61823797
vt 0.38154700 0.61206400
vt 0.41248399 0.61399400
vt 0.40883800 0.61862898
vt 0.41470200 0.61001801
vt 0.41818899 0.61281598
vt 0.41561100 0.61753398
vt 0.41193101 0.62291402
vt 0.40452999 0.62293100
vt 0.40650100 0.62734401
vt 0.39998600 0.63308400
vt 0.39938399 0.62816501
vt 0.38526100 0.63201600
vt 0.38482201 0.63650900
vt 0.40150601 0.63806897
vt 0.40849000 0.63218302
vt 0.40332499 0.64352900
vt 0.41027501 0.63851500
vt 0.38424799 0.64658201
vt 0.38432699 0.64155400
vt 0.41113701 0.59826398
vt 0.41643599 0.60258299
vt 0.40863600 0.59907502
vt 0.41327301 0.60335898
vt 0.40466300 0.60012400
vt 0.41436100 0.60567498
vt 0.41971099 0.60695601
vt 0.40220800 0.59997302
vt 0.41875201 0.62100202
vt 0.42336300 0.61556399
vt 0.42281100 0.62779301
vt 0.42594001 0.61970103
vt 0.41859999 0.63533199
vt 0.41528299 0.62765503
vt 0.42544001 0.60982800
vt 0.42379701 0.60573798
vt 0.42847899 0.61187202
vt 0.42685601 0.60660899
vt 0.41011599 0.58313400
vt 0.41132900 0.58170199
vt 0.41662300 0.59421998
vt 0.41891500 0.59405297
vt 0.38544399 0.55603498
vt 0.37363401 0.55296099
vt 0.38509101 0.55270898
vt 0.37214801 0.54868901
vt 0.40136901 0.56468600
vt 0.40051699 0.56670302
vt 0.36866900 0.14010599
vt 0.32381099 0.56442797
vt 0.31641600 0.55953997
vt 0.32588801 0.55387801
vt 0.33220199 0.55922902
vt 0.34132099 0.55498302
vt 0.33675799 0.54949403
vt 0.34820899 0.54717398
vt 0.35154700 0.55226201
vt 0.36105099 0.55121398
vt 0.35907400 0.54627299
vt 0.30756101 0.58640897
vt 0.30528200 0.59905797
vt 0.29591700 0.58184302
vt 0.29221401 0.59618902
vt 0.42841399 0.63372499
vt 0.42934999 0.62452698
vt 0.43529299 0.63841301
vt 0.43517700 0.62871701
vt 0.43393201 0.64940399
vt 0.42613101 0.64438200
vt 0.43158701 0.61425102
vt 0.42970601 0.60744298
vt 0.43563101 0.61712903
vt 0.43293500 0.60783499
vt 0.41282699 0.58044398
vt 0.41422999 0.57891101
vt 0.42114499 0.59345102
vt 0.42393601 0.59301001
vt 0.33693400 0.66720802
vt 0.34602299 0.65856600
vt 0.35969299 0.66665798
vt 0.35301900 0.67813402
vt 0.32602400 0.67560297
vt 0.31284401 0.66000098
vt 0.32392800 0.65455598
vt 0.33452499 0.64881599
vt 0.30507201 0.61263102
vt 0.31643000 0.61313403
vt 0.31869701 0.62642002
vt 0.30857700 0.62646198
vt 0.29270300 0.61101502
vt 0.29666701 0.62711197
vt 0.31563100 0.64062899
vt 0.32620999 0.63756102
vt 0.30336699 0.64342302
vt 0.41343299 0.67115402
vt 0.41009200 0.66281801
vt 0.41816899 0.65147001
vt 0.42343301 0.65694600
vt 0.41929099 0.67803103
vt 0.43076700 0.66212302
vt 0.37507501 0.68557298
vt 0.37743101 0.67301100
vt 0.40449500 0.64775097
vt 0.40925699 0.64433199
vt 0.40537399 0.65106899
vt 0.41125700 0.64519101
vt 0.03805028 0.68897301
vt 0.07351789 0.70956999
vt 0.07567672 0.73300701
vt 0.01000000 0.70681101
vt 0.36291599 0.64069599
vt 0.35967600 0.64396697
vt 0.35024700 0.63713700
vt 0.35419899 0.63427502
vt 0.34642699 0.62774301
vt 0.34154901 0.63029301
vt 0.33449501 0.62277800
vt 0.33932200 0.62147403
vt 0.33388400 0.61563498
vt 0.32854101 0.61495000
vt 0.41164300 0.65040302
vt 0.40654001 0.65499401
vt 0.33247900 0.76294798
vt 0.29942501 0.74483001
vt 0.31263000 0.73582900
vt 0.35412601 0.64956200
vt 0.34363401 0.64172101
vt 0.33486199 0.63351601
vt 0.32789701 0.62521899
vt 0.32359400 0.61844099
vt 0.18519600 0.44565901
vt 0.18228801 0.44689101
vt 0.09812400 0.46850201
vt 0.09437200 0.48745301
vt 0.09215100 0.50043303
vt 0.14386401 0.50331700
vt 0.13800800 0.50517100
vt 0.13026400 0.43343800
vt 0.13712800 0.42745599
vt 0.12964700 0.43579900
vt 0.12474200 0.49780500
vt 0.12347900 0.49580300
vt 0.12260300 0.49601400
vt 0.12229000 0.49351701
vt 0.17890801 0.45824599
vt 0.09988200 0.46772599
vt 0.10429000 0.46770501
vt 0.10822000 0.45742401
vt 0.10714700 0.45713001
vt 0.11075100 0.44496301
vt 0.10987900 0.44523701
vt 0.12609100 0.44254100
vt 0.12350800 0.45131600
vt 0.13563600 0.50509799
vt 0.13775299 0.50648397
vt 0.13462400 0.50573099
vt 0.17626700 0.45651400
vt 0.14668401 0.49992400
vt 0.14991800 0.49797401
vt 0.14918800 0.49771500
vt 0.16761599 0.46303499
vt 0.16666301 0.46435100
vt 0.16999400 0.46158400
vt 0.17406800 0.46019900
vt 0.16727801 0.44902700
vt 0.16427100 0.44836000
vt 0.16446900 0.44613600
vt 0.12379200 0.51339799
vt 0.15149400 0.49717799
vt 0.15061700 0.50062603
vt 0.14841600 0.50214601
vt 0.13349900 0.50674200
vt 0.14678299 0.50314498
vt 0.14691800 0.50172299
vt 0.14388201 0.50473702
vt 0.14691100 0.50072300
vt 0.14683101 0.45727700
vt 0.14976500 0.45649299
vt 0.17883199 0.50066900
vt 0.17611200 0.49395001
vt 0.14138401 0.42516801
vt 0.09999900 0.52252001
vt 0.09780300 0.52997798
vt 0.12155000 0.46100700
vt 0.13986200 0.44550401
vt 0.14435600 0.44297501
vt 0.13583000 0.44891199
vt 0.13289499 0.45456901
vt 0.15156300 0.48324600
vt 0.13544500 0.48806301
vt 0.13417700 0.48480499
vt 0.13807499 0.48888499
vt 0.10349300 0.53934002
vt 0.10962600 0.53779000
vt 0.10424900 0.52537000
vt 0.10946500 0.53277701
vt 0.16975901 0.45339099
vt 0.16059600 0.44548801
vt 0.15997000 0.44884300
vt 0.15857500 0.44516000
vt 0.15714601 0.44715899
vt 0.15518500 0.44980001
vt 0.15363900 0.45302701
vt 0.15347400 0.45681199
vt 0.16834800 0.45841801
vt 0.14770401 0.53220803
vt 0.16854800 0.45622599
vt 0.16892301 0.46122900
vt 0.16995700 0.45882699
vt 0.17024399 0.45608601
vt 0.15410499 0.43407801
vt 0.15105499 0.43828401
vt 0.15692499 0.43559599
vt 0.14794300 0.44082099
vt 0.15917601 0.43685400
vt 0.10306200 0.52520901
vt 0.10474400 0.53350300
vt 0.18875501 0.45423400
vt 0.26035801 0.48990700
vt 0.24626300 0.52513701
vt 0.48282900 0.41116899
vt 0.48312300 0.41036999
vt 0.30198601 0.46251500
vt 0.31762099 0.45909899
vt 0.42311299 0.38785401
vt 0.42899299 0.38267499
vt 0.44043401 0.38754901
vt 0.43318099 0.39196500
vt 0.46398401 0.39996701
vt 0.46590200 0.40428999
vt 0.45939299 0.40286800
vt 0.45840299 0.39640799
vt 0.39725301 0.44170699
vt 0.38448501 0.44820401
vt 0.37565100 0.43156001
vt 0.38795000 0.42619801
vt 0.48130599 0.41281700
vt 0.48114699 0.41396201
vt 0.47810501 0.41464400
vt 0.47865200 0.41342399
vt 0.48155200 0.41135299
vt 0.47905600 0.41159600
vt 0.48255399 0.41256499
vt 0.48246500 0.41366401
vt 0.38221100 0.35512000
vt 0.39495501 0.36359599
vt 0.39077201 0.37643600
vt 0.37761000 0.37161300
vt 0.40372801 0.47808799
vt 0.39285299 0.46286201
vt 0.40369299 0.45627299
vt 0.41328701 0.47245800
vt 0.42514199 0.48978901
vt 0.41617900 0.49442500
vt 0.43746901 0.51683998
vt 0.44149899 0.50711101
vt 0.45197701 0.50814801
vt 0.44683400 0.51210600
vt 0.45091501 0.49497500
vt 0.43745199 0.49949199
vt 0.45920601 0.49169201
vt 0.46459001 0.49456599
vt 0.44498301 0.49192199
vt 0.43796200 0.48761800
vt 0.45338300 0.48889899
vt 0.47354701 0.49821401
vt 0.46613199 0.49926299
vt 0.46546599 0.50682199
vt 0.48892099 0.50446701
vt 0.48803499 0.50877303
vt 0.46247101 0.59479302
vt 0.45132801 0.59048402
vt 0.46323600 0.58570600
vt 0.45146900 0.58172601
vt 0.47147900 0.51298499
vt 0.46153101 0.51682502
vt 0.47747499 0.51556599
vt 0.47083601 0.52190697
vt 0.48264000 0.64608198
vt 0.49034300 0.49299401
vt 0.48894200 0.49057001
vt 0.49231201 0.49788699
vt 0.08690000 0.77661997
vt 0.10772700 0.81050301
vt 0.48205701 0.45574701
vt 0.48128501 0.45946401
vt 0.48420301 0.42853001
vt 0.48924699 0.43242401
vt 0.48840800 0.43864200
vt 0.48224401 0.43500501
vt 0.47805399 0.42959899
vt 0.48112899 0.42355999
vt 0.48566899 0.42554799
vt 0.49007201 0.42905200
vt 0.47662300 0.44038901
vt 0.48499700 0.44503900
vt 0.48327801 0.44870400
vt 0.47291601 0.44361201
vt 0.42653701 0.47330001
vt 0.44195899 0.47903901
vt 0.45922899 0.48216999
vt 0.47306299 0.48282599
vt 0.47603199 0.48822901
vt 0.46589500 0.48884699
vt 0.47848600 0.49054301
vt 0.47000501 0.49124900
vt 0.47336501 0.49375600
vt 0.47722101 0.49712801
vt 0.48072600 0.49691200
vt 0.48124400 0.49866900
vt 0.48033899 0.49290100
vt 0.48605999 0.55683398
vt 0.48593199 0.56836200
vt 0.46601200 0.46049899
vt 0.48078999 0.46389201
vt 0.48154601 0.47245899
vt 0.46608400 0.47071901
vt 0.44981301 0.46592200
vt 0.45073500 0.45275199
vt 0.48726600 0.48806101
vt 0.46746501 0.45568201
vt 0.46969599 0.45193899
vt 0.45313501 0.44742200
vt 0.45686400 0.44403499
vt 0.43638900 0.44010600
vt 0.43240100 0.45527199
vt 0.41304901 0.44043899
vt 0.42316100 0.42452601
vt 0.39043799 0.39074901
vt 0.41388801 0.38407999
vt 0.41298699 0.39270300
vt 0.41392201 0.40156001
vt 0.39314601 0.40593001
vt 0.37758601 0.38964599
vt 0.38097301 0.40845400
vt 0.40024599 0.42199701
vt 0.41644299 0.41150400
vt 0.42253500 0.39396501
vt 0.43266401 0.39481500
vt 0.42370200 0.40122500
vt 0.43370199 0.40148401
vt 0.42544299 0.40892100
vt 0.43469200 0.40836400
vt 0.43582201 0.41748199
vt 0.42804900 0.41900301
vt 0.46273601 0.40952599
vt 0.46195701 0.41552201
vt 0.45316100 0.41656399
vt 0.45477700 0.40897799
vt 0.46511301 0.40791699
vt 0.45651799 0.40474501
vt 0.47724801 0.41613099
vt 0.47653899 0.41816899
vt 0.46825999 0.40722799
vt 0.46288800 0.40457401
vt 0.44725901 0.39737400
vt 0.44554701 0.40141699
vt 0.44486701 0.40821299
vt 0.44472700 0.41636899
vt 0.46085900 0.44075000
vt 0.44732401 0.43298101
vt 0.45338100 0.42998600
vt 0.46598899 0.43645701
vt 0.45984900 0.42767999
vt 0.48303699 0.42134500
vt 0.47121999 0.43445900
vt 0.48007500 0.41856501
vt 0.48188201 0.41740501
vt 0.47612101 0.42265001
vt 0.48078400 0.41512701
vt 0.48043200 0.41612399
vt 0.48241901 0.41478300
vt 0.48211899 0.41579500
vt 0.46605700 0.42602301
vt 0.44108900 0.43526599
vt 0.47115701 0.44813299
vt 0.48252100 0.45245600
vt 0.48823300 0.53621501
vt 0.48657700 0.54627800
vt 0.44947499 0.39077699
vt 0.45764700 0.12733200
vt 0.41868600 0.37721801
vt 0.48209599 0.41031700
vt 0.47893101 0.40960199
vt 0.39281800 0.34070700
vt 0.40946600 0.32885000
vt 0.41779500 0.34054199
vt 0.40390500 0.35158101
vt 0.43458399 0.35876200
vt 0.42575899 0.36908001
vt 0.43607000 0.37362000
vt 0.44383201 0.36434901
vt 0.45203599 0.37042400
vt 0.44572899 0.37838599
vt 0.46834001 0.38806799
vt 0.47501299 0.38215700
vt 0.48299700 0.39847699
vt 0.47973701 0.40255600
vt 0.47881901 0.40727299
vt 0.46498299 0.39662701
vt 0.46347699 0.38188800
vt 0.45960400 0.39000499
vt 0.47152501 0.37605101
vt 0.41544601 0.13283999
vt 0.45273200 0.38338700
vt 0.45874900 0.37651101
vt 0.46755499 0.37050399
vt 0.46211600 0.36343101
vt 0.45596200 0.35558599
vt 0.44877601 0.34863001
vt 0.43538499 0.33068201
vt 0.43120700 0.31879601
vt 0.45498201 0.32416499
vt 0.45245501 0.31340301
vt 0.46411300 0.34193701
vt 0.46941501 0.35044199
vt 0.47336599 0.35848799
vt 0.47652999 0.36591300
vt 0.48525900 0.48336300
vt 0.48349500 0.49739900
vt 0.48733699 0.50014001
vt 0.48574701 0.51168102
vt 0.49328399 0.50261599
vt 0.48118901 0.51539099
vt 0.48441699 0.51500303
vt 0.48288599 0.51888400
vt 0.47954801 0.51957202
vt 0.48706800 0.51532000
vt 0.48486999 0.51905000
vt 0.49288300 0.51542002
vt 0.49187401 0.52121401
vt 0.48991999 0.52945203
vt 0.49130601 0.52443200
vt 0.48193401 0.52212000
vt 0.47719499 0.52543801
vt 0.47201699 0.53239501
vt 0.46245301 0.52839702
vt 0.25986201 0.91994703
vt 0.47918200 0.37137601
vt 0.48237300 0.37768301
vt 0.48733801 0.40688500
vt 0.48595899 0.40406600
vt 0.48919901 0.40250301
vt 0.49007800 0.40583101
vt 0.48844799 0.37649101
vt 0.49110499 0.39508101
vt 0.48720899 0.39597401
vt 0.48740500 0.36957800
vt 0.48581800 0.36379200
vt 0.48384801 0.35627201
vt 0.49202701 0.40184599
vt 0.49242601 0.40538099
vt 0.48234299 0.40916100
vt 0.48353699 0.40955499
vt 0.48360699 0.40652499
vt 0.48499000 0.40826300
vt 0.47283301 0.31057400
vt 0.47462800 0.32015699
vt 0.48159599 0.34717399
vt 0.47893301 0.33773199
vt 0.01000000 0.74602300
vt 0.23135400 0.72677499
vt 0.24773400 0.71957701
vt 0.28019801 0.74992800
vt 0.26332399 0.75450701
vt 0.21701200 0.73854601
vt 0.24712799 0.76063800
vt 0.16826101 0.82122201
vt 0.20444000 0.83804500
vt 0.23859800 0.89104998
vt 0.13569200 0.80729902
vt 0.11484700 0.76115102
vt 0.14935100 0.78645903
vt 0.18605401 0.80827302
vt 0.22167499 0.82233500
vt 0.24143800 0.84790897
vt 0.27222800 0.85067600
vt 0.24978299 0.82717299
vt 0.28700700 0.90046000
vt 0.31650501 0.92776000
vt 0.48585200 0.58002001
vt 0.01000000 0.32164299
vt 0.08345734 0.31577000
vt 0.23242900 0.16784000
vt 0.12379900 0.38493201
vt 0.12131000 0.38522199
vt 0.17533700 0.26637399
vt 0.15577801 0.30962101
vt 0.10790800 0.43690899
vt 0.10512000 0.44709301
vt 0.11037900 0.43658400
vt 0.10756200 0.44734800
vt 0.10351500 0.45749801
vt 0.11273800 0.43347001
vt 0.11653600 0.53554302
vt 0.12289600 0.53290802
vt 0.13478400 0.38086101
vt 0.13051000 0.38109499
vt 0.13273400 0.37920901
vt 0.13600300 0.37845200
vt 0.13859500 0.37986299
vt 0.13875701 0.37800601
vt 0.14022601 0.58936000
vt 0.13029900 0.37271300
vt 0.12258100 0.38242999
vt 0.12681501 0.38106599
vt 0.13063200 0.37737700
vt 0.13628200 0.37578800
vt 0.14088000 0.37560400
vt 0.14210400 0.37853101
vt 0.11354900 0.43287101
vt 0.13164499 0.39375401
vt 0.10134400 0.51633799
vt 0.09882000 0.51113898
vt 0.10435200 0.50832897
vt 0.10697700 0.51299298
vt 0.01000000 0.44444901
vt 0.01000000 0.47644401
vt 0.04486933 0.56445801
vt 0.10391700 0.52101302
vt 0.10939000 0.51682502
vt 0.10152300 0.45747101
vt 0.10183900 0.52167702
vt 0.09918200 0.51686198
vt 0.11263700 0.51388001
vt 0.11006600 0.51035500
vt 0.10765000 0.50622201
vt 0.09644000 0.51102501
vt 0.09814900 0.53573799
vt 0.12035800 0.64030099
vt 0.08125933 0.62182701
vt 0.12345400 0.67671901
vt 0.08443490 0.65833497
vt 0.04393308 0.63888103
vt 0.04068203 0.59941399
vt 0.11302400 0.53622800
vt 0.12427800 0.52781498
vt 0.21280999 0.75225502
vt 0.18907601 0.72960198
vt 0.24421100 0.77414399
vt 0.23806800 0.78443998
vt 0.20825601 0.76546699
vt 0.17544401 0.73195899
vt 0.13550800 0.62578899
vt 0.14036299 0.65886402
vt 0.15564500 0.68282801
vt 0.14500500 0.69720000
vt 0.17580900 0.75247902
vt 0.14926600 0.72164601
vt 0.17375199 0.77570701
vt 0.14754701 0.75179398
vt 0.12225100 0.73279101
vt 0.12605999 0.70227599
vt 0.20357201 0.77655500
vt 0.23338901 0.79549402
vt 0.20392001 0.79402202
vt 0.22819300 0.80603498
vt 0.16775601 0.69088399
vt 0.15451500 0.35378900
vt 0.16841900 0.36041600
vt 0.18813500 0.40789300
vt 0.23912200 0.49547300
vt 0.22889900 0.54310203
vt 0.22071099 0.50758302
vt 0.22629701 0.45855501
vt 0.22012100 0.59188497
vt 0.21040501 0.55515999
vt 0.20011599 0.59928101
vt 0.21702400 0.63801998
vt 0.01000000 0.62072402
vt 0.01000000 0.58559799
vt 0.01000000 0.55780500
vt 0.32207501 0.72583902
vt 0.31638700 0.77313203
vt 0.01000000 0.66484398
vt 0.08369417 0.68369597
vt 0.04695212 0.66416699
vt 0.01000000 0.64383000
vt 0.01000000 0.52082700
vt 0.26434699 0.82093197
vt 0.27941701 0.60699099
vt 0.27952200 0.58711898
vt 0.28290200 0.62773901
vt 0.28481799 0.56807500
vt 0.43533099 0.57271999
vt 0.43694800 0.56634802
vt 0.43820101 0.55778599
vt 0.42319000 0.55219698
vt 0.42563099 0.54282802
vt 0.45183101 0.56381398
vt 0.45151499 0.57265198
vt 0.44024900 0.55016702
vt 0.44234601 0.54003900
vt 0.45064199 0.55262297
vt 0.42987499 0.49537000
vt 0.42333499 0.50813597
vt 0.43213400 0.52514702
vt 0.41301301 0.52828598
vt 0.41715601 0.51916301
vt 0.42831901 0.53481698
vt 0.40870801 0.53711599
vt 0.44590601 0.52881300
vt 0.45393801 0.52010602
vt 0.44924599 0.53984100
vt 0.46511000 0.54241902
vt 0.46372700 0.55461198
vt 0.42139301 0.55846101
vt 0.40563199 0.54288602
vt 0.40722200 0.50370002
vt 0.39418301 0.48775801
vt 0.39925301 0.51391798
vt 0.38694701 0.50014299
vt 0.39464399 0.52282798
vt 0.38137001 0.50946498
vt 0.38281700 0.47234800
vt 0.37315601 0.45689300
vt 0.36340201 0.43835899
vt 0.36219200 0.46799201
vt 0.35115501 0.44857901
vt 0.35352099 0.48004401
vt 0.34065801 0.46189201
vt 0.37403101 0.48461199
vt 0.36708400 0.49486801
vt 0.37645599 0.51822901
vt 0.39080200 0.53027701
vt 0.34643799 0.51192302
vt 0.34823799 0.49509600
vt 0.36231300 0.50705701
vt 0.35930499 0.51888001
vt 0.33294201 0.47972801
vt 0.33207101 0.50242800
vt 0.33141801 0.51949000
vt 0.38418299 0.54779899
vt 0.40110701 0.56049401
vt 0.37052700 0.54258698
vt 0.34549600 0.52301401
vt 0.35835299 0.52676702
vt 0.30969700 0.54729801
vt 0.32028100 0.54288900
vt 0.34485301 0.53906900
vt 0.35721299 0.53948402
vt 0.33183101 0.54033500
vt 0.41566399 0.57594800
vt 0.42771500 0.59166598
vt 0.14647500 0.27570501
vt 0.46429199 0.56560397
vt 0.46401101 0.57589298
vt 0.44104600 0.66443598
vt 0.44443101 0.65210801
vt 0.46918499 0.64809197
vt 0.43205100 0.68198699
vt 0.43719000 0.60585898
vt 0.44205299 0.61860102
vt 0.44456500 0.63034701
vt 0.44553700 0.64070302
vt 0.39923900 0.72083098
vt 0.41028899 0.70821702
vt 0.26783201 0.71601802
vt 0.24735101 0.68725300
vt 0.31804699 0.68716300
vt 0.30226699 0.66914803
vt 0.29024500 0.64894599
vt 0.23551100 0.65220100
vt 0.23295499 0.61132300
vt 0.23721600 0.56853402
vt 0.28915399 0.79014099
vt 0.28373900 0.80259502
vt 0.30219501 0.78157198
vt 0.29442900 0.84700102
vt 0.31097299 0.83919197
vt 0.27531001 0.81268501
vt 0.32039201 0.82672000
vt 0.32448500 0.81166399
vt 0.33914101 0.80175102
vt 0.35208499 0.78990299
vt 0.36535299 0.77559900
vt 0.11271600 0.28131500
vt 0.47994301 0.50397998
vt 0.48002300 0.50401700
vt 0.47999099 0.50386602
vt 0.48006999 0.50388902
vt 0.48008001 0.50371301
vt 0.48068401 0.50087601
vt 0.48051301 0.50234199
vt 0.48021001 0.50339401
vt 0.17978200 0.38216799
vt 0.19560000 0.17751400
vt 0.16184799 0.18603300
vt 0.79752398 0.17744100
vt 0.83181602 0.18597500
vt 0.57242399 0.11544200
vt 0.61821598 0.12088000
vt 0.61015302 0.10394700
vt 0.56729501 0.10033400
vt 0.77579498 0.12296600
vt 0.78595501 0.15113500
vt 0.82232100 0.15676700
vt 0.81652403 0.12875900
vt 0.85835600 0.16448499
vt 0.85494101 0.13256000
vt 0.89235502 0.13782100
vt 0.89363098 0.17354000
vt 0.66464299 0.12862600
vt 0.70754099 0.13666900
vt 0.69678801 0.11513400
vt 0.65486002 0.10922300
vt 0.74793899 0.14457500
vt 0.73690403 0.12046900
vt 0.56038100 0.06219900
vt 0.52650100 0.06100000
vt 0.52797401 0.08018400
vt 0.56324703 0.08176000
vt 0.63707000 0.04730100
vt 0.67653400 0.04868900
vt 0.66934299 0.02955500
vt 0.63285100 0.02905100
vt 0.69335902 0.00976600
vt 0.72460902 0.00976600
vt 0.59727299 0.04575700
vt 0.59606701 0.02827100
vt 0.73794198 0.02802100
vt 0.77549201 0.02818000
vt 0.75976598 0.00976600
vt 0.85742199 0.00976600
vt 0.86223698 0.02111200
vt 0.80221599 0.06990700
vt 0.84416002 0.07149800
vt 0.83219701 0.05113200
vt 0.79061902 0.04741800
vt 0.87533200 0.05663900
vt 0.88347799 0.07941100
vt 0.74970800 0.04647200
vt 0.76010901 0.06901400
vt 0.71376997 0.04831800
vt 0.72133398 0.06979700
vt 0.68238097 0.06889200
vt 0.85125798 0.10052000
vt 0.89010799 0.10481400
vt 0.70375502 0.02907300
vt 0.72850698 0.09472700
vt 0.68865001 0.09186600
vt 0.62695301 0.00976600
vt 0.66210902 0.00976600
vt 0.59570301 0.00976600
vt 0.56445301 0.00976600
vt 0.64140499 0.06693900
vt 0.59988302 0.06416900
vt 0.55925900 0.04429500
vt 0.81082898 0.09893600
vt 0.76899302 0.09673800
vt 0.64726198 0.08806100
vt 0.60422200 0.08432900
vt 0.52969998 0.09832800
vt 0.56009102 0.02696000
vt 0.79101598 0.00976600
vt 0.82226598 0.00976600
vt 0.83532202 0.01996400
vt 0.49669501 0.07955000
vt 0.49709100 0.06036600
vt 0.49628201 0.09754900
vt 0.81879097 0.02890700
vt 0.86733800 0.03614400
vt 0.49592200 0.11111500
vt 0.49743301 0.04205200
vt 0.49773899 0.02554600
vt 0.49804699 0.00976600
vt 0.53161901 0.11235100
vt 0.52705699 0.02585500
vt 0.52624202 0.04271200
vt 0.52929699 0.00976600
vt 0.41948900 0.11542900
vt 0.37381801 0.12090700
vt 0.38254899 0.10394500
vt 0.42531401 0.10031200
vt 0.21810600 0.12301100
vt 0.20752400 0.15120199
vt 0.17163301 0.15681501
vt 0.17785101 0.12880901
vt 0.13609500 0.16451700
vt 0.13982899 0.13259800
vt 0.10276000 0.13785000
vt 0.10122800 0.17355800
vt 0.32761201 0.12871601
vt 0.28504300 0.13677800
vt 0.29639900 0.11521100
vt 0.33802599 0.10927400
vt 0.24505500 0.14466600
vt 0.25664300 0.12053500
vt 0.43376499 0.06215800
vt 0.46766001 0.06099700
vt 0.46540999 0.08018100
vt 0.43014300 0.08172700
vt 0.35788000 0.04729100
vt 0.31850800 0.04870600
vt 0.32624099 0.02955200
vt 0.36269099 0.02904100
vt 0.30273399 0.00976600
vt 0.27148399 0.00976600
vt 0.39758399 0.04571000
vt 0.39941901 0.02823900
vt 0.25780401 0.02804600
vt 0.22034000 0.02820300
vt 0.23632801 0.00976600
vt 0.13867199 0.00976600
vt 0.13376300 0.02111600
vt 0.19297799 0.06995900
vt 0.15119500 0.07153900
vt 0.16342001 0.05115600
vt 0.20491000 0.04746300
vt 0.12038300 0.05665700
vt 0.11207000 0.07944200
vt 0.24566300 0.04651400
vt 0.23482500 0.06906600
vt 0.28139600 0.04835100
vt 0.27334401 0.06985100
vt 0.31208199 0.06893500
vt 0.14381500 0.10056900
vt 0.10523500 0.10485600
vt 0.29190099 0.02907200
vt 0.26562199 0.09478800
vt 0.30519500 0.09192500
vt 0.36914101 0.00976600
vt 0.33398399 0.00976600
vt 0.40039101 0.00976600
vt 0.43164101 0.00976600
vt 0.35288599 0.06694200
vt 0.39430100 0.06412500
vt 0.43557000 0.04425200
vt 0.18395901 0.09899300
vt 0.22544500 0.09679300
vt 0.34634200 0.08808200
vt 0.38923401 0.08430100
vt 0.46287200 0.09832200
vt 0.43537799 0.02693800
vt 0.20507801 0.00976600
vt 0.17382801 0.00976600
vt 0.16067900 0.01997400
vt 0.17708699 0.02891800
vt 0.12854300 0.03614900
vt 0.46024099 0.11233400
vt 0.46842000 0.02585800
vt 0.46860901 0.04271000
vt 0.46679699 0.00976600
vt 0.47990501 0.50371599
vt 0.22782101 0.38349801
vt 0.21512499 0.35690400
vt 0.23681299 0.32322901
vt 0.24732199 0.35360599
vt 0.26491201 0.29453599
vt 0.26554099 0.32907000
vt 0.29649499 0.27590901
vt 0.28919801 0.30962601
vt 0.32660100 0.27065000
vt 0.31487301 0.30092099
vt 0.39127201 0.27963799
vt 0.39390799 0.26418000
vt 0.42610699 0.26988399
vt 0.42604601 0.28068599
vt 0.45100901 0.27283600
vt 0.45063499 0.28122100
vt 0.47232401 0.27375299
vt 0.47289401 0.28101099
vt 0.49546400 0.27434501
vt 0.49549499 0.28147301
vt 0.49555600 0.29183200
vt 0.47260299 0.29208800
vt 0.47279301 0.28702101
vt 0.49552500 0.28612599
vt 0.45140201 0.29369199
vt 0.45089900 0.28711501
vt 0.42871699 0.29779699
vt 0.42691800 0.28933799
vt 0.39744201 0.30593601
vt 0.39453000 0.29369900
vt 0.37323099 0.31813499
vt 0.36167201 0.30545101
vt 0.47261301 0.26211500
vt 0.49542999 0.26472601
vt 0.45118600 0.26028100
vt 0.42774299 0.25682899
vt 0.40100700 0.24794300
vt 0.35720199 0.26982200
vt 0.37026599 0.24337800
vt 0.33800000 0.24591500
vt 0.30340999 0.24954399
vt 0.26418000 0.26828501
vt 0.22875801 0.29960999
vt 0.20334500 0.33697101
vt 0.20109101 0.38168901
vt 0.45158601 0.30330700
vt 0.47265100 0.30113599
vt 0.42994201 0.30774400
vt 0.40300000 0.31711301
vt 0.38301900 0.32943001
vt 0.36422899 0.36642399
vt 0.36996201 0.34610999
vt 0.36823899 0.41131899
vt 0.36429700 0.38879600
vt 0.34186000 0.42433101
vt 0.33597499 0.39445299
vt 0.35061800 0.38903001
vt 0.35541901 0.41557100
vt 0.32908300 0.43805999
vt 0.32181200 0.40471300
vt 0.47278401 0.25012100
vt 0.49539301 0.25056699
vt 0.45199600 0.24774700
vt 0.43101400 0.24149500
vt 0.41010800 0.22859401
vt 0.38458401 0.22018200
vt 0.35407501 0.21575300
vt 0.31594601 0.22131699
vt 0.26987499 0.24059901
vt 0.22351900 0.28104600
vt 0.19393501 0.32217899
vt 0.40885901 0.19271900
vt 0.42850000 0.20415699
vt 0.44463500 0.21664400
vt 0.45782399 0.22602700
vt 0.47399801 0.22427000
vt 0.49520200 0.22198200
vt 0.47366601 0.19854100
vt 0.49510801 0.19880100
vt 0.46232399 0.18546499
vt 0.49527100 0.18227901
vt 0.45454299 0.17363399
vt 0.49545699 0.16765700
vt 0.35713300 0.33769000
vt 0.34211999 0.33119601
vt 0.33464599 0.36234701
vt 0.31851900 0.36769301
vt 0.32483500 0.32964599
vt 0.35023299 0.36198401
vt 0.30386901 0.33649501
vt 0.30213901 0.37822801
vt 0.30849600 0.41910100
vt 0.28821999 0.39182499
vt 0.28453499 0.34951299
vt 0.29516900 0.42887601
vt 0.28168699 0.43835601
vt 0.27539101 0.40391201
vt 0.27009699 0.36618400
vt 0.34671000 0.29346201
vt 0.25536701 0.38302499
vt 0.26807401 0.44868201
vt 0.26176399 0.41675001
vt 0.25261700 0.46395901
vt 0.24465600 0.43325600
vt 0.23638400 0.40637499
vt 0.20992200 0.40902799
vt 0.49552599 0.30064201
vt 0.13954499 0.35511601
vt 0.41903001 0.45581001
vt 0.43558201 0.46768400
vt 0.45385799 0.47427401
vt 0.46926701 0.47683299
vt 0.48348999 0.47769400
vt 0.49576300 0.14022700
vt 0.49667400 0.70038497
vt 0.49560401 0.15538000
vt 0.49529701 0.40525100
vt 0.39556000 0.94203597
vt 0.60053301 0.94203597
vt 0.49555400 0.30973601
vt 0.49539801 0.40146101
vt 0.49647799 0.54610801
vt 0.49557000 0.31925699
vt 0.49562499 0.34542200
vt 0.49560800 0.36300799
vt 0.49688101 0.79240698
vt 0.49561599 0.35482499
vt 0.49624100 0.48265800
vt 0.49645200 0.53671902
vt 0.49559999 0.36941600
vt 0.49561101 0.33676100
vt 0.49553201 0.39483500
vt 0.49559200 0.37594599
vt 0.49626201 0.43032300
vt 0.49622899 0.47718701
vt 0.49659300 0.60385501
vt 0.49657601 0.59192300
vt 0.49740201 0.84766102
vt 0.49708501 0.81261700
vt 0.49650601 0.55710500
vt 0.49671099 0.75607002
vt 0.91165298 0.82490802
vt 0.08444100 0.82490802
vt 0.49643099 0.53003901
vt 0.49630901 0.50231200
vt 0.49759600 0.90565997
vt 0.01000000 0.74438298
vt 0.99000001 0.74438298
vt 0.49621701 0.44986600
vt 0.49804699 0.92382801
vt 0.49622899 0.44603199
vt 0.49636999 0.51540899
vt 0.49617401 0.46412501
vt 0.49620700 0.47221500
vt 0.93727499 0.78464597
vt 0.05881900 0.78464597
vt 0.49667600 0.72124398
vt 0.49619600 0.45944300
vt 0.49663800 0.64507103
vt 0.49620301 0.45584300
vt 0.49587199 0.12564100
vt 0.49621001 0.45265901
vt 0.49625999 0.43997499
vt 0.49653500 0.56916201
vt 0.49628001 0.43423399
vt 0.49677500 0.77306497
vt 0.49624801 0.49063501
vt 0.49626300 0.49318999
vt 0.49662501 0.63145602
vt 0.49725801 0.83025301
vt 0.49664900 0.65762103
vt 0.49623299 0.48811200
vt 0.86040998 0.88713199
vt 0.13568400 0.88713199
vt 0.19790800 0.92373401
vt 0.79818600 0.92373401
vt 0.49660999 0.61718202
vt 0.49655801 0.58117700
vt 0.49639601 0.52116001
vt 0.49641201 0.52495199
vt 0.49750200 0.88625997
vt 0.29307401 0.94935602
vt 0.70301998 0.94935602
vt 0.49747401 0.86696202
vt 0.49635801 0.51250201
vt 0.49665901 0.67120498
vt 0.49633601 0.50718999
vt 0.49628001 0.49740201
vt 0.51279598 0.50376099
vt 0.76398700 0.38340899
vt 0.77644998 0.35678899
vt 0.75445300 0.32314301
vt 0.74422699 0.35353601
vt 0.72614098 0.29449201
vt 0.72582102 0.32901999
vt 0.69450802 0.27588299
vt 0.70203000 0.30961701
vt 0.49055201 0.51292503
vt 0.49126199 0.50804901
vt 0.66443402 0.27060899
vt 0.67631698 0.30090499
vt 0.43074501 0.61980897
vt 0.47549599 0.49603099
vt 0.47624201 0.55629599
vt 0.43522900 0.62330300
vt 0.59978902 0.27961800
vt 0.59705299 0.26413599
vt 0.56477499 0.26989701
vt 0.56492501 0.28069401
vt 0.46970999 0.49689999
vt 0.53989798 0.27285299
vt 0.54034698 0.28123301
vt 0.51859897 0.27376601
vt 0.51809400 0.28101999
vt 0.47578800 0.57893997
vt 0.45906800 0.61701298
vt 0.51850998 0.29208899
vt 0.51825899 0.28702801
vt 0.47626400 0.56726098
vt 0.45784101 0.50696999
vt 0.45839000 0.49738801
vt 0.48683399 0.52343100
vt 0.48412099 0.52793199
vt 0.53971303 0.29369500
vt 0.48584899 0.51746100
vt 0.48994201 0.51541001
vt 0.54014897 0.28712201
vt 0.42516401 0.61335200
vt 0.39108899 0.60641998
vt 0.48824701 0.52030200
vt 0.49248299 0.51794100
vt 0.40880901 0.60820502
vt 0.42774001 0.61633700
vt 0.47450200 0.51888800
vt 0.46900201 0.60987699
vt 0.56241202 0.29780000
vt 0.56413603 0.28934401
vt 0.59374601 0.30594200
vt 0.59656698 0.29370499
vt 0.46684700 0.51522601
vt 0.61805099 0.31814301
vt 0.62957102 0.30547300
vt 0.51823097 0.26213199
vt 0.41991600 0.61020201
vt 0.41508901 0.60784900
vt 0.47700799 0.54482502
vt 0.53963202 0.26030701
vt 0.56303698 0.25685000
vt 0.58985502 0.24789000
vt 0.63385499 0.26980099
vt 0.40323001 0.60843998
vt 0.48960999 0.49895501
vt 0.48033500 0.51771498
vt 0.48352301 0.51732498
vt 0.48677400 0.49546301
vt 0.62075901 0.24332000
vt 0.65304297 0.24585700
vt 0.44363201 0.62494898
vt 0.68754601 0.24947400
vt 0.47378200 0.59900701
vt 0.47572601 0.58854598
vt 0.72661799 0.26825699
vt 0.76220000 0.29956800
vt 0.49098799 0.50351602
vt 0.78801799 0.33688799
vt 0.79072398 0.38156000
vt 0.53954399 0.30333900
vt 0.51846600 0.30115601
vt 0.56124699 0.30778399
vt 0.48068401 0.53489202
vt 0.58822501 0.31713900
vt 0.60833102 0.32945001
vt 0.62741399 0.36644599
vt 0.48069000 0.49542400
vt 0.62150103 0.34615001
vt 0.62374198 0.41126600
vt 0.62750697 0.38877401
vt 0.65025598 0.42428100
vt 0.65590501 0.39440799
vt 0.64119798 0.38900700
vt 0.49638301 0.51817501
vt 0.48924199 0.51766700
vt 0.63661098 0.41552499
vt 0.66317701 0.43803799
vt 0.67016900 0.40468299
vt 0.51798397 0.25014701
vt 0.39567900 0.68171602
vt 0.39465901 0.67056102
vt 0.53872597 0.24779400
vt 0.55965102 0.24153000
vt 0.58065999 0.22857200
vt 0.60638303 0.22017200
vt 0.63712102 0.21567000
vt 0.67535299 0.22127999
vt 0.42183900 0.69559097
vt 0.48130301 0.68677998
vt 0.46432799 0.68926102
vt 0.72130799 0.24057201
vt 0.39343399 0.63987702
vt 0.39199600 0.62696499
vt 0.39573300 0.65901101
vt 0.39257601 0.63059098
vt 0.39275900 0.63490599
vt 0.76754701 0.28099301
vt 0.39581600 0.65280300
vt 0.79747802 0.32211700
vt 0.39522699 0.64914501
vt 0.58219099 0.19278701
vt 0.40291300 0.69252402
vt 0.56221098 0.20419000
vt 0.54577398 0.21669400
vt 0.39448300 0.64498800
vt 0.39083499 0.62322301
vt 0.53267503 0.22608900
vt 0.38757801 0.61398900
vt 0.51642799 0.22430900
vt 0.49666899 0.68617398
vt 0.42862299 0.72419202
vt 0.30890301 0.69568098
vt 0.51655698 0.19857900
vt 0.29292300 0.67532599
vt 0.52826798 0.18558399
vt 0.31790599 0.53057897
vt 0.30667099 0.53410202
vt 0.43733001 0.70853603
vt 0.53636003 0.17377600
vt 0.63428903 0.33770001
vt 0.64925402 0.33118600
vt 0.65694702 0.36230201
vt 0.67312801 0.36760700
vt 0.40728000 0.76724702
vt 0.32541201 0.86988300
vt 0.41433701 0.75263703
vt 0.36164400 0.72667402
vt 0.66653800 0.32963899
vt 0.34571400 0.85774201
vt 0.64136702 0.36198199
vt 0.68758398 0.33651701
vt 0.68960202 0.37817299
vt 0.68363601 0.41910300
vt 0.70365101 0.39177001
vt 0.33071199 0.71565300
vt 0.70703202 0.34949201
vt 0.27828899 0.55481201
vt 0.47581899 0.73896700
vt 0.27087700 0.57818401
vt 0.69709301 0.42886400
vt 0.44986701 0.73843402
vt 0.14902700 0.83699697
vt 0.71067101 0.43836299
vt 0.71659398 0.40384999
vt 0.72158200 0.36615199
vt 0.64447600 0.29344201
vt 0.45039201 0.67939502
vt 0.73644102 0.38296199
vt 0.35717300 0.53352499
vt 0.34478900 0.53155601
vt 0.72440398 0.44866899
vt 0.17953201 0.84832400
vt 0.28704301 0.54495698
vt 0.38889700 0.80071300
vt 0.45773900 0.65149200
vt 0.45485100 0.66403300
vt 0.37955600 0.81557202
vt 0.73034799 0.41667700
vt 0.74005002 0.46394601
vt 0.74762601 0.43314400
vt 0.37028399 0.82958198
vt 0.75564301 0.40627700
vt 0.78212100 0.40892300
vt 0.29656199 0.87511700
vt 0.41655001 0.57276601
vt 0.85254401 0.35522500
vt 0.57337201 0.45586199
vt 0.55694401 0.46774700
vt 0.28027800 0.65225202
vt 0.27274799 0.62718099
vt 0.21779300 0.86367601
vt 0.38468501 0.54430902
vt 0.26969799 0.60220599
vt 0.12272500 0.83980697
vt 0.53867602 0.47439799
vt 0.29629001 0.53852803
vt 0.52327901 0.47692999
vt 0.50899398 0.47772700
vt 0.39097100 0.73406601
vt 0.37074900 0.53764898
vt 0.45754200 0.63978702
vt 0.42987600 0.58912301
vt 0.44047499 0.60389400
vt 0.36023599 0.84400201
vt 0.44791701 0.61655998
vt 0.45518300 0.62885797
vt 0.40137500 0.55720198
vt 0.39884400 0.78371000
vt 0.26117000 0.87254697
vt 0.33106801 0.53060102
vt 0.89335197 0.85418999
vt 0.10274200 0.85418999
vt 0.49667001 0.73925799
vt 0.45225999 0.62242699
vt 0.44420299 0.69410598
vt 0.42132300 0.73883802
vt 0.49557400 0.32799101
vt 0.40882999 0.41661200
vt 0.40387201 0.40349001
vt 0.40733200 0.37097001
vt 0.43296099 0.44680399
vt 0.41855299 0.43180200
vt 0.44175801 0.34043700
vt 0.40226099 0.39181301
vt 0.45920801 0.33343399
vt 0.40310100 0.38073501
vt 0.47654399 0.32904699
vt 0.49618801 0.46822199
vt 0.46556500 0.46566701
vt 0.48106301 0.46821901
vt 0.44927001 0.45899099
vt 0.41492400 0.36121699
vt 0.42580801 0.35054100
vt 0.50216502 0.51286602
vt 0.50142503 0.50797600
vt 0.56256998 0.61975402
vt 0.51710802 0.49610201
vt 0.51677698 0.55628902
vt 0.55807197 0.62315500
vt 0.52304602 0.49697500
vt 0.51733702 0.57890397
vt 0.53416598 0.61696100
vt 0.51681101 0.56723601
vt 0.53599203 0.50694501
vt 0.53490800 0.49746701
vt 0.50599003 0.52342403
vt 0.50874001 0.52793097
vt 0.50692499 0.51744300
vt 0.50279897 0.51537001
vt 0.56810701 0.61333603
vt 0.60219699 0.60648203
vt 0.50454599 0.52028698
vt 0.50028098 0.51792502
vt 0.58449501 0.60815901
vt 0.56557101 0.61628598
vt 0.51835698 0.51889199
vt 0.52421302 0.60983300
vt 0.52639198 0.51532000
vt 0.57336801 0.61016703
vt 0.57820898 0.60779500
vt 0.51595002 0.54483497
vt 0.59007603 0.60837901
vt 0.50295103 0.49897701
vt 0.51246798 0.51771200
vt 0.50926298 0.51731700
vt 0.50571299 0.49553400
vt 0.54970598 0.62476099
vt 0.51940501 0.59896600
vt 0.51743102 0.58850700
vt 0.50165200 0.50350499
vt 0.51222402 0.53489798
vt 0.51173103 0.49549499
vt 0.50352299 0.51764101
vt 0.59788102 0.68145001
vt 0.59887898 0.67034000
vt 0.57160401 0.69525599
vt 0.51203698 0.68671602
vt 0.52902597 0.68913102
vt 0.60006398 0.63987899
vt 0.60147101 0.62702900
vt 0.59780198 0.65886903
vt 0.60091001 0.63065499
vt 0.60073400 0.63493901
vt 0.59770399 0.65268999
vt 0.59828299 0.64907700
vt 0.59061003 0.69218701
vt 0.59901899 0.64495897
vt 0.60262299 0.62329501
vt 0.60585201 0.61409199
vt 0.56479102 0.72373402
vt 0.68573099 0.69549102
vt 0.70143199 0.67529798
vt 0.67514098 0.53051698
vt 0.68638802 0.53409600
vt 0.55605298 0.70819002
vt 0.58588201 0.76622301
vt 0.66783798 0.86792803
vt 0.57901001 0.75183600
vt 0.63262099 0.72589499
vt 0.64775002 0.85486400
vt 0.66409397 0.71511197
vt 0.71498400 0.55481499
vt 0.51752400 0.73883301
vt 0.72259802 0.57817101
vt 0.54346699 0.73813200
vt 0.84829801 0.83674300
vt 0.54291600 0.67918003
vt 0.63590801 0.53349000
vt 0.64827698 0.53152198
vt 0.81813300 0.84899199
vt 0.70613903 0.54495603
vt 0.60357600 0.79879701
vt 0.53557497 0.65129900
vt 0.53846103 0.66380298
vt 0.61277002 0.81284702
vt 0.62261701 0.82554501
vt 0.69624501 0.87491202
vt 0.57664400 0.57262802
vt 0.71385401 0.65227300
vt 0.72112799 0.62722802
vt 0.77917802 0.86562097
vt 0.60849398 0.54417902
vt 0.72397399 0.60223299
vt 0.87410998 0.83943099
vt 0.69684303 0.53849602
vt 0.60280401 0.73323703
vt 0.62240499 0.53755802
vt 0.53578800 0.63964701
vt 0.56328201 0.58913702
vt 0.55279499 0.60380501
vt 0.63321000 0.84043002
vt 0.54538000 0.61640400
vt 0.53814602 0.62872100
vt 0.59173900 0.55712700
vt 0.59396499 0.78235698
vt 0.73465598 0.87454599
vt 0.66198999 0.53056902
vt 0.54104900 0.62229598
vt 0.54914802 0.69384497
vt 0.57207900 0.73822600
vt 0.58322001 0.41663200
vt 0.58804899 0.40351301
vt 0.58424699 0.37103599
vt 0.55939299 0.44690201
vt 0.57365203 0.43187699
vt 0.54955101 0.34055901
vt 0.58953398 0.39184800
vt 0.53210199 0.33350900
vt 0.58861101 0.38078400
vt 0.51463997 0.32908300
vt 0.52690798 0.46577200
vt 0.51131302 0.46827599
vt 0.54321802 0.45909899
vt 0.57655400 0.36136201
vt 0.56555402 0.35070601
vt 0.60833198 0.60622001
vt 0.38497400 0.60612798
vt 0.92046398 0.93211001
vt 0.91573900 0.93766201
vt 0.91139102 0.94278699
vt 0.90764701 0.94721597
vt 0.92185199 0.93298399
vt 0.91816199 0.93960702
vt 0.91514099 0.94511902
vt 0.91227502 0.95025200
vt 0.92334300 0.93368697
vt 0.92109299 0.94063699
vt 0.91917199 0.94696599
vt 0.91728199 0.95247799
vt 0.92495102 0.93409002
vt 0.92413998 0.94129902
vt 0.92346197 0.94764501
vt 0.92271101 0.95370299
vt 0.92661202 0.93397999
vt 0.92725801 0.94137001
vt 0.92780000 0.94798899
vt 0.92830497 0.95372200
vt 0.92824501 0.93372703
vt 0.93029702 0.94086200
vt 0.93204600 0.94691402
vt 0.93381000 0.95270902
vt 0.92979097 0.93315500
vt 0.93311000 0.93959498
vt 0.93615699 0.94542700
vt 0.93889898 0.95053703
vt 0.93120700 0.93228799
vt 0.93573600 0.93793899
vt 0.93978399 0.94295001
vt 0.94338298 0.94743299
vt 0.93231499 0.93107200
vt 0.93794298 0.93576401
vt 0.94299197 0.93997800
vt 0.94746703 0.94378197
vt 0.93330801 0.92976499
vt 0.93968803 0.93322498
vt 0.94528902 0.93628597
vt 0.95044100 0.93917203
vt 0.93389201 0.92822498
vt 0.94087797 0.93040299
vt 0.94710600 0.93232799
vt 0.95264399 0.93420702
vt 0.93430501 0.92663300
vt 0.94151300 0.92741001
vt 0.94784701 0.92810303
vt 0.95388597 0.92886102
vt 0.93424702 0.92499202
vt 0.94157797 0.92436397
vt 0.94817901 0.92382598
vt 0.95387900 0.92334598
vt 0.93403399 0.92337602
vt 0.94101501 0.92136502
vt 0.94710100 0.91964698
vt 0.95288903 0.91790301
vt 0.93334001 0.92188901
vt 0.93985701 0.91852099
vt 0.94566900 0.91560698
vt 0.95075601 0.91284198
vt 0.93252403 0.92046201
vt 0.93821198 0.91593802
vt 0.94316798 0.91199899
vt 0.94772297 0.90834600
vt 0.93134099 0.91932899
vt 0.93606001 0.91374999
vt 0.94027799 0.90872902
vt 0.94396102 0.90436798
vt 0.93004698 0.91833597
vt 0.93353701 0.91202098
vt 0.93656802 0.90646398
vt 0.93939900 0.90135300
vt 0.92850000 0.91776401
vt 0.93069601 0.91080999
vt 0.93260902 0.90462297
vt 0.93444902 0.89913303
vt 0.92690998 0.91733402
vt 0.92769402 0.91015500
vt 0.92835701 0.90387100
vt 0.92910802 0.89787000
vt 0.92526501 0.91738403
vt 0.92462897 0.91006100
vt 0.92401898 0.90351200
vt 0.92351902 0.89781702
vt 0.92363298 0.91758698
vt 0.92160797 0.91062403
vt 0.91982502 0.90456098
vt 0.91803801 0.89876002
vt 0.92214000 0.91827601
vt 0.91873002 0.91173798
vt 0.91573298 0.90595400
vt 0.91294199 0.90086102
vt 0.92069900 0.91908598
vt 0.91611701 0.91340297
vt 0.91212702 0.90842801
vt 0.90839100 0.90385002
vt 0.91956103 0.92027098
vt 0.91387898 0.91553098
vt 0.90884203 0.91129899
vt 0.90429699 0.90752000
vt 0.91854697 0.92156702
vt 0.91209197 0.91803902
vt 0.90641302 0.91493499
vt 0.90131998 0.91215098
vt 0.91795498 0.92310601
vt 0.91087502 0.92087698
vt 0.90457898 0.91892999
vt 0.89901102 0.91708499
vt 0.91752899 0.92470002
vt 0.91021103 0.92388999
vt 0.90381598 0.92319399
vt 0.89769697 0.92247897
vt 0.91756397 0.92635000
vt 0.91015202 0.92695397
vt 0.90346700 0.92752898
vt 0.89763200 0.92804301
vt 0.91776699 0.92799199
vt 0.91076499 0.92998397
vt 0.90455198 0.93173701
vt 0.89866698 0.93350101
vt 0.92595601 0.92571998
vt 0.91842902 0.92950797
vt 0.91193402 0.93286502
vt 0.90600502 0.93580699
vt 0.90080500 0.93863600
vt 0.91936499 0.93087298
vt 0.91344398 0.93558300
vt 0.90846199 0.93948001
vt 0.90384400 0.94319302
vt 0.90417898 0.95134199
vt 0.89984500 0.95647103
vt 0.89531797 0.96190399
vt 0.89115202 0.96699101
vt 0.88683802 0.97228402
vt 0.88255799 0.97757900
vt 0.96850002 0.84222603
vt 0.97024399 0.84433401
vt 0.97169900 0.84608799
vt 0.97293401 0.84757298
vt 0.97407800 0.84894502
vt 0.97511297 0.85018098
vt 0.97609502 0.85135299
vt 0.97703803 0.85247803
vt 0.90963501 0.95513397
vt 0.90628302 0.96108001
vt 0.90307403 0.96713501
vt 0.89979702 0.97300702
vt 0.89669102 0.97892201
vt 0.97097403 0.84062499
vt 0.89386398 0.98491901
vt 0.97221899 0.84300500
vt 0.97328001 0.84499300
vt 0.97422302 0.84671199
vt 0.97505802 0.84826899
vt 0.97583699 0.84969401
vt 0.97656602 0.85102701
vt 0.97727299 0.85231698
vt 0.91572899 0.95762402
vt 0.91356897 0.96426302
vt 0.91169500 0.97077900
vt 0.90960401 0.97717500
vt 0.90778899 0.98341900
vt 0.90613401 0.98982197
vt 0.97365803 0.83955902
vt 0.97440702 0.84210700
vt 0.97505301 0.84423101
vt 0.97564298 0.84612203
vt 0.97615600 0.84780103
vt 0.97663802 0.84934801
vt 0.97709501 0.85080498
vt 0.97753501 0.85220599
vt 0.92215598 0.95911402
vt 0.92145902 0.96575999
vt 0.92080802 0.97238702
vt 0.92012900 0.97921801
vt 0.91944802 0.98576200
vt 0.91897398 0.99231899
vt 0.97646499 0.83902198
vt 0.97671199 0.84163499
vt 0.97694302 0.84386098
vt 0.97714299 0.84583199
vt 0.97732198 0.84755599
vt 0.97749400 0.84916502
vt 0.97765499 0.85068601
vt 0.97781301 0.85214698
vt 0.92878801 0.95895702
vt 0.92946601 0.96588802
vt 0.93006998 0.97265100
vt 0.93072802 0.97916800
vt 0.93140900 0.98591501
vt 0.93199199 0.99231899
vt 0.97930700 0.83903301
vt 0.97907102 0.84160697
vt 0.97885698 0.84387398
vt 0.97866398 0.84581399
vt 0.97851098 0.84755301
vt 0.97836697 0.84916198
vt 0.97822797 0.85067898
vt 0.97809702 0.85214502
vt 0.93532902 0.95791000
vt 0.93724197 0.96427101
vt 0.93911701 0.97083598
vt 0.94108999 0.97738302
vt 0.94306898 0.98368198
vt 0.94504899 0.99014699
vt 0.98215002 0.83951801
vt 0.98137599 0.84209800
vt 0.98073202 0.84422600
vt 0.98016602 0.84609699
vt 0.97967702 0.84777898
vt 0.97922200 0.84932899
vt 0.97879100 0.85078901
vt 0.97837698 0.85219699
vt 0.94135600 0.95531499
vt 0.94468999 0.96143699
vt 0.94770902 0.96754402
vt 0.95096201 0.97343898
vt 0.95398700 0.97919703
vt 0.95723200 0.98493898
vt 0.98479903 0.84065801
vt 0.98354697 0.84298402
vt 0.98251498 0.84493601
vt 0.98158598 0.84666902
vt 0.98077601 0.84822798
vt 0.98002797 0.84965998
vt 0.97931999 0.85100597
vt 0.97864002 0.85230398
vt 0.94684398 0.95179200
vt 0.95123500 0.95701402
vt 0.95546502 0.96240699
vt 0.95979100 0.96752602
vt 0.96400201 0.97266197
vt 0.98714501 0.84224099
vt 0.96802300 0.97768903
vt 0.98551798 0.84426099
vt 0.98410398 0.84600699
vt 0.98286802 0.84751099
vt 0.98176700 0.84888297
vt 0.98075002 0.85014099
vt 0.97979897 0.85131800
vt 0.97887802 0.85245901
vt 0.95155102 0.94718897
vt 0.95668799 0.95145202
vt 0.96212101 0.95595300
vt 0.96717298 0.96011400
vt 0.97244602 0.96440399
vt 0.97771800 0.96866399
vt 0.98925501 0.84420902
vt 0.98717499 0.84592998
vt 0.98544002 0.84736598
vt 0.98396701 0.84858698
vt 0.98260403 0.84972000
vt 0.98137200 0.85074598
vt 0.98020500 0.85171998
vt 0.97908098 0.85265797
vt 0.95531398 0.94177699
vt 0.96123397 0.94513398
vt 0.96730298 0.94829702
vt 0.97315198 0.95154798
vt 0.97903001 0.95466202
vt 0.98499799 0.95747101
vt 0.99084002 0.84664899
vt 0.98848999 0.84788299
vt 0.98652297 0.84893298
vt 0.98482001 0.84986597
vt 0.98327398 0.85069501
vt 0.98185498 0.85146701
vt 0.98052800 0.85219002
vt 0.97924101 0.85289299
vt 0.95778000 0.93574101
vt 0.96438998 0.93790501
vt 0.97088200 0.93978697
vt 0.97727102 0.94184101
vt 0.98348498 0.94367200
vt 0.99190003 0.84930098
vt 0.98986602 0.94531000
vt 0.98938000 0.85004699
vt 0.98727798 0.85069001
vt 0.98540598 0.85127598
vt 0.98373902 0.85178602
vt 0.98219699 0.85226202
vt 0.98074901 0.85271603
vt 0.97935200 0.85315400
vt 0.95926899 0.92940199
vt 0.96589500 0.93009299
vt 0.97251499 0.93076599
vt 0.97932500 0.93142700
vt 0.98583901 0.93211901
vt 0.99243897 0.85207701
vt 0.99234599 0.93257499
vt 0.98985201 0.85232902
vt 0.98764598 0.85256302
vt 0.98569697 0.85276598
vt 0.98398298 0.85294598
vt 0.98237699 0.85311198
vt 0.98086703 0.85327399
vt 0.97941101 0.85343200
vt 0.95908803 0.92285401
vt 0.96599400 0.92218500
vt 0.97275800 0.92160499
vt 0.97923797 0.92095298
vt 0.98596603 0.92024398
vt 0.99243897 0.85489100
vt 0.99234599 0.91966599
vt 0.98988599 0.85466599
vt 0.98763400 0.85445797
vt 0.98572201 0.85428202
vt 0.98398602 0.85413003
vt 0.98238599 0.85397899
vt 0.98087502 0.85384500
vt 0.97941297 0.85371500
vt 0.95806801 0.91637802
vt 0.96440899 0.91447997
vt 0.97094399 0.91263801
vt 0.97747898 0.91070098
vt 0.98376000 0.90872598
vt 0.99019098 0.90672499
vt 0.99196899 0.85771298
vt 0.98940802 0.85695398
vt 0.98729801 0.85632199
vt 0.98542398 0.85576802
vt 0.98376000 0.85528803
vt 0.98222601 0.85483301
vt 0.98076701 0.85440600
vt 0.97936100 0.85399503
vt 0.95551801 0.91041100
vt 0.96160799 0.90712100
vt 0.96770298 0.90414399
vt 0.97357899 0.90092999
vt 0.97931898 0.89792901
vt 0.99084598 0.86034697
vt 0.98503000 0.89465803
vt 0.98853499 0.85911202
vt 0.98659402 0.85809499
vt 0.98486698 0.85717899
vt 0.98331797 0.85637999
vt 0.98189598 0.85563701
vt 0.98055100 0.85493398
vt 0.97925502 0.85425699
vt 0.95204598 0.90494198
vt 0.95726800 0.90064698
vt 0.96266901 0.89646298
vt 0.96772498 0.89217502
vt 0.97284502 0.88802302
vt 0.97785199 0.88398898
vt 0.98928100 0.86267900
vt 0.98727399 0.86107099
vt 0.98553598 0.85967600
vt 0.98403698 0.85845399
vt 0.98267001 0.85736603
vt 0.98141801 0.85635799
vt 0.98024100 0.85541201
vt 0.97909999 0.85449499
vt 0.94741100 0.90030700
vt 0.95169902 0.89523500
vt 0.95621502 0.88989002
vt 0.96038097 0.88487202
vt 0.96468002 0.87964797
vt 0.96895301 0.87443000
vt 0.98733598 0.86477298
vt 0.98562402 0.86271900
vt 0.98419398 0.86100698
vt 0.98297501 0.85955000
vt 0.98184198 0.85820198
vt 0.98081702 0.85698003
vt 0.97984397 0.85582000
vt 0.97890198 0.85469902
vt 0.94205302 0.89653599
vt 0.94541699 0.89070398
vt 0.94863302 0.88471597
vt 0.95193398 0.87895000
vt 0.95508498 0.87314898
vt 0.98492700 0.86634803
vt 0.95795399 0.86725098
vt 0.98369700 0.86403000
vt 0.98264498 0.86208802
vt 0.98170900 0.86040401
vt 0.98087603 0.85887402
vt 0.98010099 0.85746402
vt 0.97937298 0.85614097
vt 0.97866797 0.85485798
vt 0.93602401 0.89403999
vt 0.93822199 0.88752401
vt 0.94016099 0.88108498
vt 0.94230098 0.87483299
vt 0.94425499 0.86871600
vt 0.94606501 0.86244297
vt 0.98231298 0.86740601
vt 0.98155999 0.86492401
vt 0.98090899 0.86284697
vt 0.98031300 0.86099601
vt 0.97979200 0.85934401
vt 0.97930801 0.85780901
vt 0.97884798 0.85636300
vt 0.97840703 0.85496998
vt 0.92966801 0.89254498
vt 0.93044901 0.88600898
vt 0.93117601 0.87929398
vt 0.93198502 0.87273097
vt 0.93284601 0.86626399
vt 0.97957999 0.86795300
vt 0.93371898 0.85993600
vt 0.97930998 0.86540902
vt 0.97905701 0.86322600
vt 0.97883201 0.86130899
vt 0.97863799 0.85957903
vt 0.97846001 0.85799301
vt 0.97829199 0.85648400
vt 0.97812903 0.85502899
vt 0.92309099 0.89261103
vt 0.92249602 0.88572198
vt 0.92195702 0.87917000
vt 0.92158300 0.87255198
vt 0.92115998 0.86586100
vt 0.97681499 0.86797303
vt 0.92105103 0.85936201
vt 0.97700399 0.86547399
vt 0.97717798 0.86324501
vt 0.97732103 0.86132401
vt 0.97746098 0.85960603
vt 0.97759402 0.85799998
vt 0.97772098 0.85649401
vt 0.97784603 0.85503203
vt 0.91659099 0.89357501
vt 0.91471499 0.88723397
vt 0.91292799 0.88069701
vt 0.91124499 0.87408698
vt 0.90961301 0.86773503
vt 0.90828300 0.86131603
vt 0.97407299 0.86754501
vt 0.97472697 0.86505902
vt 0.97531700 0.86293697
vt 0.97583997 0.86105198
vt 0.97630101 0.85938901
vt 0.97674102 0.85784900
vt 0.97715998 0.85638797
vt 0.97756702 0.85498101
vt 0.97797102 0.85358900
vt 0.91053402 0.89605200
vt 0.90725702 0.88991100
vt 0.90434700 0.88375300
vt 0.90131098 0.87775499
vt 0.89859599 0.87185103
vt 0.89605099 0.86574799
vt 0.97143000 0.86658698
vt 0.97256303 0.86422801
vt 0.97353500 0.86226398
vt 0.97442299 0.86051702
vt 0.97520298 0.85895699
vt 0.97593498 0.85752499
vt 0.97663099 0.85617501
vt 0.97730398 0.85487503
vt 0.90497500 0.89947701
vt 0.90065497 0.89417899
vt 0.89652401 0.88869298
vt 0.89238101 0.88338602
vt 0.88840801 0.87800699
vt 0.96897900 0.86512601
vt 0.88474703 0.87249398
vt 0.97057199 0.86300200
vt 0.97192901 0.86123103
vt 0.97313100 0.85970402
vt 0.97420800 0.85831702
vt 0.97520900 0.85705101
vt 0.97614998 0.85586703
vt 0.97706503 0.85472000
vt 0.90022099 0.90405500
vt 0.89511502 0.89969301
vt 0.88975000 0.89506298
vt 0.88484502 0.89067799
vt 0.87978703 0.88610202
vt 0.96681303 0.86317098
vt 0.87477702 0.88151199
vt 0.96885300 0.86138499
vt 0.97055900 0.85990298
vt 0.97201103 0.85864800
vt 0.97336000 0.85749203
vt 0.97458100 0.85645199
vt 0.97574198 0.85546702
vt 0.97686201 0.85452199
vt 0.89641100 0.90945899
vt 0.89045298 0.90599501
vt 0.88440400 0.90268499
vt 0.87864202 0.89921802
vt 0.87290800 0.89585501
vt 0.86734700 0.89260399
vt 0.96519399 0.86076301
vt 0.96746600 0.85947001
vt 0.96943402 0.85835397
vt 0.97113103 0.85737997
vt 0.97267503 0.85652399
vt 0.97408998 0.85573399
vt 0.97541499 0.85499799
vt 0.97670001 0.85428798
vt 0.89384699 0.91547400
vt 0.88717997 0.91320902
vt 0.88060099 0.91123497
vt 0.87419897 0.90901202
vt 0.86801797 0.90691298
vt 0.86183602 0.90454400
vt 0.96399099 0.85816902
vt 0.96652001 0.85729897
vt 0.96863699 0.85659701
vt 0.97051501 0.85596901
vt 0.97219598 0.85543299
vt 0.97373801 0.85493797
vt 0.97519100 0.85447198
vt 0.97658801 0.85402697
vt 0.89227003 0.92187399
vt 0.88561797 0.92106998
vt 0.87879002 0.92028803
vt 0.87191302 0.91952097
vt 0.86532003 0.91858798
vt 0.96327502 0.85532600
vt 0.85858399 0.91761398
vt 0.96600002 0.85498202
vt 0.96823502 0.85470301
vt 0.97019202 0.85446298
vt 0.97194201 0.85426903
vt 0.97354901 0.85408401
vt 0.97506797 0.85391301
vt 0.97652900 0.85374802
vt 0.89227998 0.92851198
vt 0.88534802 0.92905998
vt 0.87857801 0.92957002
vt 0.87192398 0.93010402
vt 0.86501402 0.93064302
vt 0.85854000 0.93113399
vt 0.96325600 0.85237801
vt 0.96590799 0.85258698
vt 0.96821201 0.85277402
vt 0.97017503 0.85292500
vt 0.97191799 0.85307401
vt 0.97354102 0.85320997
vt 0.97505802 0.85333800
vt 0.97652602 0.85346401
vt 0.89345700 0.93502402
vt 0.88684797 0.93686199
vt 0.88026100 0.93868500
vt 0.87361097 0.94054103
vt 0.86725599 0.94248402
vt 0.86075503 0.94448000
vt 0.96373302 0.84945899
vt 0.96637797 0.85023099
vt 0.96854103 0.85086501
vt 0.97045702 0.85141402
vt 0.97214699 0.85190201
vt 0.97369498 0.85234898
vt 0.97516501 0.85277402
vt 0.97657698 0.85318398
vt 0.89596599 0.94108301
vt 0.88971800 0.94435799
vt 0.88356400 0.94733697
vt 0.87761199 0.95055598
vt 0.87182200 0.95359701
vt 0.96489298 0.84675002
vt 0.86606503 0.95687002
vt 0.96726501 0.84801698
vt 0.96925199 0.84905303
vt 0.97101700 0.84998101
vt 0.97257799 0.85078901
vt 0.97402400 0.85153699
vt 0.97538000 0.85224301
vt 0.97668397 0.85292000
vt 0.89945900 0.94663900
vt 0.89416599 0.95099199
vt 0.88874203 0.95519900
vt 0.88361299 0.95952302
vt 0.87845403 0.96372402
vt 0.96650302 0.84436297
vt 0.87342799 0.96779299
vt 0.96855402 0.84601402
vt 0.97032797 0.84744102
vt 0.97185397 0.84868598
vt 0.97323698 0.84978998
vt 0.97450602 0.85080898
vt 0.97569102 0.85176098
vt 0.97683901 0.85268199
vt 0.06781400 0.92983103
vt 0.06224800 0.93455899
vt 0.05721200 0.93880302
vt 0.05283400 0.94248903
vt 0.06891700 0.93103099
vt 0.06441600 0.93671799
vt 0.06046000 0.94168800
vt 0.05679200 0.94626802
vt 0.07033000 0.93185699
vt 0.06699100 0.93838698
vt 0.06402900 0.94417202
vt 0.06126800 0.94929701
vt 0.07180400 0.93254501
vt 0.06982900 0.93953103
vt 0.06807200 0.94562799
vt 0.06631500 0.95142400
vt 0.07342800 0.93275702
vt 0.07283000 0.94010103
vt 0.07225400 0.94669801
vt 0.07176600 0.95241702
vt 0.07506500 0.93282199
vt 0.07588200 0.94003999
vt 0.07654600 0.94637501
vt 0.07731400 0.95242798
vt 0.07664800 0.93241203
vt 0.07888300 0.93940699
vt 0.08078000 0.94565499
vt 0.08264700 0.95118499
vt 0.07818500 0.93182999
vt 0.08169800 0.93823898
vt 0.08474300 0.94383699
vt 0.08762900 0.94900799
vt 0.07951200 0.93085802
vt 0.08423800 0.93650699
vt 0.08843600 0.94154900
vt 0.09225100 0.94605201
vt 0.08071200 0.92974198
vt 0.08639800 0.93430698
vt 0.09142500 0.93837899
vt 0.09590800 0.94200200
vt 0.08156700 0.92831498
vt 0.08801900 0.93167901
vt 0.09386300 0.93473899
vt 0.09898400 0.93751401
vt 0.08215800 0.92677498
vt 0.08929600 0.92888099
vt 0.09536300 0.93064499
vt 0.10115100 0.93244702
vt 0.08241000 0.92514497
vt 0.08982900 0.92583901
vt 0.09641600 0.92641598
vt 0.10214400 0.92692900
vt 0.08250700 0.92350298
vt 0.08973300 0.92274302
vt 0.09610700 0.92209798
vt 0.10219800 0.92135400
vt 0.08210500 0.92191499
vt 0.08906800 0.91971600
vt 0.09540300 0.91783398
vt 0.10096600 0.91595101
vt 0.08141600 0.92043000
vt 0.08806100 0.91679400
vt 0.09360400 0.91380298
vt 0.09874900 0.91094702
vt 0.08054000 0.91904497
vt 0.08615600 0.91435999
vt 0.09129300 0.91005200
vt 0.09573300 0.90631199
vt 0.07930700 0.91798401
vt 0.08410100 0.91204798
vt 0.08803600 0.90709901
vt 0.09175000 0.90250403
vt 0.07797800 0.91704500
vt 0.08142400 0.91053700
vt 0.08439600 0.90463603
vt 0.08721900 0.89945400
vt 0.07649200 0.91636503
vt 0.07855700 0.90936500
vt 0.08034200 0.90318203
vt 0.08213600 0.89729899
vt 0.07486500 0.91613001
vt 0.07554500 0.90874898
vt 0.07613800 0.90209901
vt 0.07668500 0.89626700
vt 0.07321900 0.91606498
vt 0.07247300 0.90877801
vt 0.07181500 0.90240097
vt 0.07112100 0.89631498
vt 0.07163000 0.91649401
vt 0.06944400 0.90941900
vt 0.06754800 0.90313900
vt 0.06574800 0.89758497
vt 0.07009900 0.91709203
vt 0.06661100 0.91061997
vt 0.06355700 0.90496099
vt 0.06080300 0.89988899
vt 0.06878300 0.91808498
vt 0.06408800 0.91240501
vt 0.05991500 0.90737098
vt 0.05617900 0.90282202
vt 0.06759200 0.91921502
vt 0.06195300 0.91462100
vt 0.05703700 0.91062701
vt 0.05248300 0.90688300
vt 0.06677500 0.92065197
vt 0.06031600 0.91723800
vt 0.05457600 0.91424400
vt 0.04949800 0.91142303
vt 0.06611100 0.92215300
vt 0.05917300 0.92009300
vt 0.05313600 0.91831702
vt 0.04736900 0.91653299
vt 0.06589700 0.92377400
vt 0.05861600 0.92311800
vt 0.05209800 0.92253500
vt 0.04642200 0.92201000
vt 0.06583400 0.92542100
vt 0.05869500 0.92618501
vt 0.05243000 0.92684299
vt 0.04646200 0.92757303
vt 0.07414200 0.92446601
vt 0.06626000 0.92700100
vt 0.05932600 0.92919600
vt 0.05315900 0.93109697
vt 0.04767300 0.93294501
vt 0.06681500 0.92853600
vt 0.06050600 0.93201798
vt 0.05497400 0.93507802
vt 0.04984500 0.93789703
vt 0.04874500 0.94592100
vt 0.04362900 0.95016700
vt 0.03821400 0.95464998
vt 0.03314600 0.95877802
vt 0.02787300 0.96303803
vt 0.03153800 0.84125102
vt 0.02258900 0.96729201
vt 0.02982800 0.84330797
vt 0.02839800 0.84502298
vt 0.02718000 0.84648198
vt 0.02604900 0.84783202
vt 0.02502400 0.84905499
vt 0.02405200 0.85021502
vt 0.02311000 0.85133702
vt 0.05336400 0.95058399
vt 0.04901400 0.95577300
vt 0.04476900 0.96111500
vt 0.04043800 0.96618903
vt 0.03621500 0.97127301
vt 0.03348700 0.84334397
vt 0.03216300 0.97625703
vt 0.03148000 0.84495598
vt 0.02974300 0.84635401
vt 0.02824400 0.84757799
vt 0.02688000 0.84866798
vt 0.02562600 0.84967601
vt 0.02444900 0.85062402
vt 0.02330800 0.85154003
vt 0.05883300 0.95404500
vt 0.05549700 0.96016300
vt 0.05246200 0.96623403
vt 0.04920200 0.97207803
vt 0.04614800 0.97778898
vt 0.03505600 0.84567600
vt 0.04283100 0.98348498
vt 0.03274400 0.84691501
vt 0.03080200 0.84793502
vt 0.02907200 0.84885198
vt 0.02753200 0.84965402
vt 0.02610400 0.85039800
vt 0.02475900 0.85110199
vt 0.02346300 0.85177797
vt 0.06478900 0.95660299
vt 0.06286000 0.96298403
vt 0.06098900 0.96954697
vt 0.05899600 0.97596598
vt 0.05699100 0.98227400
vt 0.05489600 0.98870701
vt 0.03618500 0.84831297
vt 0.03362000 0.84907502
vt 0.03150800 0.84970897
vt 0.02963400 0.85026300
vt 0.02796300 0.85075200
vt 0.02643200 0.85120201
vt 0.02497400 0.85162902
vt 0.02356900 0.85204101
vt 0.07127100 0.95763600
vt 0.07058100 0.96455801
vt 0.07002800 0.97127002
vt 0.06922600 0.97786999
vt 0.06849900 0.98457903
vt 0.06785900 0.99093699
vt 0.03665700 0.85114098
vt 0.03410000 0.85136700
vt 0.03184500 0.85157597
vt 0.02993200 0.85175300
vt 0.02819200 0.85190898
vt 0.02658900 0.85205501
vt 0.02508300 0.85219002
vt 0.02362100 0.85232002
vt 0.07784800 0.95781797
vt 0.07855100 0.96445400
vt 0.07914600 0.97109699
vt 0.07972800 0.97794700
vt 0.08037700 0.98448300
vt 0.03665700 0.85396099
vt 0.08082300 0.99099803
vt 0.03406600 0.85370702
vt 0.03185800 0.85347402
vt 0.02990700 0.85326999
vt 0.02819000 0.85309201
vt 0.02658800 0.85292202
vt 0.02507500 0.85276198
vt 0.02361900 0.85260397
vt 0.08420300 0.95633000
vt 0.08635500 0.96297997
vt 0.08816800 0.96953797
vt 0.09020700 0.97593802
vt 0.09199700 0.98215902
vt 0.03611500 0.85674101
vt 0.09362500 0.98855102
vt 0.03359300 0.85599202
vt 0.03148900 0.85534799
vt 0.02961500 0.85476100
vt 0.02794600 0.85425001
vt 0.02640700 0.85377300
vt 0.02495700 0.85331899
vt 0.02356000 0.85288101
vt 0.09020200 0.95390302
vt 0.09352700 0.95984298
vt 0.09669800 0.96592999
vt 0.09993000 0.97182101
vt 0.10304600 0.97771400
vt 0.10584900 0.98369098
vt 0.03505200 0.85939503
vt 0.03270000 0.85815799
vt 0.03073300 0.85710597
vt 0.02902800 0.85617101
vt 0.02748200 0.85534197
vt 0.02606400 0.85456902
vt 0.02473600 0.85384601
vt 0.02344900 0.85314298
vt 0.09563800 0.95019501
vt 0.09989600 0.95534998
vt 0.10437700 0.96079302
vt 0.10853300 0.96585703
vt 0.11284200 0.97112900
vt 0.03346300 0.86183500
vt 0.11709800 0.97640097
vt 0.03138300 0.86011100
vt 0.02964900 0.85867298
vt 0.02817500 0.85745102
vt 0.02681200 0.85631597
vt 0.02558100 0.85529000
vt 0.02441300 0.85431600
vt 0.02328900 0.85337800
vt 0.10023800 0.94549799
vt 0.10547900 0.94991499
vt 0.11087500 0.95412201
vt 0.11600500 0.95843899
vt 0.12114400 0.96265399
vt 0.03134900 0.86380202
vt 0.12615900 0.96668202
vt 0.02972400 0.86177999
vt 0.02831100 0.86003101
vt 0.02707500 0.85852599
vt 0.02597500 0.85715300
vt 0.02495800 0.85589600
vt 0.02400700 0.85471803
vt 0.02308600 0.85357600
vt 0.10374100 0.93998998
vt 0.10987600 0.94333202
vt 0.11600300 0.94634801
vt 0.12191100 0.94959003
vt 0.12767600 0.95262599
vt 0.13343500 0.95586902
vt 0.02900100 0.86538202
vt 0.02775200 0.86305499
vt 0.02672100 0.86110097
vt 0.02579300 0.85936803
vt 0.02498400 0.85780799
vt 0.02423600 0.85637599
vt 0.02352800 0.85503000
vt 0.02284800 0.85373098
vt 0.10631400 0.93395102
vt 0.11268600 0.93590200
vt 0.11927200 0.93778300
vt 0.12586001 0.93971503
vt 0.13217700 0.94167900
vt 0.02635000 0.86651897
vt 0.13865700 0.94366300
vt 0.02557900 0.86393797
vt 0.02493700 0.86181003
vt 0.02437200 0.85993898
vt 0.02388400 0.85825700
vt 0.02343000 0.85670698
vt 0.02299900 0.85524702
vt 0.02258500 0.85383898
vt 0.10737600 0.92743403
vt 0.11432800 0.92812300
vt 0.12112200 0.92873400
vt 0.12765300 0.92935598
vt 0.13441899 0.93003500
vt 0.02350700 0.86700100
vt 0.14083500 0.93058503
vt 0.02327500 0.86442602
vt 0.02306200 0.86216003
vt 0.02287100 0.86022103
vt 0.02271800 0.85848200
vt 0.02257500 0.85687298
vt 0.02243700 0.85535598
vt 0.02230500 0.85389000
vt 0.10761400 0.92081702
vt 0.11425700 0.92013800
vt 0.12090300 0.91947901
vt 0.12773900 0.91878003
vt 0.13427800 0.91806698
vt 0.02066700 0.86700702
vt 0.14083500 0.91755599
vt 0.02091700 0.86439699
vt 0.02114900 0.86217201
vt 0.02135000 0.86020201
vt 0.02153000 0.85847902
vt 0.02170200 0.85687101
vt 0.02186300 0.85534900
vt 0.02202100 0.85388899
vt 0.10614600 0.91440302
vt 0.11277400 0.91222000
vt 0.11930900 0.91034001
vt 0.12569900 0.90822601
vt 0.13193600 0.90637898
vt 0.01786200 0.86646700
vt 0.13833600 0.90470701
vt 0.01861400 0.86392301
vt 0.01926000 0.86180103
vt 0.01985100 0.85991198
vt 0.02036500 0.85823399
vt 0.02084600 0.85668802
vt 0.02130300 0.85522997
vt 0.02174300 0.85382998
vt 0.10363400 0.90832400
vt 0.10957600 0.90493602
vt 0.11564500 0.90172398
vt 0.12152000 0.89842999
vt 0.12743101 0.89528602
vt 0.01518300 0.86540002
vt 0.13343200 0.89243698
vt 0.01642800 0.86302400
vt 0.01748900 0.86103898
vt 0.01843200 0.85932100
vt 0.01926700 0.85776597
vt 0.02004600 0.85634100
vt 0.02077500 0.85500801
vt 0.02148100 0.85371900
vt 0.09987400 0.90284902
vt 0.10502200 0.89852297
vt 0.11046200 0.89396501
vt 0.11552200 0.88976502
vt 0.12080700 0.88541901
vt 0.01271600 0.86379999
vt 0.12609400 0.88113499
vt 0.01445600 0.86169600
vt 0.01590900 0.85994500
vt 0.01714400 0.85846102
vt 0.01828800 0.85709000
vt 0.01932200 0.85585397
vt 0.02030300 0.85468298
vt 0.02124600 0.85355800
vt 0.09519900 0.89811200
vt 0.09955500 0.89283901
vt 0.10375700 0.88739699
vt 0.10807200 0.88225198
vt 0.11228200 0.87708402
vt 0.01072400 0.86166698
vt 0.11631500 0.87201399
vt 0.01277000 0.86001903
vt 0.01454000 0.85859299
vt 0.01606300 0.85734999
vt 0.01744800 0.85624599
vt 0.01871500 0.85522699
vt 0.01990000 0.85427499
vt 0.02104700 0.85335499
vt 0.08969200 0.89463198
vt 0.09295300 0.88835597
vt 0.09594600 0.88218600
vt 0.09915700 0.87624401
vt 0.10217300 0.87044197
vt 0.10540700 0.86466098
vt 0.00911700 0.85928702
vt 0.01148300 0.85802001
vt 0.01346500 0.85698301
vt 0.01522100 0.85605502
vt 0.01679300 0.85524702
vt 0.01823200 0.85449898
vt 0.01958900 0.85379303
vt 0.02089200 0.85311598
vt 0.08367700 0.89209300
vt 0.08548900 0.88548797
vt 0.08731400 0.87889099
vt 0.08915500 0.87225699
vt 0.09108500 0.86589402
vt 0.09303900 0.85936099
vt 0.00795600 0.85658801
vt 0.01059600 0.85581201
vt 0.01275900 0.85517597
vt 0.01465700 0.85461998
vt 0.01634900 0.85413998
vt 0.01790100 0.85368800
vt 0.01937300 0.85326201
vt 0.02078500 0.85285199
vt 0.07715300 0.89091402
vt 0.07772000 0.88397300
vt 0.07824300 0.87720400
vt 0.07873300 0.87053198
vt 0.07926300 0.86362600
vt 0.00747000 0.85367602
vt 0.07972600 0.85715002
vt 0.01012000 0.85346103
vt 0.01241900 0.85327297
vt 0.01439500 0.85311002
vt 0.01612600 0.85296601
vt 0.01774500 0.85282600
vt 0.01926600 0.85269803
vt 0.02073400 0.85257202
vt 0.07053400 0.89089102
vt 0.06976200 0.88423401
vt 0.06901300 0.87738103
vt 0.06820700 0.87050301
vt 0.06724700 0.86392301
vt 0.06624700 0.85719001
vt 0.00748100 0.85072601
vt 0.01020800 0.85106498
vt 0.01244300 0.85134101
vt 0.01440400 0.85157698
vt 0.01614900 0.85177201
vt 0.01776100 0.85195202
vt 0.01927700 0.85212398
vt 0.02073700 0.85228699
vt 0.02217900 0.85244697
vt 0.06415300 0.89242703
vt 0.06194000 0.88573003
vt 0.05998800 0.87916201
vt 0.05772600 0.87277597
vt 0.05560600 0.86659497
vt 0.05322300 0.86042398
vt 0.00819200 0.84787899
vt 0.01072500 0.84874600
vt 0.01284400 0.84944600
vt 0.01472400 0.85007203
vt 0.01640400 0.85060602
vt 0.01794800 0.85109901
vt 0.01939900 0.85156500
vt 0.02079600 0.85201001
vt 0.05816100 0.89496100
vt 0.05476900 0.88898998
vt 0.05146700 0.88294101
vt 0.04800500 0.87718099
vt 0.04462400 0.87145197
vt 0.04133300 0.86590099
vt 0.00939500 0.84527999
vt 0.01167000 0.84657300
vt 0.01364000 0.84768701
vt 0.01533900 0.84865999
vt 0.01688200 0.84951502
vt 0.01829900 0.85030401
vt 0.01962300 0.85103899
vt 0.02090800 0.85174799
vt 0.05276700 0.89872801
vt 0.04844100 0.89360702
vt 0.04382600 0.88825101
vt 0.03945500 0.88334501
vt 0.03488900 0.87828600
vt 0.03029800 0.87327600
vt 0.01101300 0.84287000
vt 0.01305600 0.84465498
vt 0.01476400 0.84613597
vt 0.01621700 0.84739101
vt 0.01756700 0.84854603
vt 0.01878900 0.84958601
vt 0.01995000 0.85057002
vt 0.02106900 0.85151398
vt 0.04813800 0.90342402
vt 0.04291800 0.89909601
vt 0.03747300 0.89497101
vt 0.03218900 0.89082998
vt 0.02683000 0.88683802
vt 0.01318100 0.84091198
vt 0.02132100 0.88315499
vt 0.01477500 0.84303701
vt 0.01613300 0.84480703
vt 0.01733700 0.84633398
vt 0.01841400 0.84772003
vt 0.01941700 0.84898698
vt 0.02035800 0.85017002
vt 0.02127300 0.85131598
vt 0.04473200 0.90898103
vt 0.03861600 0.90570402
vt 0.03251600 0.90276498
vt 0.02655000 0.89970702
vt 0.02067600 0.89693600
vt 0.01459900 0.89434201
vt 0.01563300 0.83945101
vt 0.01676600 0.84180897
vt 0.01773900 0.84377402
vt 0.01862800 0.84552002
vt 0.01941100 0.84707898
vt 0.02014200 0.84851301
vt 0.02083800 0.84986103
vt 0.02151100 0.85116100
vt 0.04221400 0.91502398
vt 0.03585400 0.91316402
vt 0.02946000 0.91139102
vt 0.02286200 0.90961301
vt 0.01653000 0.90788001
vt 0.01827500 0.83849299
vt 0.01015900 0.90641600
vt 0.01893000 0.84097803
vt 0.01952000 0.84309900
vt 0.02004500 0.84498298
vt 0.02050900 0.84664500
vt 0.02094700 0.84819102
vt 0.02136700 0.84964800
vt 0.02177400 0.85105503
vt 0.04124000 0.92157501
vt 0.03439500 0.92099297
vt 0.02774000 0.92032897
vt 0.02115500 0.91990799
vt 0.01449800 0.91939300
vt 0.00813500 0.91896200
vt 0.02101500 0.83806401
vt 0.02120500 0.84056199
vt 0.02138100 0.84279001
vt 0.02152600 0.84471101
vt 0.02166900 0.84642702
vt 0.02179900 0.84803098
vt 0.02192800 0.84954202
vt 0.02205300 0.85100400
vt 0.04112500 0.92815799
vt 0.03455700 0.92889398
vt 0.02780200 0.92953700
vt 0.02118500 0.93031400
vt 0.01467600 0.93106902
vt 0.02377800 0.83808202
vt 0.00816200 0.93163502
vt 0.02351000 0.84062499
vt 0.02325900 0.84280801
vt 0.02303400 0.84472603
vt 0.02284800 0.84644902
vt 0.02266700 0.84803998
vt 0.02249900 0.84955198
vt 0.02233700 0.85100698
vt 0.04258300 0.93448901
vt 0.03601200 0.93667799
vt 0.02953300 0.93853301
vt 0.02319400 0.94061297
vt 0.01699100 0.94249201
vt 0.01060900 0.94418198
vt 0.02650900 0.83862501
vt 0.02576000 0.84110802
vt 0.02511100 0.84318501
vt 0.02451600 0.84503502
vt 0.02399900 0.84669602
vt 0.02351500 0.84822500
vt 0.02305600 0.84967202
vt 0.02261400 0.85106599
vt 0.04502500 0.94049698
vt 0.03914800 0.94384301
vt 0.03311700 0.94700497
vt 0.02727500 0.95025498
vt 0.02138700 0.95336199
vt 0.01540600 0.95620298
vt 0.02912500 0.83967900
vt 0.02789800 0.84199899
vt 0.02684800 0.84394300
vt 0.02591400 0.84562802
vt 0.02508300 0.84716201
vt 0.02430800 0.84857100
vt 0.02358000 0.84989399
vt 0.02287500 0.85117698
vt 0.01000000 0.01000000
vt 0.01274194 0.01000000
vt 0.01548387 0.01000000
vt 0.01822581 0.01000000
vt 0.02096774 0.01000000
vt 0.02370968 0.01000000
vt 0.02645161 0.01000000
vt 0.02919355 0.01000000
vt 0.03193548 0.01000000
vt 0.03467742 0.01000000
vt 0.03741936 0.01000000
vt 0.04016129 0.01000000
vt 0.04290323 0.01000000
vt 0.04564516 0.01000000
vt 0.04838710 0.01000000
vt 0.05112903 0.01000000
vt 0.05387097 0.01000000
vt 0.05661290 0.01000000
vt 0.05935484 0.01000000
vt 0.06209677 0.01000000
vt 0.06483871 0.01000000
vt 0.06758065 0.01000000
vt 0.07032258 0.01000000
vt 0.07306451 0.01000000
vt 0.07580645 0.01000000
vt 0.07854839 0.01000000
vt 0.08129032 0.01000000
vt 0.08403226 0.01000000
vt 0.08677419 0.01000000
vt 0.08951613 0.01000000
vt 0.09225807 0.01000000
vt 0.09500000 0.01000000
vt 0.01000000 0.01900000
vt 0.01274194 0.01900000
vt 0.01548387 0.01900000
vt 0.01822581 0.01900000
vt 0.02096774 0.01900000
vt 0.02370968 0.01900000
vt 0.02645161 0.01900000
vt 0.02919355 0.01900000
vt 0.03193548 0.01900000
vt 0.03467742 0.01900000
vt 0.03741936 0.01900000
vt 0.04016129 0.01900000
vt 0.04290323 0.01900000
vt 0.04564516 0.01900000
vt 0.04838710 0.01900000
vt 0.05112903 0.01900000
vt 0.05387097 0.01900000
vt 0.05661290 0.01900000
vt 0.05935484 0.01900000
vt 0.06209677 0.01900000
vt 0.06483871 0.01900000
vt 0.06758065 0.01900000
vt 0.07032258 0.01900000
vt 0.07306451 0.01900000
vt 0.07580645 0.01900000
vt 0.07854839 0.01900000
vt 0.08129032 0.01900000
vt 0.08403226 0.01900000
vt 0.08677419 0.01900000
vt 0.08951613 0.01900000
vt 0.09225807 0.01900000
vt 0.09500000 0.01900000
vt 0.01000000 0.02800000
vt 0.01274194 0.02800000
vt 0.01548387 0.02800000
vt 0.01822581 0.02800000
vt 0.02096774 0.02800000
vt 0.02370968 0.02800000
vt 0.02645161 0.02800000
vt 0.02919355 0.02800000
vt 0.03193548 0.02800000
vt 0.03467742 0.02800000
vt 0.03741936 0.02800000
vt 0.04016129 0.02800000
vt 0.04290323 0.02800000
vt 0.04564516 0.02800000
vt 0.04838710 0.02800000
vt 0.05112903 0.02800000
vt 0.05387097 0.02800000
vt 0.05661290 0.02800000
vt 0.05935484 0.02800000
vt 0.06209677 0.02800000
vt 0.06483871 0.02800000
vt 0.06758065 0.02800000
vt 0.07032258 0.02800000
vt 0.07306451 0.02800000
vt 0.07580645 0.02800000
vt 0.07854839 0.02800000
vt 0.08129032 0.02800000
vt 0.08403226 0.02800000
vt 0.08677419 0.02800000
vt 0.08951613 0.02800000
vt 0.09225807 0.02800000
vt 0.09500000 0.02800000
vt 0.01000000 0.03700000
vt 0.01274194 0.03700000
vt 0.01548387 0.03700000
vt 0.01822581 0.03700000
vt 0.02096774 0.03700000
vt 0.02370968 0.03700000
vt 0.02645161 0.03700000
vt 0.02919355 0.03700000
vt 0.03193548 0.03700000
vt 0.03467742 0.03700000
vt 0.03741936 0.03700000
vt 0.04016129 0.03700000
vt 0.04290323 0.03700000
vt 0.04564516 0.03700000
vt 0.04838710 0.03700000
vt 0.05112903 0.03700000
vt 0.05387097 0.03700000
vt 0.05661290 0.03700000
vt 0.05935484 0.03700000
vt 0.06209677 0.03700000
vt 0.06483871 0.03700000
vt 0.06758065 0.03700000
vt 0.07032258 0.03700000
vt 0.07306451 0.03700000
vt 0.07580645 0.03700000
vt 0.07854839 0.03700000
vt 0.08129032 0.03700000
vt 0.08403226 0.03700000
vt 0.08677419 0.03700000
vt 0.08951613 0.03700000
vt 0.09225807 0.03700000
vt 0.09500000 0.03700000
vt 0.01000000 0.04600000
vt 0.01274194 0.04600000
vt 0.01548387 0.04600000
vt 0.01822581 0.04600000
vt 0.02096774 0.04600000
vt 0.02370968 0.04600000
vt 0.02645161 0.04600000
vt 0.02919355 0.04600000
vt 0.03193548 0.04600000
vt 0.03467742 0.04600000
vt 0.03741936 0.04600000
vt 0.04016129 0.04600000
vt 0.04290323 0.04600000
vt 0.04564516 0.04600000
vt 0.04838710 0.04600000
vt 0.05112903 0.04600000
vt 0.05387097 0.04600000
vt 0.05661290 0.04600000
vt 0.05935484 0.04600000
vt 0.06209677 0.04600000
vt 0.06483871 0.04600000
vt 0.06758065 0.04600000
vt 0.07032258 0.04600000
vt 0.07306451 0.04600000
vt 0.07580645 0.04600000
vt 0.07854839 0.04600000
vt 0.08129032 0.04600000
vt 0.08403226 0.04600000
vt 0.08677419 0.04600000
vt 0.08951613 0.04600000
vt 0.09225807 0.04600000
vt 0.09500000 0.04600000
vt 0.01000000 0.05500000
vt 0.01274194 0.05500000
vt 0.01548387 0.05500000
vt 0.01822581 0.05500000
vt 0.02096774 0.05500000
vt 0.02370968 0.05500000
vt 0.02645161 0.05500000
vt 0.02919355 0.05500000
vt 0.03193548 0.05500000
vt 0.03467742 0.05500000
vt 0.03741936 0.05500000
vt 0.04016129 0.05500000
vt 0.04290323 0.05500000
vt 0.04564516 0.05500000
vt 0.04838710 0.05500000
vt 0.05112903 0.05500000
vt 0.05387097 0.05500000
vt 0.05661290 0.05500000
vt 0.05935484 0.05500000
vt 0.06209677 0.05500000
vt 0.06483871 0.05500000
vt 0.06758065 0.05500000
vt 0.07032258 0.05500000
vt 0.07306451 0.05500000
vt 0.07580645 0.05500000
vt 0.07854839 0.05500000
vt 0.08129032 0.05500000
vt 0.08403226 0.05500000
vt 0.08677419 0.05500000
vt 0.08951613 0.05500000
vt 0.09225807 0.05500000
vt 0.09500000 0.05500000
vt 0.01000000 0.06400000
vt 0.01274194 0.06400000
vt 0.01548387 0.06400000
vt 0.01822581 0.06400000
vt 0.02096774 0.06400000
vt 0.02370968 0.06400000
vt 0.02645161 0.06400000
vt 0.02919355 0.06400000
vt 0.03193548 0.06400000
vt 0.03467742 0.06400000
vt 0.03741936 0.06400000
vt 0.04016129 0.06400000
vt 0.04290323 0.06400000
vt 0.04564516 0.06400000
vt 0.04838710 0.06400000
vt 0.05112903 0.06400000
vt 0.05387097 0.06400000
vt 0.05661290 0.06400000
vt 0.05935484 0.06400000
vt 0.06209677 0.06400000
vt 0.06483871 0.06400000
vt 0.06758065 0.06400000
vt 0.07032258 0.06400000
vt 0.07306451 0.06400000
vt 0.07580645 0.06400000
vt 0.07854839 0.06400000
vt 0.08129032 0.06400000
vt 0.08403226 0.06400000
vt 0.08677419 0.06400000
vt 0.08951613 0.06400000
vt 0.09225807 0.06400000
vt 0.09500000 0.06400000
vt 0.01000000 0.07300000
vt 0.01274194 0.07300000
vt 0.01548387 0.07300000
vt 0.01822581 0.07300000
vt 0.02096774 0.07300000
vt 0.02370968 0.07300000
vt 0.02645161 0.07300000
vt 0.02919355 0.07300000
vt 0.03193548 0.07300000
vt 0.03467742 0.07300000
vt 0.03741936 0.07300000
vt 0.04016129 0.07300000
vt 0.04290323 0.07300000
vt 0.04564516 0.07300000
vt 0.04838710 0.07300000
vt 0.05112903 0.07300000
vt 0.05387097 0.07300000
vt 0.05661290 0.07300000
vt 0.05935484 0.07300000
vt 0.06209677 0.07300000
vt 0.06483871 0.07300000
vt 0.06758065 0.07300000
vt 0.07032258 0.07300000
vt 0.07306451 0.07300000
vt 0.07580645 0.07300000
vt 0.07854839 0.07300000
vt 0.08129032 0.07300000
vt 0.08403226 0.07300000
vt 0.08677419 0.07300000
vt 0.08951613 0.07300000
vt 0.09225807 0.07300000
vt 0.09500000 0.07300000
vt 0.01000000 0.08200000
vt 0.01274194 0.08200000
vt 0.01548387 0.08200000
vt 0.01822581 0.08200000
vt 0.02096774 0.08200000
vt 0.02370968 0.08200000
vt 0.02645161 0.08200000
vt 0.02919355 0.08200000
vt 0.03193548 0.08200000
vt 0.03467742 0.08200000
vt 0.03741936 0.08200000
vt 0.04016129 0.08200000
vt 0.04290323 0.08200000
vt 0.04564516 0.08200000
vt 0.04838710 0.08200000
vt 0.05112903 0.08200000
vt 0.05387097 0.08200000
vt 0.05661290 0.08200000
vt 0.05935484 0.08200000
vt 0.06209677 0.08200000
vt 0.06483871 0.08200000
vt 0.06758065 0.08200000
vt 0.07032258 0.08200000
vt 0.07306451 0.08200000
vt 0.07580645 0.08200000
vt 0.07854839 0.08200000
vt 0.08129032 0.08200000
vt 0.08403226 0.08200000
vt 0.08677419 0.08200000
vt 0.08951613 0.08200000
vt 0.09225807 0.08200000
vt 0.09500000 0.08200000
vt 0.01000000 0.09100000
vt 0.01274194 0.09100000
vt 0.01548387 0.09100000
vt 0.01822581 0.09100000
vt 0.02096774 0.09100000
vt 0.02370968 0.09100000
vt 0.02645161 0.09100000
vt 0.02919355 0.09100000
vt 0.03193548 0.09100000
vt 0.03467742 0.09100000
vt 0.03741936 0.09100000
vt 0.04016129 0.09100000
vt 0.04290323 0.09100000
vt 0.04564516 0.09100000
vt 0.04838710 0.09100000
vt 0.05112903 0.09100000
vt 0.05387097 0.09100000
vt 0.05661290 0.09100000
vt 0.05935484 0.09100000
vt 0.06209677 0.09100000
vt 0.06483871 0.09100000
vt 0.06758065 0.09100000
vt 0.07032258 0.09100000
vt 0.07306451 0.09100000
vt 0.07580645 0.09100000
vt 0.07854839 0.09100000
vt 0.08129032 0.09100000
vt 0.08403226 0.09100000
vt 0.08677419 0.09100000
vt 0.08951613 0.09100000
vt 0.09225807 0.09100000
vt 0.09500000 0.09100000
vt 0.01000000 0.10000000
vt 0.01274194 0.10000000
vt 0.01548387 0.10000000
vt 0.01822581 0.10000000
vt 0.02096774 0.10000000
vt 0.02370968 0.10000000
vt 0.02645161 0.10000000
vt 0.02919355 0.10000000
vt 0.03193548 0.10000000
vt 0.03467742 0.10000000
vt 0.03741936 0.10000000
vt 0.04016129 0.10000000
vt 0.04290323 0.10000000
vt 0.04564516 0.10000000
vt 0.04838710 0.10000000
vt 0.05112903 0.10000000
vt 0.05387097 0.10000000
vt 0.05661290 0.10000000
vt 0.05935484 0.10000000
vt 0.06209677 0.10000000
vt 0.06483871 0.10000000
vt 0.06758065 0.10000000
vt 0.07032258 0.10000000
vt 0.07306451 0.10000000
vt 0.07580645 0.10000000
vt 0.07854839 0.10000000
vt 0.08129032 0.10000000
vt 0.08403226 0.10000000
vt 0.08677419 0.10000000
vt 0.08951613 0.10000000
vt 0.09225807 0.10000000
vt 0.09500000 0.10000000
vt 0.01000000 0.10900000
vt 0.01274194 0.10900000
vt 0.01548387 0.10900000
vt 0.01822581 0.10900000
vt 0.02096774 0.10900000
vt 0.02370968 0.10900000
vt 0.02645161 0.10900000
vt 0.02919355 0.10900000
vt 0.03193548 0.10900000
vt 0.03467742 0.10900000
vt 0.03741936 0.10900000
vt 0.04016129 0.10900000
vt 0.04290323 0.10900000
vt 0.04564516 0.10900000
vt 0.04838710 0.10900000
vt 0.05112903 0.10900000
vt 0.05387097 0.10900000
vt 0.05661290 0.10900000
vt 0.05935484 0.10900000
vt 0.06209677 0.10900000
vt 0.06483871 0.10900000
vt 0.06758065 0.10900000
vt 0.07032258 0.10900000
vt 0.07306451 0.10900000
vt 0.07580645 0.10900000
vt 0.07854839 0.10900000
vt 0.08129032 0.10900000
vt 0.08403226 0.10900000
vt 0.08677419 0.10900000
vt 0.08951613 0.10900000
vt 0.09225807 0.10900000
vt 0.09500000 0.10900000
vt 0.01000000 0.11800000
vt 0.01274194 0.11800000
vt 0.01548387 0.11800000
vt 0.01822581 0.11800000
vt 0.02096774 0.11800000
vt 0.02370968 0.11800000
vt 0.02645161 0.11800000
vt 0.02919355 0.11800000
vt 0.03193548 0.11800000
vt 0.03467742 0.11800000
vt 0.03741936 0.11800000
vt 0.04016129 0.11800000
vt 0.04290323 0.11800000
vt 0.04564516 0.11800000
vt 0.04838710 0.11800000
vt 0.05112903 0.11800000
vt 0.05387097 0.11800000
vt 0.05661290 0.11800000
vt 0.05935484 0.11800000
vt 0.06209677 0.11800000
vt 0.06483871 0.11800000
vt 0.06758065 0.11800000
vt 0.07032258 0.11800000
vt 0.07306451 0.11800000
vt 0.07580645 0.11800000
vt 0.07854839 0.11800000
vt 0.08129032 0.11800000
vt 0.08403226 0.11800000
vt 0.08677419 0.11800000
vt 0.08951613 0.11800000
vt 0.09225807 0.11800000
vt 0.09500000 0.11800000
vt 0.01000000 0.12700000
vt 0.01274194 0.12700000
vt 0.01548387 0.12700000
vt 0.01822581 0.12700000
vt 0.02096774 0.12700000
vt 0.02370968 0.12700000
vt 0.02645161 0.12700000
vt 0.02919355 0.12700000
vt 0.03193548 0.12700000
vt 0.03467742 0.12700000
vt 0.03741936 0.12700000
vt 0.04016129 0.12700000
vt 0.04290323 0.12700000
vt 0.04564516 0.12700000
vt 0.04838710 0.12700000
vt 0.05112903 0.12700000
vt 0.05387097 0.12700000
vt 0.05661290 0.12700000
vt 0.05935484 0.12700000
vt 0.06209677 0.12700000
vt 0.06483871 0.12700000
vt 0.06758065 0.12700000
vt 0.07032258 0.12700000
vt 0.07306451 0.12700000
vt 0.07580645 0.12700000
vt 0.07854839 0.12700000
vt 0.08129032 0.12700000
vt 0.08403226 0.12700000
vt 0.08677419 0.12700000
vt 0.08951613 0.12700000
vt 0.09225807 0.12700000
vt 0.09500000 0.12700000
vt 0.01000000 0.13600001
vt 0.01274194 0.13600001
vt 0.01548387 0.13600001
vt 0.01822581 0.13600001
vt 0.02096774 0.13600001
vt 0.02370968 0.13600001
vt 0.02645161 0.13600001
vt 0.02919355 0.13600001
vt 0.03193548 0.13600001
vt 0.03467742 0.13600001
vt 0.03741936 0.13600001
vt 0.04016129 0.13600001
vt 0.04290323 0.13600001
vt 0.04564516 0.13600001
vt 0.04838710 0.13600001
vt 0.05112903 0.13600001
vt 0.05387097 0.13600001
vt 0.05661290 0.13600001
vt 0.05935484 0.13600001
vt 0.06209677 0.13600001
vt 0.06483871 0.13600001
vt 0.06758065 0.13600001
vt 0.07032258 0.13600001
vt 0.07306451 0.13600001
vt 0.07580645 0.13600001
vt 0.07854839 0.13600001
vt 0.08129032 0.13600001
vt 0.08403226 0.13600001
vt 0.08677419 0.13600001
vt 0.08951613 0.13600001
vt 0.09225807 0.13600001
vt 0.09500000 0.13600001
vt 0.01000000 0.14500000
vt 0.01274194 0.14500000
vt 0.01548387 0.14500000
vt 0.01822581 0.14500000
vt 0.02096774 0.14500000
vt 0.02370968 0.14500000
vt 0.02645161 0.14500000
vt 0.02919355 0.14500000
vt 0.03193548 0.14500000
vt 0.03467742 0.14500000
vt 0.03741936 0.14500000
vt 0.04016129 0.14500000
vt 0.04290323 0.14500000
vt 0.04564516 0.14500000
vt 0.04838710 0.14500000
vt 0.05112903 0.14500000
vt 0.05387097 0.14500000
vt 0.05661290 0.14500000
vt 0.05935484 0.14500000
vt 0.06209677 0.14500000
vt 0.06483871 0.14500000
vt 0.06758065 0.14500000
vt 0.07032258 0.14500000
vt 0.07306451 0.14500000
vt 0.07580645 0.14500000
vt 0.07854839 0.14500000
vt 0.08129032 0.14500000
vt 0.08403226 0.14500000
vt 0.08677419 0.14500000
vt 0.08951613 0.14500000
vt 0.09225807 0.14500000
vt 0.09500000 0.14500000
vt 0.01000000 0.15400000
vt 0.01274194 0.15400000
vt 0.01548387 0.15400000
vt 0.01822581 0.15400000
vt 0.02096774 0.15400000
vt 0.02370968 0.15400000
vt 0.02645161 0.15400000
vt 0.02919355 0.15400000
vt 0.03193548 0.15400000
vt 0.03467742 0.15400000
vt 0.03741936 0.15400000
vt 0.04016129 0.15400000
vt 0.04290323 0.15400000
vt 0.04564516 0.15400000
vt 0.04838710 0.15400000
vt 0.05112903 0.15400000
vt 0.05387097 0.15400000
vt 0.05661290 0.15400000
vt 0.05935484 0.15400000
vt 0.06209677 0.15400000
vt 0.06483871 0.15400000
vt 0.06758065 0.15400000
vt 0.07032258 0.15400000
vt 0.07306451 0.15400000
vt 0.07580645 0.15400000
vt 0.07854839 0.15400000
vt 0.08129032 0.15400000
vt 0.08403226 0.15400000
vt 0.08677419 0.15400000
vt 0.08951613 0.15400000
vt 0.09225807 0.15400000
vt 0.09500000 0.15400000
vt 0.01000000 0.16300000
vt 0.01274194 0.16300000
vt 0.01548387 0.16300000
vt 0.01822581 0.16300000
vt 0.02096774 0.16300000
vt 0.02370968 0.16300000
vt 0.02645161 0.16300000
vt 0.02919355 0.16300000
vt 0.03193548 0.16300000
vt 0.03467742 0.16300000
vt 0.03741936 0.16300000
vt 0.04016129 0.16300000
vt 0.04290323 0.16300000
vt 0.04564516 0.16300000
vt 0.04838710 0.16300000
vt 0.05112903 0.16300000
vt 0.05387097 0.16300000
vt 0.05661290 0.16300000
vt 0.05935484 0.16300000
vt 0.06209677 0.16300000
vt 0.06483871 0.16300000
vt 0.06758065 0.16300000
vt 0.07032258 0.16300000
vt 0.07306451 0.16300000
vt 0.07580645 0.16300000
vt 0.07854839 0.16300000
vt 0.08129032 0.16300000
vt 0.08403226 0.16300000
vt 0.08677419 0.16300000
vt 0.08951613 0.16300000
vt 0.09225807 0.16300000
vt 0.09500000 0.16300000
vt 0.01000000 0.17200001
vt 0.01274194 0.17200001
vt 0.01548387 0.17200001
vt 0.01822581 0.17200001
vt 0.02096774 0.17200001
vt 0.02370968 0.17200001
vt 0.02645161 0.17200001
vt 0.02919355 0.17200001
vt 0.03193548 0.17200001
vt 0.03467742 0.17200001
vt 0.03741936 0.17200001
vt 0.04016129 0.17200001
vt 0.04290323 0.17200001
vt 0.04564516 0.17200001
vt 0.04838710 0.17200001
vt 0.05112903 0.17200001
vt 0.05387097 0.17200001
vt 0.05661290 0.17200001
vt 0.05935484 0.17200001
vt 0.06209677 0.17200001
vt 0.06483871 0.17200001
vt 0.06758065 0.17200001
vt 0.07032258 0.17200001
vt 0.07306451 0.17200001
vt 0.07580645 0.17200001
vt 0.07854839 0.17200001
vt 0.08129032 0.17200001
vt 0.08403226 0.17200001
vt 0.08677419 0.17200001
vt 0.08951613 0.17200001
vt 0.09225807 0.17200001
vt 0.09500000 0.17200001
vt 0.01000000 0.18099999
vt 0.01274194 0.18099999
vt 0.01548387 0.18099999
vt 0.01822581 0.18099999
vt 0.02096774 0.18099999
vt 0.02370968 0.18099999
vt 0.02645161 0.18099999
vt 0.02919355 0.18099999
vt 0.03193548 0.18099999
vt 0.03467742 0.18099999
vt 0.03741936 0.18099999
vt 0.04016129 0.18099999
vt 0.04290323 0.18099999
vt 0.04564516 0.18099999
vt 0.04838710 0.18099999
vt 0.05112903 0.18099999
vt 0.05387097 0.18099999
vt 0.05661290 0.18099999
vt 0.05935484 0.18099999
vt 0.06209677 0.18099999
vt 0.06483871 0.18099999
vt 0.06758065 0.18099999
vt 0.07032258 0.18099999
vt 0.07306451 0.18099999
vt 0.07580645 0.18099999
vt 0.07854839 0.18099999
vt 0.08129032 0.18099999
vt 0.08403226 0.18099999
vt 0.08677419 0.18099999
vt 0.08951613 0.18099999
vt 0.09225807 0.18099999
vt 0.09500000 0.18099999
vt 0.01000000 0.19000000
vt 0.01274194 0.19000000
vt 0.01548387 0.19000000
vt 0.01822581 0.19000000
vt 0.02096774 0.19000000
vt 0.02370968 0.19000000
vt 0.02645161 0.19000000
vt 0.02919355 0.19000000
vt 0.03193548 0.19000000
vt 0.03467742 0.19000000
vt 0.03741936 0.19000000
vt 0.04016129 0.19000000
vt 0.04290323 0.19000000
vt 0.04564516 0.19000000
vt 0.04838710 0.19000000
vt 0.05112903 0.19000000
vt 0.05387097 0.19000000
vt 0.05661290 0.19000000
vt 0.05935484 0.19000000
vt 0.06209677 0.19000000
vt 0.06483871 0.19000000
vt 0.06758065 0.19000000
vt 0.07032258 0.19000000
vt 0.07306451 0.19000000
vt 0.07580645 0.19000000
vt 0.07854839 0.19000000
vt 0.08129032 0.19000000
vt 0.08403226 0.19000000
vt 0.08677419 0.19000000
vt 0.08951613 0.19000000
vt 0.09225807 0.19000000
vt 0.09500000 0.19000000
vt 0.01000000 0.19900000
vt 0.01274194 0.19900000
vt 0.01548387 0.19900000
vt 0.01822581 0.19900000
vt 0.02096774 0.19900000
vt 0.02370968 0.19900000
vt 0.02645161 0.19900000
vt 0.02919355 0.19900000
vt 0.03193548 0.19900000
vt 0.03467742 0.19900000
vt 0.03741936 0.19900000
vt 0.04016129 0.19900000
vt 0.04290323 0.19900000
vt 0.04564516 0.19900000
vt 0.04838710 0.19900000
vt 0.05112903 0.19900000
vt 0.05387097 0.19900000
vt 0.05661290 0.19900000
vt 0.05935484 0.19900000
vt 0.06209677 0.19900000
vt 0.06483871 0.19900000
vt 0.06758065 0.19900000
vt 0.07032258 0.19900000
vt 0.07306451 0.19900000
vt 0.07580645 0.19900000
vt 0.07854839 0.19900000
vt 0.08129032 0.19900000
vt 0.08403226 0.19900000
vt 0.08677419 0.19900000
vt 0.08951613 0.19900000
vt 0.09225807 0.19900000
vt 0.09500000 0.19900000
vt 0.01000000 0.20800000
vt 0.01274194 0.20800000
vt 0.01548387 0.20800000
vt 0.01822581 0.20800000
vt 0.02096774 0.20800000
vt 0.02370968 0.20800000
vt 0.02645161 0.20800000
vt 0.02919355 0.20800000
vt 0.03193548 0.20800000
vt 0.03467742 0.20800000
vt 0.03741936 0.20800000
vt 0.04016129 0.20800000
vt 0.04290323 0.20800000
vt 0.04564516 0.20800000
vt 0.04838710 0.20800000
vt 0.05112903 0.20800000
vt 0.05387097 0.20800000
vt 0.05661290 0.20800000
vt 0.05935484 0.20800000
vt 0.06209677 0.20800000
vt 0.06483871 0.20800000
vt 0.06758065 0.20800000
vt 0.07032258 0.20800000
vt 0.07306451 0.20800000
vt 0.07580645 0.20800000
vt 0.07854839 0.20800000
vt 0.08129032 0.20800000
vt 0.08403226 0.20800000
vt 0.08677419 0.20800000
vt 0.08951613 0.20800000
vt 0.09225807 0.20800000
vt 0.09500000 0.20800000
vt 0.01000000 0.21699999
vt 0.01274194 0.21699999
vt 0.01548387 0.21699999
vt 0.01822581 0.21699999
vt 0.02096774 0.21699999
vt 0.02370968 0.21699999
vt 0.02645161 0.21699999
vt 0.02919355 0.21699999
vt 0.03193548 0.21699999
vt 0.03467742 0.21699999
vt 0.03741936 0.21699999
vt 0.04016129 0.21699999
vt 0.04290323 0.21699999
vt 0.04564516 0.21699999
vt 0.04838710 0.21699999
vt 0.05112903 0.21699999
vt 0.05387097 0.21699999
vt 0.05661290 0.21699999
vt 0.05935484 0.21699999
vt 0.06209677 0.21699999
vt 0.06483871 0.21699999
vt 0.06758065 0.21699999
vt 0.07032258 0.21699999
vt 0.07306451 0.21699999
vt 0.07580645 0.21699999
vt 0.07854839 0.21699999
vt 0.08129032 0.21699999
vt 0.08403226 0.21699999
vt 0.08677419 0.21699999
vt 0.08951613 0.21699999
vt 0.09225807 0.21699999
vt 0.09500000 0.21699999
vt 0.01000000 0.22600000
vt 0.01274194 0.22600000
vt 0.01548387 0.22600000
vt 0.01822581 0.22600000
vt 0.02096774 0.22600000
vt 0.02370968 0.22600000
vt 0.02645161 0.22600000
vt 0.02919355 0.22600000
vt 0.03193548 0.22600000
vt 0.03467742 0.22600000
vt 0.03741936 0.22600000
vt 0.04016129 0.22600000
vt 0.04290323 0.22600000
vt 0.04564516 0.22600000
vt 0.04838710 0.22600000
vt 0.05112903 0.22600000
vt 0.05387097 0.22600000
vt 0.05661290 0.22600000
vt 0.05935484 0.22600000
vt 0.06209677 0.22600000
vt 0.06483871 0.22600000
vt 0.06758065 0.22600000
vt 0.07032258 0.22600000
vt 0.07306451 0.22600000
vt 0.07580645 0.22600000
vt 0.07854839 0.22600000
vt 0.08129032 0.22600000
vt 0.08403226 0.22600000
vt 0.08677419 0.22600000
vt 0.08951613 0.22600000
vt 0.09225807 0.22600000
vt 0.09500000 0.22600000
vt 0.01000000 0.23500000
vt 0.01274194 0.23500000
vt 0.01548387 0.23500000
vt 0.01822581 0.23500000
vt 0.02096774 0.23500000
vt 0.02370968 0.23500000
vt 0.02645161 0.23500000
vt 0.02919355 0.23500000
vt 0.03193548 0.23500000
vt 0.03467742 0.23500000
vt 0.03741936 0.23500000
vt 0.04016129 0.23500000
vt 0.04290323 0.23500000
vt 0.04564516 0.23500000
vt 0.04838710 0.23500000
vt 0.05112903 0.23500000
vt 0.05387097 0.23500000
vt 0.05661290 0.23500000
vt 0.05935484 0.23500000
vt 0.06209677 0.23500000
vt 0.06483871 0.23500000
vt 0.06758065 0.23500000
vt 0.07032258 0.23500000
vt 0.07306451 0.23500000
vt 0.07580645 0.23500000
vt 0.07854839 0.23500000
vt 0.08129032 0.23500000
vt 0.08403226 0.23500000
vt 0.08677419 0.23500000
vt 0.08951613 0.23500000
vt 0.09225807 0.23500000
vt 0.09500000 0.23500000
vt 0.01000000 0.24400000
vt 0.01274194 0.24400000
vt 0.01548387 0.24400000
vt 0.01822581 0.24400000
vt 0.02096774 0.24400000
vt 0.02370968 0.24400000
vt 0.02645161 0.24400000
vt 0.02919355 0.24400000
vt 0.03193548 0.24400000
vt 0.03467742 0.24400000
vt 0.03741936 0.24400000
vt 0.04016129 0.24400000
vt 0.04290323 0.24400000
vt 0.04564516 0.24400000
vt 0.04838710 0.24400000
vt 0.05112903 0.24400000
vt 0.05387097 0.24400000
vt 0.05661290 0.24400000
vt 0.05935484 0.24400000
vt 0.06209677 0.24400000
vt 0.06483871 0.24400000
vt 0.06758065 0.24400000
vt 0.07032258 0.24400000
vt 0.07306451 0.24400000
vt 0.07580645 0.24400000
vt 0.07854839 0.24400000
vt 0.08129032 0.24400000
vt 0.08403226 0.24400000
vt 0.08677419 0.24400000
vt 0.08951613 0.24400000
vt 0.09225807 0.24400000
vt 0.09500000 0.24400000
vt 0.01000000 0.25299999
vt 0.01274194 0.25299999
vt 0.01548387 0.25299999
vt 0.01822581 0.25299999
vt 0.02096774 0.25299999
vt 0.02370968 0.25299999
vt 0.02645161 0.25299999
vt 0.02919355 0.25299999
vt 0.03193548 0.25299999
vt 0.03467742 0.25299999
vt 0.03741936 0.25299999
vt 0.04016129 0.25299999
vt 0.04290323 0.25299999
vt 0.04564516 0.25299999
vt 0.04838710 0.25299999
vt 0.05112903 0.25299999
vt 0.05387097 0.25299999
vt 0.05661290 0.25299999
vt 0.05935484 0.25299999
vt 0.06209677 0.25299999
vt 0.06483871 0.25299999
vt 0.06758065 0.25299999
vt 0.07032258 0.25299999
vt 0.07306451 0.25299999
vt 0.07580645 0.25299999
vt 0.07854839 0.25299999
vt 0.08129032 0.25299999
vt 0.08403226 0.25299999
vt 0.08677419 0.25299999
vt 0.08951613 0.25299999
vt 0.09225807 0.25299999
vt 0.09500000 0.25299999
vt 0.01000000 0.26199999
vt 0.01274194 0.26199999
vt 0.01548387 0.26199999
vt 0.01822581 0.26199999
vt 0.02096774 0.26199999
vt 0.02370968 0.26199999
vt 0.02645161 0.26199999
vt 0.02919355 0.26199999
vt 0.03193548 0.26199999
vt 0.03467742 0.26199999
vt 0.03741936 0.26199999
vt 0.04016129 0.26199999
vt 0.04290323 0.26199999
vt 0.04564516 0.26199999
vt 0.04838710 0.26199999
vt 0.05112903 0.26199999
vt 0.05387097 0.26199999
vt 0.05661290 0.26199999
vt 0.05935484 0.26199999
vt 0.06209677 0.26199999
vt 0.06483871 0.26199999
vt 0.06758065 0.26199999
vt 0.07032258 0.26199999
vt 0.07306451 0.26199999
vt 0.07580645 0.26199999
vt 0.07854839 0.26199999
vt 0.08129032 0.26199999
vt 0.08403226 0.26199999
vt 0.08677419 0.26199999
vt 0.08951613 0.26199999
vt 0.09225807 0.26199999
vt 0.09500000 0.26199999
vt 0.01000000 0.27100000
vt 0.01274194 0.27100000
vt 0.01548387 0.27100000
vt 0.01822581 0.27100000
vt 0.02096774 0.27100000
vt 0.02370968 0.27100000
vt 0.02645161 0.27100000
vt 0.02919355 0.27100000
vt 0.03193548 0.27100000
vt 0.03467742 0.27100000
vt 0.03741936 0.27100000
vt 0.04016129 0.27100000
vt 0.04290323 0.27100000
vt 0.04564516 0.27100000
vt 0.04838710 0.27100000
vt 0.05112903 0.27100000
vt 0.05387097 0.27100000
vt 0.05661290 0.27100000
vt 0.05935484 0.27100000
vt 0.06209677 0.27100000
vt 0.06483871 0.27100000
vt 0.06758065 0.27100000
vt 0.07032258 0.27100000
vt 0.07306451 0.27100000
vt 0.07580645 0.27100000
vt 0.07854839 0.27100000
vt 0.08129032 0.27100000
vt 0.08403226 0.27100000
vt 0.08677419 0.27100000
vt 0.08951613 0.27100000
vt 0.09225807 0.27100000
vt 0.09500000 0.27100000
vt 0.01000000 0.28000000
vt 0.01274194 0.28000000
vt 0.01548387 0.28000000
vt 0.01822581 0.28000000
vt 0.02096774 0.28000000
vt 0.02370968 0.28000000
vt 0.02645161 0.28000000
vt 0.02919355 0.28000000
vt 0.03193548 0.28000000
vt 0.03467742 0.28000000
vt 0.03741936 0.28000000
vt 0.04016129 0.28000000
vt 0.04290323 0.28000000
vt 0.04564516 0.28000000
vt 0.04838710 0.28000000
vt 0.05112903 0.28000000
vt 0.05387097 0.28000000
vt 0.05661290 0.28000000
vt 0.05935484 0.28000000
vt 0.06209677 0.28000000
vt 0.06483871 0.28000000
vt 0.06758065 0.28000000
vt 0.07032258 0.28000000
vt 0.07306451 0.28000000
vt 0.07580645 0.28000000
vt 0.07854839 0.28000000
vt 0.08129032 0.28000000
vt 0.08403226 0.28000000
vt 0.08677419 0.28000000
vt 0.08951613 0.28000000
vt 0.09225807 0.28000000
vt 0.09500000 0.28000000
vt 0.89999998 0.01000000
vt 0.90600002 0.01000000
vt 0.91200000 0.01000000
vt 0.91799998 0.01000000
vt 0.92400002 0.01000000
vt 0.93000001 0.01000000
vt 0.93599999 0.01000000
vt 0.94199997 0.01000000
vt 0.94800001 0.01000000
vt 0.95400000 0.01000000
vt 0.95999998 0.01000000
vt 0.96600002 0.01000000
vt 0.97200000 0.01000000
vt 0.97799999 0.01000000
vt 0.98400003 0.01000000
vt 0.99000001 0.01000000
vt 0.89999998 0.07500000
vt 0.90600002 0.07500000
vt 0.91200000 0.07500000
vt 0.91799998 0.07500000
vt 0.92400002 0.07500000
vt 0.93000001 0.07500000
vt 0.93599999 0.07500000
vt 0.94199997 0.07500000
vt 0.94800001 0.07500000
vt 0.95400000 0.07500000
vt 0.95999998 0.07500000
vt 0.96600002 0.07500000
vt 0.97200000 0.07500000
vt 0.97799999 0.07500000
vt 0.98400003 0.07500000
vt 0.99000001 0.07500000
vt 0.89999998 0.14000000
vt 0.90600002 0.14000000
vt 0.91200000 0.14000000
vt 0.91799998 0.14000000
vt 0.92400002 0.14000000
vt 0.93000001 0.14000000
vt 0.93599999 0.14000000
vt 0.94199997 0.14000000
vt 0.94800001 0.14000000
vt 0.95400000 0.14000000
vt 0.95999998 0.14000000
vt 0.96600002 0.14000000
vt 0.97200000 0.14000000
vt 0.97799999 0.14000000
vt 0.98400003 0.14000000
vt 0.99000001 0.14000000
vt 0.89999998 0.15000001
vt 0.90391302 0.15000001
vt 0.90782607 0.15000001
vt 0.91173911 0.15000001
vt 0.91565216 0.15000001
vt 0.91956520 0.15000001
vt 0.92347825 0.15000001
vt 0.92739129 0.15000001
vt 0.93130434 0.15000001
vt 0.93521738 0.15000001
vt 0.93913043 0.15000001
vt 0.94304347 0.15000001
vt 0.94695652 0.15000001
vt 0.95086956 0.15000001
vt 0.95478261 0.15000001
vt 0.95869565 0.15000001
vt 0.96260870 0.15000001
vt 0.96652174 0.15000001
vt 0.97043478 0.15000001
vt 0.97434783 0.15000001
vt 0.97826087 0.15000001
vt 0.98217392 0.15000001
vt 0.98608696 0.15000001
vt 0.99000001 0.15000001
vt 0.89999998 0.21500000
vt 0.90391302 0.21500000
vt 0.90782607 0.21500000
vt 0.91173911 0.21500000
vt 0.91565216 0.21500000
vt 0.91956520 0.21500000
vt 0.92347825 0.21500000
vt 0.92739129 0.21500000
vt 0.93130434 0.21500000
vt 0.93521738 0.21500000
vt 0.93913043 0.21500000
vt 0.94304347 0.21500000
vt 0.94695652 0.21500000
vt 0.95086956 0.21500000
vt 0.95478261 0.21500000
vt 0.95869565 0.21500000
vt 0.96260870 0.21500000
vt 0.96652174 0.21500000
vt 0.97043478 0.21500000
vt 0.97434783 0.21500000
vt 0.97826087 0.21500000
vt 0.98217392 0.21500000
vt 0.98608696 0.21500000
vt 0.99000001 0.21500000
vt 0.89999998 0.28000000
vt 0.90391302 0.28000000
vt 0.90782607 0.28000000
vt 0.91173911 0.28000000
vt 0.91565216 0.28000000
vt 0.91956520 0.28000000
vt 0.92347825 0.28000000
vt 0.92739129 0.28000000
vt 0.93130434 0.28000000
vt 0.93521738 0.28000000
vt 0.93913043 0.28000000
vt 0.94304347 0.28000000
vt 0.94695652 0.28000000
vt 0.95086956 0.28000000
vt 0.95478261 0.28000000
vt 0.95869565 0.28000000
vt 0.96260870 0.28000000
vt 0.96652174 0.28000000
vt 0.97043478 0.28000000
vt 0.97434783 0.28000000
vt 0.97826087 0.28000000
vt 0.98217392 0.28000000
vt 0.98608696 0.28000000
vt 0.99000001 0.28000000
f 4/4 2/2 1/1
f 8/8 6/6 5/5
f 9/9 11/11 10/10
f 13/13 15/15 14/14
f 28/28 26/26 25/25
f 32/32 30/30 29/29
f 33/33 35/35 34/34
f 17/17 19/19 16/16
f 21/21 23/23 20/20
f 37/37 39/39 38/38
f 44/44 42/42 41/41
f 48/48 46/46 45/45
f 49/49 51/51 50/50
f 56/56 54/54 53/53
f 25/25 58/58 57/57
f 62/62 60/60 59/59
f 63/63 6/6 64/64
f 68/68 66/66 65/65
f 72/72 70/70 69/69
f 73/73 75/75 74/74
f 77/77 79/79 78/78
f 55/55 82/82 81/81
f 84/84 86/86 85/85
f 92/92 90/90 89/89
f 96/96 94/94 93/93
f 97/97 99/99 98/98
f 102/102 30/30 83/83
f 104/104 107/107 103/103
f 109/109 32/32 110/110
f 116/116 118/118 117/117
f 123/123 121/121 120/120
f 124/124 126/126 125/125
f 134/134 132/132 131/131
f 140/140 56/56 139/139
f 136/136 119/119 116/116
f 141/141 143/143 142/142
f 148/148 146/146 145/145
f 151/151 150/150 149/149
f 108/108 156/156 101/101
f 163/163 161/161 160/160
f 166/166 165/165 164/164
f 171/171 173/173 172/172
f 178/178 180/180 179/179
f 186/186 188/188 187/187
f 191/191 131/131 190/190
f 198/198 200/200 199/199
f 205/205 203/203 202/202
f 194/194 206/206 193/193
f 92/92 208/208 50/50
f 88/88 39/39 40/40
f 93/93 238/238 96/96
f 242/242 221/221 220/220
f 244/244 54/54 245/245
f 250/250 248/248 247/247
f 252/252 221/221 251/251
f 106/106 255/255 105/105
f 257/257 259/259 258/258
f 52/52 262/262 261/261
f 266/266 241/241 242/242
f 177/177 59/59 60/60
f 272/272 270/270 268/268
f 277/277 275/275 149/149
f 280/280 203/203 204/204
f 133/133 88/88 42/42
f 281/281 167/167 168/168
f 140/140 101/101 102/102
f 304/304 162/162 163/163
f 230/230 38/38 39/39
f 310/310 152/152 309/309
f 302/302 300/300 299/299
f 233/233 317/317 316/316
f 152/152 232/232 309/309
f 43/43 299/299 300/300
f 104/104 307/307 156/156
f 335/335 82/82 111/111
f 338/338 340/340 339/339
f 346/346 348/348 347/347
f 345/345 343/343 342/342
f 353/353 28/28 352/352
f 141/141 142/142 168/168
f 354/354 245/245 355/355
f 356/356 358/358 357/357
f 175/175 361/361 59/59
f 155/155 153/153 152/152
f 201/201 97/97 200/200
f 368/368 157/157 158/158
f 369/369 371/371 370/370
f 373/373 3/3 4/4
f 276/276 376/376 375/375
f 377/377 379/379 378/378
f 381/381 221/221 241/241
f 69/69 387/387 386/386
f 395/395 397/397 396/396
f 195/195 401/401 400/400
f 404/404 403/403 402/402
f 1/1 347/347 4/4
f 269/269 123/123 267/267
f 246/246 53/53 54/54
f 348/348 405/405 341/341
f 407/407 376/376 398/398
f 391/391 184/184 410/410
f 409/409 119/119 135/135
f 411/411 174/174 412/412
f 99/99 294/294 399/399
f 418/418 358/358 166/166
f 370/370 349/349 346/346
f 58/58 258/258 315/315
f 132/132 421/421 420/420
f 347/347 341/341 338/338
f 346/346 369/369 370/370
f 405/405 393/393 424/424
f 427/427 426/426 425/425
f 428/428 430/430 429/429
f 180/180 440/440 439/439
f 442/442 444/444 443/443
f 257/257 173/173 411/411
f 216/216 60/60 217/217
f 229/229 205/205 417/417
f 267/267 120/120 448/448
f 273/273 450/450 449/449
f 46/46 75/75 451/451
f 69/69 274/274 273/273
f 458/458 456/456 455/455
f 380/380 342/342 349/349
f 472/472 474/474 473/473
f 479/479 477/477 476/476
f 483/483 485/485 484/484
f 462/462 460/460 459/459
f 492/492 490/490 489/489
f 212/212 214/214 215/215
f 502/502 135/135 62/62
f 508/508 501/501 76/76
f 503/503 222/222 278/278
f 197/197 27/27 236/236
f 181/181 441/441 180/180
f 155/155 522/522 8/8
f 523/523 217/217 243/243
f 436/436 437/437 402/402
f 532/532 534/534 533/533
f 321/321 283/283 284/284
f 191/191 254/254 230/230
f 375/375 406/406 538/538
f 522/522 183/183 239/239
f 353/353 110/110 235/235
f 228/228 229/229 242/242
f 561/561 559/559 558/558
f 549/549 550/550 264/264
f 233/233 251/251 232/232
f 574/574 576/576 575/575
f 533/533 579/579 578/578
f 493/493 147/147 494/494
f 590/590 608/608 607/607
f 468/468 470/470 469/469
f 630/630 632/632 631/631
f 574/574 673/673 668/668
f 552/552 635/635 634/634
f 712/712 176/176 711/711
f 698/698 700/700 699/699
f 676/676 563/563 677/677
f 336/336 240/240 390/390
f 153/153 222/222 152/152
f 120/120 90/90 91/91
f 682/682 688/688 687/687
f 562/562 564/564 563/563
f 282/282 391/391 320/320
f 614/614 709/709 710/710
f 717/717 719/719 718/718
f 735/735 486/486 483/483
f 739/739 471/471 740/740
f 737/737 742/742 741/741
f 744/744 456/456 457/457
f 748/748 3675/3675 3676/3676
f 739/739 478/478 479/479
f 482/482 465/465 751/751
f 464/464 749/749 463/463
f 753/753 455/455 752/752
f 751/751 476/476 473/473
f 474/474 755/755 481/481
f 754/754 479/479 476/476
f 485/485 744/744 736/736
f 485/485 741/741 484/484
f 129/129 764/764 128/128
f 317/317 777/777 535/535
f 157/157 47/47 48/48
f 359/359 25/25 360/360
f 714/714 556/556 557/557
f 86/86 293/293 85/85
f 235/235 506/506 234/234
f 780/780 786/786 785/785
f 797/797 788/788 796/796
f 796/796 803/803 802/802
f 298/298 437/437 787/787
f 795/795 789/789 788/788
f 809/809 808/808 805/805
f 710/710 491/491 492/492
f 266/266 414/414 413/413
f 859/859 861/861 860/860
f 864/864 859/859 865/865
f 211/211 209/209 203/203
f 886/886 884/884 877/877
f 445/445 197/197 530/530
f 878/878 810/810 809/809
f 883/883 860/860 861/861
f 886/886 877/877 878/878
f 367/367 509/509 157/157
f 903/903 928/928 926/926
f 926/926 931/931 930/930
f 3391/3391 723/723 3390/3390
f 880/880 866/866 860/860
f 217/217 61/61 136/136
f 174/174 432/432 412/412
f 789/789 927/927 804/804
f 934/934 942/942 941/941
f 907/907 945/945 946/946
f 865/865 860/860 866/866
f 905/905 946/946 947/947
f 333/333 331/331 330/330
f 945/945 951/951 948/948
f 948/948 950/950 949/949
f 952/952 949/949 953/953
f 943/943 961/961 958/958
f 326/326 328/328 329/329
f 972/972 807/807 808/808
f 790/790 976/976 939/939
f 987/987 982/982 988/988
f 992/992 807/807 989/989
f 991/991 987/987 988/988
f 286/286 284/284 283/283
f 887/887 900/900 899/899
f 997/997 999/999 998/998
f 1012/1012 997/997 1021/1021
f 1038/1038 1024/1024 1023/1023
f 1040/1040 1023/1023 1039/1039
f 1021/1021 998/998 1022/1022
f 1079/1079 1074/1074 1086/1086
f 1093/1093 1095/1095 1094/1094
f 996/996 994/994 993/993
f 861/861 884/884 883/883
f 796/796 1104/1104 797/797
f 1071/1071 929/929 1074/1074
f 504/504 159/159 505/505
f 138/138 77/77 78/78
f 1110/1110 1107/1107 1106/1106
f 1079/1079 1103/1103 802/802
f 802/802 1093/1093 796/796
f 1122/1122 1125/1125 1113/1113
f 1053/1053 1126/1126 1046/1046
f 1125/1125 1063/1063 1064/1064
f 1086/1086 1091/1091 1113/1113
f 1129/1129 1131/1131 1130/1130
f 1128/1128 947/947 1131/1131
f 3337/3337 453/453 3580/3580
f 1121/1121 1127/1127 1126/1126
f 1131/1131 1138/1138 1137/1137
f 1139/1139 1144/1144 1140/1140
f 1122/1122 1151/1151 1124/1124
f 1091/1091 1129/1129 1146/1146
f 1158/1158 1139/1139 1152/1152
f 1159/1159 1152/1152 1160/1160
f 1046/1046 1039/1039 1041/1041
f 1000/1000 1169/1169 999/999
f 1137/1137 1145/1145 1144/1144
f 1170/1170 1160/1160 1166/1166
f 1158/1158 1151/1151 1130/1130
f 1176/1176 1127/1127 1171/1171
f 1038/1038 1176/1176 1177/1177
f 3692/3692 823/823 3703/3703
f 1178/1178 1170/1170 1011/1011
f 1177/1177 1159/1159 1170/1170
f 1193/1193 1178/1178 1192/1192
f 1037/1037 1177/1177 1178/1178
f 1200/1200 1192/1192 1194/1194
f 655/655 678/678 654/654
f 1194/1194 1001/1001 1012/1012
f 1192/1192 1011/1011 1001/1001
f 1201/1201 995/995 1202/1202
f 1218/1218 1209/1209 1208/1208
f 1206/1206 1204/1204 1203/1203
f 827/827 1208/1208 823/823
f 823/823 1219/1219 858/858
f 1208/1208 1220/1220 1219/1219
f 1876/1876 225/225 208/208
f 2044/2044 489/489 490/490
f 3781/3781 2079/2079 3767/3767
f 57/57 315/315 495/495
f 202/202 209/209 447/447
f 3730/3730 1206/1206 3729/3729
f 1043/1043 1292/1292 1293/1293
f 1293/1293 1203/1203 1204/1204
f 1037/1037 1292/1292 1024/1024
f 1219/1219 1298/1298 1296/1296
f 1265/1265 1217/1217 1263/1263
f 1303/1303 1305/1305 1304/1304
f 1296/1296 1306/1306 1305/1305
f 1307/1307 1220/1220 1269/1269
f 1308/1308 1298/1298 1307/1307
f 1309/1309 1307/1307 1310/1310
f 1310/1310 1269/1269 1268/1268
f 3724/3724 1311/1311 1312/1312
f 1313/1313 1308/1308 1309/1309
f 3723/3723 1270/1270 1311/1311
f 1315/1315 1314/1314 1313/1313
f 3728/3728 1313/1313 3720/3720
f 3720/3720 1309/1309 3724/3724
f 886/886 809/809 1319/1319
f 885/885 1319/1319 1320/1320
f 845/845 1321/1321 1323/1323
f 1321/1321 809/809 805/805
f 1323/1323 805/805 806/806
f 1322/1322 1319/1319 1321/1321
f 3701/3701 1304/1304 3700/3700
f 846/846 1322/1322 845/845
f 1324/1324 1320/1320 1322/1322
f 3695/3695 1303/1303 3701/3701
f 818/818 992/992 821/821
f 1329/1329 1304/1304 1305/1305
f 1334/1334 1305/1305 1306/1306
f 1314/1314 1306/1306 1308/1308
f 1337/1337 3691/3691 3696/3696
f 514/514 516/516 513/513
f 518/518 520/520 517/517
f 1338/1338 1335/1335 1337/1337
f 525/525 527/527 528/528
f 1333/1333 1314/1314 1316/1316
f 1336/1336 1325/1325 1335/1335
f 1335/1335 3700/3700 3691/3691
f 1339/1339 883/883 884/884
f 543/543 545/545 546/546
f 1340/1340 890/890 1339/1339
f 1339/1339 885/885 1341/1341
f 1340/1340 1341/1341 1342/1342
f 1341/1341 1320/1320 1336/1336
f 1344/1344 888/888 1343/1343
f 366/366 635/635 1353/1353
f 1354/1354 953/953 949/949
f 570/570 572/572 569/569
f 1356/1356 1354/1354 1357/1357
f 1357/1357 949/949 950/950
f 581/581 583/583 580/580
f 584/584 586/586 587/587
f 1358/1358 950/950 959/959
f 592/592 594/594 591/591
f 596/596 513/513 595/595
f 598/598 600/600 597/597
f 601/601 21/21 20/20
f 604/604 606/606 603/603
f 1363/1363 1357/1357 1358/1358
f 1364/1364 1358/1358 1365/1365
f 1366/1366 900/900 1344/1344
f 1368/1368 1140/1140 1144/1144
f 620/620 622/622 619/619
f 910/910 1368/1368 909/909
f 625/625 627/627 628/628
f 909/909 1144/1144 1145/1145
f 1370/1370 1369/1369 1368/1368
f 1377/1377 1331/1331 1372/1372
f 1378/1378 1381/1381 1380/1380
f 636/636 638/638 639/639
f 593/593 641/641 642/642
f 643/643 645/645 646/646
f 546/546 570/570 569/569
f 649/649 651/651 648/648
f 1379/1379 1372/1372 1378/1378
f 1384/1384 3677/3677 3680/3680
f 1383/1383 1337/1337 1382/1382
f 1382/1382 3696/3696 3677/3677
f 1385/1385 1382/1382 1384/1384
f 1352/1352 1340/1340 1386/1386
f 661/661 663/663 660/660
f 1351/1351 1386/1386 1387/1387
f 1386/1386 1342/1342 1388/1388
f 669/669 671/671 672/672
f 1387/1387 1388/1388 1389/1389
f 518/518 675/675 642/642
f 1388/1388 1338/1338 1383/1383
f 683/683 685/685 686/686
f 3529/3529 1726/1726 3526/3526
f 684/684 695/695 696/696
f 1070/1070 3620/3620 1532/1532
f 701/701 520/520 703/703
f 705/705 707/707 704/704
f 688/688 3413/3413 3423/3423
f 15/15 1390/1390 1394/1394
f 1393/1393 1391/1391 1390/1390
f 1617/1617 3412/3412 3414/3414
f 1403/1403 1398/1398 1402/1402
f 1401/1401 1399/1399 1398/1398
f 1390/1390 1397/1397 1396/1396
f 1406/1406 1396/1396 1404/1404
f 725/725 727/727 728/728
f 1396/1396 1405/1405 1404/1404
f 731/731 733/733 730/730
f 1402/1402 1369/1369 1371/1371
f 1410/1410 1408/1408 1407/1407
f 1411/1411 1410/1410 1407/1407
f 3727/3727 1407/1407 3715/3715
f 1381/1381 1409/1409 1410/1410
f 1380/1380 1410/1410 1412/1412
f 2116/2116 459/459 460/460
f 757/757 759/759 670/670
f 760/760 762/762 763/763
f 1635/1635 1765/1765 1634/1634
f 3726/3726 1315/1315 3728/3728
f 769/769 771/771 768/768
f 728/728 773/773 725/725
f 636/636 775/775 637/637
f 1419/1419 1421/1421 1420/1420
f 1418/1418 1316/1316 1416/1416
f 594/594 782/782 781/781
f 3698/3698 682/682 687/687
f 1318/1318 1022/1022 1317/1317
f 995/995 1423/1423 1424/1424
f 791/791 793/793 794/794
f 2062/2062 3684/3684 2061/2061
f 799/799 801/801 798/798
f 1430/1430 1169/1169 1165/1165
f 1431/1431 1429/1429 1430/1430
f 1157/1157 1432/1432 1431/1431
f 812/812 813/813 811/811
f 815/815 817/817 814/814
f 1431/1431 1165/1165 1157/1157
f 1433/1433 1408/1408 1409/1409
f 820/820 696/696 674/674
f 1417/1417 1433/1433 1418/1418
f 583/583 825/825 826/826
f 1201/1201 3716/3716 3722/3722
f 831/831 833/833 830/830
f 835/835 836/836 834/834
f 838/838 840/840 837/837
f 841/841 843/843 844/844
f 994/994 3722/3722 3725/3725
f 847/847 848/848 849/849
f 850/850 852/852 853/853
f 854/854 856/856 857/857
f 1439/1439 1391/1391 1438/1438
f 1425/1425 1438/1438 1424/1424
f 867/867 869/869 870/870
f 768/768 872/872 871/871
f 874/874 876/876 873/873
f 1424/1424 1202/1202 995/995
f 881/881 514/514 596/596
f 1429/1429 1440/1440 1428/1428
f 1822/1822 3374/3374 1821/1821
f 891/891 893/893 894/894
f 896/896 898/898 895/895
f 1809/1809 3381/3381 1810/1810
f 901/901 875/875 874/874
f 1442/1442 1400/1400 1441/1441
f 906/906 651/651 585/585
f 1444/1444 551/551 1443/1443
f 261/261 80/80 1445/1445
f 911/911 913/913 896/896
f 914/914 598/598 849/849
f 916/916 672/672 917/917
f 918/918 646/646 919/919
f 1447/1447 114/114 115/115
f 921/921 815/815 814/814
f 312/312 499/499 500/500
f 1808/1808 3379/3379 1809/1809
f 80/80 1447/1447 79/79
f 1450/1450 1451/1451 529/529
f 1716/1716 3376/3376 3383/3383
f 355/355 1454/1454 354/354
f 451/451 76/76 501/501
f 109/109 352/352 1457/1457
f 906/906 937/937 938/938
f 1440/1440 1397/1397 1439/1439
f 1668/1668 1546/1546 1659/1659
f 111/111 1457/1457 335/335
f 263/263 494/494 148/148
f 501/501 181/181 178/178
f 335/335 1455/1455 355/355
f 247/247 334/334 246/246
f 53/53 291/291 124/124
f 1462/1462 260/260 1461/1461
f 259/259 1460/1460 137/137
f 954/954 956/956 957/957
f 1637/1637 1652/1652 1635/1635
f 3713/3713 1766/1766 3707/3707
f 545/545 647/647 546/546
f 963/963 964/964 965/965
f 1407/1407 3716/3716 3715/3715
f 411/411 260/260 257/257
f 969/969 971/971 968/968
f 1453/1453 408/408 1465/1465
f 271/271 301/301 302/302
f 977/977 660/660 663/663
f 978/978 979/979 855/855
f 1465/1465 34/34 1466/1466
f 1467/1467 1468/1468 1449/1449
f 350/350 1469/1469 1467/1467
f 1467/1467 199/199 350/350
f 919/919 986/986 918/918
f 262/262 1446/1446 261/261
f 62/62 534/534 502/502
f 990/990 773/773 915/915
f 357/357 427/427 1470/1470
f 236/236 353/353 235/235
f 1629/1629 3405/3405 1628/1628
f 201/201 1471/1471 218/218
f 227/227 1473/1473 1472/1472
f 1472/1472 226/226 227/227
f 378/378 416/416 415/415
f 417/417 242/242 229/229
f 153/153 511/511 223/223
f 96/96 41/41 40/40
f 1002/1002 592/592 1004/1004
f 1006/1006 1008/1008 1005/1005
f 919/919 1010/1010 1009/1009
f 37/37 578/578 95/95
f 1013/1013 763/763 1014/1014
f 686/686 1015/1015 1016/1016
f 1017/1017 1019/1019 1020/1020
f 352/352 359/359 1456/1456
f 179/179 467/467 178/178
f 66/66 529/529 190/190
f 1472/1472 1482/1482 226/226
f 1026/1026 587/587 1025/1025
f 597/597 849/849 598/598
f 840/840 1028/1028 837/837
f 985/985 1030/1030 986/986
f 733/733 1033/1033 1031/1031
f 1034/1034 1036/1036 1032/1032
f 285/285 1483/1483 284/284
f 280/280 1482/1482 1483/1483
f 284/284 1484/1484 321/321
f 323/323 1469/1469 1485/1485
f 298/298 443/443 297/297
f 96/96 37/37 95/95
f 452/452 74/74 75/75
f 322/322 1485/1485 452/452
f 619/619 1045/1045 620/620
f 1448/1448 1487/1487 1489/1489
f 198/198 1489/1489 1471/1471
f 1047/1047 1049/1049 811/811
f 922/922 1050/1050 1051/1051
f 896/896 1052/1052 897/897
f 430/430 1491/1491 429/429
f 149/149 1475/1475 277/277
f 1490/1490 5/5 1491/1491
f 361/361 534/534 59/59
f 770/770 647/647 771/771
f 1054/1054 837/837 1055/1055
f 1369/1369 1399/1399 1140/1140
f 1057/1057 1059/1059 1056/1056
f 521/521 1490/1490 430/430
f 17/17 1061/1061 1062/1062
f 264/264 1492/1492 549/549
f 129/129 386/386 387/387
f 674/674 782/782 675/675
f 1067/1067 1006/1006 1068/1068
f 1069/1069 774/774 1019/1019
f 1494/1494 129/129 130/130
f 645/645 1072/1072 1073/1073
f 65/65 435/435 68/68
f 1076/1076 1078/1078 1075/1075
f 34/34 1497/1497 1466/1466
f 1081/1081 1083/1083 1080/1080
f 832/832 1085/1085 833/833
f 1343/1343 889/889 1352/1352
f 283/283 401/401 286/286
f 308/308 506/506 29/29
f 529/529 1494/1494 524/524
f 1466/1466 308/308 305/305
f 1087/1087 1089/1089 1090/1090
f 1500/1500 450/450 256/256
f 512/512 1498/1498 1500/1500
f 814/814 1097/1097 1096/1096
f 1099/1099 1101/1101 1098/1098
f 596/596 1018/1018 881/881
f 915/915 599/599 598/598
f 268/268 122/122 123/123
f 1645/1645 3394/3394 1644/1644
f 185/185 1502/1502 265/265
f 223/223 1501/1501 279/279
f 544/544 962/962 545/545
f 355/355 81/81 335/335
f 182/182 310/310 1502/1502
f 1769/1769 3441/3441 3399/3399
f 3791/3791 3385/3385 3658/3658
f 1109/1109 965/965 1108/1108
f 200/200 98/98 124/124
f 1111/1111 646/646 645/645
f 1454/1454 76/76 73/73
f 419/419 1503/1503 139/139
f 1114/1114 895/895 898/898
f 164/164 418/418 166/166
f 1116/1116 1118/1118 1119/1119
f 537/537 50/50 51/51
f 1478/1478 1479/1479 288/288
f 956/956 1123/1123 918/918
f 814/814 964/964 921/921
f 1504/1504 278/278 107/107
f 1505/1505 231/231 503/503
f 125/125 1505/1505 1503/1503
f 496/496 249/249 250/250
f 410/410 320/320 391/391
f 1133/1133 1135/1135 1132/1132
f 571/571 1080/1080 572/572
f 1474/1474 1475/1475 143/143
f 591/591 1004/1004 592/592
f 296/296 1506/1506 295/295
f 354/354 73/73 496/496
f 65/65 190/190 131/131
f 986/986 956/956 918/918
f 684/684 1089/1089 685/685
f 3744/3744 3395/3395 3654/3654
f 1141/1141 641/641 640/640
f 1142/1142 838/838 1054/1054
f 1147/1147 1149/1149 1150/1150
f 210/210 192/192 209/209
f 1154/1154 1156/1156 1153/1153
f 362/362 93/93 94/94
f 85/85 219/219 84/84
f 1161/1161 1163/1163 1164/1164
f 164/164 1478/1478 1510/1510
f 1445/1445 77/77 1459/1459
f 1067/1067 1168/1168 1007/1007
f 384/384 343/343 1512/1512
f 516/516 1173/1173 1172/1172
f 791/791 838/838 792/792
f 1174/1174 1003/1003 1002/1002
f 590/590 681/681 680/680
f 1179/1179 1181/1181 726/726
f 1182/1182 513/513 516/516
f 1184/1184 847/847 597/597
f 894/894 669/669 916/916
f 1441/1441 1405/1405 1440/1440
f 1006/1006 1136/1136 1068/1068
f 1186/1186 1188/1188 1189/1189
f 3725/3725 1415/1415 3726/3726
f 824/824 1191/1191 825/825
f 413/413 265/265 266/266
f 1195/1195 1197/1197 1060/1060
f 18/18 1199/1199 19/19
f 862/862 877/877 861/861
f 1480/1480 165/165 377/377
f 1164/1164 1207/1207 1153/1153
f 339/339 538/538 406/406
f 1048/1048 1211/1211 1049/1049
f 1212/1212 1214/1214 728/728
f 1196/1196 1164/1164 1215/1215
f 1471/1471 1473/1473 325/325
f 919/919 1216/1216 985/985
f 1517/1517 5/5 63/63
f 1514/1514 384/384 1512/1512
f 394/394 63/63 337/337
f 1222/1222 1224/1224 1221/1221
f 134/134 230/230 88/88
f 1226/1226 619/619 1225/1225
f 830/830 1228/1228 831/831
f 1229/1229 1054/1054 1230/1230
f 53/53 125/125 419/419
f 433/433 540/540 539/539
f 1162/1162 1150/1150 1163/1163
f 1231/1231 811/811 813/813
f 422/422 372/372 373/373
f 424/424 341/341 405/405
f 339/339 373/373 338/338
f 243/243 1444/1444 1443/1443
f 385/385 342/342 343/343
f 1479/1479 1511/1511 1512/1512
f 1519/1519 368/368 330/330
f 105/105 306/306 307/307
f 277/277 1474/1474 397/397
f 385/385 383/383 382/382
f 194/194 400/400 1519/1519
f 407/407 395/395 422/422
f 1221/1221 1233/1233 1222/1222
f 3/3 289/289 2/2
f 1234/1234 1236/1236 1237/1237
f 393/393 337/337 276/276
f 935/935 933/933 932/932
f 452/452 47/47 322/322
f 1073/1073 671/671 1238/1238
f 419/419 56/56 53/53
f 876/876 1240/1240 912/912
f 1242/1242 1243/1243 1241/1241
f 413/413 319/319 410/410
f 33/33 172/172 36/36
f 16/16 1162/1162 1161/1161
f 1231/1231 1048/1048 1047/1047
f 147/147 148/148 494/494
f 1163/1163 1244/1244 1207/1207
f 1211/1211 1246/1246 1237/1237
f 1247/1247 525/525 605/605
f 553/553 453/453 454/454
f 1248/1248 728/728 1214/1214
f 856/856 1230/1230 1249/1249
f 308/308 156/156 307/307
f 427/427 493/493 1470/1470
f 1250/1250 844/844 843/843
f 608/608 615/615 614/614
f 1252/1252 1114/1114 1253/1253
f 557/557 555/555 554/554
f 1444/1444 117/117 356/356
f 316/316 535/535 318/318
f 1254/1254 1084/1084 1255/1255
f 1486/1486 321/321 1484/1484
f 1256/1256 1114/1114 898/898
f 163/163 1514/1514 1513/1513
f 1451/1451 386/386 1494/1494
f 1518/1518 1523/1523 1520/1520
f 1257/1257 1181/1181 1180/1180
f 1030/1030 1253/1253 1256/1256
f 758/758 591/591 1258/1258
f 697/697 3435/3435 3438/3438
f 243/243 136/136 116/116
f 4/4 338/338 373/373
f 693/693 691/691 690/690
f 712/712 41/41 238/238
f 253/253 1524/1524 532/532
f 769/769 1262/1262 770/770
f 70/70 255/255 274/274
f 393/393 375/375 424/424
f 1153/1153 1215/1215 1164/1164
f 1198/1198 1264/1264 1199/1199
f 150/150 142/142 143/143
f 1195/1195 1161/1161 1196/1196
f 288/288 344/344 423/423
f 764/764 1499/1499 1527/1527
f 1156/1156 1266/1266 1197/1197
f 1244/1244 1232/1232 1221/1221
f 1527/1527 428/428 389/389
f 128/128 1527/1527 1525/1525
f 1524/1524 161/161 1526/1526
f 103/103 105/105 104/104
f 1272/1272 1273/1273 1271/1271
f 1428/1428 1439/1439 1425/1425
f 1481/1481 497/497 498/498
f 1274/1274 1276/1276 1277/1277
f 1279/1279 1281/1281 1278/1278
f 167/167 1493/1493 264/264
f 1493/1493 192/192 193/193
f 1282/1282 1283/1283 1284/1284
f 852/852 1286/1286 1287/1287
f 1288/1288 1289/1289 1290/1290
f 3703/3703 858/858 3695/3695
f 1278/1278 844/844 1251/1251
f 1017/1017 843/843 1291/1291
f 1525/1525 389/389 161/161
f 576/576 1536/1536 575/575
f 575/575 1065/1065 673/673
f 1542/1542 1544/1544 1543/1543
f 1171/1171 1124/1124 1151/1151
f 694/694 567/567 697/697
f 277/277 398/398 376/376
f 933/933 941/941 943/943
f 1555/1555 1550/1550 1554/1554
f 1546/1546 1548/1548 1547/1547
f 1553/1553 1551/1551 1550/1550
f 3752/3752 924/924 3766/3766
f 1561/1561 1559/1559 1558/1558
f 1565/1565 1563/1563 1562/1562
f 1365/1365 959/959 960/960
f 1550/1550 1557/1557 1556/1556
f 1571/1571 1569/1569 1568/1568
f 290/290 351/351 350/350
f 539/539 268/268 269/269
f 1588/1588 3681/3681 3686/3686
f 839/839 798/798 840/840
f 1055/1055 1294/1294 1295/1295
f 1516/1516 1491/1491 1517/1517
f 560/560 664/664 665/665
f 752/752 756/756 754/754
f 957/957 898/898 897/897
f 394/394 382/382 383/383
f 1031/1031 730/730 733/733
f 1605/1605 1604/1604 1603/1603
f 912/912 1059/1059 913/913
f 1044/1044 1300/1300 1045/1045
f 1501/1501 256/256 106/106
f 581/581 627/627 1302/1302
f 461/461 742/742 460/460
f 1603/1603 3698/3698 3709/3709
f 1605/1605 3709/3709 3710/3710
f 903/903 930/930 907/907
f 92/92 536/536 91/91
f 510/510 512/512 511/511
f 435/435 433/433 432/432
f 829/829 828/828 822/822
f 470/470 735/735 483/483
f 1607/1607 471/471 1600/1600
f 303/303 1528/1528 162/162
f 454/454 3370/3370 3368/3368
f 3370/3370 1327/1327 3368/3368
f 226/226 228/228 227/227
f 182/182 184/184 183/183
f 145/145 144/144 141/141
f 223/223 278/278 222/222
f 1513/1513 1512/1512 1511/1511
f 740/740 1609/1609 478/478
f 3699/3699 1610/1610 3697/3697
f 808/808 806/806 805/805
f 48/48 158/158 157/157
f 1622/1622 1620/1620 1619/1619
f 279/279 107/107 278/278
f 652/652 654/654 653/653
f 618/618 624/624 623/623
f 541/541 547/547 542/542
f 110/110 29/29 506/506
f 482/482 481/481 480/480
f 3421/3421 1612/1612 3422/3422
f 566/566 568/568 567/567
f 374/374 382/382 405/405
f 1347/1347 1349/1349 1346/1346
f 1523/1523 425/425 426/426
f 932/932 931/931 927/927
f 3400/3400 567/567 568/568
f 1619/1619 1626/1626 1625/1625
f 1360/1360 1362/1362 1359/1359
f 1619/1619 1623/1623 1622/1622
f 1630/1630 1628/1628 1627/1627
f 1585/1585 1632/1632 1631/1631
f 1373/1373 1375/1375 1376/1376
f 1636/1636 1634/1634 1633/1633
f 1574/1574 1636/1636 1586/1586
f 1638/1638 1635/1635 1636/1636
f 1587/1587 3678/3678 3681/3681
f 524/524 190/190 529/529
f 168/168 142/142 151/151
f 783/783 718/718 780/780
f 390/390 183/183 184/184
f 61/61 135/135 136/136
f 3396/3396 1615/1615 3409/3409
f 392/392 149/149 275/275
f 613/613 611/611 610/610
f 451/451 45/45 46/46
f 738/738 485/485 736/736
f 776/776 766/766 765/765
f 396/396 1474/1474 1521/1521
f 332/332 158/158 159/159
f 1653/1653 1617/1617 1654/1654
f 1651/1651 1653/1653 1655/1655
f 3426/3426 1613/1613 3421/3421
f 3788/3788 1662/1662 3790/3790
f 318/318 294/294 86/86
f 3783/3783 1661/1661 1665/1665
f 3786/3786 1657/1657 1660/1660
f 1658/1658 3794/3794 3785/3785
f 1518/1518 1521/1521 1522/1522
f 1104/1104 1094/1094 1105/1105
f 390/390 281/281 336/336
f 1665/1665 1666/1666 1667/1667
f 1666/1666 1560/1560 1561/1561
f 1668/1668 1667/1667 1549/1549
f 1673/1673 1670/1670 1672/1672
f 3786/3786 1668/1668 1659/1659
f 1663/1663 1538/1538 1662/1662
f 1675/1675 1672/1672 1674/1674
f 1520/1520 1510/1510 289/289
f 1681/1681 1679/1679 1678/1678
f 1301/1301 580/580 1452/1452
f 400/400 367/367 368/368
f 953/953 1138/1138 952/952
f 160/160 389/389 388/388
f 1532/1532 1066/1066 1070/1070
f 1533/1533 666/666 1532/1532
f 729/729 631/631 734/734
f 1689/1689 1682/1682 1688/1688
f 1555/1555 1688/1688 1553/1553
f 1688/1688 1552/1552 1553/1553
f 1690/1690 1689/1689 1544/1544
f 1350/1350 1343/1343 1345/1345
f 1691/1691 1671/1671 1673/1673
f 1683/1683 1690/1690 1691/1691
f 1671/1671 1690/1690 1541/1541
f 1681/1681 1691/1691 1692/1692
f 1680/1680 1692/1692 1693/1693
f 1693/1693 1675/1675 1676/1676
f 1694/1694 1695/1695 1656/1656
f 1692/1692 1673/1673 1675/1675
f 1622/1622 1700/1700 1627/1627
f 1701/1701 1699/1699 1702/1702
f 1697/1697 1696/1696 1694/1694
f 1624/1624 1625/1625 1699/1699
f 1624/1624 1703/1703 1623/1623
f 1684/1684 1705/1705 1704/1704
f 1552/1552 1704/1704 1551/1551
f 1551/1551 1706/1706 1557/1557
f 1704/1704 1707/1707 1706/1706
f 1618/1618 3407/3407 3412/3412
f 3177/3177 3415/3415 3173/3173
f 1160/1160 1157/1157 1165/1165
f 1623/1623 1708/1708 1700/1700
f 1700/1700 1698/1698 1697/1697
f 1705/1705 1702/1702 1707/1707
f 1685/1685 1701/1701 1705/1705
f 1128/1128 904/904 905/905
f 1092/1092 1128/1128 1129/1129
f 1850/1850 3418/3418 1645/1645
f 1679/1679 1703/1703 1685/1685
f 1680/1680 1708/1708 1679/1679
f 1709/1709 1660/1660 1657/1657
f 1656/1656 1709/1709 1655/1655
f 1126/1126 1040/1040 1039/1039
f 1710/1710 1629/1629 1630/1630
f 1654/1654 1711/1711 1710/1710
f 941/941 966/966 961/961
f 1729/1729 1727/1727 1726/1726
f 1725/1725 1554/1554 1724/1724
f 1690/1690 1540/1540 1541/1541
f 1540/1540 1733/1733 1539/1539
f 3795/3795 1730/1730 3796/3796
f 1723/1723 3795/3795 3784/3784
f 1736/1736 1734/1734 1733/1733
f 3628/3628 1658/1658 1659/1659
f 984/984 1105/1105 983/983
f 1733/1733 1730/1730 1731/1731
f 967/967 1365/1365 960/960
f 1539/1539 1731/1731 1723/1723
f 1742/1742 1740/1740 1737/1737
f 1558/1558 1729/1729 1726/1726
f 623/623 3762/3762 3751/3751
f 3795/3795 1728/1728 1729/1729
f 1752/1752 1748/1748 1747/1747
f 3796/3796 1757/1757 1728/1728
f 3382/3382 3639/3639 1765/1765
f 1761/1761 3791/3791 3789/3789
f 1747/1747 1753/1753 1752/1752
f 1752/1752 1754/1754 1735/1735
f 3639/3639 1634/1634 1765/1765
f 1545/1545 1742/1742 1748/1748
f 1730/1730 3787/3787 3796/3796
f 1760/1760 1757/1757 1759/1759
f 1727/1727 1757/1757 1758/1758
f 1734/1734 1756/1756 1730/1730
f 498/498 505/505 1481/1481
f 1755/1755 1761/1761 1756/1756
f 1759/1759 3787/3787 3789/3789
f 1753/1753 1763/1763 1754/1754
f 3403/3403 1711/1711 3416/3416
f 475/475 1766/1766 755/755
f 3676/3676 1601/1601 748/748
f 3704/3704 1769/1769 1614/1614
f 475/475 1601/1601 1767/1767
f 1649/1649 3636/3636 3638/3638
f 477/477 1609/1609 1770/1770
f 3706/3706 1775/1775 3689/3689
f 3705/3705 1609/1609 3697/3697
f 3706/3706 1770/1770 3705/3705
f 1771/1771 477/477 1770/1770
f 1602/1602 747/747 748/748
f 455/455 735/735 756/756
f 747/747 3690/3690 3675/3675
f 3689/3689 3693/3693 3714/3714
f 1768/1768 1774/1774 747/747
f 3704/3704 1612/1612 3707/3707
f 659/659 3411/3411 3369/3369
f 1773/1773 1781/1781 1780/1780
f 1780/1780 3688/3688 3687/3687
f 1783/1783 1610/1610 1784/1784
f 1786/1786 1809/1809 1764/1764
f 1627/1627 1621/1621 1622/1622
f 1738/1738 1807/1807 1787/1787
f 1749/1749 1764/1764 1753/1753
f 1792/1792 1812/1812 1811/1811
f 3393/3393 677/677 563/563
f 1575/1575 1577/1577 1578/1578
f 1811/1811 3371/3371 3375/3375
f 1581/1581 1583/1583 1584/1584
f 1814/1814 1535/1535 1818/1818
f 1806/1806 3375/3375 3386/3386
f 1725/1725 1814/1814 1741/1741
f 1590/1590 1592/1592 1589/1589
f 1594/1594 1595/1595 1593/1593
f 1596/1596 1598/1598 1599/1599
f 1807/1807 1811/1811 1806/1806
f 1814/1814 1820/1820 1819/1819
f 1762/1762 1824/1824 1761/1761
f 1819/1819 1790/1790 1791/1791
f 1741/1741 1819/1819 1740/1740
f 3789/3789 1822/1822 1759/1759
f 1830/1830 1827/1827 1826/1826
f 1831/1831 779/779 784/784
f 1989/1989 3764/3764 1988/1988
f 1194/1194 1270/1270 1200/1200
f 1576/1576 1362/1362 1361/1361
f 3751/3751 1834/1834 1833/1833
f 629/629 3652/3652 3427/3427
f 1311/1311 1012/1012 1312/1312
f 618/618 3751/3751 3747/3747
f 3777/3777 1835/1835 1848/1848
f 1849/1849 589/589 1848/1848
f 3380/3380 611/611 677/677
f 3430/3430 629/629 3427/3427
f 330/330 444/444 1519/1519
f 1851/1851 187/187 1852/1852
f 1844/1844 1834/1834 1845/1845
f 1855/1855 121/121 1854/1854
f 188/188 734/734 224/224
f 1664/1664 3788/3788 3783/3783
f 330/330 158/158 333/333
f 1531/1531 551/551 549/549
f 1740/1740 1791/1791 1739/1739
f 1858/1858 51/51 1859/1859
f 980/980 975/975 976/976
f 966/966 900/900 967/967
f 1166/1166 1165/1165 1169/1169
f 2038/2038 2019/2019 2037/2037
f 1873/1873 1872/1872 1868/1868
f 443/443 1865/1865 1864/1864
f 1868/1868 1871/1871 1869/1869
f 3749/3749 2050/2050 3768/3768
f 1869/1869 1879/1879 1878/1878
f 688/688 3431/3431 687/687
f 270/270 1878/1878 1854/1854
f 3434/3434 1777/1777 1779/1779
f 1074/1074 1092/1092 1091/1091
f 1880/1880 711/711 1876/1876
f 3444/3444 3520/3520 3624/3624
f 1873/1873 299/299 1882/1882
f 1882/1882 44/44 712/712
f 493/493 1458/1458 1470/1470
f 1856/1856 767/767 776/776
f 1775/1775 3687/3687 3693/3693
f 1878/1878 1876/1876 1877/1877
f 1496/1496 1529/1529 1495/1495
f 246/246 250/250 247/247
f 1470/1470 356/356 357/357
f 111/111 31/31 32/32
f 211/211 285/285 286/286
f 133/133 43/43 421/421
f 530/530 236/236 237/237
f 1893/1893 420/420 421/421
f 1738/1738 1786/1786 1749/1749
f 1660/1660 3782/3782 3786/3786
f 1620/1620 3388/3388 1626/1626
f 262/262 734/734 631/631
f 189/189 729/729 188/188
f 1686/1686 1187/1187 1186/1186
f 49/49 224/224 734/734
f 1429/1429 1442/1442 1441/1441
f 1259/1259 3721/3721 1268/1268
f 1902/1902 402/402 403/403
f 160/160 1515/1515 1514/1514
f 1449/1449 198/198 199/199
f 496/496 74/74 351/351
f 974/974 987/987 973/973
f 931/931 943/943 944/944
f 993/993 3728/3728 1317/1317
f 3693/3693 1779/1779 1777/1777
f 1459/1459 1905/1905 1445/1445
f 291/291 531/531 124/124
f 1713/1713 1715/1715 1712/1712
f 1640/1640 1642/1642 1641/1641
f 1655/1655 1654/1654 1656/1656
f 9/9 722/722 721/721
f 463/463 465/465 464/464
f 472/472 748/748 1601/1601
f 196/196 26/26 197/197
f 1720/1720 800/800 799/799
f 595/595 1102/1102 596/596
f 1462/1462 1861/1861 1862/1862
f 1051/1051 695/695 683/683
f 1911/1911 78/78 79/79
f 112/112 1911/1911 115/115
f 31/31 83/83 30/30
f 1732/1732 1002/1002 1008/1008
f 1916/1916 1530/1530 1496/1496
f 484/484 461/461 469/469
f 1917/1917 1920/1920 1919/1919
f 436/436 1922/1922 1918/1918
f 166/166 117/117 118/118
f 1541/1541 1539/1539 1538/1538
f 1744/1744 1746/1746 1743/1743
f 1923/1923 296/296 297/297
f 1229/1229 855/855 979/979
f 1924/1924 332/332 504/504
f 313/313 1924/1924 499/499
f 1863/1863 267/267 1860/1860
f 499/499 504/504 498/498
f 1449/1449 1488/1488 1448/1448
f 1925/1925 784/784 1926/1926
f 1928/1928 1925/1925 1929/1929
f 1931/1931 1917/1917 1932/1932
f 369/369 2/2 287/287
f 1677/1677 1669/1669 1660/1660
f 864/864 972/972 863/863
f 1639/1639 1637/1637 1638/1638
f 882/882 515/515 514/514
f 334/334 248/248 291/291
f 127/127 129/129 128/128
f 228/228 220/220 325/325
f 438/438 1918/1918 1917/1917
f 573/573 588/588 568/568
f 890/890 888/888 887/887
f 1932/1932 1919/1919 1938/1938
f 1933/1933 1938/1938 1930/1930
f 1939/1939 1938/1938 1940/1940
f 1941/1941 1940/1940 1942/1942
f 1942/1942 1944/1944 1943/1943
f 314/314 312/312 311/311
f 972/972 810/810 863/863
f 1121/1121 1063/1063 1120/1120
f 1946/1946 1929/1929 1945/1945
f 1110/1110 1095/1095 1103/1103
f 1948/1948 1945/1945 1947/1947
f 850/850 1301/1301 1452/1452
f 785/785 1933/1933 1949/1949
f 711/711 1951/1951 1950/1950
f 1947/1947 1939/1939 1941/1941
f 1945/1945 1930/1930 1939/1939
f 1788/1788 772/772 1248/1248
f 1789/1789 921/921 963/963
f 778/778 780/780 779/779
f 713/713 715/715 714/714
f 1958/1958 1970/1970 1969/1969
f 1793/1793 826/826 1134/1134
f 392/392 276/276 337/337
f 1969/1969 1971/1971 1972/1972
f 1797/1797 969/969 968/968
f 790/790 932/932 789/789
f 1782/1782 1799/1799 628/628
f 1394/1394 1396/1396 1395/1395
f 1190/1190 1800/1800 1056/1056
f 141/141 168/168 169/169
f 1287/1287 853/853 852/852
f 2056/2056 1350/1350 2050/2050
f 1801/1801 1803/1803 1804/1804
f 1134/1134 825/825 1135/1135
f 817/817 1805/1805 1097/1097
f 1922/1922 1977/1977 1974/1974
f 507/507 360/360 181/181
f 838/838 813/813 792/792
f 3420/3420 610/610 611/611
f 2117/2117 750/750 480/480
f 915/915 1813/1813 990/990
f 1574/1574 1572/1572 1579/1579
f 1206/1206 1200/1200 1270/1270
f 1815/1815 871/871 872/872
f 1604/1604 680/680 1603/1603
f 1190/1190 1239/1239 1191/1191
f 1291/1291 882/882 881/881
f 1907/1907 1897/1897 1911/1911
f 1978/1978 653/653 1437/1437
f 1836/1836 1615/1615 1616/1616
f 36/36 234/234 35/35
f 1943/1943 1983/1983 1420/1420
f 868/868 937/937 869/869
f 1839/1839 1947/1947 1941/1941
f 1055/1055 1230/1230 1054/1054
f 1828/1828 1167/1167 1067/1067
f 286/286 210/210 211/211
f 115/115 79/79 1447/1447
f 374/374 349/349 342/342
f 1840/1840 1842/1842 1788/1788
f 279/279 106/106 103/103
f 1073/1073 1111/1111 645/645
f 895/895 911/911 896/896
f 786/786 1932/1932 1933/1933
f 3404/3404 568/568 588/588
f 3432/3432 724/724 3391/3391
f 1901/1901 633/633 630/630
f 1838/1838 1941/1941 1942/1942
f 1854/1854 122/122 270/270
f 972/972 974/974 973/973
f 903/903 905/905 904/904
f 3745/3745 1991/1991 3743/3743
f 1604/1604 609/609 590/590
f 1994/1994 1995/1995 1993/1993
f 1989/1989 1370/1370 1991/1991
f 3743/3743 925/925 3752/3752
f 1116/1116 1056/1056 1800/1800
f 1014/1014 872/872 962/962
f 1999/1999 2001/2001 2000/2000
f 1173/1173 702/702 701/701
f 1580/1580 1573/1573 1572/1572
f 2002/2002 1567/1567 2003/2003
f 2003/2003 1568/1568 2002/2002
f 2002/2002 1585/1585 1566/1566
f 67/67 171/171 33/33
f 395/395 1518/1518 372/372
f 956/956 986/986 957/957
f 314/314 1923/1923 1864/1864
f 2005/2005 2007/2007 2006/2006
f 2010/2010 2011/2011 1784/1784
f 1996/1996 2008/2008 1995/1995
f 1570/1570 2010/2010 1608/1608
f 1476/1476 144/144 1477/1477
f 989/989 973/973 987/987
f 1605/1605 3682/3682 2062/2062
f 271/271 1869/1869 270/270
f 1260/1260 3729/3729 1259/1259
f 1608/1608 1784/1784 1610/1610
f 2000/2000 2011/2011 2009/2009
f 311/311 1904/1904 1903/1903
f 651/651 1866/1866 1867/1867
f 2014/2014 609/609 1992/1992
f 1996/1996 1999/1999 2007/2007
f 1567/1567 2017/2017 2016/2016
f 1210/1210 1245/1245 1211/1211
f 2016/2016 2019/2019 2018/2018
f 2003/2003 2016/2016 2006/2006
f 2018/2018 2021/2021 2020/2020
f 1562/1562 2022/2022 2017/2017
f 1993/1993 1604/1604 1606/1606
f 980/980 981/981 974/974
f 1066/1066 668/668 673/673
f 1884/1884 1279/1279 1883/1883
f 1426/1426 998/998 999/999
f 1885/1885 1887/1887 1888/1888
f 855/855 1805/1805 978/978
f 1889/1889 1890/1890 1891/1891
f 40/40 42/42 88/88
f 1495/1495 1907/1907 112/112
f 1502/1502 309/309 381/381
f 2025/2025 2028/2028 2027/2027
f 138/138 1910/1910 292/292
f 1326/1326 1895/1895 1327/1327
f 965/965 1009/1009 1010/1010
f 1946/1946 1847/1847 1987/1987
f 2023/2023 2026/2026 2025/2025
f 2039/2039 2020/2020 2021/2021
f 2025/2025 2022/2022 2023/2023
f 1999/1999 1998/1998 1997/1997
f 491/491 2039/2039 490/490
f 2041/2041 2043/2043 2042/2042
f 2042/2042 2038/2038 2027/2027
f 2084/2084 3760/3760 3733/3733
f 2085/2085 3761/3761 3760/3760
f 1995/1995 1992/1992 1993/1993
f 576/576 2045/2045 1537/1537
f 2015/2015 2020/2020 2040/2040
f 2046/2046 2042/2042 2045/2045
f 577/577 2046/2046 576/576
f 709/709 2040/2040 491/491
f 1351/1351 2048/2048 1345/1345
f 1345/1345 2050/2050 1350/1350
f 2051/2051 2044/2044 2041/2041
f 3775/3775 492/492 3763/3763
f 3763/3763 489/489 3768/3768
f 920/920 2053/2053 924/924
f 908/908 1145/1145 953/953
f 3735/3735 668/668 3766/3766
f 1913/1913 1915/1915 1912/1912
f 3745/3745 561/561 3764/3764
f 1983/1983 1919/1919 1920/1920
f 1355/1355 2054/2054 2053/2053
f 1364/1364 2057/2057 1363/1363
f 3623/3623 3619/3619 3609/3609
f 3778/3778 2051/2051 2047/2047
f 929/929 904/904 1092/1092
f 252/252 316/316 318/318
f 1356/1356 2057/2057 2054/2054
f 2014/2014 2008/2008 2015/2015
f 3734/3734 2047/2047 577/577
f 2049/2049 1387/1387 2058/2058
f 2058/2058 1389/1389 2059/2059
f 3759/3759 2059/2059 3770/3770
f 3775/3775 2058/2058 3759/3759
f 542/542 1856/1856 541/541
f 952/952 947/947 946/946
f 1724/1724 1534/1534 1535/1535
f 1935/1935 1937/1937 1934/1934
f 1997/1997 2013/2013 2001/2001
f 3440/3440 708/708 698/698
f 1586/1586 1633/1633 1632/1632
f 3748/3748 2063/2063 2066/2066
f 3770/3770 2067/2067 3771/3771
f 52/52 1859/1859 51/51
f 610/610 3746/3746 613/613
f 1952/1952 1954/1954 1955/1955
f 3779/3779 2071/2071 3774/3774
f 2071/2071 1378/1378 2072/2072
f 1961/1961 1963/1963 1964/1964
f 1965/1965 1967/1967 1968/1968
f 1345/1345 1352/1352 1351/1351
f 3681/3681 1639/1639 1579/1579
f 1976/1976 1841/1841 1975/1975
f 3769/3769 2064/2064 3754/3754
f 613/613 3781/3781 3739/3739
f 666/666 923/923 1066/1066
f 708/708 2065/2065 700/700
f 1716/1716 3688/3688 3712/3712
f 745/745 3711/3711 3676/3676
f 3718/3718 699/699 3719/3719
f 690/690 3737/3737 3739/3739
f 961/961 967/967 960/960
f 1421/1421 1615/1615 1837/1837
f 1964/1964 1979/1979 1980/1980
f 1422/1422 1825/1825 1421/1421
f 1735/1735 1751/1751 1752/1752
f 1910/1910 1899/1899 1909/1909
f 3529/3529 3591/3591 3527/3527
f 3780/3780 2066/2066 3717/3717
f 1070/1070 673/673 1065/1065
f 946/946 948/948 952/952
f 3719/3719 3748/3748 3780/3780
f 2115/2115 2113/2113 2114/2114
f 654/654 2081/2081 653/653
f 3627/3627 1857/1857 225/225
f 1393/1393 24/24 1413/1413
f 944/944 958/958 951/951
f 3708/3708 1379/1379 2071/2071
f 1436/1436 653/653 2081/2081
f 3701/3701 1325/1325 1324/1324
f 2082/2082 1827/1827 2081/2081
f 1829/1829 2081/2081 1827/1827
f 699/699 3755/3755 3748/3748
f 1838/1838 1943/1943 1837/1837
f 3710/3710 723/723 724/724
f 1796/1796 3386/3386 3387/3387
f 245/245 55/55 81/81
f 1767/1767 3707/3707 1766/1766
f 1608/1608 3685/3685 1570/1570
f 3732/3732 655/655 652/652
f 2056/2056 3750/3750 2055/2055
f 1371/1371 1988/1988 1402/1402
f 3696/3696 1330/1330 1332/1332
f 265/265 381/381 241/241
f 564/564 3392/3392 3424/3424
f 3742/3742 652/652 1978/1978
f 1394/1394 2084/2084 2083/2083
f 2080/2080 3727/3727 24/24
f 1394/1394 14/14 15/15
f 3760/3760 558/558 679/679
f 1406/1406 1990/1990 2085/2085
f 1395/1395 2085/2085 2084/2084
f 3736/3736 3717/3717 2080/2080
f 3675/3675 1776/1776 746/746
f 3733/3733 679/679 655/655
f 2086/2086 778/778 2082/2082
f 559/559 2086/2086 678/678
f 3686/3686 1579/1579 1572/1572
f 2087/2087 1972/1972 2086/2086
f 678/678 2082/2082 654/654
f 665/665 2088/2088 560/560
f 2088/2088 1969/1969 2087/2087
f 320/320 447/447 282/282
f 1533/1533 1958/1958 2088/2088
f 614/614 3770/3770 608/608
f 2029/2029 2031/2031 2032/2032
f 2034/2034 2036/2036 2033/2033
f 560/560 2087/2087 559/559
f 1832/1832 2096/2096 2093/2093
f 1830/1830 2093/2093 2097/2097
f 2047/2047 2041/2041 2046/2046
f 2100/2100 2098/2098 2099/2099
f 2072/2072 1380/1380 2064/2064
f 3741/3741 573/573 566/566
f 3739/3739 612/612 613/613
f 2093/2093 2101/2101 2102/2102
f 2102/2102 3772/3772 3757/3757
f 682/682 3769/3769 689/689
f 3690/3690 3694/3694 1776/1776
f 2101/2101 3741/3741 3772/3772
f 1402/1402 1990/1990 1403/1403
f 1981/1981 2103/2103 2104/2104
f 2104/2104 3756/3756 3753/3753
f 3738/3738 589/589 573/573
f 3740/3740 14/14 3742/3742
f 360/360 57/57 441/441
f 633/633 403/403 632/632
f 2096/2096 2099/2099 2101/2101
f 1392/1392 1413/1413 1414/1414
f 1453/1453 69/69 1451/1451
f 3757/3757 694/694 617/617
f 2098/2098 3758/3758 3738/3738
f 1420/1420 1837/1837 1943/1943
f 2069/2069 2031/2031 2068/2068
f 2103/2103 3757/3757 3756/3756
f 292/292 495/495 315/315
f 1041/1041 1023/1023 1042/1042
f 1987/1987 1846/1846 2098/2098
f 2073/2073 1955/1955 1954/1954
f 2075/2075 2077/2077 2078/2078
f 3715/3715 1414/1414 1413/1413
f 1949/1949 784/784 785/785
f 3746/3746 3731/3731 3781/3781
f 464/464 480/480 750/750
f 1139/1139 1157/1157 1152/1152
f 691/691 3776/3776 3737/3737
f 692/692 2105/2105 691/691
f 2105/2105 3753/3753 3776/3776
f 536/536 1858/1858 448/448
f 1122/1122 1091/1091 1146/1146
f 689/689 1611/1611 688/688
f 1987/1987 1928/1928 1946/1946
f 721/721 542/542 547/547
f 1011/1011 1166/1166 1000/1000
f 448/448 1860/1860 267/267
f 187/187 224/224 225/225
f 1984/1984 1920/1920 1921/1921
f 2089/2089 2091/2091 2092/2092
f 1998/1998 1993/1993 1606/1606
f 3699/3699 1600/1600 3685/3685
f 244/244 496/496 250/250
f 462/462 469/469 461/461
f 1822/1822 3658/3658 3377/3377
f 880/880 890/890 887/887
f 1894/1894 2095/2095 1895/1895
f 1874/1874 1880/1880 1872/1872
f 2106/2106 1852/1852 2060/2060
f 263/263 145/145 170/170
f 274/274 256/256 450/450
f 1829/1829 2097/2097 1981/1981
f 612/612 677/677 611/611
f 1683/1683 1678/1678 1682/1682
f 1510/1510 426/426 164/164
f 1543/1543 1689/1689 1688/1688
f 1874/1874 1882/1882 1881/1881
f 465/465 754/754 751/751
f 749/749 2114/2114 463/463
f 2114/2114 466/466 463/463
f 466/466 752/752 465/465
f 1750/1750 454/454 1719/1719
f 2109/2109 2111/2111 2112/2112
f 579/579 362/362 94/94
f 473/473 1602/1602 472/472
f 742/742 2116/2116 460/460
f 751/751 474/474 482/482
f 476/476 1768/1768 473/473
f 289/289 1478/1478 288/288
f 743/743 2117/2117 742/742
f 756/756 739/739 479/479
f 176/176 2119/2119 1951/1951
f 402/402 295/295 404/404
f 1956/1956 177/177 216/216
f 3678/3678 1641/1641 3713/3713
f 2107/2107 736/736 744/744
f 1435/1435 2104/2104 2105/2105
f 930/930 944/944 945/945
f 2120/2120 2122/2122 2123/2123
f 219/219 1471/1471 325/325
f 744/744 457/457 2107/2107
f 2125/2125 2127/2127 2124/2124
f 2129/2129 1965/1965 2128/2128
f 1936/1936 2124/2124 1937/1937
f 206/206 713/713 1492/1492
f 1506/1506 1507/1507 1530/1530
f 845/845 822/822 846/846
f 829/829 1323/1323 1328/1328
f 442/442 1519/1519 444/444
f 547/547 3100/3100 721/721
f 12/12 721/721 3100/3100
f 548/548 488/488 364/364
f 3105/3105 3107/3107 3106/3106
f 3112/3112 3110/3110 3111/3111
f 3119/3119 3121/3121 3120/3120
f 3123/3123 3125/3125 3124/3124
f 2130/2130 1953/1953 1952/1952
f 2112/2112 2132/2132 2133/2133
f 2135/2135 2029/2029 2134/2134
f 2136/2136 2138/2138 2139/2139
f 2141/2141 2143/2143 2140/2140
f 1949/1949 1930/1930 1926/1926
f 3530/3530 3534/3534 3537/3537
f 2060/2060 1857/1857 1856/1856
f 3771/3771 2070/2070 3773/3773
f 1112/1112 1064/1064 1107/1107
f 2144/2144 1962/1962 1961/1961
f 3129/3129 3126/3126 3123/3123
f 2146/2146 2148/2148 2149/2149
f 1714/1714 2151/2151 1715/1715
f 3758/3758 1848/1848 589/589
f 1186/1186 2094/2094 1686/1686
f 848/848 2153/2153 2152/2152
f 924/924 910/910 920/920
f 2074/2074 2145/2145 2144/2144
f 225/225 1852/1852 187/187
f 649/649 730/730 650/650
f 1142/1142 979/979 602/602
f 2154/2154 2156/2156 2157/2157
f 2158/2158 2160/2160 2161/2161
f 3734/3734 574/574 3735/3735
f 2163/2163 212/212 2162/2162
f 803/803 928/928 1071/1071
f 3131/3131 3133/3133 3132/3132
f 258/258 445/445 257/257
f 3749/3749 2051/2051 3750/3750
f 2164/2164 3391/3391 3390/3390
f 2150/2150 2068/2068 2151/2151
f 657/657 3736/3736 3731/3731
f 797/797 976/976 795/795
f 2166/2166 2090/2090 2089/2089
f 1900/1900 630/630 729/729
f 3767/3767 13/13 3740/3740
f 2168/2168 1599/1599 1347/1347
f 1638/1638 1579/1579 1639/1639
f 1598/1598 2171/2171 2169/2169
f 2172/2172 1578/1578 1577/1577
f 2170/2170 2175/2175 2176/2176
f 1347/1347 2177/2177 1348/1348
f 3452/3452 2181/2181 3453/3453
f 1591/1591 2172/2172 1592/1592
f 1640/1640 462/462 459/459
f 1374/1374 2182/2182 2183/2183
f 3136/3136 3142/3142 3139/3139
f 1598/1598 2177/2177 1599/1599
f 3140/3140 3137/3137 3138/3138
f 1375/1375 1595/1595 2184/2184
f 1346/1346 2186/2186 2185/2185
f 1589/1589 2184/2184 1582/1582
f 2188/2188 1583/1583 1594/1594
f 1593/1593 1374/1374 2183/2183
f 2187/2187 1592/1592 2189/2189
f 2174/2174 1598/1598 1597/1597
f 3147/3147 3111/3111 3110/3110
f 615/615 2015/2015 709/709
f 505/505 48/48 45/45
f 762/762 2190/2190 1226/1226
f 2192/2192 2194/2194 2191/2191
f 387/387 449/449 764/764
f 1420/1420 1984/1984 1419/1419
f 1984/1984 1982/1982 1419/1419
f 1367/1367 2055/2055 1364/1364
f 1985/1985 1921/1921 1973/1973
f 1496/1496 404/404 1916/1916
f 1547/1547 2024/2024 2023/2023
f 2195/2195 1109/1109 1843/1843
f 1659/1659 3785/3785 3786/3786
f 3682/3682 1645/1645 3684/3684
f 1238/1238 1843/1843 1073/1073
f 582/582 824/824 583/583
f 2196/2196 2198/2198 2199/2199
f 2197/2197 2201/2201 2198/2198
f 2198/2198 2202/2202 2159/2159
f 2199/2199 2159/2159 2158/2158
f 1918/1918 1921/1921 1920/1920
f 2155/2155 1914/1914 2156/2156
f 902/902 2161/2161 2160/2160
f 1283/1283 1078/1078 2203/2203
f 1280/1280 1261/1261 769/769
f 1509/1509 1507/1507 1923/1923
f 2205/2205 2207/2207 2204/2204
f 2204/2204 2209/2209 2208/2208
f 2211/2211 2208/2208 2210/2210
f 2212/2212 2204/2204 2211/2211
f 2214/2214 2216/2216 2213/2213
f 2217/2217 2216/2216 2218/2218
f 2223/2223 3483/3483 3505/3505
f 2226/2226 2225/2225 2220/2220
f 2227/2227 2222/2222 2226/2226
f 2229/2229 3505/3505 3486/3486
f 2230/2230 2232/2232 2233/2233
f 2234/2234 2233/2233 2218/2218
f 2235/2235 2230/2230 2234/2234
f 2236/2236 2231/2231 2230/2230
f 2233/2233 2238/2238 2239/2239
f 2218/2218 2239/2239 2217/2217
f 2237/2237 2241/2241 2231/2231
f 2231/2231 2242/2242 2232/2232
f 2232/2232 2243/2243 2238/2238
f 2243/2243 2245/2245 2238/2238
f 2245/2245 2239/2239 2238/2238
f 2247/2247 2249/2249 2246/2246
f 2241/2241 2249/2249 2242/2242
f 2240/2240 2246/2246 2241/2241
f 2251/2251 2246/2246 2250/2250
f 2252/2252 2254/2254 2255/2255
f 2257/2257 2259/2259 2256/2256
f 3614/3614 2261/2261 2262/2262
f 2263/2263 2212/2212 2265/2265
f 2252/2252 2265/2265 2266/2266
f 2267/2267 2252/2252 2255/2255
f 2268/2268 2263/2263 2267/2267
f 2270/2270 2272/2272 2269/2269
f 2269/2269 2206/2206 2205/2205
f 2264/2264 2205/2205 2212/2212
f 2268/2268 2269/2269 2264/2264
f 2272/2272 2274/2274 2206/2206
f 2275/2275 2272/2272 2271/2271
f 2277/2277 2271/2271 2276/2276
f 2270/2270 2276/2276 2271/2271
f 2268/2268 2278/2278 2270/2270
f 2267/2267 2279/2279 2268/2268
f 2255/2255 2280/2280 2267/2267
f 2281/2281 2254/2254 2282/2282
f 2283/2283 2285/2285 2286/2286
f 2280/2280 2286/2286 2279/2279
f 2281/2281 2283/2283 2280/2280
f 2287/2287 2284/2284 2283/2283
f 2289/2289 2291/2291 2292/2292
f 2278/2278 2292/2292 2276/2276
f 2279/2279 2289/2289 2278/2278
f 2286/2286 2290/2290 2289/2289
f 2276/2276 2293/2293 2277/2277
f 2292/2292 2294/2294 2293/2293
f 2295/2295 2215/2215 2296/2296
f 2295/2295 2297/2297 2298/2298
f 2295/2295 2235/2235 2234/2234
f 2218/2218 2295/2295 2234/2234
f 2299/2299 2209/2209 2207/2207
f 2206/2206 2299/2299 2207/2207
f 2301/2301 2303/2303 2304/2304
f 2301/2301 2300/2300 2297/2297
f 2305/2305 2297/2297 2296/2296
f 2305/2305 2302/2302 2301/2301
f 2296/2296 2307/2307 2305/2305
f 2305/2305 2308/2308 2306/2306
f 2215/2215 2309/2309 2307/2307
f 2307/2307 2221/2221 2308/2308
f 2311/2311 2313/2313 2310/2310
f 2314/2314 2316/2316 2317/2317
f 2318/2318 2317/2317 2319/2319
f 2320/2320 2314/2314 2318/2318
f 2321/2321 2315/2315 2314/2314
f 2324/2324 2326/2326 2323/2323
f 2323/2323 2328/2328 2327/2327
f 2329/2329 2323/2323 2327/2327
f 2330/2330 2324/2324 2323/2323
f 2129/2129 2338/2338 2336/2336
f 2339/2339 2266/2266 2265/2265
f 2211/2211 2265/2265 2212/2212
f 2210/2210 2339/2339 2211/2211
f 2341/2341 2340/2340 2339/2339
f 2340/2340 2344/2344 2266/2266
f 2345/2345 2347/2347 2348/2348
f 2345/2345 2210/2210 2208/2208
f 2349/2349 2208/2208 2209/2209
f 2349/2349 2346/2346 2345/2345
f 2353/2353 2352/2352 2354/2354
f 2353/2353 2342/2342 2341/2341
f 2348/2348 2341/2341 2210/2210
f 2347/2347 2353/2353 2348/2348
f 2342/2342 2343/2343 2340/2340
f 3438/3438 616/616 697/697
f 2356/2356 2333/2333 2357/2357
f 2356/2356 2359/2359 2358/2358
f 2360/2360 2358/2358 2355/2355
f 2360/2360 2334/2334 2356/2356
f 2361/2361 2328/2328 2362/2362
f 2357/2357 2362/2362 2359/2359
f 2333/2333 2361/2361 2357/2357
f 2332/2332 2327/2327 2361/2361
f 2363/2363 2254/2254 2253/2253
f 2363/2363 2344/2344 2364/2364
f 2366/2366 2364/2364 2365/2365
f 2282/2282 2363/2363 2366/2366
f 2368/2368 2366/2366 2367/2367
f 2367/2367 2365/2365 2369/2369
f 2371/2371 2369/2369 2370/2370
f 2372/2372 2367/2367 2371/2371
f 2364/2364 2343/2343 2373/2373
f 2358/2358 2343/2343 2355/2355
f 2374/2374 2358/2358 2359/2359
f 2365/2365 2373/2373 2374/2374
f 2376/2376 2369/2369 2375/2375
f 2377/2377 2369/2369 2365/2365
f 2378/2378 2375/2375 2377/2377
f 2379/2379 2376/2376 2375/2375
f 2381/2381 2380/2380 2379/2379
f 2383/2383 2379/2379 2378/2378
f 2319/2319 2381/2381 2383/2383
f 2317/2317 2382/2382 2381/2381
f 2384/2384 2359/2359 2362/2362
f 2385/2385 2362/2362 2328/2328
f 2377/2377 2385/2385 2378/2378
f 2377/2377 2374/2374 2384/2384
f 2385/2385 2326/2326 2386/2386
f 2386/2386 2325/2325 2387/2387
f 2383/2383 2387/2387 2319/2319
f 2378/2378 2386/2386 2383/2383
f 2387/2387 2389/2389 2388/2388
f 2388/2388 2391/2391 2390/2390
f 2318/2318 2390/2390 2320/2320
f 2319/2319 2388/2388 2318/2318
f 2392/2392 2312/2312 2311/2311
f 2395/2395 2397/2397 2394/2394
f 2399/2399 2401/2401 2398/2398
f 2398/2398 2224/2224 2223/2223
f 2402/2402 2223/2223 2229/2229
f 2403/2403 2398/2398 2402/2402
f 2397/2397 3569/3569 3567/3567
f 2404/2404 2406/2406 2407/2407
f 2408/2408 2407/2407 2409/2409
f 2410/2410 3567/3567 3554/3554
f 2394/2394 2389/2389 2411/2411
f 2411/2411 2325/2325 2324/2324
f 2331/2331 2411/2411 2324/2324
f 2412/2412 2394/2394 2411/2411
f 2407/2407 2400/2400 2399/2399
f 2409/2409 2399/2399 2403/2403
f 2414/2414 2402/2402 2413/2413
f 2413/2413 2229/2229 2415/2415
f 2417/2417 2415/2415 2416/2416
f 2418/2418 2413/2413 2417/2417
f 2419/2419 2403/2403 2414/2414
f 2420/2420 2414/2414 2418/2418
f 2421/2421 2419/2419 2420/2420
f 2422/2422 2409/2409 2419/2419
f 3556/3556 2410/2410 3554/3554
f 3557/3557 2423/2423 3556/3556
f 2425/2425 2420/2420 2426/2426
f 2427/2427 2426/2426 2428/2428
f 3566/3566 2425/2425 2427/2427
f 3553/3553 2421/2421 2425/2425
f 2245/2245 2217/2217 2239/2239
f 2244/2244 2431/2431 2245/2245
f 2431/2431 2434/2434 2433/2433
f 2433/2433 2227/2227 2435/2435
f 2213/2213 2435/2435 2214/2214
f 2217/2217 2433/2433 2213/2213
f 3499/3499 2416/2416 2415/2415
f 3486/3486 2415/2415 2229/2229
f 2434/2434 2228/2228 2227/2227
f 2432/2432 2436/2436 2434/2434
f 2435/2435 2226/2226 2438/2438
f 2438/2438 2220/2220 2219/2219
f 2309/2309 2219/2219 2221/2221
f 2214/2214 2438/2438 2309/2309
f 2439/2439 2416/2416 2440/2440
f 2441/2441 2440/2440 2442/2442
f 2444/2444 2441/2441 2443/2443
f 2444/2444 2417/2417 2439/2439
f 2426/2426 2418/2418 2444/2444
f 2426/2426 2443/2443 2428/2428
f 2437/2437 2446/2446 2445/2445
f 2445/2445 2448/2448 2447/2447
f 3482/3482 2447/2447 3487/3487
f 3498/3498 2445/2445 3482/3482
f 2449/2449 2242/2242 2249/2249
f 2450/2450 2249/2249 2248/2248
f 2244/2244 2449/2449 2451/2451
f 2451/2451 2450/2450 2452/2452
f 2446/2446 2452/2452 2448/2448
f 2432/2432 2451/2451 2446/2446
f 2247/2247 2454/2454 2453/2453
f 2453/2453 2456/2456 2455/2455
f 2458/2458 2455/2455 2457/2457
f 2248/2248 2453/2453 2458/2458
f 1189/1189 2095/2095 1186/1186
f 2355/2355 2354/2354 2360/2360
f 2460/2460 2288/2288 2256/2256
f 2461/2461 2256/2256 2259/2259
f 2462/2462 2460/2460 2461/2461
f 2463/2463 2284/2284 2460/2460
f 2464/2464 2285/2285 2463/2463
f 2465/2465 2463/2463 2462/2462
f 2466/2466 2464/2464 2465/2465
f 2467/2467 2290/2290 2464/2464
f 2251/2251 2468/2468 2454/2454
f 2454/2454 2469/2469 2456/2456
f 2470/2470 2370/2370 2471/2471
f 2472/2472 2471/2471 2473/2473
f 2258/2258 2470/2470 2472/2472
f 2257/2257 2371/2371 2470/2470
f 2441/2441 2475/2475 2474/2474
f 2474/2474 2477/2477 2476/2476
f 2479/2479 2476/2476 2478/2478
f 2479/2479 2441/2441 2474/2474
f 2447/2447 2481/2481 2480/2480
f 2480/2480 2483/2483 2482/2482
f 3456/3456 2482/2482 3459/3459
f 3487/3487 2480/2480 3456/3456
f 2450/2450 2458/2458 2484/2484
f 2484/2484 2457/2457 2485/2485
f 2452/2452 2484/2484 2486/2486
f 2486/2486 2485/2485 2487/2487
f 2481/2481 2487/2487 2483/2483
f 2448/2448 2486/2486 2481/2481
f 2489/2489 2491/2491 2488/2488
f 2488/2488 328/328 2492/2492
f 2494/2494 2492/2492 2493/2493
f 2495/2495 2488/2488 2494/2494
f 2497/2497 2499/2499 2496/2496
f 2496/2496 2501/2501 2500/2500
f 2471/2471 2500/2500 2473/2473
f 2471/2471 2497/2497 2496/2496
f 2503/2503 2494/2494 2502/2502
f 2504/2504 2494/2494 2493/2493
f 2499/2499 2504/2504 2501/2501
f 2498/2498 2502/2502 2499/2499
f 2506/2506 2508/2508 2505/2505
f 2509/2509 2508/2508 2510/2510
f 3563/3563 2505/2505 2509/2509
f 3542/3542 2505/2505 3541/3541
f 2507/2507 2479/2479 2508/2508
f 2508/2508 2478/2478 2510/2510
f 2427/2427 2514/2514 2513/2513
f 2515/2515 2514/2514 2516/2516
f 3559/3559 2513/2513 2515/2515
f 3561/3561 2427/2427 2513/2513
f 2428/2428 2516/2516 2514/2514
f 2517/2517 2519/2519 2520/2520
f 2322/2322 2430/2430 2429/2429
f 2521/2521 2322/2322 2313/2313
f 2521/2521 2312/2312 2522/2522
f 2524/2524 2522/2522 2523/2523
f 2524/2524 2315/2315 2521/2521
f 2525/2525 2316/2316 2524/2524
f 2525/2525 2523/2523 2526/2526
f 2528/2528 2526/2526 2527/2527
f 2528/2528 2382/2382 2525/2525
f 2529/2529 2527/2527 2530/2530
f 2376/2376 2530/2530 2370/2370
f 2380/2380 2529/2529 2376/2376
f 2531/2531 2506/2506 2532/2532
f 2531/2531 2515/2515 2516/2516
f 2516/2516 2507/2507 2531/2531
f 3542/3542 2392/2392 3555/3555
f 3555/3555 2311/2311 3559/3559
f 2533/2533 2535/2535 2142/2142
f 2489/2489 2537/2537 2536/2536
f 2536/2536 2523/2523 2522/2522
f 2393/2393 2522/2522 2312/2312
f 2490/2490 2536/2536 2393/2393
f 2538/2538 2495/2495 2503/2503
f 2539/2539 2503/2503 2498/2498
f 2527/2527 2538/2538 2539/2539
f 2526/2526 2537/2537 2538/2538
f 2497/2497 2530/2530 2540/2540
f 2540/2540 2527/2527 2539/2539
f 2498/2498 2540/2540 2539/2539
f 1423/1423 1022/1022 998/998
f 1240/1240 1056/1056 1059/1059
f 1573/1573 1570/1570 1572/1572
f 2011/2011 2013/2013 2012/2012
f 1112/1112 1113/1113 1125/1125
f 1891/1891 2542/2542 2541/2541
f 91/91 448/448 120/120
f 2002/2002 1569/1569 1573/1573
f 1418/1418 1409/1409 1333/1333
f 639/639 1025/1025 2543/2543
f 706/706 2545/2545 707/707
f 1108/1108 1010/1010 1111/1111
f 550/550 356/356 1458/1458
f 1682/1682 1684/1684 1552/1552
f 1745/1745 1099/1099 1746/1746
f 259/259 315/315 258/258
f 1432/1432 1399/1399 1442/1442
f 642/642 519/519 518/518
f 8/8 239/239 7/7
f 372/372 1520/1520 3/3
f 768/768 1280/1280 769/769
f 920/920 909/909 908/908
f 891/891 2547/2547 892/892
f 2545/2545 639/639 638/638
f 2548/2548 2549/2549 2550/2550
f 978/978 23/23 22/22
f 619/619 2550/2550 2549/2549
f 2551/2551 628/628 1799/1799
f 2552/2552 1799/1799 2553/2553
f 1175/1175 2551/2551 2552/2552
f 1174/1174 625/625 2551/2551
f 1481/1481 45/45 467/467
f 1416/1416 1315/1315 1415/1415
f 628/628 1301/1301 1782/1782
f 1172/1172 701/701 2554/2554
f 2554/2554 703/703 1141/1141
f 2552/2552 1141/1141 1175/1175
f 2553/2553 2554/2554 2552/2552
f 1721/1721 1027/1027 801/801
f 1782/1782 853/853 1798/1798
f 2556/2556 774/774 636/636
f 1005/1005 1004/1004 1136/1136
f 1019/1019 2557/2557 1020/1020
f 89/89 1855/1855 1877/1877
f 1982/1982 1422/1422 1419/1419
f 1488/1488 1486/1486 1487/1487
f 857/857 1249/1249 1252/1252
f 126/126 777/777 1505/1505
f 1294/1294 911/911 1295/1295
f 591/591 1068/1068 1136/1136
f 1020/1020 2559/2559 2558/2558
f 2558/2558 2561/2561 2560/2560
f 1250/1250 2560/2560 1251/1251
f 1250/1250 1020/1020 2558/2558
f 1247/1247 2550/2550 2562/2562
f 2562/2562 622/622 621/621
f 1087/1087 2562/2562 621/621
f 526/526 2562/2562 2563/2563
f 1435/1435 1437/1437 1436/1436
f 1986/1986 1902/1902 633/633
f 1035/1035 1082/1082 1036/1036
f 2564/2564 2565/2565 2566/2566
f 1167/1167 2566/2566 1168/1168
f 892/892 2564/2564 1167/1167
f 3765/3765 3396/3396 3652/3652
f 1026/1026 2544/2544 2545/2545
f 600/600 1842/1842 597/597
f 1297/1297 650/650 730/730
f 970/970 1173/1173 515/515
f 1864/1864 313/313 314/314
f 1273/1273 1180/1180 2567/2567
f 72/72 1465/1465 71/71
f 1463/1463 411/411 412/412
f 594/594 642/642 675/675
f 1123/1123 643/643 918/918
f 2568/2568 894/894 916/916
f 1255/1255 1213/1213 1254/1254
f 955/955 2569/2569 2570/2570
f 2569/2569 955/955 954/954
f 1417/1417 1416/1416 1415/1415
f 1475/1475 150/150 143/143
f 815/815 1802/1802 1801/1801
f 1246/1246 1148/1148 1264/1264
f 2571/2571 793/793 2572/2572
f 1848/1848 1785/1785 1849/1849
f 1027/1027 1890/1890 1028/1028
f 2573/2573 794/794 793/793
f 986/986 1256/1256 957/957
f 2575/2575 2576/2576 2577/2577
f 981/981 983/983 982/982
f 569/569 663/663 546/546
f 2548/2548 605/605 604/604
f 543/543 1975/1975 544/544
f 1182/1182 1172/1172 2553/2553
f 1587/1587 468/468 462/462
f 416/416 409/409 1528/1528
f 1007/1007 1732/1732 1008/1008
f 3765/3765 618/618 3747/3747
f 524/524 130/130 254/254
f 1102/1102 1019/1019 1018/1018
f 325/325 84/84 219/219
f 557/557 549/549 714/714
f 1452/1452 851/851 850/850
f 1816/1816 604/604 871/871
f 1632/1632 3636/3636 3629/3629
f 606/606 844/844 1281/1281
f 2569/2569 954/954 2579/2579
f 603/603 871/871 604/604
f 253/253 533/533 254/254
f 383/383 1517/1517 394/394
f 2580/2580 2569/2569 2579/2579
f 1052/1052 2579/2579 897/897
f 1058/1058 2580/2580 1052/1052
f 1057/1057 2581/2581 2580/2580
f 2566/2566 1118/1118 2582/2582
f 2582/2582 1117/1117 1302/1302
f 626/626 1302/1302 627/627
f 1168/1168 2582/2582 626/626
f 663/663 543/543 546/546
f 1464/1464 1461/1461 1463/1463
f 1289/1289 1078/1078 1077/1077
f 2583/2583 1116/1116 1119/1119
f 2583/2583 2585/2585 2584/2584
f 2584/2584 2581/2581 2583/2583
f 2584/2584 2546/2546 2586/2586
f 2586/2586 891/891 2568/2568
f 2570/2570 2568/2568 1123/1123
f 2570/2570 2584/2584 2586/2586
f 2027/2027 2037/2037 2025/2025
f 1406/1406 1401/1401 1403/1403
f 509/509 322/322 47/47
f 1842/1842 1184/1184 597/597
f 779/779 785/785 784/784
f 1899/1899 1903/1903 1904/1904
f 1275/1275 1228/1228 1227/1227
f 554/554 216/216 523/523
f 1355/1355 908/908 1354/1354
f 667/667 665/665 664/664
f 816/816 1801/1801 2587/2587
f 2587/2587 1804/1804 1276/1276
f 2588/2588 1276/1276 1275/1275
f 20/20 2587/2587 2588/2588
f 811/811 2572/2572 812/812
f 1804/1804 1277/1277 1276/1276
f 1957/1957 1959/1959 1958/1958
f 1028/1028 2589/2589 2590/2590
f 1483/1483 1472/1472 1484/1484
f 521/521 431/431 512/512
f 762/762 1226/1226 1225/1225
f 1225/1225 2549/2549 2591/2591
f 2591/2591 1816/1816 1815/1815
f 763/763 1815/1815 1014/1014
f 762/762 2591/2591 763/763
f 704/704 2593/2593 705/705
f 1032/1032 1883/1883 1033/1033
f 1299/1299 1226/1226 2190/2190
f 603/603 1281/1281 1280/1280
f 636/636 2543/2543 2556/2556
f 511/511 1500/1500 1501/1501
f 1797/1797 527/527 2594/2594
f 2594/2594 526/526 2563/2563
f 1090/1090 2563/2563 1087/1087
f 1090/1090 1797/1797 2594/2594
f 996/996 1317/1317 1022/1022
f 3764/3764 558/558 3761/3761
f 218/218 100/100 97/97
f 3433/3433 3694/3694 1777/1777
f 1013/1013 1841/1841 1840/1840
f 2596/2596 1277/1277 2595/2595
f 2595/2595 1803/1803 2597/2597
f 1300/1300 2597/2597 1016/1016
f 1299/1299 2595/2595 1300/1300
f 2598/2598 1016/1016 2597/2597
f 1802/1802 2597/2597 1803/1803
f 922/922 2598/2598 1802/1802
f 1051/1051 686/686 2598/2598
f 791/791 839/839 838/838
f 732/732 1032/1032 733/733
f 1175/1175 640/640 1003/1003
f 1097/1097 854/854 2599/2599
f 2599/2599 857/857 1029/1029
f 1216/1216 1029/1029 985/985
f 1096/1096 2599/2599 1216/1216
f 1521/1521 143/143 1476/1476
f 1183/1183 595/595 513/513
f 207/207 720/720 206/206
f 1424/1424 1426/1426 1425/1425
f 1183/1183 1798/1798 853/853
f 834/834 1257/1257 1272/1272
f 68/68 174/174 171/171
f 532/532 1526/1526 502/502
f 209/209 446/446 447/447
f 1991/1991 910/910 925/925
f 1179/1179 1890/1890 2555/2555
f 893/893 670/670 669/669
f 820/820 1090/1090 1089/1089
f 1492/1492 714/714 549/549
f 2600/2600 1258/1258 781/781
f 585/585 1867/1867 586/586
f 1498/1498 449/449 450/450
f 1778/1778 3383/3383 3398/3398
f 971/971 842/842 528/528
f 2601/2601 1050/1050 1789/1789
f 2602/2602 963/963 2195/2195
f 759/759 2195/2195 1238/1238
f 758/758 2602/2602 759/759
f 2600/2600 1789/1789 2602/2602
f 172/172 237/237 36/36
f 1843/1843 1108/1108 1111/1111
f 1115/1115 1249/1249 1230/1230
f 1800/1800 1117/1117 1116/1116
f 71/71 306/306 70/70
f 185/185 410/410 184/184
f 2603/2603 1076/1076 1075/1075
f 162/162 1526/1526 161/161
f 339/339 407/407 422/422
f 1098/1098 2606/2606 2605/2605
f 535/535 399/399 294/294
f 115/115 113/113 112/112
f 2565/2565 1119/1119 1118/1118
f 1503/1503 503/503 1504/1504
f 879/879 887/887 899/899
f 1185/1185 660/660 847/847
f 771/771 962/962 872/872
f 20/20 817/817 816/816
f 873/873 912/912 911/911
f 1817/1817 843/843 842/842
f 525/525 842/842 841/841
f 812/812 793/793 792/792
f 2572/2572 793/793 812/812
f 1530/1530 1508/1508 1529/1529
f 173/173 530/530 172/172
f 644/644 917/917 672/672
f 1960/1960 556/556 1959/1959
f 1485/1485 351/351 74/74
f 510/510 154/154 1490/1490
f 2575/2575 834/834 2607/2607
f 1213/1213 2577/2577 2608/2608
f 702/702 517/517 520/520
f 1455/1455 508/508 1454/1454
f 772/772 599/599 773/773
f 583/583 1794/1794 580/580
f 282/282 446/446 167/167
f 304/304 1513/1513 415/415
f 1223/1223 1154/1154 1224/1224
f 145/145 169/169 170/170
f 1215/1215 1197/1197 1196/1196
f 1232/1232 1210/1210 1048/1048
f 1266/1266 1060/1060 1197/1197
f 1029/1029 1252/1252 1030/1030
f 726/726 2542/2542 1179/1179
f 434/434 420/420 433/433
f 19/19 1147/1147 1162/1162
f 2609/2609 1155/1155 1154/1154
f 98/98 399/399 126/126
f 1258/1258 594/594 781/781
f 363/363 634/634 635/635
f 1155/1155 1061/1061 1266/1266
f 835/835 2577/2577 1212/1212
f 1148/1148 1870/1870 1149/1149
f 2611/2611 833/833 2610/2610
f 2610/2610 1085/1085 1254/1254
f 2608/2608 1254/1254 1213/1213
f 2609/2609 2610/2610 2608/2608
f 2613/2613 1227/1227 2612/2612
f 2612/2612 830/830 2611/2611
f 1223/1223 2611/2611 2609/2609
f 1223/1223 2613/2613 2612/2612
f 2614/2614 20/20 2588/2588
f 2613/2613 2588/2588 1275/1275
f 1222/1222 2614/2614 2613/2613
f 1233/1233 601/601 2614/2614
f 384/384 1516/1516 383/383
f 2615/2615 1234/1234 1198/1198
f 1049/1049 1237/1237 1236/1236
f 1232/1232 1143/1143 1233/1233
f 388/388 1516/1516 1515/1515
f 851/851 1285/1285 852/852
f 1153/1153 1224/1224 1154/1154
f 1199/1199 1148/1148 1147/1147
f 990/990 2542/2542 725/725
f 1150/1150 1267/1267 1244/1244
f 2576/2576 2608/2608 2577/2577
f 2616/2616 1191/1191 1239/1239
f 67/67 1450/1450 66/66
f 685/685 1088/1088 1015/1015
f 1049/1049 2571/2571 2572/2572
f 1062/1062 18/18 17/17
f 875/875 1239/1239 876/876
f 1562/1562 1566/1566 1565/1565
f 1234/1234 1246/1246 1264/1264
f 17/17 1195/1195 1060/1060
f 968/968 528/528 527/527
f 582/582 1302/1302 1117/1117
f 800/800 1721/1721 801/801
f 1027/1027 798/798 801/801
f 1273/1273 1720/1720 2574/2574
f 1143/1143 602/602 601/601
f 838/838 1231/1231 813/813
f 35/35 506/506 1497/1497
f 2574/2574 799/799 794/794
f 305/305 307/307 306/306
f 1973/1973 1922/1922 1974/1974
f 2578/2578 580/580 1794/1794
f 794/794 798/798 791/791
f 2618/2618 793/793 2571/2571
f 1235/1235 2571/2571 1236/1236
f 2615/2615 2618/2618 1235/1235
f 2619/2619 2573/2573 2618/2618
f 371/371 380/380 370/370
f 3685/3685 1572/1572 1570/1570
f 1438/1438 1392/1392 1202/1202
f 1267/1267 1870/1870 1210/1210
f 1512/1512 344/344 1479/1479
f 1487/1487 1484/1484 1472/1472
f 1554/1554 1556/1556 1534/1534
f 1207/1207 1221/1221 1224/1224
f 2617/2617 1198/1198 18/18
f 2620/2620 1271/1271 2619/2619
f 2620/2620 2615/2615 2617/2617
f 2607/2607 2617/2617 1062/1062
f 2607/2607 1272/1272 2620/2620
f 550/550 263/263 264/264
f 2574/2574 1271/1271 1273/1273
f 1331/1331 1330/1330 1329/1329
f 1909/1909 1904/1904 1908/1908
f 569/569 2153/2153 977/977
f 1522/1522 1476/1476 425/425
f 955/955 1123/1123 956/956
f 337/337 64/64 336/336
f 1015/1015 620/620 1045/1045
f 2622/2622 760/760 2621/2621
f 2621/2621 1013/1013 1840/1840
f 2623/2623 1840/1840 1788/1788
f 831/831 2621/2621 2623/2623
f 2596/2596 2190/2190 2624/2624
f 2624/2624 761/761 2622/2622
f 1228/1228 2622/2622 831/831
f 1274/1274 2624/2624 1228/1228
f 1480/1480 378/378 1511/1511
f 1248/1248 1255/1255 2625/2625
f 2625/2625 1084/1084 832/832
f 2623/2623 832/832 831/831
f 1788/1788 2625/2625 2623/2623
f 87/87 318/318 86/86
f 1743/1743 2578/2578 1744/1744
f 2605/2605 2627/2627 2626/2626
f 588/588 3373/3373 3404/3404
f 1628/1628 3417/3417 1621/1621
f 2006/2006 2004/2004 2003/2003
f 605/605 841/841 606/606
f 1970/1970 716/716 1971/1971
f 670/670 1238/1238 671/671
f 837/837 2590/2590 1294/1294
f 863/863 862/862 859/859
f 621/621 1088/1088 1087/1087
f 2590/2590 873/873 1294/1294
f 2589/2589 874/874 2590/2590
f 1016/1016 1045/1045 1300/1300
f 305/305 1465/1465 1466/1466
f 1864/1864 297/297 443/443
f 1889/1889 1915/1915 2155/2155
f 2629/2629 2337/2337 2126/2126
f 2630/2630 2126/2126 2125/2125
f 722/722 2060/2060 542/542
f 2288/2288 2368/2368 2372/2372
f 2633/2633 1967/1967 1966/1966
f 2336/2336 1966/1966 2129/2129
f 2636/2636 2638/2638 2635/2635
f 2639/2639 2641/2641 2642/2642
f 2643/2643 2645/2645 2646/2646
f 2648/2648 2650/2650 2647/2647
f 2647/2647 2652/2652 2651/2651
f 2653/2653 2651/2651 2631/2631
f 2654/2654 2647/2647 2653/2653
f 2656/2656 2658/2658 2655/2655
f 2660/2660 2662/2662 2659/2659
f 2659/2659 2663/2663 2664/2664
f 2666/2666 2668/2668 2665/2665
f 2667/2667 2670/2670 2669/2669
f 2671/2671 2669/2669 2673/2673
f 2675/2675 2673/2673 2674/2674
f 2189/2189 2185/2185 2187/2187
f 2676/2676 1575/1575 2677/2677
f 3464/3464 2677/2677 3475/3475
f 3474/3474 2669/2669 3475/3475
f 1578/1578 2677/2677 1575/1575
f 2181/2181 1581/1581 2679/2679
f 2134/2134 2682/2682 2681/2681
f 2683/2683 2682/2682 2684/2684
f 3514/3514 2683/2683 3515/3515
f 3489/3489 2681/2681 3514/3514
f 1361/1361 2175/2175 2174/2174
f 1361/1361 1597/1597 1576/1576
f 1577/1577 2168/2168 2172/2172
f 1578/1578 2685/2685 2678/2678
f 2678/2678 3494/3494 3474/3474
f 2687/2687 2173/2173 1591/1591
f 2688/2688 3494/3494 3488/3488
f 1477/1477 425/425 1476/1476
f 2690/2690 3421/3421 3422/3422
f 2079/2079 24/24 13/13
f 3397/3397 2693/2693 2694/2694
f 1649/1649 3793/3793 3792/3792
f 2698/2698 2700/2700 2697/2697
f 2697/2697 2701/2701 2702/2702
f 2704/2704 2697/2697 2703/2703
f 3424/3424 563/563 564/564
f 3400/3400 1962/1962 3435/3435
f 441/441 495/495 440/440
f 2706/2706 2708/2708 2705/2705
f 2699/2699 2705/2705 2700/2700
f 2709/2709 2663/2663 2662/2662
f 2710/2710 2674/2674 2709/2709
f 2712/2712 2714/2714 2711/2711
f 2713/2713 2716/2716 2714/2714
f 2716/2716 2672/2672 2671/2671
f 2714/2714 2671/2671 2675/2675
f 2718/2718 1362/1362 2676/2676
f 3457/3457 2676/2676 3464/3464
f 2718/2718 2720/2720 1359/1359
f 3457/3457 2719/2719 2718/2718
f 2717/2717 2715/2715 2721/2721
f 2711/2711 2675/2675 2710/2710
f 208/208 224/224 50/50
f 3671/3671 2727/2727 3670/3670
f 3672/3672 2724/2724 3670/3670
f 2691/2691 3426/3426 3421/3421
f 175/175 176/176 93/93
f 2731/2731 2695/2695 2696/2696
f 2724/2724 2696/2696 2725/2725
f 2729/2729 2731/2731 2724/2724
f 2732/2732 2733/2733 2734/2734
f 3672/3672 2736/2736 3662/3662
f 3663/3663 2735/2735 3662/3662
f 3665/3665 2740/2740 2741/2741
f 3660/3660 2739/2739 3665/3665
f 2744/2744 2657/2657 2739/2739
f 2743/2743 2744/2744 2739/2739
f 2745/2745 2746/2746 2646/2646
f 3660/3660 2747/2747 3659/3659
f 3663/3663 2746/2746 3659/3659
f 2635/2635 2749/2749 2748/2748
f 2748/2748 2751/2751 2750/2750
f 2742/2742 2748/2748 2750/2750
f 2741/2741 2635/2635 2748/2748
f 2752/2752 2742/2742 2750/2750
f 2753/2753 2750/2750 2751/2751
f 2754/2754 2752/2752 2753/2753
f 2755/2755 2747/2747 2752/2752
f 2757/2757 2759/2759 2756/2756
f 2756/2756 2761/2761 2760/2760
f 2762/2762 2760/2760 2649/2649
f 2763/2763 2756/2756 2762/2762
f 2760/2760 2765/2765 2764/2764
f 2640/2640 2765/2765 2641/2641
f 2652/2652 2764/2764 2640/2640
f 2649/2649 2764/2764 2650/2650
f 2766/2766 2641/2641 2765/2765
f 2766/2766 2761/2761 2767/2767
f 2749/2749 2767/2767 2751/2751
f 2749/2749 2638/2638 2766/2766
f 2767/2767 2759/2759 2768/2768
f 2768/2768 2758/2758 2769/2769
f 2753/2753 2769/2769 2754/2754
f 2751/2751 2768/2768 2753/2753
f 2770/2770 2771/2771 2772/2772
f 2773/2773 2772/2772 2774/2774
f 2703/2703 2702/2702 2775/2775
f 2705/2705 2773/2773 2776/2776
f 2700/2700 2776/2776 2701/2701
f 2777/2777 2775/2775 2702/2702
f 2779/2779 2702/2702 2701/2701
f 2781/2781 2762/2762 2780/2780
f 2780/2780 2649/2649 2648/2648
f 2782/2782 2648/2648 2654/2654
f 2783/2783 2780/2780 2782/2782
f 2781/2781 2778/2778 2777/2777
f 2763/2763 2777/2777 2779/2779
f 2776/2776 2774/2774 2784/2784
f 2701/2701 2784/2784 2779/2779
f 2757/2757 2779/2779 2784/2784
f 2758/2758 2784/2784 2774/2774
f 2772/2772 2754/2754 2769/2769
f 2774/2774 2769/2769 2758/2758
f 2785/2785 2738/2738 2755/2755
f 2771/2771 2755/2755 2754/2754
f 2733/2733 2735/2735 2785/2785
f 2734/2734 2785/2785 2771/2771
f 2786/2786 2734/2734 2770/2770
f 2708/2708 2770/2770 2773/2773
f 2786/2786 2707/2707 2787/2787
f 2732/2732 2787/2787 2695/2695
f 1847/1847 1845/1845 1846/1846
f 2642/2642 2766/2766 2790/2790
f 290/290 248/248 249/249
f 2792/2792 2635/2635 2740/2740
f 3661/3661 2657/2657 2656/2656
f 2651/2651 2794/2794 2793/2793
f 2766/2766 2637/2637 2790/2790
f 2796/2796 2798/2798 2795/2795
f 2655/2655 2798/2798 2656/2656
f 3673/3673 2799/2799 2800/2800
f 3673/3673 2792/2792 3661/3661
f 2802/2802 2804/2804 2801/2801
f 2801/2801 2637/2637 2636/2636
f 2800/2800 2636/2636 2792/2792
f 2799/2799 2801/2801 2800/2800
f 2805/2805 2807/2807 2808/2808
f 2808/2808 2810/2810 2805/2805
f 2805/2805 2812/2812 2811/2811
f 2813/2813 2805/2805 2811/2811
f 1895/1895 2459/2459 2814/2814
f 2815/2815 2642/2642 2790/2790
f 2804/2804 2790/2790 2637/2637
f 2803/2803 2815/2815 2804/2804
f 2816/2816 2812/2812 2815/2815
f 2809/2809 2639/2639 2810/2810
f 2810/2810 2642/2642 2812/2812
f 2817/2817 2811/2811 2816/2816
f 2818/2818 2816/2816 2803/2803
f 2819/2819 2803/2803 2802/2802
f 2820/2820 2802/2802 2799/2799
f 3664/3664 2799/2799 3674/3674
f 2796/2796 2821/2821 2797/2797
f 2821/2821 2824/2824 2823/2823
f 1744/1744 1794/1794 1793/1793
f 2825/2825 2819/2819 2820/2820
f 2827/2827 2817/2817 2818/2818
f 3664/3664 2823/2823 3666/3666
f 616/616 565/565 617/617
f 3403/3403 2787/2787 2707/2707
f 424/424 538/538 340/340
f 2690/2690 3506/3506 3509/3509
f 2830/2830 1584/1584 2188/2188
f 2180/2180 2680/2680 2181/2181
f 3506/3506 2833/2833 3518/3518
f 1584/1584 2679/2679 1581/1581
f 3453/3453 2679/2679 3518/3518
f 2168/2168 1346/1346 2189/2189
f 2687/2687 1590/1590 2834/2834
f 2835/2835 1590/1590 2832/2832
f 3508/3508 2834/2834 2835/2835
f 3507/3507 2687/2687 2834/2834
f 2839/2839 3508/3508 3479/3479
f 2838/2838 2832/2832 2180/2180
f 3480/3480 2180/2180 3452/3452
f 3484/3484 3479/3479 3536/3536
f 3411/3411 2123/2123 3369/3369
f 3393/3393 2131/2131 3380/3380
f 3571/3571 698/698 3718/3718
f 2845/2845 2837/2837 2844/2844
f 2844/2844 2836/2836 2839/2839
f 3476/3476 2839/2839 3484/3484
f 3477/3477 2844/2844 3476/3476
f 2846/2846 2688/2688 2845/2845
f 3524/3524 2845/2845 3477/3477
f 1674/1674 1664/1664 1669/1669
f 765/765 488/488 776/776
f 1353/1353 553/553 1750/1750
f 364/364 1853/1853 548/548
f 3440/3440 2149/2149 3425/3425
f 2849/2849 2806/2806 2813/2813
f 2852/2852 2854/2854 2851/2851
f 1858/1858 1861/1861 1860/1860
f 2850/2850 2856/2856 2857/2857
f 2858/2858 2850/2850 2849/2849
f 1456/1456 507/507 508/508
f 1564/1564 1547/1547 1563/1563
f 2859/2859 2849/2849 2828/2828
f 2860/2860 2828/2828 2827/2827
f 3531/3531 1561/1561 3527/3527
f 2806/2806 2857/2857 2807/2807
f 2826/2826 2818/2818 2819/2819
f 2828/2828 2813/2813 2817/2817
f 2862/2862 2853/2853 2861/2861
f 2861/2861 2857/2857 2856/2856
f 3375/3375 2856/2856 3386/3386
f 3371/3371 2861/2861 3375/3375
f 2863/2863 2632/2632 2793/2793
f 2863/2863 2794/2794 2809/2809
f 2865/2865 2809/2809 2808/2808
f 2866/2866 2863/2863 2865/2865
f 2852/2852 2808/2808 2807/2807
f 2851/2851 2865/2865 2852/2852
f 711/711 1882/1882 712/712
f 2823/2823 2867/2867 2868/2868
f 533/533 38/38 254/254
f 1443/1443 523/523 243/243
f 2827/2827 2869/2869 2860/2860
f 2826/2826 2870/2870 2869/2869
f 1519/1519 207/207 194/194
f 3666/3666 2868/2868 3668/3668
f 1998/1998 1605/1605 2062/2062
f 3571/3571 2146/2146 3440/3440
f 1787/1787 1808/1808 1786/1786
f 2873/2873 2875/2875 2872/2872
f 2872/2872 2877/2877 2876/2876
f 2876/2876 2197/2197 2872/2872
f 2873/2873 2197/2197 2196/2196
f 2390/2390 2410/2410 2423/2423
f 3613/3613 2879/2879 3632/3632
f 3613/3613 2075/2075 3603/3603
f 2881/2881 2883/2883 2878/2878
f 2878/2878 2884/2884 2879/2879
f 2320/2320 2423/2423 2424/2424
f 2885/2885 2879/2879 2884/2884
f 2886/2886 2888/2888 2887/2887
f 3625/3625 2889/2889 3650/3650
f 3650/3650 2880/2880 3632/3632
f 2890/2890 1980/1980 1979/1979
f 3429/3429 2078/2078 2077/2077
f 1795/1795 1791/1791 1790/1790
f 3380/3380 2034/2034 3420/3420
f 935/935 939/939 936/936
f 656/656 658/658 657/657
f 617/617 697/697 616/616
f 1971/1971 717/717 783/783
f 1972/1972 783/783 778/778
f 415/415 1511/1511 378/378
f 2892/2892 868/868 867/867
f 1290/1290 1132/1132 2616/2616
f 1187/1187 2894/2894 1188/1188
f 869/869 2167/2167 2166/2166
f 1929/1929 1926/1926 1930/1930
f 1115/1115 1295/1295 895/895
f 731/731 2896/2896 2895/2895
f 1580/1580 1586/1586 1585/1585
f 2191/2191 1687/1687 1686/1686
f 1132/1132 825/825 1191/1191
f 2628/2628 1891/1891 2541/2541
f 2897/2897 2193/2193 2898/2898
f 782/782 695/695 2601/2601
f 662/662 1976/1976 1975/1975
f 517/517 674/674 518/518
f 1798/1798 2553/2553 1799/1799
f 2899/2899 586/586 1867/1867
f 2899/2899 1866/1866 1297/1297
f 2901/2901 1297/1297 1031/1031
f 2902/2902 2899/2899 2901/2901
f 2903/2903 2557/2557 2556/2556
f 2901/2901 2561/2561 2902/2902
f 2906/2906 1289/1289 2905/2905
f 2907/2907 2909/2909 2910/2910
f 2911/2911 2910/2910 2912/2912
f 1083/1083 2907/2907 2911/2911
f 1035/1035 2908/2908 2907/2907
f 1381/1381 1331/1331 1333/1333
f 1288/1288 2160/2160 2913/2913
f 1885/1885 2194/2194 2897/2897
f 906/906 2915/2915 648/648
f 2917/2917 2908/2908 2916/2916
f 2916/2916 1034/1034 2895/2895
f 2915/2915 2895/2895 2896/2896
f 2914/2914 2916/2916 2915/2915
f 2918/2918 2152/2152 2919/2919
f 2918/2918 2912/2912 2910/2910
f 2909/2909 2918/2918 2910/2910
f 2917/2917 2914/2914 2918/2918
f 1080/1080 2911/2911 2920/2920
f 2920/2920 2912/2912 2919/2919
f 2152/2152 2920/2920 2919/2919
f 572/572 2920/2920 2153/2153
f 287/287 423/423 371/371
f 2560/2560 2904/2904 2921/2921
f 2921/2921 1033/1033 1883/1883
f 1278/1278 1883/1883 1279/1279
f 1251/1251 2921/2921 1278/1278
f 1938/1938 1944/1944 1940/1940
f 2555/2555 1720/1720 2567/2567
f 1389/1389 1383/1383 1385/1385
f 3431/3431 723/723 687/687
f 2593/2593 2626/2626 2627/2627
f 1436/1436 1981/1981 1435/1435
f 902/902 2616/2616 875/875
f 1367/1367 1344/1344 1350/1350
f 544/544 1841/1841 1014/1014
f 822/822 3692/3692 3703/3703
f 1813/1813 2541/2541 990/990
f 913/913 1058/1058 1052/1052
f 1404/1404 1400/1400 1401/1401
f 519/519 703/703 520/520
f 1008/1008 1004/1004 1005/1005
f 757/757 892/892 1828/1828
f 2567/2567 1179/1179 2555/2555
f 431/431 1499/1499 1498/1498
f 770/770 571/571 570/570
f 2009/2009 1571/1571 1568/1568
f 1817/1817 970/970 882/882
f 56/56 83/83 55/55
f 324/324 1468/1468 323/323
f 253/253 130/130 127/127
f 179/179 439/439 497/497
f 1678/1678 1685/1685 1684/1684
f 1884/1884 1036/1036 2922/2922
f 2922/2922 1082/1082 1081/1081
f 1262/1262 1081/1081 571/571
f 1261/1261 2922/2922 1262/1262
f 2923/2923 2925/2925 2926/2926
f 2925/2925 637/637 775/775
f 602/602 22/22 21/21
f 1976/1976 1185/1185 1184/1184
f 937/937 584/584 2167/2167
f 1026/1026 2167/2167 584/584
f 870/870 2166/2166 2927/2927
f 2927/2927 2089/2089 2928/2928
f 1003/1003 593/593 592/592
f 2628/2628 1912/1912 1915/1915
f 2092/2092 1242/1242 2929/2929
f 2929/2929 1241/1241 1282/1282
f 2913/2913 1078/1078 1288/1288
f 626/626 1732/1732 1168/1168
f 178/178 451/451 501/501
f 1018/1018 1291/1291 881/881
f 1098/1098 2931/2931 1099/1099
f 2900/2900 2903/2903 2932/2932
f 2932/2932 2556/2556 2543/2543
f 1025/1025 2932/2932 2543/2543
f 587/587 2900/2900 2932/2932
f 2601/2601 781/781 782/782
f 2006/2006 2018/2018 2005/2005
f 2005/2005 2020/2020 2008/2008
f 404/404 1506/1506 1916/1916
f 2930/2930 2605/2605 2933/2933
f 2933/2933 2626/2626 2592/2592
f 2934/2934 2592/2592 704/704
f 2923/2923 2933/2933 2934/2934
f 1828/1828 1068/1068 757/757
f 2935/2935 1099/1099 2931/2931
f 2936/2936 2931/2931 2926/2926
f 1285/1285 2936/2936 1286/1286
f 1743/1743 2935/2935 1285/1285
f 1287/1287 1722/1722 595/595
f 2937/2937 2926/2926 2925/2925
f 2937/2937 775/775 1069/1069
f 1722/1722 1069/1069 1102/1102
f 1286/1286 2937/2937 1722/1722
f 2930/2930 2926/2926 2931/2931
f 732/732 2895/2895 1034/1034
f 2902/2902 2559/2559 2903/2903
f 2938/2938 637/637 2924/2924
f 2934/2934 2924/2924 2923/2923
f 704/704 2938/2938 2934/2934
f 707/707 638/638 2938/2938
f 2603/2603 1243/1243 2939/2939
f 2593/2593 1243/1243 705/705
f 2627/2627 2939/2939 2593/2593
f 1284/1284 2941/2941 1282/1282
f 2940/2940 2943/2943 2941/2941
f 2941/2941 2944/2944 2945/2945
f 1282/1282 2945/2945 2929/2929
f 1959/1959 715/715 1970/1970
f 897/897 954/954 957/957
f 726/726 836/836 727/727
f 2604/2604 2606/2606 2946/2946
f 2946/2946 1101/1101 2905/2905
f 1077/1077 2905/2905 1289/1289
f 1076/1076 2946/2946 1077/1077
f 1100/1100 2905/2905 1101/1101
f 2947/2947 1134/1134 1133/1133
f 2906/2906 1133/1133 1290/1290
f 1100/1100 2947/2947 2906/2906
f 1745/1745 1793/1793 2947/2947
f 1031/1031 2904/2904 2901/2901
f 2896/2896 648/648 2915/2915
f 2547/2547 2585/2585 2565/2565
f 1072/1072 672/672 671/671
f 2948/2948 2200/2200 2876/2876
f 2950/2950 2876/2876 2877/2877
f 2951/2951 2948/2948 2950/2950
f 2952/2952 2949/2949 2948/2948
f 2954/2954 2940/2940 1284/1284
f 2202/2202 2955/2955 2954/2954
f 2956/2956 2957/2957 2955/2955
f 2955/2955 2942/2942 2940/2940
f 2958/2958 2957/2957 2953/2953
f 2960/2960 2959/2959 2958/2958
f 2961/2961 2963/2963 2959/2959
f 2957/2957 2963/2963 2942/2942
f 2952/2952 2965/2965 2964/2964
f 2964/2964 2967/2967 2966/2966
f 2966/2966 2958/2958 2964/2964
f 2953/2953 2964/2964 2958/2958
f 2968/2968 2953/2953 2956/2956
f 2956/2956 2201/2201 2968/2968
f 2200/2200 2968/2968 2201/2201
f 2159/2159 2913/2913 2160/2160
f 2155/2155 2589/2589 1889/1889
f 2970/2970 2152/2152 2969/2969
f 914/914 1912/1912 1813/1813
f 1960/1960 3623/3623 555/555
f 2972/2972 2974/2974 2975/2975
f 2973/2973 2977/2977 2974/2974
f 2974/2974 2156/2156 1914/1914
f 2975/2975 1914/1914 1913/1913
f 2977/2977 2157/2157 2156/2156
f 2976/2976 2978/2978 2977/2977
f 2979/2979 2199/2199 2978/2978
f 2978/2978 2158/2158 2157/2157
f 2980/2980 2945/2945 2944/2944
f 2945/2945 2982/2982 2929/2929
f 2391/2391 2397/2397 2410/2410
f 3420/3420 2033/2033 3395/3395
f 3397/3397 3635/3635 3653/3653
f 423/423 345/345 371/371
f 2059/2059 1385/1385 2067/2067
f 3383/3383 2842/2842 3398/3398
f 3635/3635 2075/2075 2078/2078
f 2983/2983 2110/2110 2109/2109
f 2889/2889 2848/2848 2880/2880
f 2881/2881 2693/2693 2882/2882
f 2534/2534 2984/2984 2874/2874
f 2429/2429 2313/2313 2322/2322
f 2884/2884 2966/2966 2885/2885
f 2962/2962 2986/2986 2963/2963
f 2518/2518 2987/2987 2986/2986
f 2987/2987 2943/2943 2986/2986
f 2986/2986 2942/2942 2963/2963
f 2985/2985 2987/2987 2517/2517
f 2988/2988 2944/2944 2987/2987
f 2885/2885 2967/2967 2888/2888
f 469/469 483/483 484/484
f 690/690 3740/3740 693/693
f 3431/3431 2164/2164 3390/3390
f 1960/1960 3620/3620 3621/3621
f 3404/3404 1963/1963 3400/3400
f 3432/3432 2165/2165 2891/2891
f 1146/1146 1130/1130 1151/1151
f 2511/2511 2490/2490 2512/2512
f 2928/2928 2092/2092 2989/2989
f 2989/2989 2929/2929 2982/2982
f 2883/2883 2960/2960 2884/2884
f 2965/2965 2888/2888 2967/2967
f 1642/1642 481/481 755/755
f 3717/3717 1411/1411 3727/3727
f 1937/1937 3600/3600 3634/3634
f 2991/2991 2473/2473 2500/2500
f 2993/2993 2500/2500 2501/2501
f 1934/1934 3634/3634 3631/3631
f 2994/2994 2258/2258 2472/2472
f 2992/2992 2472/2472 2473/2473
f 3600/3600 2994/2994 2992/2992
f 3598/3598 2262/2262 2994/2994
f 2682/2682 2996/2996 2684/2684
f 2682/2682 2032/2032 2995/2995
f 2997/2997 2998/2998 2999/2999
f 3001/3001 3002/3002 3000/3000
f 3001/3001 2996/2996 2997/2997
f 3004/3004 3002/3002 3003/3003
f 3005/3005 2666/2666 2665/2665
f 2673/2673 2670/2670 3005/3005
f 3005/3005 2674/2674 2673/2673
f 2664/2664 3005/3005 3006/3006
f 3006/3006 2665/2665 3007/3007
f 3008/3008 3010/3010 2999/2999
f 3011/3011 2999/2999 2998/2998
f 3009/3009 3007/3007 3010/3010
f 3012/3012 2668/2668 3013/3013
f 3013/3013 3014/3014 3012/3012
f 2686/2686 2847/2847 3013/3013
f 2667/2667 3013/3013 2668/2668
f 3014/3014 3003/3003 3012/3012
f 3012/3012 3007/3007 2665/2665
f 2789/2789 3458/3458 3500/3500
f 3014/3014 3016/3016 3004/3004
f 3524/3524 2789/2789 3500/3500
f 2847/2847 3015/3015 3014/3014
f 3010/3010 3003/3003 3002/3002
f 2999/2999 3002/3002 2997/2997
f 2032/2032 3017/3017 2995/2995
f 2995/2995 2998/2998 2996/2996
f 2337/2337 2128/2128 2260/2260
f 3011/3011 3017/3017 3018/3018
f 2069/2069 3018/3018 3017/3017
f 3020/3020 2664/2664 3019/3019
f 3019/3019 3006/3006 3009/3009
f 3022/3022 3019/3019 3021/3021
f 3021/3021 3009/3009 3008/3008
f 3023/3023 3008/3008 3011/3011
f 3024/3024 3021/3021 3023/3023
f 3025/3025 2659/2659 3020/3020
f 3027/3027 2644/2644 3026/3026
f 3029/3029 3026/3026 3028/3028
f 3031/3031 3028/3028 3030/3030
f 3030/3030 3032/3032 3033/3033
f 3028/3028 3025/3025 3032/3032
f 3034/3034 3023/3023 3035/3035
f 3034/3034 1714/1714 1713/1713
f 3036/3036 3038/3038 3039/3039
f 3037/3037 3033/3033 3038/3038
f 3040/3040 3030/3030 3037/3037
f 3041/3041 3037/3037 3036/3036
f 1967/1967 3040/3040 3041/3041
f 3720/3720 1312/1312 1318/1318
f 1042/1042 1024/1024 1043/1043
f 1773/1773 3697/3697 1610/1610
f 1968/1968 3041/3041 3042/3042
f 3023/3023 3018/3018 3035/3035
f 3035/3035 2150/2150 1714/1714
f 1715/1715 3648/3648 3633/3633
f 3043/3043 2457/2457 2455/2455
f 3045/3045 2455/2455 2456/2456
f 1712/1712 3633/3633 3641/3641
f 3046/3046 3039/3039 3047/3047
f 2266/2266 2253/2253 2252/2252
f 2372/2372 2256/2256 2288/2288
f 1965/1965 3577/3577 3578/3578
f 2461/2461 3049/3049 2462/2462
f 2259/2259 3048/3048 2461/2461
f 2128/2128 3578/3578 3637/3637
f 3050/3050 2469/2469 2466/2466
f 3046/3046 3610/3610 3611/3611
f 3651/3651 3046/3046 3611/3611
f 3052/3052 2466/2466 2465/2465
f 2462/2462 3052/3052 2465/2465
f 3577/3577 3042/3042 3651/3651
f 2485/2485 3044/3044 3053/3053
f 3648/3648 3053/3053 3044/3044
f 2487/2487 3053/3053 3054/3054
f 3626/3626 3054/3054 3053/3053
f 938/938 2893/2893 2898/2898
f 1886/1886 2897/2897 3055/3055
f 2335/2335 2354/2354 2352/2352
f 2287/2287 2282/2282 2368/2368
f 2261/2261 2258/2258 2262/2262
f 2640/2640 2794/2794 2652/2652
f 2631/2631 2793/2793 2632/2632
f 2814/2814 1327/1327 1895/1895
f 336/336 168/168 337/337
f 1833/1833 1839/1839 1838/1838
f 2722/2722 3473/3473 3458/3458
f 3016/3016 3000/3000 3004/3004
f 2891/2891 3515/3515 3469/3469
f 3001/3001 2683/2683 2684/2684
f 3000/3000 3057/3057 3001/3001
f 2723/2723 3469/3469 3473/3473
f 3737/3737 676/676 612/612
f 2067/2067 1384/1384 2070/2070
f 1331/1331 1334/1334 1333/1333
f 1542/1542 1741/1741 1742/1742
f 3438/3438 2073/2073 3392/3392
f 3424/3424 1953/1953 3393/3393
f 3058/3058 2478/2478 3059/3059
f 3617/3617 3059/3059 3616/3616
f 3608/3608 3058/3058 3617/3617
f 3061/3061 2510/2510 3058/3058
f 3108/3108 3109/3109 3107/3107
f 3470/3470 2134/2134 3489/3489
f 3054/3054 2483/2483 2487/2487
f 3643/3643 3062/3062 3054/3054
f 3512/3512 2477/2477 3459/3459
f 3062/3062 2482/2482 2483/2483
f 3644/3644 3063/3063 3062/3062
f 3655/3655 3064/3064 3512/3512
f 3065/3065 2478/2478 2476/2476
f 3064/3064 2476/2476 2477/2477
f 3647/3647 3065/3065 3064/3064
f 3642/3642 3059/3059 3065/3065
f 3060/3060 2149/2149 2148/2148
f 2126/2126 2260/2260 2127/2127
f 2076/2076 2848/2848 2077/2077
f 3550/3550 2147/2147 2146/2146
f 3585/3585 2140/2140 3587/3587
f 2519/2519 2693/2693 2871/2871
f 1827/1827 779/779 1826/1826
f 3579/3579 2121/2121 3572/3572
f 3572/3572 3602/3602 3657/3657
f 326/326 3640/3640 3588/3588
f 329/329 3066/3066 326/326
f 3656/3656 3061/3061 3608/3608
f 3549/3549 2509/2509 3061/3061
f 2883/2883 2962/2962 2961/2961
f 3588/3588 327/327 326/326
f 329/329 2491/2491 2511/2511
f 3068/3068 2111/2111 2110/2110
f 2534/2534 2110/2110 2535/2535
f 2874/2874 3068/3068 2534/2534
f 3069/3069 2873/2873 2196/2196
f 3573/3573 2112/2112 3575/3575
f 2492/2492 3071/3071 2493/2493
f 327/327 2492/2492 328/328
f 3596/3596 2109/2109 3573/3573
f 3630/3630 1934/1934 3631/3631
f 2504/2504 2993/2993 2501/2501
f 2493/2493 3072/3072 2504/2504
f 3575/3575 2133/2133 3630/3630
f 2979/2979 3074/3074 3073/3073
f 3073/3073 1935/1935 2132/2132
f 3069/3069 2132/2132 2111/2111
f 2196/2196 3073/3073 3069/3069
f 718/718 1875/1875 786/786
f 2973/2973 2630/2630 3075/3075
f 3075/3075 2125/2125 1936/1936
f 3074/3074 1936/1936 1935/1935
f 2976/2976 3075/3075 3074/3074
f 3113/3113 3115/3115 3114/3114
f 2066/2066 1412/1412 1411/1411
f 3684/3684 1644/1644 3679/3679
f 131/131 434/434 65/65
f 1531/1531 554/554 523/523
f 2877/2877 3077/3077 2950/2950
f 2875/2875 3076/3076 2877/2877
f 1865/1865 331/331 1924/1924
f 3042/3042 3036/3036 3046/3046
f 1509/1509 311/311 1508/1508
f 2887/2887 2990/2990 3079/3079
f 3079/3079 3081/3081 3080/3080
f 3590/3590 1964/1964 3586/3586
f 3586/3586 1980/1980 3625/3625
f 3080/3080 3077/3077 3082/3082
f 3082/3082 3076/3076 3083/3083
f 3645/3645 3083/3083 3622/3622
f 3590/3590 3082/3082 3645/3645
f 3083/3083 3078/3078 3084/3084
f 3084/3084 2984/2984 3085/3085
f 3618/3618 3085/3085 3615/3615
f 3622/3622 3084/3084 3618/3618
f 3081/3081 2950/2950 3077/3077
f 2518/2518 2882/2882 2519/2519
f 3085/3085 2533/2533 3086/3086
f 3086/3086 2142/2142 2141/2141
f 3649/3649 2141/2141 3585/3585
f 3615/3615 3086/3086 3649/3649
f 2133/2133 1935/1935 1934/1934
f 2139/2139 2689/2689 3060/3060
f 2063/2063 1380/1380 1412/1412
f 1428/1428 1430/1430 1429/1429
f 2142/2142 2983/2983 2143/2143
f 2393/2393 2512/2512 2490/2490
f 471/471 1588/1588 1600/1600
f 325/325 227/227 228/228
f 2990/2990 2951/2951 3081/3081
f 2954/2954 2913/2913 2202/2202
f 2162/2162 1886/1886 2163/2163
f 2321/2321 2424/2424 2430/2430
f 2163/2163 3055/3055 3087/3087
f 3087/3087 2893/2893 2892/2892
f 2874/2874 3078/3078 2875/2875
f 1508/1508 1903/1903 1906/1906
f 2035/2035 2131/2131 2130/2130
f 3599/3599 2121/2121 2120/2120
f 1871/1871 1880/1880 1879/1879
f 935/935 940/940 934/934
f 3055/3055 2898/2898 2893/2893
f 2161/2161 2157/2157 2158/2158
f 656/656 3654/3654 3411/3411
f 1124/1124 1120/1120 1122/1122
f 2187/2187 1375/1375 2184/2184
f 1576/1576 1596/1596 1577/1577
f 1376/1376 2185/2185 2186/2186
f 3143/3143 3144/3144 3142/3142
f 3089/3089 1349/1349 1348/1348
f 2177/2177 3088/3088 1348/1348
f 3088/3088 2169/2169 3090/3090
f 1376/1376 3091/3091 1373/1373
f 3091/3091 2182/2182 1373/1373
f 1594/1594 2720/2720 2188/2188
f 1582/1582 2680/2680 2832/2832
f 1583/1583 2184/2184 1595/1595
f 2175/2175 3093/3093 3094/3094
f 2176/2176 3094/3094 3095/3095
f 2189/2189 2172/2172 2168/2168
f 2832/2832 1589/1589 1582/1582
f 127/127 1525/1525 1524/1524
f 1528/1528 502/502 1526/1526
f 1062/1062 2575/2575 2607/2607
f 3096/3096 848/848 2970/2970
f 849/849 2971/2971 914/914
f 1241/1241 1075/1075 1283/1283
f 1242/1242 706/706 705/705
f 917/917 2568/2568 916/916
f 2090/2090 706/706 2091/2091
f 2154/2154 901/901 2589/2589
f 1908/1908 497/497 439/439
f 1284/1284 2203/2203 2954/2954
f 1457/1457 1456/1456 1455/1455
f 2603/2603 2627/2627 2604/2604
f 2807/2807 2853/2853 2852/2852
f 1646/1646 1618/1618 1653/1653
f 137/137 1459/1459 77/77
f 1288/1288 1290/1290 2616/2616
f 33/33 408/408 67/67
f 1888/1888 3097/3097 2894/2894
f 100/100 293/293 99/99
f 2045/2045 2027/2027 2028/2028
f 531/531 350/350 199/199
f 1887/1887 3098/3098 3097/3097
f 226/226 204/204 229/229
f 3712/3712 1781/1781 1783/1783
f 1927/1927 1831/1831 1925/1925
f 215/215 2162/2162 212/212
f 3521/3521 3471/3471 3478/3478
f 458/458 753/753 2108/2108
f 1888/1888 1687/1687 1885/1885
f 3142/3142 3132/3132 3139/3139
f 3123/3123 3146/3146 3156/3156
f 3157/3157 3123/3123 3156/3156
f 3159/3159 3110/3110 3108/3108
f 3115/3115 3161/3161 3151/3151
f 3122/3122 3157/3157 3162/3162
f 3163/3163 3122/3122 3104/3104
f 3130/3130 3158/3158 3164/3164
f 3136/3136 3138/3138 3137/3137
f 3124/3124 3145/3145 3146/3146
f 3108/3108 3160/3160 3159/3159
f 3146/3146 3150/3150 3151/3151
f 3156/3156 3151/3151 3161/3161
f 3149/3149 3124/3124 3125/3125
f 3119/3119 3129/3129 3157/3157
f 3153/3153 3126/3126 3152/3152
f 3154/3154 3164/3164 3155/3155
f 3166/3166 3171/3171 3165/3165
f 3167/3167 3172/3172 3171/3171
f 3132/3132 3165/3165 3171/3171
f 3177/3177 3104/3104 3101/3101
f 3139/3139 3171/3171 3138/3138
f 3138/3138 3172/3172 3140/3140
f 3178/3178 3155/3155 3164/3164
f 3179/3179 3169/3169 3174/3174
f 3180/3180 3175/3175 3176/3176
f 3173/3173 3163/3163 3177/3177
f 3145/3145 3160/3160 3150/3150
f 3159/3159 3143/3143 3136/3136
f 3106/3106 3118/3118 3105/3105
f 3103/3103 3161/3161 3116/3116
f 3162/3162 3104/3104 3122/3122
f 3167/3167 3134/3134 3135/3135
f 3156/3156 3162/3162 3157/3157
f 3121/3121 3170/3170 3168/3168
f 3164/3164 3179/3179 3178/3178
f 3168/3168 3120/3120 3121/3121
f 3128/3128 3149/3149 3127/3127
f 3127/3127 3125/3125 3153/3153
f 3152/3152 3130/3130 3154/3154
f 3147/3147 3136/3136 3137/3137
f 3158/3158 3120/3120 3179/3179
f 3118/3118 3151/3151 3150/3150
f 3178/3178 3174/3174 3175/3175
f 3114/3114 3118/3118 3117/3117
f 548/548 3099/3099 547/547
f 3101/3101 3103/3103 3102/3102
f 438/438 787/787 437/437
f 631/631 114/114 262/262
f 1792/1792 1739/1739 1791/1791
f 500/500 498/498 497/497
f 11/11 3109/3109 3112/3112
f 12/12 3107/3107 3109/3109
f 3107/3107 3099/3099 3106/3106
f 3106/3106 1853/1853 3117/3117
f 3117/3117 365/365 3114/3114
f 377/377 118/118 119/119
f 3101/3101 1719/1719 3177/3177
f 3443/3443 737/737 738/738
f 743/743 2115/2115 2118/2118
f 3449/3449 3446/3446 3447/3447
f 3447/3447 3445/3445 3444/3444
f 3460/3460 3462/3462 3461/3461
f 3273/3273 3468/3468 3274/3274
f 3492/3492 3491/3491 3493/3493
f 3497/3497 3465/3465 3467/3467
f 3502/3502 3461/3461 3462/3462
f 3513/3513 3454/3454 3511/3511
f 3516/3516 3450/3450 3513/3513
f 3519/3519 3446/3446 3517/3517
f 3519/3519 3520/3520 3445/3445
f 1760/1760 3522/3522 3521/3521
f 3517/3517 3448/3448 3516/3516
f 3510/3510 3461/3461 3503/3503
f 1726/1726 3525/3525 3526/3526
f 1558/1558 3527/3527 1561/1561
f 1667/1667 3531/3531 3530/3530
f 3537/3537 3533/3533 3532/3532
f 3532/3532 3539/3539 3538/3538
f 1549/1549 3530/3530 1548/1548
f 2024/2024 3532/3532 2026/2026
f 2026/2026 3538/3538 2028/2028
f 3540/3540 3501/3501 3497/3497
f 3543/3543 3502/3502 3501/3501
f 3548/3548 3511/3511 3547/3547
f 3558/3558 3516/3516 3552/3552
f 3547/3547 3510/3510 3546/3546
f 766/766 3558/3558 765/765
f 3560/3560 3517/3517 3558/3558
f 765/765 3552/3552 487/487
f 487/487 3548/3548 634/634
f 634/634 3547/3547 552/552
f 3562/3562 3547/3547 3546/3546
f 3278/3278 3471/3471 3275/3275
f 3568/3568 3544/3544 3543/3543
f 3565/3565 3545/3545 3544/3544
f 3511/3511 3504/3504 3510/3510
f 1758/1758 3525/3525 1727/1727
f 3574/3574 3331/3331 3333/3333
f 3335/3335 3574/3574 3333/3333
f 3580/3580 552/552 3562/3562
f 3481/3481 3468/3468 3466/3466
f 3576/3576 3562/3562 3564/3564
f 3501/3501 3462/3462 3465/3465
f 3495/3495 3493/3493 3496/3496
f 3463/3463 3465/3465 3462/3462
f 3496/3496 3581/3581 3495/3495
f 3493/3493 3463/3463 3460/3460
f 3583/3583 3589/3589 3584/3584
f 3581/3581 3526/3526 3495/3495
f 3582/3582 3591/3591 3581/3581
f 3534/3534 3527/3527 3591/3591
f 3534/3534 3583/3583 3533/3533
f 3533/3533 3584/3584 3539/3539
f 3593/3593 3539/3539 3584/3584
f 3594/3594 3538/3538 3539/3539
f 3592/3592 3584/3584 3589/3589
f 1537/1537 2028/2028 3538/3538
f 3593/3593 3597/3597 3595/3595
f 3113/3113 1353/1353 3102/3102
f 3102/3102 1750/1750 3101/3101
f 309/309 251/251 381/381
f 1951/1951 3519/3519 3560/3560
f 3467/3467 3466/3466 3468/3468
f 3455/3455 3450/3450 3451/3451
f 3443/3443 736/736 2113/2113
f 3451/3451 3448/3448 3449/3449
f 3544/3544 3503/3503 3502/3502
f 3114/3114 366/366 3113/3113
f 1760/1760 3523/3523 1758/1758
f 3595/3595 3594/3594 3593/3593
f 1536/1536 3604/3604 1065/1065
f 3601/3601 1537/1537 3594/3594
f 1735/1735 1755/1755 1734/1734
f 1268/1268 1265/1265 1259/1259
f 1269/1269 1209/1209 1265/1265
f 858/858 1296/1296 1303/1303
f 487/487 364/364 488/488
f 114/114 403/403 113/113
f 3565/3565 3570/3570 3574/3574
f 3472/3472 3274/3274 3468/3468
f 3574/3574 3564/3564 3565/3565
f 3337/3337 3576/3576 3335/3335
f 3570/3570 3316/3316 3331/3331
f 429/429 389/389 428/428
f 1473/1473 1487/1487 1472/1472
f 1627/1627 1697/1697 1630/1630
f 819/819 1328/1328 818/818
f 1328/1328 806/806 992/992
f 3710/3710 1850/1850 3682/3682
f 1997/1997 2062/2062 2061/2061
f 3755/3755 2064/2064 2063/2063
f 680/680 3683/3683 3698/3698
f 1785/1785 623/623 624/624
f 3606/3606 3595/3595 3597/3597
f 936/936 866/866 940/940
f 1931/1931 1875/1875 787/787
f 29/29 101/101 156/156
f 1309/1309 3723/3723 3724/3724
f 3774/3774 2072/2072 3769/3769
f 1725/1725 1543/1543 1555/1555
f 10/10 2106/2106 722/722
f 579/579 95/95 578/578
f 3137/3137 3148/3148 3147/3147
f 1312/1312 1021/1021 1318/1318
f 3105/3105 3150/3150 3160/3160
f 3102/3102 3116/3116 3113/3113
f 3478/3478 3472/3472 3481/3481
f 3490/3490 3481/3481 3491/3491
f 3497/3497 3316/3316 3540/3540
f 3545/3545 3510/3510 3503/3503
f 3552/3552 3513/3513 3548/3548
f 3568/3568 3540/3540 3570/3570
f 3491/3491 3466/3466 3463/3463
f 3467/3467 3288/3288 3497/3497
f 3605/3605 3601/3601 3595/3595
f 3496/3496 3460/3460 3607/3607
f 3607/3607 3582/3582 3496/3496
f 1259/1259 1263/1263 1260/1260
f 3564/3564 3546/3546 3545/3545
f 1737/1737 1739/1739 1738/1738
f 1751/1751 1545/1545 1748/1748
f 679/679 559/559 678/678
f 3504/3504 3460/3460 3461/3461
f 3607/3607 3454/3454 3455/3455
f 3181/3181 3183/3183 3184/3184
f 3185/3185 3187/3187 3188/3188
f 3188/3188 3189/3189 3190/3190
f 3193/3193 3195/3195 3196/3196
f 3194/3194 3198/3198 3195/3195
f 3192/3192 3190/3190 3189/3189
f 3199/3199 3201/3201 3202/3202
f 3203/3203 3205/3205 3206/3206
f 3209/3209 3206/3206 3210/3210
f 3211/3211 3213/3213 3208/3208
f 3216/3216 3218/3218 3219/3219
f 3216/3216 3222/3222 3223/3223
f 3223/3223 3224/3224 3225/3225
f 3204/3204 3225/3225 3224/3224
f 3220/3220 3217/3217 3221/3221
f 3227/3227 3191/3191 3228/3228
f 3229/3229 3222/3222 3211/3211
f 3198/3198 3231/3231 3195/3195
f 3222/3222 3212/3212 3211/3211
f 3203/3203 3226/3226 3204/3204
f 3237/3237 3203/3203 3209/3209
f 3199/3199 3209/3209 3238/3238
f 3239/3239 3190/3190 3227/3227
f 3188/3188 3240/3240 3185/3185
f 3195/3195 3241/3241 3196/3196
f 3242/3242 3184/3184 3183/3183
f 3202/3202 3237/3237 3199/3199
f 3243/3243 3202/3202 3201/3201
f 3210/3210 3238/3238 3209/3209
f 3229/3229 3204/3204 3224/3224
f 3185/3185 3230/3230 3198/3198
f 3186/3186 3198/3198 3197/3197
f 3236/3236 3231/3231 3226/3226
f 3226/3226 3230/3230 3225/3225
f 3225/3225 3240/3240 3223/3223
f 3239/3239 3223/3223 3240/3240
f 3228/3228 3217/3217 3227/3227
f 3236/3236 3242/3242 3241/3241
f 3183/3183 3241/3241 3242/3242
f 3182/3182 3196/3196 3183/3183
f 3214/3214 3247/3247 3215/3215
f 3227/3227 3216/3216 3239/3239
f 3208/3208 3229/3229 3211/3211
f 3233/3233 3206/3206 3205/3205
f 3232/3232 3210/3210 3206/3206
f 3234/3234 3244/3244 3210/3210
f 3207/3207 3205/3205 3229/3229
f 3246/3246 3248/3248 3247/3247
f 3247/3247 3249/3249 3215/3215
f 3212/3212 3245/3245 3213/3213
f 3219/3219 3248/3248 3212/3212
f 3218/3218 3249/3249 3248/3248
f 3250/3250 3184/3184 3243/3243
f 3168/3168 3200/3200 3169/3169
f 3244/3244 3252/3252 3238/3238
f 3251/3251 3235/3235 3253/3253
f 3238/3238 3200/3200 3199/3199
f 3201/3201 3170/3170 3243/3243
f 3173/3173 3243/3243 3170/3170
f 3251/3251 3174/3174 3252/3252
f 3253/3253 3175/3175 3251/3251
f 3252/3252 3169/3169 3200/3200
f 214/214 3189/3189 215/215
f 215/215 3187/3187 3098/3098
f 3187/3187 3097/3097 3098/3098
f 3186/3186 2894/2894 3097/3097
f 3197/3197 1188/1188 2894/2894
f 3194/3194 1189/1189 1188/1188
f 2459/2459 3193/3193 3182/3182
f 2814/2814 3182/3182 3181/3181
f 2791/2791 3181/3181 3250/3250
f 3149/3149 3142/3142 3144/3144
f 1948/1948 1844/1844 1847/1847
f 1212/1212 727/727 835/835
f 1496/1496 112/112 113/113
f 1492/1492 193/193 206/206
f 1096/1096 1009/1009 964/964
f 926/926 804/804 927/927
f 155/155 5/5 154/154
f 3455/3455 3589/3589 3607/3607
f 1130/1130 1137/1137 1139/1139
f 417/417 319/319 414/414
f 541/541 776/776 488/488
f 3254/3254 2170/2170 2176/2176
f 3254/3254 2169/2169 2171/2171
f 2176/2176 3092/3092 3254/3254
f 3256/3256 3258/3258 3255/3255
f 3257/3257 3260/3260 3258/3258
f 3259/3259 3262/3262 3260/3260
f 3261/3261 3264/3264 3262/3262
f 3265/3265 3267/3267 3268/3268
f 3268/3268 3269/3269 3270/3270
f 3271/3271 3270/3270 3269/3269
f 3273/3273 3272/3272 3271/3271
f 3276/3276 3278/3278 3275/3275
f 3279/3279 3277/3277 3276/3276
f 3281/3281 3280/3280 3279/3279
f 3283/3283 3282/3282 3281/3281
f 3285/3285 3284/3284 3283/3283
f 3288/3288 3271/3271 3287/3287
f 3287/3287 3269/3269 3289/3289
f 3289/3289 3267/3267 3290/3290
f 3290/3290 3266/3266 3291/3291
f 3266/3266 3293/3293 3291/3291
f 3292/3292 3294/3294 3293/3293
f 3263/3263 3295/3295 3294/3294
f 3261/3261 3296/3296 3295/3295
f 3259/3259 3297/3297 3296/3296
f 3257/3257 3298/3298 3297/3297
f 3298/3298 3299/3299 3096/3096
f 2824/2824 3301/3301 2867/2867
f 3302/3302 2824/2824 2822/2822
f 3303/3303 2822/2822 2796/2796
f 2795/2795 3303/3303 2796/2796
f 3305/3305 2655/2655 2658/2658
f 2745/2745 3308/3308 2744/2744
f 3310/3310 3312/3312 3309/3309
f 3314/3314 3309/3309 3313/3313
f 2646/2646 3307/3307 2745/2745
f 3309/3309 3027/3027 3029/3029
f 3313/3313 3029/3029 3031/3031
f 3316/3316 3287/3287 3315/3315
f 3315/3315 3289/3289 3317/3317
f 3317/3317 3290/3290 3318/3318
f 3318/3318 3291/3291 3319/3319
f 3319/3319 3293/3293 3320/3320
f 3293/3293 3321/3321 3320/3320
f 3294/3294 3322/3322 3321/3321
f 3295/3295 3323/3323 3322/3322
f 3296/3296 3324/3324 3323/3323
f 3297/3297 3325/3325 3324/3324
f 3298/3298 2970/2970 3325/3325
f 3324/3324 2192/2192 2191/2191
f 3323/3323 2191/2191 1686/1686
f 3322/3322 1686/1686 2094/2094
f 3321/3321 2094/2094 1894/1894
f 3326/3326 3321/3321 1894/1894
f 3327/3327 3320/3320 3326/3326
f 3328/3328 3319/3319 3327/3327
f 3329/3329 3318/3318 3328/3328
f 3315/3315 3329/3329 3330/3330
f 3316/3316 3330/3330 3331/3331
f 3332/3332 3331/3331 3330/3330
f 3330/3330 3328/3328 3332/3332
f 3332/3332 3327/3327 3334/3334
f 3335/3335 3332/3332 3334/3334
f 3334/3334 3326/3326 3336/3336
f 3337/3337 3334/3334 3336/3336
f 3336/3336 1894/1894 1326/1326
f 3277/3277 3274/3274 3278/3278
f 3280/3280 3272/3272 3277/3277
f 3282/3282 3270/3270 3280/3280
f 3284/3284 3268/3268 3282/3282
f 3338/3338 3286/3286 3285/3285
f 3340/3340 3342/3342 3339/3339
f 3338/3338 3304/3304 3306/3306
f 3343/3343 3339/3339 3338/3338
f 3311/3311 3305/3305 3308/3308
f 3340/3340 3311/3311 3310/3310
f 3341/3341 3310/3310 3314/3314
f 3344/3344 3341/3341 3345/3345
f 3345/3345 3314/3314 3346/3346
f 3346/3346 3313/3313 2634/2634
f 2634/2634 3031/3031 3040/3040
f 3348/3348 3345/3345 3347/3347
f 3347/3347 3346/3346 3349/3349
f 3349/3349 2634/2634 2633/2633
f 3350/3350 2633/2633 2336/2336
f 3351/3351 3349/3349 3350/3350
f 3352/3352 3347/3347 3351/3351
f 3265/3265 3286/3286 3353/3353
f 3339/3339 3353/3353 3286/3286
f 3292/3292 3265/3265 3353/3353
f 3263/3263 3353/3353 3264/3264
f 3342/3342 3264/3264 3353/3353
f 3262/3262 3344/3344 3348/3348
f 3260/3260 3348/3348 3352/3352
f 3258/3258 3352/3352 3354/3354
f 3355/3355 2336/2336 2338/2338
f 3356/3356 3350/3350 3355/3355
f 3354/3354 3351/3351 3356/3356
f 3357/3357 2338/2338 2629/2629
f 2972/2972 2629/2629 2630/2630
f 2975/2975 3357/3357 2972/2972
f 3358/3358 3355/3355 3357/3357
f 3255/3255 3354/3354 3359/3359
f 3359/3359 3356/3356 3358/3358
f 3299/3299 3255/3255 3360/3360
f 3360/3360 3359/3359 1913/1913
f 3359/3359 2975/2975 1913/1913
f 1912/1912 3360/3360 1913/1913
f 2971/2971 3299/3299 3360/3360
f 3301/3301 3275/3275 3361/3361
f 3300/3300 3276/3276 3301/3301
f 3302/3302 3279/3279 3300/3300
f 3303/3303 3281/3281 3302/3302
f 3304/3304 3283/3283 3303/3303
f 3343/3343 3306/3306 3305/3305
f 3307/3307 3311/3311 3308/3308
f 2645/2645 3312/3312 3307/3307
f 2795/2795 3306/3306 3304/3304
f 2658/2658 3308/3308 3305/3305
f 2867/2867 3361/3361 3374/3374
f 3337/3337 1326/1326 3370/3370
f 1854/1854 1877/1877 1855/1855
f 1695/1695 1677/1677 1709/1709
f 1906/1906 1896/1896 1907/1907
f 1630/1630 1694/1694 1710/1710
f 1655/1655 1657/1657 1651/1651
f 1759/1759 1821/1821 1760/1760
f 2007/2007 2000/2000 2004/2004
f 1696/1696 1676/1676 1695/1695
f 1710/1710 1656/1656 1654/1654
f 923/923 3766/3766 668/668
f 3522/3522 3275/3275 3471/3471
f 1538/1538 1723/1723 1662/1662
f 3784/3784 1560/1560 3790/3790
f 1898/1898 78/78 1897/1897
f 64/64 7/7 240/240
f 139/139 1504/1504 140/140
f 1086/1086 1110/1110 1079/1079
f 1464/1464 1860/1860 1861/1861
f 1460/1460 1862/1862 1459/1459
f 442/442 719/719 207/207
f 1783/1783 3702/3702 3712/3712
f 1784/1784 2012/2012 1783/1783
f 1427/1427 999/999 1169/1169
f 821/821 989/989 991/991
f 1529/1529 1906/1906 1495/1495
f 1879/1879 1880/1880 1876/1876
f 1863/1863 1463/1463 1892/1892
f 1892/1892 412/412 432/432
f 301/301 1893/1893 300/300
f 1763/1763 1823/1823 1762/1762
f 261/261 1905/1905 52/52
f 2009/2009 2004/2004 2000/2000
f 3679/3679 1717/1717 3702/3702
f 272/272 540/540 1893/1893
f 1832/1832 1826/1826 1831/1831
f 1698/1698 1693/1693 1696/1696
f 1737/1737 1749/1749 1747/1747
f 302/302 1868/1868 271/271
f 1862/1862 1859/1859 1905/1905
f 1748/1748 1737/1737 1747/1747
f 958/958 960/960 959/959
f 1545/1545 1690/1690 1544/1544
f 415/415 303/303 304/304
f 140/140 107/107 108/108
f 1988/1988 3761/3761 1990/1990
f 269/269 1892/1892 539/539
f 1896/1896 1898/1898 1897/1897
f 1425/1425 1427/1427 1428/1428
f 2192/2192 2970/2970 2969/2969
f 2898/2898 3362/3362 938/938
f 2152/2152 3362/3362 2969/2969
f 2193/2193 2969/2969 3362/3362
f 2914/2914 938/938 3362/3362
f 2746/2746 2643/2643 2646/2646
f 3363/3363 2643/2643 2737/2737
f 2736/2736 3363/3363 2737/2737
f 2273/2273 2235/2235 2274/2274
f 2237/2237 2273/2273 2275/2275
f 2240/2240 2275/2275 2277/2277
f 2250/2250 2277/2277 2293/2293
f 2251/2251 2293/2293 2294/2294
f 2298/2298 2300/2300 2299/2299
f 2274/2274 2298/2298 2299/2299
f 2350/2350 2304/2304 2303/2303
f 2349/2349 2300/2300 2304/2304
f 2294/2294 2467/2467 2468/2468
f 2468/2468 2466/2466 2469/2469
f 2644/2644 2661/2661 2660/2660
f 3026/3026 2660/2660 3025/3025
f 3022/3022 3033/3033 3032/3032
f 3020/3020 3032/3032 3025/3025
f 3034/3034 3039/3039 3038/3038
f 3024/3024 3038/3038 3033/3033
f 3039/3039 1712/1712 3047/3047
f 3051/3051 2456/2456 2469/2469
f 3610/3610 3045/3045 3051/3051
f 3363/3363 2662/2662 2661/2661
f 3364/3364 2709/2709 3363/3363
f 220/220 87/87 84/84
f 237/237 235/235 234/234
f 240/240 239/239 183/183
f 2/2 288/288 287/287
f 137/137 292/292 259/259
f 319/319 202/202 320/320
f 321/321 323/323 322/322
f 242/242 220/220 228/228
f 231/231 232/232 222/222
f 363/363 365/365 364/364
f 170/170 168/168 167/167
f 1193/1193 1203/1203 1292/1292
f 3729/3729 1270/1270 3721/3721
f 788/788 804/804 803/803
f 3725/3725 993/993 994/994
f 3680/3680 1377/1377 1379/1379
f 2097/2097 2102/2102 2103/2103
f 3712/3712 1717/1717 1716/1716
f 298/298 1875/1875 442/442
f 2100/2100 1927/1927 1928/1928
f 692/692 1978/1978 1437/1437
f 1414/1414 1202/1202 1392/1392
f 1631/1631 1566/1566 1585/1585
f 1772/1772 1780/1780 1775/1775
f 1676/1676 1674/1674 1677/1677
f 168/168 392/392 337/337
f 1669/1669 3783/3783 3782/3782
f 1671/1671 1538/1538 1670/1670
f 1664/1664 1670/1670 1663/1663
f 951/951 959/959 950/950
f 802/802 1071/1071 1079/1079
f 2829/2829 2713/2713 2712/2712
f 2730/2730 2715/2715 2713/2713
f 2719/2719 2188/2188 2720/2720
f 3528/3528 2830/2830 2719/2719
f 2691/2691 2721/2721 2715/2715
f 3089/3089 3090/3090 3091/3091
f 3090/3090 3092/3092 3091/3091
f 3093/3093 1359/1359 2720/2720
f 3093/3093 1593/1593 3094/3094
f 3094/3094 2183/2183 3095/3095
f 3095/3095 2182/2182 3092/3092
f 3365/3365 2710/2710 3364/3364
f 2728/2728 3364/3364 2736/2736
f 2178/2178 3439/3439 2179/2179
f 2145/2145 3435/3435 1962/1962
f 2841/2841 3434/3434 2843/2843
f 3436/3436 2077/2077 2848/2848
f 1736/1736 1718/1718 1751/1751
f 1176/1176 1158/1158 1159/1159
f 3431/3431 2138/2138 2137/2137
f 3422/3422 2692/2692 2690/2690
f 3794/3794 1646/1646 1651/1651
f 1477/1477 146/146 493/493
f 3418/3418 2891/2891 2723/2723
f 3419/3419 2699/2699 2698/2698
f 3416/3416 2695/2695 2787/2787
f 1342/1342 1336/1336 1338/1338
f 2689/2689 3425/3425 2149/2149
f 2138/2138 3413/3413 2689/2689
f 2695/2695 3412/3412 2696/2696
f 3250/3250 3415/3415 2791/2791
f 3671/3671 3408/3408 2726/2726
f 2696/2696 3407/3407 2725/2725
f 2179/2179 3406/3406 2840/2840
f 2840/2840 3535/3535 3485/3485
f 3417/3417 2706/2706 2699/2699
f 1764/1764 1810/1810 1763/1763
f 3405/3405 2707/2707 2706/2706
f 2871/2871 3410/3410 3401/3401
f 1908/1908 312/312 500/500
f 298/298 296/296 295/295
f 2692/2692 3399/3399 2833/2833
f 2833/2833 3441/3441 2178/2178
f 2843/2843 3398/3398 2842/2842
f 300/300 421/421 43/43
f 199/199 124/124 531/531
f 1836/1836 1838/1838 1837/1837
f 3599/3599 3395/3395 2033/2033
f 3394/3394 2723/2723 2722/2722
f 1910/1910 440/440 495/495
f 1954/1954 3392/3392 2073/2073
f 3744/3744 657/657 3746/3746
f 3388/3388 2698/2698 2704/2704
f 2855/2855 3386/3386 2856/2856
f 3384/3384 2855/2855 2858/2858
f 667/667 3752/3752 923/923
f 3382/3382 2730/2730 2829/2829
f 720/720 716/716 713/713
f 1754/1754 1762/1762 1755/1755
f 3379/3379 2858/2858 2859/2859
f 3381/3381 2859/2859 2860/2860
f 2870/2870 3378/3378 2869/2869
f 2860/2860 3378/3378 3381/3381
f 3668/3668 3385/3385 2870/2870
f 2788/2788 3376/3376 2789/2789
f 2789/2789 3394/3394 2722/2722
f 1001/1001 1000/1000 997/997
f 3374/3374 2868/2868 2867/2867
f 539/539 432/432 433/433
f 2890/2890 3436/3436 2848/2848
f 1979/1979 3372/3372 2890/2890
f 208/208 1877/1877 1876/1876
f 195/195 193/193 192/192
f 1787/1787 1806/1806 1796/1796
f 1909/1909 439/439 440/440
f 264/264 170/170 167/167
f 2791/2791 3368/3368 1327/1327
f 3485/3485 3433/3433 2841/2841
f 2721/2721 3509/3509 3528/3528
f 1956/1956 3520/3520 2119/2119
f 940/940 879/879 942/942
f 3523/3523 3478/3478 3490/3490
f 3646/3646 3512/3512 3063/3063
f 3063/3063 3459/3459 2482/2482
f 2136/2136 3489/3489 2137/2137
f 3473/3473 3057/3057 3056/3056
f 3469/3469 2683/2683 3057/3057
f 3458/3458 3056/3056 3016/3016
f 2846/2846 3500/3500 3015/3015
f 3500/3500 3016/3016 3015/3015
f 3621/3621 3612/3612 3619/3619
f 554/554 3624/3624 1956/1956
f 3361/3361 1821/1821 3374/3374
f 1563/1563 2023/2023 2022/2022
f 2788/2788 3477/3477 2842/2842
f 2842/2842 3476/3476 2843/2843
f 2843/2843 3484/3484 2841/2841
f 3536/3536 2838/2838 3480/3480
f 3485/3485 3480/3480 2840/2840
f 2841/2841 3536/3536 3485/3485
f 2840/2840 3452/3452 2179/2179
f 3479/3479 2835/2835 2838/2838
f 2837/2837 3488/3488 3507/3507
f 2836/2836 3507/3507 3508/3508
f 2178/2178 3518/3518 2833/2833
f 2831/2831 3518/3518 2679/2679
f 3509/3509 2831/2831 2830/2830
f 2717/2717 3528/3528 3457/3457
f 2717/2717 3464/3464 2672/2672
f 3488/3488 2685/2685 2687/2687
f 3474/3474 2686/2686 2667/2667
f 2137/2137 3514/3514 2164/2164
f 2164/2164 3515/3515 2165/2165
f 2678/2678 3475/3475 2677/2677
f 2672/2672 3475/3475 2669/2669
f 3535/3535 1776/1776 3694/3694
f 3629/3629 1650/1650 1658/1658
f 2442/2442 3456/3456 2475/2475
f 2475/2475 3459/3459 2477/2477
f 2440/2440 3498/3498 3482/3482
f 2440/2440 3487/3487 2442/2442
f 2436/2436 3486/3486 2228/2228
f 2437/2437 3499/3499 2436/2436
f 2228/2228 3505/3505 2222/2222
f 2222/2222 3483/3483 2225/2225
f 2179/2179 3453/3453 2178/2178
f 3525/3525 3490/3490 3492/3492
f 700/700 3754/3754 3755/3755
f 711/711 3627/3627 1876/1876
f 2108/2108 2113/2113 2107/2107
f 3526/3526 3492/3492 3495/3495
f 3609/3609 3444/3444 3623/3623
f 2118/2118 749/749 750/750
f 2044/2044 2039/2039 2043/2043
f 3624/3624 3623/3623 3444/3444
f 624/624 3437/3437 1785/1785
f 1614/1614 3422/3422 1612/1612
f 1614/1614 3399/3399 3442/3442
f 3628/3628 1565/1565 1631/1631
f 2037/2037 2017/2017 2022/2022
f 939/939 975/975 864/864
f 942/942 899/899 966/966
f 1366/1366 1364/1364 1365/1365
f 980/980 1104/1104 984/984
f 936/936 864/864 865/865
f 1621/1621 3419/3419 1620/1620
f 3793/3793 3408/3408 3669/3669
f 3406/3406 746/746 1776/1776
f 3439/3439 745/745 746/746
f 1825/1825 3409/3409 1615/1615
f 1643/1643 1613/1613 1637/1637
f 1641/1641 755/755 1766/1766
f 1546/1546 3628/3628 1659/1659
f 3629/3629 1631/1631 1632/1632
f 2116/2116 480/480 481/481
f 1617/1617 3416/3416 1711/1711
f 3425/3425 1611/1611 708/708
f 1532/1532 1957/1957 1533/1533
f 1548/1548 3537/3537 2024/2024
f 2043/2043 2021/2021 2038/2038
f 767/767 1950/1950 766/766
f 1951/1951 766/766 1950/1950
f 3067/3067 3563/3563 3549/3549
f 3579/3579 3549/3549 3656/3656
f 2123/2123 3551/3551 3550/3550
f 3369/3369 3550/3550 3571/3571
f 1643/1643 3707/3707 1612/1612
f 1719/1719 3368/3368 3415/3415
f 2532/2532 3559/3559 2515/2515
f 2506/2506 3555/3555 2532/2532
f 2310/2310 3566/3566 3561/3561
f 2310/2310 3559/3559 2311/2311
f 2512/2512 3541/3541 2511/2511
f 2511/2511 3563/3563 329/329
f 2424/2424 3553/3553 2430/2430
f 2429/2429 3553/3553 3566/3566
f 2421/2421 3556/3556 2422/2422
f 3556/3556 2408/2408 2422/2422
f 3554/3554 2404/2404 2408/2408
f 3567/3567 2405/2405 2404/2404
f 710/710 3759/3759 614/614
f 1796/1796 3384/3384 1808/1808
f 1810/1810 3378/3378 1823/1823
f 3398/3398 1779/1779 1778/1778
f 1717/1717 3394/3394 3376/3376
f 1652/1652 3382/3382 1765/1765
f 3378/3378 1824/1824 1823/1823
f 1849/1849 3437/3437 3373/3373
f 2070/2070 3680/3680 3708/3708
f 3773/3773 3708/3708 3779/3779
f 2057/2057 3734/3734 2054/2054
f 2122/2122 3656/3656 3551/3551
f 608/608 3771/3771 607/607
f 2135/2135 3655/3655 3646/3646
f 2120/2120 3654/3654 3599/3599
f 1330/1330 3700/3700 1304/1304
f 3725/3725 1434/1434 1417/1417
f 3047/3047 3641/3641 3610/3610
f 2013/2013 3702/3702 2012/2012
f 1317/1317 3720/3720 1318/1318
f 2052/2052 3768/3768 489/489
f 2033/2033 3602/3602 3599/3599
f 3695/3695 1324/1324 846/846
f 1952/1952 3649/3649 2130/2130
f 2130/2130 3585/3585 2035/2035
f 2074/2074 3618/3618 1955/1955
f 1955/1955 3615/3615 1952/1952
f 1961/1961 3645/3645 2144/2144
f 2144/2144 3622/3622 2074/2074
f 3079/3079 3625/3625 2887/2887
f 3080/3080 3586/3586 3079/3079
f 3071/3071 3630/3630 3072/3072
f 3072/3072 3631/3631 2993/2993
f 3596/3596 3070/3070 327/327
f 3070/3070 3575/3575 3071/3071
f 2143/2143 3596/3596 3588/3588
f 3551/3551 3608/3608 2147/2147
f 3588/3588 2140/2140 2143/2143
f 3657/3657 2036/2036 3587/3587
f 3640/3640 3587/3587 2140/2140
f 3066/3066 3657/3657 3640/3640
f 3067/3067 3572/3572 3066/3066
f 2035/2035 3587/3587 2036/2036
f 2139/2139 3616/3616 3642/3642
f 2136/2136 3642/3642 3647/3647
f 3470/3470 3647/3647 3655/3655
f 2030/2030 3646/3646 3644/3644
f 2031/2031 3644/3644 3643/3643
f 2147/2147 3617/3617 2148/2148
f 2148/2148 3616/3616 3060/3060
f 3776/3776 562/562 676/676
f 2068/2068 3643/3643 3626/3626
f 2151/2151 3626/3626 3648/3648
f 3577/3577 3052/3052 3049/3049
f 3651/3651 3050/3050 3052/3052
f 3611/3611 3051/3051 3050/3050
f 3637/3637 3048/3048 2261/2261
f 3578/3578 3049/3049 3048/3048
f 3641/3641 3043/3043 3045/3045
f 3633/3633 3044/3044 3043/3043
f 1772/1772 3705/3705 1773/1773
f 1268/1268 3723/3723 1310/1310
f 2127/2127 3614/3614 3598/3598
f 2124/2124 3598/3598 3600/3600
f 3631/3631 2991/2991 2993/2993
f 3634/3634 2992/2992 2991/2991
f 693/693 3742/3742 1978/1978
f 2694/2694 3603/3603 3635/3635
f 3653/3653 2078/2078 3428/3428
f 3676/3676 746/746 745/745
f 2886/2886 3632/3632 2879/2879
f 2887/2887 3650/3650 2886/2886
f 2878/2878 3603/3603 2881/2881
f 2076/2076 3632/3632 2880/2880
f 2260/2260 3637/3637 3614/3614
f 3727/3727 1413/1413 24/24
f 3772/3772 566/566 694/694
f 3753/3753 565/565 562/562
f 3714/3714 1777/1777 3694/3694
f 689/689 3754/3754 2065/2065
f 3683/3683 3774/3774 682/682
f 2055/2055 3778/3778 2057/2057
f 3677/3677 1332/1332 1377/1377
f 1771/1771 3689/3689 1774/1774
f 659/659 3719/3719 658/658
f 3369/3369 3718/3718 659/659
f 2054/2054 3735/3735 2053/2053
f 2048/2048 3768/3768 2050/2050
f 2053/2053 3766/3766 924/924
f 3709/3709 687/687 723/723
f 1639/1639 3713/3713 1643/1643
f 1600/1600 3686/3686 3685/3685
f 607/607 3773/3773 681/681
f 2083/2083 3733/3733 3732/3732
f 1767/1767 3711/3711 3704/3704
f 3687/3687 1778/1778 1779/1779
f 3739/3739 3767/3767 690/690
f 1607/1607 3697/3697 1609/1609
f 3756/3756 617/617 565/565
f 2083/2083 3742/3742 14/14
f 2099/2099 3738/3738 3741/3741
f 658/658 3780/3780 3736/3736
f 2061/2061 3679/3679 2013/2013
f 1774/1774 3714/3714 3690/3690
f 3722/3722 1408/1408 1434/1434
f 681/681 3779/3779 3683/3683
f 846/846 3703/3703 3695/3695
f 3731/3731 2080/2080 2079/2079
f 3451/3451 3592/3592 3455/3455
f 3449/3449 3597/3597 3451/3451
f 3619/3619 3604/3604 3605/3605
f 3606/3606 3447/3447 3609/3609
f 1065/1065 3612/3612 1070/1070
f 3605/3605 3609/3609 3619/3619
f 2711/2711 3366/3366 2712/2712
f 3365/3365 2727/2727 3366/3366
f 2712/2712 3367/3367 2829/2829
f 3366/3366 2726/2726 3367/3367
f 3382/3382 3367/3367 3389/3389
f 3389/3389 2726/2726 3408/3408
f 2868/2868 3658/3658 3668/3668
f 2049/2049 3763/3763 2048/2048
f 3407/3407 3671/3671 2725/2725
f 664/664 3743/3743 667/667
f 1846/1846 3777/3777 3758/3758
f 2825/2825 3668/3668 2870/2870
f 2820/2820 3666/3666 2825/2825
f 2821/2821 3674/3674 2797/2797
f 2656/2656 3673/3673 3661/3661
f 2797/2797 3673/3673 2798/2798
f 2740/2740 3661/3661 2792/2792
f 2738/2738 3659/3659 2747/2747
f 2743/2743 3659/3659 2746/2746
f 2742/2742 3665/3665 2741/2741
f 2739/2739 3667/3667 3665/3665
f 2737/2737 3662/3662 2736/2736
f 2729/2729 3662/3662 2735/2735
f 2728/2728 3670/3670 2727/2727
f 2725/2725 3670/3670 2724/2724
f 1661/1661 3790/3790 1560/1560
f 3789/3789 1756/1756 1761/1761
f 3782/3782 1665/1665 1668/1668
f 3785/3785 1651/1651 1657/1657
f 1616/1616 3747/3747 1836/1836
f 1845/1845 3762/3762 3777/3777
f 3638/3638 1633/1633 1634/1634
f 1648/1648 3638/3638 3639/3639
f 3793/3793 3407/3407 1647/1647
f 3389/3389 1648/1648 3639/3639
f 3784/3784 1662/1662 1723/1723
f 1559/1559 3795/3795 1729/1729
f 3747/3747 1833/1833 1836/1836
f 1650/1650 3792/3792 3794/3794
f 3792/3792 1647/1647 1646/1646
f 1094/1094 1095/1095 3797/3797
f 1043/1043 1293/1293 3797/3797
f 1218/1218 827/827 3797/3797
f 3692/3692 828/828 3797/3797
f 1105/1105 1094/1094 3797/3797
f 1106/1106 1107/1107 3797/3797
f 821/821 991/991 3797/3797
f 1205/1205 3730/3730 3797/3797
f 1217/1217 1218/1218 3797/3797
f 1293/1293 1204/1204 3797/3797
f 1041/1041 1042/1042 3797/3797
f 983/983 1105/1105 3797/3797
f 1204/1204 1205/1205 3797/3797
f 3730/3730 1260/1260 3797/3797
f 1260/1260 1263/1263 3797/3797
f 828/828 819/819 3797/3797
f 827/827 3692/3692 3797/3797
f 1095/1095 1106/1106 3797/3797
f 1042/1042 1043/1043 3797/3797
f 1064/1064 1063/1063 3797/3797
f 988/988 982/982 3797/3797
f 991/991 988/988 3797/3797
f 982/982 983/983 3797/3797
f 1053/1053 1046/1046 3797/3797
f 818/818 821/821 3797/3797
f 819/819 818/818 3797/3797
f 1263/1263 1217/1217 3797/3797
f 1107/1107 1064/1064 3797/3797
f 1063/1063 1053/1053 3797/3797
f 1046/1046 1041/1041 3797/3797
f 2346/2346 2350/2350 3798/3798
f 2347/2347 2346/2346 3798/3798
f 3483/3483 2224/2224 3798/3798
f 2330/2330 2329/2329 3798/3798
f 2329/2329 2332/2332 3798/3798
f 2220/2220 2225/2225 3798/3798
f 2221/2221 2219/2219 3798/3798
f 2334/2334 2335/2335 3798/3798
f 2401/2401 2400/2400 3798/3798
f 2332/2332 2333/2333 3798/3798
f 2406/2406 2405/2405 3798/3798
f 2335/2335 2352/2352 3798/3798
f 2412/2412 2331/2331 3798/3798
f 2395/2395 2412/2412 3798/3798
f 2308/2308 2221/2221 3798/3798
f 2396/2396 2395/2395 3798/3798
f 2351/2351 2347/2347 3798/3798
f 2352/2352 2351/2351 3798/3798
f 2303/2303 2302/2302 3798/3798
f 2225/2225 3483/3483 3798/3798
f 2400/2400 2406/2406 3798/3798
f 2405/2405 3569/3569 3798/3798
f 2224/2224 2401/2401 3798/3798
f 2350/2350 2303/2303 3798/3798
f 2331/2331 2330/2330 3798/3798
f 2302/2302 2306/2306 3798/3798
f 2333/2333 2334/2334 3798/3798
f 2219/2219 2220/2220 3798/3798
f 3569/3569 2396/2396 3798/3798
f 2306/2306 2308/2308 3798/3798
f 3801/3801 3804/3804 3805/3805
f 3801/3801 3806/3806 3802/3802
f 3799/3799 3804/3804 3800/3800
f 3805/3805 3810/3810 3806/3806
f 3804/3804 3807/3807 3808/3808
f 3804/3804 3809/3809 3805/3805
f 3809/3809 3814/3814 3810/3810
f 3808/3808 3811/3811 3812/3812
f 3809/3809 3812/3812 3813/3813
f 3814/3814 3817/3817 3818/3818
f 3811/3811 3816/3816 3812/3812
f 3812/3812 3817/3817 3813/3813
f 3817/3817 3822/3822 3818/3818
f 3816/3816 3819/3819 3820/3820
f 3817/3817 3820/3820 3821/3821
f 3822/3822 3825/3825 3826/3826
f 3820/3820 3823/3823 3824/3824
f 3820/3820 3825/3825 3821/3821
f 3826/3826 3829/3829 3830/3830
f 3824/3824 3827/3827 3828/3828
f 3825/3825 3828/3828 3829/3829
f 3829/3829 3834/3834 3830/3830
f 3827/3827 3832/3832 3828/3828
f 3828/3828 3833/3833 3829/3829
f 3833/3833 3838/3838 3834/3834
f 3832/3832 3835/3835 3836/3836
f 3833/3833 3836/3836 3837/3837
f 3837/3837 3842/3842 3838/3838
f 3835/3835 3840/3840 3836/3836
f 3836/3836 3841/3841 3837/3837
f 3841/3841 3846/3846 3842/3842
f 3840/3840 3843/3843 3844/3844
f 3841/3841 3844/3844 3845/3845
f 3846/3846 3849/3849 3850/3850
f 3843/3843 3848/3848 3844/3844
f 3844/3844 3849/3849 3845/3845
f 3849/3849 3854/3854 3850/3850
f 3848/3848 3851/3851 3852/3852
f 3849/3849 3852/3852 3853/3853
f 3854/3854 3857/3857 3858/3858
f 3851/3851 3856/3856 3852/3852
f 3852/3852 3857/3857 3853/3853
f 3858/3858 3861/3861 3862/3862
f 3856/3856 3859/3859 3860/3860
f 3857/3857 3860/3860 3861/3861
f 3862/3862 3865/3865 3866/3866
f 3859/3859 3864/3864 3860/3860
f 3860/3860 3865/3865 3861/3861
f 3865/3865 3870/3870 3866/3866
f 3864/3864 3867/3867 3868/3868
f 3865/3865 3868/3868 3869/3869
f 3869/3869 3874/3874 3870/3870
f 3867/3867 3872/3872 3868/3868
f 3868/3868 3873/3873 3869/3869
f 3873/3873 3878/3878 3874/3874
f 3872/3872 3875/3875 3876/3876
f 3873/3873 3876/3876 3877/3877
f 3878/3878 3881/3881 3882/3882
f 3875/3875 3880/3880 3876/3876
f 3876/3876 3881/3881 3877/3877
f 3881/3881 3886/3886 3882/3882
f 3880/3880 3883/3883 3884/3884
f 3881/3881 3884/3884 3885/3885
f 3886/3886 3889/3889 3890/3890
f 3883/3883 3888/3888 3884/3884
f 3884/3884 3889/3889 3885/3885
f 3890/3890 3893/3893 3894/3894
f 3888/3888 3891/3891 3892/3892
f 3889/3889 3892/3892 3893/3893
f 3894/3894 3897/3897 3898/3898
f 3891/3891 3896/3896 3892/3892
f 3892/3892 3897/3897 3893/3893
f 3898/3898 3901/3901 3902/3902
f 3896/3896 3899/3899 3900/3900
f 3897/3897 3900/3900 3901/3901
f 3901/3901 3906/3906 3902/3902
f 3899/3899 3904/3904 3900/3900
f 3900/3900 3905/3905 3901/3901
f 3905/3905 3910/3910 3906/3906
f 3904/3904 3907/3907 3908/3908
f 3905/3905 3908/3908 3909/3909
f 3910/3910 3913/3913 3914/3914
f 3907/3907 3912/3912 3908/3908
f 3908/3908 3913/3913 3909/3909
f 3913/3913 3918/3918 3914/3914
f 3912/3912 3915/3915 3916/3916
f 3913/3913 3916/3916 3917/3917
f 3918/3918 3922/3922 3923/3923
f 3915/3915 3921/3921 3916/3916
f 3916/3916 3922/3922 3917/3917
f 3923/3923 3926/3926 3927/3927
f 3920/3920 3925/3925 3921/3921
f 3922/3922 3925/3925 3926/3926
f 3799/3799 3919/3919 3803/3803
f 3803/3803 3919/3919 3807/3807
f 3807/3807 3919/3919 3811/3811
f 3811/3811 3919/3919 3815/3815
f 3815/3815 3919/3919 3819/3819
f 3819/3819 3919/3919 3823/3823
f 3823/3823 3919/3919 3827/3827
f 3827/3827 3919/3919 3831/3831
f 3831/3831 3919/3919 3835/3835
f 3835/3835 3919/3919 3839/3839
f 3839/3839 3919/3919 3843/3843
f 3843/3843 3919/3919 3847/3847
f 3847/3847 3919/3919 3851/3851
f 3851/3851 3919/3919 3855/3855
f 3855/3855 3919/3919 3859/3859
f 3859/3859 3919/3919 3863/3863
f 3863/3863 3919/3919 3867/3867
f 3867/3867 3919/3919 3871/3871
f 3871/3871 3919/3919 3875/3875
f 3875/3875 3919/3919 3879/3879
f 3879/3879 3919/3919 3883/3883
f 3883/3883 3919/3919 3887/3887
f 3887/3887 3919/3919 3891/3891
f 3891/3891 3919/3919 3895/3895
f 3895/3895 3919/3919 3899/3899
f 3899/3899 3919/3919 3903/3903
f 3903/3903 3919/3919 3907/3907
f 3907/3907 3919/3919 3911/3911
f 3911/3911 3919/3919 3915/3915
f 3915/3915 3919/3919 3920/3920
f 3920/3920 3919/3919 3924/3924
f 3927/3927 3801/3801 3802/3802
f 3925/3925 3799/3799 3800/3800
f 3925/3925 3801/3801 3926/3926
f 3924/3924 3919/3919 3799/3799
f 3937/3937 3950/3950 3951/3951
f 3934/3934 3949/3949 3935/3935
f 3932/3932 3945/3945 3946/3946
f 3930/3930 3943/3943 3944/3944
f 3939/3939 3954/3954 3940/3940
f 3937/3937 3952/3952 3938/3938
f 3935/3935 3950/3950 3936/3936
f 3933/3933 3946/3946 3948/3948
f 3930/3930 3945/3945 3931/3931
f 3928/3928 3943/3943 3929/3929
f 3940/3940 3955/3955 3941/3941
f 3939/3939 3952/3952 3953/3953
f 3944/3944 3959/3959 3945/3945
f 3942/3942 3957/3957 3943/3943
f 3955/3955 3968/3968 3969/3969
f 3952/3952 3967/3967 3953/3953
f 3951/3951 3964/3964 3965/3965
f 3947/3947 3963/3963 3949/3949
f 3946/3946 3959/3959 3960/3960
f 3944/3944 3957/3957 3958/3958
f 3954/3954 3967/3967 3968/3968
f 3951/3951 3966/3966 3952/3952
f 3949/3949 3964/3964 3950/3950
f 3948/3948 3960/3960 3961/3961
f 3958/3958 3973/3973 3959/3959
f 3957/3957 3970/3970 3971/3971
f 3968/3968 3983/3983 3969/3969
f 3966/3966 3981/3981 3967/3967
f 3965/3965 3978/3978 3979/3979
f 3962/3962 3977/3977 3963/3963
f 3959/3959 3974/3974 3960/3960
f 3958/3958 3971/3971 3972/3972
f 3967/3967 3982/3982 3968/3968
f 3965/3965 3980/3980 3966/3966
f 3964/3964 3977/3977 3978/3978
f 3961/3961 3974/3974 3975/3975
f 3973/3973 3986/3986 3987/3987
f 3970/3970 3985/3985 3971/3971
f 3983/3983 3996/3996 3997/3997
f 3981/3981 3994/3994 3995/3995
f 3978/3978 3993/3993 3979/3979
f 3976/3976 3991/3991 3977/3977
f 3973/3973 3988/3988 3974/3974
f 3971/3971 3986/3986 3972/3972
f 3981/3981 3996/3996 3982/3982
f 3980/3980 3993/3993 3994/3994
f 3978/3978 3991/3991 3992/3992
f 3975/3975 3988/3988 3989/3989
f 3986/3986 4001/4001 3987/3987
f 3985/3985 3998/3998 3999/3999
f 3996/3996 4011/4011 3997/3997
f 3995/3995 4008/4008 4009/4009
f 3992/3992 4007/4007 3993/3993
f 3991/3991 4004/4004 4005/4005
f 3988/3988 4001/4001 4002/4002
f 3985/3985 4000/4000 3986/3986
f 3996/3996 4009/4009 4010/4010
f 3994/3994 4007/4007 4008/4008
f 3991/3991 4006/4006 3992/3992
f 3988/3988 4003/4003 3989/3989
f 4001/4001 4014/4014 4015/4015
f 3998/3998 4013/4013 3999/3999
f 4011/4011 4024/4024 4025/4025
f 4009/4009 4022/4022 4023/4023
f 4006/4006 4021/4021 4007/4007
f 4004/4004 4019/4019 4005/4005
f 4002/4002 4015/4015 4016/4016
f 3999/3999 4014/4014 4000/4000
f 4010/4010 4023/4023 4024/4024
f 4008/4008 4021/4021 4022/4022
f 4005/4005 4020/4020 4006/4006
f 4003/4003 4016/4016 4017/4017
f 4015/4015 4028/4028 4029/4029
f 4013/4013 4026/4026 4027/4027
f 4024/4024 4039/4039 4025/4025
f 4023/4023 4036/4036 4037/4037
f 4020/4020 4035/4035 4021/4021
f 4018/4018 4033/4033 4019/4019
f 4015/4015 4030/4030 4016/4016
f 4013/4013 4028/4028 4014/4014
f 4023/4023 4038/4038 4024/4024
f 4022/4022 4035/4035 4036/4036
f 4020/4020 4033/4033 4034/4034
f 4017/4017 4030/4030 4032/4032
f 4029/4029 4042/4042 4043/4043
f 4027/4027 4040/4040 4041/4041
f 4038/4038 4053/4053 4039/4039
f 4036/4036 4051/4051 4037/4037
f 4034/4034 4049/4049 4035/4035
f 4033/4033 4046/4046 4047/4047
f 4029/4029 4044/4044 4030/4030
f 4027/4027 4042/4042 4028/4028
f 4038/4038 4051/4051 4052/4052
f 4036/4036 4049/4049 4050/4050
f 4034/4034 4047/4047 4048/4048
f 4030/4030 4045/4045 4032/4032
f 4042/4042 4057/4057 4043/4043
f 4040/4040 4055/4055 4041/4041
f 4052/4052 4067/4067 4053/4053
f 4051/4051 4064/4064 4065/4065
f 4049/4049 4062/4062 4063/4063
f 4046/4046 4061/4061 4047/4047
f 4044/4044 4057/4057 4058/4058
f 4042/4042 4055/4055 4056/4056
f 4051/4051 4066/4066 4052/4052
f 4049/4049 4064/4064 4050/4050
f 4047/4047 4062/4062 4048/4048
f 4045/4045 4058/4058 4059/4059
f 4056/4056 4071/4071 4057/4057
f 4054/4054 4069/4069 4055/4055
f 4067/4067 4080/4080 4081/4081
f 4064/4064 4079/4079 4065/4065
f 4063/4063 4076/4076 4077/4077
f 4060/4060 4075/4075 4061/4061
f 4058/4058 4071/4071 4072/4072
f 4056/4056 4069/4069 4070/4070
f 4066/4066 4079/4079 4080/4080
f 4063/4063 4078/4078 4064/4064
f 4061/4061 4076/4076 4062/4062
f 4059/4059 4072/4072 4074/4074
f 4070/4070 4085/4085 4071/4071
f 4069/4069 4082/4082 4083/4083
f 4080/4080 4095/4095 4081/4081
f 4078/4078 4093/4093 4079/4079
f 4077/4077 4090/4090 4091/4091
f 4073/4073 4089/4089 4075/4075
f 4071/4071 4086/4086 4072/4072
f 4070/4070 4083/4083 4084/4084
f 4079/4079 4094/4094 4080/4080
f 4077/4077 4092/4092 4078/4078
f 4076/4076 4089/4089 4090/4090
f 4074/4074 4086/4086 4088/4088
f 4085/4085 4098/4098 4099/4099
f 4082/4082 4097/4097 4083/4083
f 4095/4095 4108/4108 4109/4109
f 4092/4092 4107/4107 4093/4093
f 4090/4090 4105/4105 4091/4091
f 4087/4087 4103/4103 4089/4089
f 4085/4085 4100/4100 4086/4086
f 4083/4083 4098/4098 4084/4084
f 4093/4093 4108/4108 4094/4094
f 4092/4092 4105/4105 4106/4106
f 4090/4090 4103/4103 4104/4104
f 4088/4088 4100/4100 4102/4102
f 4098/4098 4113/4113 4099/4099
f 4097/4097 4110/4110 4111/4111
f 4108/4108 4123/4123 4109/4109
f 4106/4106 4121/4121 4107/4107
f 4105/4105 4118/4118 4119/4119
f 4103/4103 4116/4116 4117/4117
f 4100/4100 4113/4113 4114/4114
f 4097/4097 4112/4112 4098/4098
f 4108/4108 4121/4121 4122/4122
f 4106/4106 4119/4119 4120/4120
f 4103/4103 4118/4118 4104/4104
f 4100/4100 4115/4115 4102/4102
f 4113/4113 4126/4126 4127/4127
f 4110/4110 4125/4125 4111/4111
f 4123/4123 4136/4136 4137/4137
f 4121/4121 4134/4134 4135/4135
f 4118/4118 4133/4133 4119/4119
f 4116/4116 4131/4131 4117/4117
f 4114/4114 4127/4127 4128/4128
f 4111/4111 4126/4126 4112/4112
f 4122/4122 4135/4135 4136/4136
f 4120/4120 4133/4133 4134/4134
f 4117/4117 4132/4132 4118/4118
f 4115/4115 4128/4128 4130/4130
f 4127/4127 4140/4140 4141/4141
f 4125/4125 4138/4138 4139/4139
f 4136/4136 4151/4151 4137/4137
f 4135/4135 4148/4148 4149/4149
f 4132/4132 4147/4147 4133/4133
f 4129/4129 4145/4145 4131/4131
f 4127/4127 4142/4142 4128/4128
f 4125/4125 4140/4140 4126/4126
f 4135/4135 4150/4150 4136/4136
f 4134/4134 4147/4147 4148/4148
f 4132/4132 4145/4145 4146/4146
f 4130/4130 4142/4142 4143/4143
f 4141/4141 4154/4154 4155/4155
f 4139/4139 4152/4152 4153/4153
f 4150/4150 4165/4165 4151/4151
f 4148/4148 4163/4163 4149/4149
f 4146/4146 4161/4161 4147/4147
f 4145/4145 4158/4158 4159/4159
f 4141/4141 4156/4156 4142/4142
f 4139/4139 4154/4154 4140/4140
f 4149/4149 4164/4164 4150/4150
f 4148/4148 4161/4161 4162/4162
f 4146/4146 4159/4159 4160/4160
f 4142/4142 4157/4157 4143/4143
f 4154/4154 4169/4169 4155/4155
f 4152/4152 4167/4167 4153/4153
f 4165/4165 4178/4178 4179/4179
f 4163/4163 4176/4176 4177/4177
f 4161/4161 4174/4174 4175/4175
f 4158/4158 4173/4173 4159/4159
f 4156/4156 4169/4169 4170/4170
f 4154/4154 4167/4167 4168/4168
f 4164/4164 4177/4177 4178/4178
f 4161/4161 4176/4176 4162/4162
f 4159/4159 4174/4174 4160/4160
f 4157/4157 4170/4170 4172/4172
f 4168/4168 4183/4183 4169/4169
f 4166/4166 4181/4181 4167/4167
f 4179/4179 4192/4192 4193/4193
f 4176/4176 4191/4191 4177/4177
f 4175/4175 4188/4188 4189/4189
f 4171/4171 4187/4187 4173/4173
f 4170/4170 4183/4183 4184/4184
f 4168/4168 4181/4181 4182/4182
f 4178/4178 4191/4191 4192/4192
f 4175/4175 4190/4190 4176/4176
f 4173/4173 4188/4188 4174/4174
f 4172/4172 4184/4184 4185/4185
f 4182/4182 4197/4197 4183/4183
f 4181/4181 4194/4194 4195/4195
f 4192/4192 4207/4207 4193/4193
f 4190/4190 4205/4205 4191/4191
f 4189/4189 4202/4202 4203/4203
f 4186/4186 4201/4201 4187/4187
f 4183/4183 4198/4198 4184/4184
f 4182/4182 4195/4195 4196/4196
f 4191/4191 4206/4206 4192/4192
f 4190/4190 4203/4203 4204/4204
f 4188/4188 4201/4201 4202/4202
f 4185/4185 4198/4198 4200/4200
f 4196/4196 4211/4211 4197/4197
f 4194/4194 4209/4209 4195/4195
f 4207/4207 4220/4220 4221/4221
f 4205/4205 4218/4218 4219/4219
f 4203/4203 4216/4216 4217/4217
f 4199/4199 4215/4215 4201/4201
f 4197/4197 4212/4212 4198/4198
f 4196/4196 4209/4209 4210/4210
f 4205/4205 4220/4220 4206/4206
f 4203/4203 4218/4218 4204/4204
f 4202/4202 4215/4215 4216/4216
f 4198/4198 4214/4214 4200/4200
f 4210/4210 4225/4225 4211/4211
f 4209/4209 4222/4222 4223/4223
f 4220/4220 4235/4235 4221/4221
f 4218/4218 4233/4233 4219/4219
f 4217/4217 4230/4230 4231/4231
f 4215/4215 4228/4228 4229/4229
f 4212/4212 4225/4225 4226/4226
f 4209/4209 4224/4224 4210/4210
f 4220/4220 4233/4233 4234/4234
f 4218/4218 4231/4231 4232/4232
f 4215/4215 4230/4230 4216/4216
f 4212/4212 4227/4227 4214/4214
f 4225/4225 4239/4239 4240/4240
f 4222/4222 4238/4238 4223/4223
f 4235/4235 4249/4249 4250/4250
f 4233/4233 4247/4247 4248/4248
f 4230/4230 4246/4246 4231/4231
f 4229/4229 4243/4243 4244/4244
f 4226/4226 4240/4240 4241/4241
f 4223/4223 4239/4239 4224/4224
f 4234/4234 4248/4248 4249/4249
f 4232/4232 4246/4246 4247/4247
f 4229/4229 4245/4245 4230/4230
f 4226/4226 4242/4242 4227/4227
f 4240/4240 4253/4253 4254/4254
f 4238/4238 4251/4251 4252/4252
f 4249/4249 4264/4264 4250/4250
f 4248/4248 4261/4261 4262/4262
f 4245/4245 4260/4260 4246/4246
f 4244/4244 4256/4256 4258/4258
f 4240/4240 4255/4255 4241/4241
f 4238/4238 4253/4253 4239/4239
f 4248/4248 4263/4263 4249/4249
f 4247/4247 4260/4260 4261/4261
f 4245/4245 4258/4258 4259/4259
f 4241/4241 4257/4257 4242/4242
f 4254/4254 4267/4267 4268/4268
f 4252/4252 4265/4265 4266/4266
f 4264/4264 4277/4277 4278/4278
f 4261/4261 4276/4276 4262/4262
f 4259/4259 4274/4274 4260/4260
f 4258/4258 4270/4270 4272/4272
f 4254/4254 4269/4269 4255/4255
f 4252/4252 4267/4267 4253/4253
f 4263/4263 4276/4276 4277/4277
f 4261/4261 4274/4274 4275/4275
f 4259/4259 4272/4272 4273/4273
f 4255/4255 4271/4271 4257/4257
f 4267/4267 4282/4282 4268/4268
f 4265/4265 4280/4280 4266/4266
f 4277/4277 4292/4292 4278/4278
f 4276/4276 4289/4289 4290/4290
f 4274/4274 4287/4287 4288/4288
f 4270/4270 4286/4286 4272/4272
f 4269/4269 4282/4282 4283/4283
f 4267/4267 4280/4280 4281/4281
f 4276/4276 4291/4291 4277/4277
f 4274/4274 4289/4289 4275/4275
f 4272/4272 4287/4287 4273/4273
f 4271/4271 4283/4283 4284/4284
f 4281/4281 4296/4296 4282/4282
f 4279/4279 4294/4294 4280/4280
f 4292/4292 4305/4305 4306/4306
f 4289/4289 4304/4304 4290/4290
f 4288/4288 4301/4301 4302/4302
f 4286/4286 4299/4299 4300/4300
f 4283/4283 4296/4296 4297/4297
f 4281/4281 4294/4294 4295/4295
f 4291/4291 4304/4304 4305/4305
f 4288/4288 4303/4303 4289/4289
f 4286/4286 4301/4301 4287/4287
f 4283/4283 4298/4298 4284/4284
f 4295/4295 4310/4310 4296/4296
f 4294/4294 4307/4307 4308/4308
f 4305/4305 4320/4320 4306/4306
f 4303/4303 4318/4318 4304/4304
f 4302/4302 4315/4315 4316/4316
f 4300/4300 4312/4312 4314/4314
f 4296/4296 4311/4311 4297/4297
f 4295/4295 4308/4308 4309/4309
f 4304/4304 4319/4319 4305/4305
f 4302/4302 4317/4317 4303/4303
f 4301/4301 4314/4314 4315/4315
f 4297/4297 4313/4313 4298/4298
f 4310/4310 4323/4323 4324/4324
f 4307/4307 4322/4322 4308/4308
f 4320/4320 4333/4333 4334/4334
f 4318/4318 4331/4331 4332/4332
f 4316/4316 4329/4329 4330/4330
f 4312/4312 4328/4328 4314/4314
f 4310/4310 4325/4325 4311/4311
f 4309/4309 4322/4322 4323/4323
f 4318/4318 4333/4333 4319/4319
f 4316/4316 4331/4331 4317/4317
f 4315/4315 4328/4328 4329/4329
f 4313/4313 4325/4325 4326/4326
f 4323/4323 4338/4338 4324/4324
f 4321/4321 4336/4336 4322/4322
f 4333/4333 4348/4348 4334/4334
f 4331/4331 4346/4346 4332/4332
f 4330/4330 4343/4343 4344/4344
f 4328/4328 4341/4341 4342/4342
f 4325/4325 4338/4338 4339/4339
f 4322/4322 4337/4337 4323/4323
f 4333/4333 4346/4346 4347/4347
f 4331/4331 4344/4344 4345/4345
f 4328/4328 4343/4343 4329/4329
f 4325/4325 4340/4340 4326/4326
f 4338/4338 4351/4351 4352/4352
f 4335/4335 4350/4350 4336/4336
f 4348/4348 4361/4361 4362/4362
f 4346/4346 4359/4359 4360/4360
f 4343/4343 4358/4358 4344/4344
f 4341/4341 4356/4356 4342/4342
f 4339/4339 4352/4352 4353/4353
f 4336/4336 4351/4351 4337/4337
f 4347/4347 4360/4360 4361/4361
f 4344/4344 4359/4359 4345/4345
f 4342/4342 4357/4357 4343/4343
f 4340/4340 4353/4353 4355/4355
f 4352/4352 4365/4365 4366/4366
f 4350/4350 4363/4363 4364/4364
f 4361/4361 4376/4376 4362/4362
f 4360/4360 4373/4373 4374/4374
f 4357/4357 4372/4372 4358/4358
f 4354/4354 4370/4370 4356/4356
f 4352/4352 4367/4367 4353/4353
f 4350/4350 4365/4365 4351/4351
f 4360/4360 4375/4375 4361/4361
f 4359/4359 4372/4372 4373/4373
f 4357/4357 4370/4370 4371/4371
f 4355/4355 4367/4367 4369/4369
f 4236/4236 3941/3941 3955/3955
f 4236/4236 3955/3955 3969/3969
f 4236/4236 3969/3969 3983/3983
f 4236/4236 3983/3983 3997/3997
f 4236/4236 3997/3997 4011/4011
f 4236/4236 4011/4011 4025/4025
f 4236/4236 4025/4025 4039/4039
f 4236/4236 4039/4039 4053/4053
f 4236/4236 4053/4053 4067/4067
f 4236/4236 4067/4067 4081/4081
f 4236/4236 4081/4081 4095/4095
f 4236/4236 4095/4095 4109/4109
f 4236/4236 4109/4109 4123/4123
f 4236/4236 4123/4123 4137/4137
f 4236/4236 4137/4137 4151/4151
f 4236/4236 4151/4151 4165/4165
f 4236/4236 4165/4165 4179/4179
f 4236/4236 4179/4179 4193/4193
f 4236/4236 4193/4193 4207/4207
f 4236/4236 4207/4207 4221/4221
f 4236/4236 4221/4221 4235/4235
f 4236/4236 4235/4235 4250/4250
f 4236/4236 4250/4250 4264/4264
f 4236/4236 4264/4264 4278/4278
f 4236/4236 4278/4278 4292/4292
f 4236/4236 4292/4292 4306/4306
f 4236/4236 4306/4306 4320/4320
f 4236/4236 4320/4320 4334/4334
f 4236/4236 4334/4334 4348/4348
f 4236/4236 4348/4348 4362/4362
f 4236/4236 4362/4362 4376/4376
f 4366/4366 3930/3930 3931/3931
f 4364/4364 3928/3928 3929/3929
f 4376/4376 3940/3940 3941/3941
f 4373/4373 3939/3939 4374/4374
f 4371/4371 3937/3937 4372/4372
f 4370/4370 3934/3934 3935/3935
f 4366/4366 3932/3932 4367/4367
f 4364/4364 3930/3930 4365/4365
f 4236/4236 4376/4376 3941/3941
f 4375/4375 3939/3939 3940/3940
f 4373/4373 3937/3937 3938/3938
f 4371/4371 3935/3935 3936/3936
f 4367/4367 3933/3933 4369/4369
f 3802/3802 4363/4363 3927/3927
f 4363/4363 3923/3923 3927/3927
f 4349/4349 3918/3918 3923/3923
f 4335/4335 3914/3914 3918/3918
f 3914/3914 4307/4307 3910/3910
f 3910/3910 4293/4293 3906/3906
f 3906/3906 4279/4279 3902/3902
f 4279/4279 3898/3898 3902/3902
f 3898/3898 4251/4251 3894/3894
f 4251/4251 3890/3890 3894/3894
f 4237/4237 3886/3886 3890/3890
f 4222/4222 3882/3882 3886/3886
f 3882/3882 4194/4194 3878/3878
f 3878/3878 4180/4180 3874/3874
f 3874/3874 4166/4166 3870/3870
f 4166/4166 3866/3866 3870/3870
f 3866/3866 4138/4138 3862/3862
f 4138/4138 3858/3858 3862/3862
f 4124/4124 3854/3854 3858/3858
f 4110/4110 3850/3850 3854/3854
f 3850/3850 4082/4082 3846/3846
f 3846/3846 4068/4068 3842/3842
f 3842/3842 4054/4054 3838/3838
f 4054/4054 3834/3834 3838/3838
f 3834/3834 4026/4026 3830/3830
f 4026/4026 3826/3826 3830/3830
f 4012/4012 3822/3822 3826/3826
f 3998/3998 3818/3818 3822/3822
f 3818/3818 3970/3970 3814/3814
f 3814/3814 3956/3956 3810/3810
f 3810/3810 3942/3942 3806/3806
f 3942/3942 3802/3802 3806/3806
f 4379/4379 4382/4382 4383/4383
f 4379/4379 4384/4384 4380/4380
f 4378/4378 4381/4381 4382/4382
f 4383/4383 4388/4388 4384/4384
f 4381/4381 4386/4386 4382/4382
f 4382/4382 4387/4387 4383/4383
f 4387/4387 4392/4392 4388/4388
f 4386/4386 4389/4389 4390/4390
f 4387/4387 4390/4390 4391/4391
f 4392/4392 4395/4395 4396/4396
f 4389/4389 4394/4394 4390/4390
f 4390/4390 4395/4395 4391/4391
f 4395/4395 4400/4400 4396/4396
f 4394/4394 4397/4397 4398/4398
f 4395/4395 4398/4398 4399/4399
f 4400/4400 4403/4403 4404/4404
f 4397/4397 4402/4402 4398/4398
f 4398/4398 4403/4403 4399/4399
f 4404/4404 4407/4407 4408/4408
f 4402/4402 4405/4405 4406/4406
f 4403/4403 4406/4406 4407/4407
f 4408/4408 4411/4411 4412/4412
f 4405/4405 4410/4410 4406/4406
f 4406/4406 4411/4411 4407/4407
f 4412/4412 4415/4415 4416/4416
f 4410/4410 4413/4413 4414/4414
f 4411/4411 4414/4414 4415/4415
f 4415/4415 4420/4420 4416/4416
f 4413/4413 4418/4418 4414/4414
f 4414/4414 4419/4419 4415/4415
f 4419/4419 4424/4424 4420/4420
f 4417/4417 4422/4422 4418/4418
f 4419/4419 4422/4422 4423/4423
f 4424/4424 4427/4427 4428/4428
f 4421/4421 4426/4426 4422/4422
f 4422/4422 4427/4427 4423/4423
f 4427/4427 4432/4432 4428/4428
f 4426/4426 4429/4429 4430/4430
f 4427/4427 4430/4430 4431/4431
f 4432/4432 4435/4435 4436/4436
f 4429/4429 4434/4434 4430/4430
f 4430/4430 4435/4435 4431/4431
f 4436/4436 4439/4439 4440/4440
f 4433/4433 4438/4438 4434/4434
f 4435/4435 4438/4438 4439/4439
f 4440/4440 4443/4443 4444/4444
f 4438/4438 4441/4441 4442/4442
f 4438/4438 4443/4443 4439/4439
f 4443/4443 4448/4448 4444/4444
f 4441/4441 4446/4446 4442/4442
f 4443/4443 4446/4446 4447/4447
f 4447/4447 4452/4452 4448/4448
f 4446/4446 4449/4449 4450/4450
f 4446/4446 4451/4451 4447/4447
f 4451/4451 4456/4456 4452/4452
f 4450/4450 4453/4453 4454/4454
f 4451/4451 4454/4454 4455/4455
f 4456/4456 4459/4459 4460/4460
f 4453/4453 4458/4458 4454/4454
f 4454/4454 4459/4459 4455/4455
f 4459/4459 4464/4464 4460/4460
f 4458/4458 4461/4461 4462/4462
f 4459/4459 4462/4462 4463/4463
f 4464/4464 4467/4467 4468/4468
f 4461/4461 4466/4466 4462/4462
f 4462/4462 4467/4467 4463/4463
f 4468/4468 4471/4471 4472/4472
f 4466/4466 4469/4469 4470/4470
f 4467/4467 4470/4470 4471/4471
f 4471/4471 4476/4476 4472/4472
f 4469/4469 4474/4474 4470/4470
f 4470/4470 4475/4475 4471/4471
f 4475/4475 4480/4480 4476/4476
f 4474/4474 4477/4477 4478/4478
f 4475/4475 4478/4478 4479/4479
f 4479/4479 4484/4484 4480/4480
f 4477/4477 4482/4482 4478/4478
f 4478/4478 4483/4483 4479/4479
f 4483/4483 4488/4488 4484/4484
f 4482/4482 4485/4485 4486/4486
f 4483/4483 4486/4486 4487/4487
f 4488/4488 4491/4491 4492/4492
f 4485/4485 4490/4490 4486/4486
f 4486/4486 4491/4491 4487/4487
f 4491/4491 4496/4496 4492/4492
f 4490/4490 4493/4493 4494/4494
f 4491/4491 4494/4494 4495/4495
f 4496/4496 4500/4500 4501/4501
f 4493/4493 4499/4499 4494/4494
f 4494/4494 4500/4500 4495/4495
f 4501/4501 4504/4504 4505/4505
f 4499/4499 4502/4502 4503/4503
f 4500/4500 4503/4503 4504/4504
f 4377/4377 4497/4497 4381/4381
f 4381/4381 4497/4497 4385/4385
f 4385/4385 4497/4497 4389/4389
f 4389/4389 4497/4497 4393/4393
f 4393/4393 4497/4497 4397/4397
f 4397/4397 4497/4497 4401/4401
f 4401/4401 4497/4497 4405/4405
f 4405/4405 4497/4497 4409/4409
f 4409/4409 4497/4497 4413/4413
f 4413/4413 4497/4497 4417/4417
f 4417/4417 4497/4497 4421/4421
f 4421/4421 4497/4497 4425/4425
f 4425/4425 4497/4497 4429/4429
f 4429/4429 4497/4497 4433/4433
f 4433/4433 4497/4497 4437/4437
f 4437/4437 4497/4497 4441/4441
f 4441/4441 4497/4497 4445/4445
f 4445/4445 4497/4497 4449/4449
f 4449/4449 4497/4497 4453/4453
f 4453/4453 4497/4497 4457/4457
f 4457/4457 4497/4497 4461/4461
f 4461/4461 4497/4497 4465/4465
f 4465/4465 4497/4497 4469/4469
f 4469/4469 4497/4497 4473/4473
f 4473/4473 4497/4497 4477/4477
f 4477/4477 4497/4497 4481/4481
f 4481/4481 4497/4497 4485/4485
f 4485/4485 4497/4497 4489/4489
f 4489/4489 4497/4497 4493/4493
f 4493/4493 4497/4497 4498/4498
f 4498/4498 4497/4497 4502/4502
f 4505/4505 4379/4379 4380/4380
f 4502/4502 4378/4378 4503/4503
f 4503/4503 4379/4379 4504/4504
f 4502/4502 4497/4497 4377/4377
f 4515/4515 4528/4528 4529/4529
f 4511/4511 4527/4527 4513/4513
f 4510/4510 4523/4523 4524/4524
f 4508/4508 4521/4521 4522/4522
f 4518/4518 4531/4531 4532/4532
f 4515/4515 4530/4530 4516/4516
f 4513/4513 4528/4528 4514/4514
f 4512/4512 4524/4524 4526/4526
f 4508/4508 4523/4523 4509/4509
f 4506/4506 4521/4521 4507/4507
f 4519/4519 4532/4532 4533/4533
f 4517/4517 4530/4530 4531/4531
f 4522/4522 4537/4537 4523/4523
f 4520/4520 4535/4535 4521/4521
f 4533/4533 4546/4546 4547/4547
f 4530/4530 4545/4545 4531/4531
f 4529/4529 4542/4542 4543/4543
f 4527/4527 4539/4539 4541/4541
f 4524/4524 4537/4537 4538/4538
f 4522/4522 4535/4535 4536/4536
f 4532/4532 4545/4545 4546/4546
f 4529/4529 4544/4544 4530/4530
f 4527/4527 4542/4542 4528/4528
f 4524/4524 4540/4540 4526/4526
f 4536/4536 4551/4551 4537/4537
f 4535/4535 4548/4548 4549/4549
f 4546/4546 4561/4561 4547/4547
f 4544/4544 4559/4559 4545/4545
f 4543/4543 4556/4556 4557/4557
f 4541/4541 4554/4554 4555/4555
f 4537/4537 4552/4552 4538/4538
f 4536/4536 4549/4549 4550/4550
f 4545/4545 4560/4560 4546/4546
f 4544/4544 4557/4557 4558/4558
f 4542/4542 4555/4555 4556/4556
f 4538/4538 4553/4553 4540/4540
f 4550/4550 4565/4565 4551/4551
f 4548/4548 4563/4563 4549/4549
f 4561/4561 4574/4574 4575/4575
f 4559/4559 4572/4572 4573/4573
f 4556/4556 4571/4571 4557/4557
f 4554/4554 4569/4569 4555/4555
f 4551/4551 4566/4566 4552/4552
f 4550/4550 4563/4563 4564/4564
f 4559/4559 4574/4574 4560/4560
f 4557/4557 4572/4572 4558/4558
f 4556/4556 4569/4569 4570/4570
f 4553/4553 4566/4566 4567/4567
f 4564/4564 4579/4579 4565/4565
f 4563/4563 4576/4576 4577/4577
f 4574/4574 4589/4589 4575/4575
f 4572/4572 4587/4587 4573/4573
f 4571/4571 4584/4584 4585/4585
f 4569/4569 4581/4581 4583/4583
f 4566/4566 4579/4579 4580/4580
f 4564/4564 4577/4577 4578/4578
f 4574/4574 4587/4587 4588/4588
f 4571/4571 4586/4586 4572/4572
f 4569/4569 4584/4584 4570/4570
f 4566/4566 4582/4582 4567/4567
f 4579/4579 4592/4592 4593/4593
f 4576/4576 4591/4591 4577/4577
f 4589/4589 4602/4602 4603/4603
f 4587/4587 4600/4600 4601/4601
f 4584/4584 4599/4599 4585/4585
f 4583/4583 4595/4595 4597/4597
f 4580/4580 4593/4593 4594/4594
f 4577/4577 4592/4592 4578/4578
f 4588/4588 4601/4601 4602/4602
f 4586/4586 4599/4599 4600/4600
f 4583/4583 4598/4598 4584/4584
f 4580/4580 4596/4596 4582/4582
f 4593/4593 4606/4606 4607/4607
f 4591/4591 4604/4604 4605/4605
f 4602/4602 4617/4617 4603/4603
f 4601/4601 4614/4614 4615/4615
f 4598/4598 4613/4613 4599/4599
f 4597/4597 4610/4610 4611/4611
f 4593/4593 4608/4608 4594/4594
f 4591/4591 4606/4606 4592/4592
f 4601/4601 4616/4616 4602/4602
f 4600/4600 4613/4613 4614/4614
f 4598/4598 4611/4611 4612/4612
f 4594/4594 4609/4609 4596/4596
f 4607/4607 4620/4620 4621/4621
f 4605/4605 4618/4618 4619/4619
f 4617/4617 4630/4630 4631/4631
f 4614/4614 4629/4629 4615/4615
f 4612/4612 4627/4627 4613/4613
f 4611/4611 4623/4623 4625/4625
f 4607/4607 4622/4622 4608/4608
f 4605/4605 4620/4620 4606/4606
f 4616/4616 4629/4629 4630/4630
f 4614/4614 4627/4627 4628/4628
f 4612/4612 4625/4625 4626/4626
f 4608/4608 4624/4624 4609/4609
f 4620/4620 4635/4635 4621/4621
f 4618/4618 4633/4633 4619/4619
f 4631/4631 4644/4644 4645/4645
f 4629/4629 4642/4642 4643/4643
f 4627/4627 4640/4640 4641/4641
f 4623/4623 4639/4639 4625/4625
f 4622/4622 4635/4635 4636/4636
f 4620/4620 4633/4633 4634/4634
f 4629/4629 4644/4644 4630/4630
f 4627/4627 4642/4642 4628/4628
f 4625/4625 4640/4640 4626/4626
f 4624/4624 4636/4636 4638/4638
f 4634/4634 4649/4649 4635/4635
f 4632/4632 4647/4647 4633/4633
f 4645/4645 4658/4658 4659/4659
f 4642/4642 4657/4657 4643/4643
f 4641/4641 4654/4654 4655/4655
f 4639/4639 4652/4652 4653/4653
f 4636/4636 4649/4649 4650/4650
f 4634/4634 4647/4647 4648/4648
f 4644/4644 4657/4657 4658/4658
f 4641/4641 4656/4656 4642/4642
f 4639/4639 4654/4654 4640/4640
f 4636/4636 4651/4651 4638/4638
f 4648/4648 4663/4663 4649/4649
f 4647/4647 4660/4660 4661/4661
f 4658/4658 4673/4673 4659/4659
f 4656/4656 4671/4671 4657/4657
f 4655/4655 4668/4668 4669/4669
f 4653/4653 4665/4665 4667/4667
f 4649/4649 4664/4664 4650/4650
f 4648/4648 4661/4661 4662/4662
f 4657/4657 4672/4672 4658/4658
f 4655/4655 4670/4670 4656/4656
f 4654/4654 4667/4667 4668/4668
f 4650/4650 4666/4666 4651/4651
f 4663/4663 4676/4676 4677/4677
f 4660/4660 4675/4675 4661/4661
f 4673/4673 4686/4686 4687/4687
f 4670/4670 4685/4685 4671/4671
f 4669/4669 4682/4682 4683/4683
f 4665/4665 4681/4681 4667/4667
f 4663/4663 4678/4678 4664/4664
f 4662/4662 4675/4675 4676/4676
f 4671/4671 4686/4686 4672/4672
f 4669/4669 4684/4684 4670/4670
f 4668/4668 4681/4681 4682/4682
f 4666/4666 4678/4678 4680/4680
f 4676/4676 4691/4691 4677/4677
f 4675/4675 4688/4688 4689/4689
f 4686/4686 4701/4701 4687/4687
f 4684/4684 4699/4699 4685/4685
f 4683/4683 4696/4696 4697/4697
f 4681/4681 4693/4693 4695/4695
f 4678/4678 4691/4691 4692/4692
f 4676/4676 4689/4689 4690/4690
f 4686/4686 4699/4699 4700/4700
f 4683/4683 4698/4698 4684/4684
f 4681/4681 4696/4696 4682/4682
f 4678/4678 4694/4694 4680/4680
f 4691/4691 4704/4704 4705/4705
f 4688/4688 4703/4703 4689/4689
f 4701/4701 4714/4714 4715/4715
f 4699/4699 4712/4712 4713/4713
f 4696/4696 4711/4711 4697/4697
f 4695/4695 4707/4707 4709/4709
f 4692/4692 4705/4705 4706/4706
f 4689/4689 4704/4704 4690/4690
f 4700/4700 4713/4713 4714/4714
f 4698/4698 4711/4711 4712/4712
f 4695/4695 4710/4710 4696/4696
f 4692/4692 4708/4708 4694/4694
f 4705/4705 4718/4718 4719/4719
f 4703/4703 4716/4716 4717/4717
f 4714/4714 4729/4729 4715/4715
f 4713/4713 4726/4726 4727/4727
f 4710/4710 4725/4725 4711/4711
f 4709/4709 4721/4721 4723/4723
f 4705/4705 4720/4720 4706/4706
f 4703/4703 4718/4718 4704/4704
f 4713/4713 4728/4728 4714/4714
f 4712/4712 4725/4725 4726/4726
f 4710/4710 4723/4723 4724/4724
f 4706/4706 4722/4722 4708/4708
f 4719/4719 4732/4732 4733/4733
f 4717/4717 4730/4730 4731/4731
f 4729/4729 4742/4742 4743/4743
f 4726/4726 4741/4741 4727/4727
f 4724/4724 4739/4739 4725/4725
f 4723/4723 4735/4735 4737/4737
f 4719/4719 4734/4734 4720/4720
f 4717/4717 4732/4732 4718/4718
f 4728/4728 4741/4741 4742/4742
f 4726/4726 4739/4739 4740/4740
f 4724/4724 4737/4737 4738/4738
f 4720/4720 4736/4736 4722/4722
f 4732/4732 4747/4747 4733/4733
f 4730/4730 4745/4745 4731/4731
f 4742/4742 4757/4757 4743/4743
f 4741/4741 4754/4754 4755/4755
f 4739/4739 4752/4752 4753/4753
f 4735/4735 4751/4751 4737/4737
f 4734/4734 4747/4747 4748/4748
f 4732/4732 4745/4745 4746/4746
f 4741/4741 4756/4756 4742/4742
f 4739/4739 4754/4754 4740/4740
f 4737/4737 4752/4752 4738/4738
f 4736/4736 4748/4748 4750/4750
f 4746/4746 4761/4761 4747/4747
f 4744/4744 4759/4759 4745/4745
f 4757/4757 4770/4770 4771/4771
f 4754/4754 4769/4769 4755/4755
f 4753/4753 4766/4766 4767/4767
f 4751/4751 4764/4764 4765/4765
f 4748/4748 4761/4761 4762/4762
f 4746/4746 4759/4759 4760/4760
f 4756/4756 4769/4769 4770/4770
f 4753/4753 4768/4768 4754/4754
f 4751/4751 4766/4766 4752/4752
f 4748/4748 4763/4763 4750/4750
f 4760/4760 4775/4775 4761/4761
f 4759/4759 4772/4772 4773/4773
f 4770/4770 4785/4785 4771/4771
f 4768/4768 4783/4783 4769/4769
f 4767/4767 4780/4780 4781/4781
f 4765/4765 4778/4778 4779/4779
f 4761/4761 4776/4776 4762/4762
f 4760/4760 4773/4773 4774/4774
f 4769/4769 4784/4784 4770/4770
f 4767/4767 4782/4782 4768/4768
f 4766/4766 4779/4779 4780/4780
f 4762/4762 4777/4777 4763/4763
f 4775/4775 4788/4788 4789/4789
f 4773/4773 4786/4786 4787/4787
f 4785/4785 4798/4798 4799/4799
f 4783/4783 4796/4796 4797/4797
f 4781/4781 4794/4794 4795/4795
f 4778/4778 4793/4793 4779/4779
f 4775/4775 4790/4790 4776/4776
f 4774/4774 4787/4787 4788/4788
f 4783/4783 4798/4798 4784/4784
f 4781/4781 4796/4796 4782/4782
f 4780/4780 4793/4793 4794/4794
f 4777/4777 4790/4790 4792/4792
f 4788/4788 4803/4803 4789/4789
f 4787/4787 4800/4800 4801/4801
f 4798/4798 4813/4813 4799/4799
f 4797/4797 4810/4810 4811/4811
f 4794/4794 4809/4809 4795/4795
f 4793/4793 4806/4806 4807/4807
f 4790/4790 4803/4803 4804/4804
f 4787/4787 4802/4802 4788/4788
f 4798/4798 4811/4811 4812/4812
f 4796/4796 4809/4809 4810/4810
f 4793/4793 4808/4808 4794/4794
f 4790/4790 4805/4805 4792/4792
f 4803/4803 4817/4817 4818/4818
f 4800/4800 4816/4816 4801/4801
f 4813/4813 4827/4827 4828/4828
f 4811/4811 4825/4825 4826/4826
f 4808/4808 4824/4824 4809/4809
f 4806/4806 4822/4822 4807/4807
f 4804/4804 4818/4818 4819/4819
f 4801/4801 4817/4817 4802/4802
f 4812/4812 4826/4826 4827/4827
f 4810/4810 4824/4824 4825/4825
f 4807/4807 4823/4823 4808/4808
f 4805/4805 4819/4819 4820/4820
f 4818/4818 4831/4831 4832/4832
f 4816/4816 4829/4829 4830/4830
f 4827/4827 4842/4842 4828/4828
f 4826/4826 4839/4839 4840/4840
f 4823/4823 4838/4838 4824/4824
f 4821/4821 4836/4836 4822/4822
f 4818/4818 4833/4833 4819/4819
f 4816/4816 4831/4831 4817/4817
f 4826/4826 4841/4841 4827/4827
f 4825/4825 4838/4838 4839/4839
f 4823/4823 4836/4836 4837/4837
f 4820/4820 4833/4833 4834/4834
f 4832/4832 4845/4845 4846/4846
f 4830/4830 4843/4843 4844/4844
f 4842/4842 4855/4855 4856/4856
f 4839/4839 4854/4854 4840/4840
f 4837/4837 4852/4852 4838/4838
f 4836/4836 4849/4849 4850/4850
f 4832/4832 4847/4847 4833/4833
f 4830/4830 4845/4845 4831/4831
f 4841/4841 4854/4854 4855/4855
f 4839/4839 4852/4852 4853/4853
f 4837/4837 4850/4850 4851/4851
f 4833/4833 4848/4848 4834/4834
f 4845/4845 4860/4860 4846/4846
f 4843/4843 4858/4858 4844/4844
f 4855/4855 4870/4870 4856/4856
f 4854/4854 4867/4867 4868/4868
f 4852/4852 4865/4865 4866/4866
f 4849/4849 4864/4864 4850/4850
f 4847/4847 4860/4860 4861/4861
f 4845/4845 4858/4858 4859/4859
f 4854/4854 4869/4869 4855/4855
f 4852/4852 4867/4867 4853/4853
f 4850/4850 4865/4865 4851/4851
f 4848/4848 4861/4861 4863/4863
f 4859/4859 4874/4874 4860/4860
f 4857/4857 4872/4872 4858/4858
f 4870/4870 4883/4883 4884/4884
f 4867/4867 4882/4882 4868/4868
f 4866/4866 4879/4879 4880/4880
f 4862/4862 4878/4878 4864/4864
f 4861/4861 4874/4874 4875/4875
f 4859/4859 4872/4872 4873/4873
f 4869/4869 4882/4882 4883/4883
f 4866/4866 4881/4881 4867/4867
f 4864/4864 4879/4879 4865/4865
f 4863/4863 4875/4875 4876/4876
f 4873/4873 4888/4888 4874/4874
f 4872/4872 4885/4885 4886/4886
f 4883/4883 4898/4898 4884/4884
f 4881/4881 4896/4896 4882/4882
f 4880/4880 4893/4893 4894/4894
f 4877/4877 4892/4892 4878/4878
f 4874/4874 4889/4889 4875/4875
f 4873/4873 4886/4886 4887/4887
f 4882/4882 4897/4897 4883/4883
f 4880/4880 4895/4895 4881/4881
f 4879/4879 4892/4892 4893/4893
f 4876/4876 4889/4889 4891/4891
f 4888/4888 4901/4901 4902/4902
f 4885/4885 4900/4900 4886/4886
f 4898/4898 4911/4911 4912/4912
f 4895/4895 4910/4910 4896/4896
f 4893/4893 4908/4908 4894/4894
f 4890/4890 4906/4906 4892/4892
f 4888/4888 4903/4903 4889/4889
f 4886/4886 4901/4901 4887/4887
f 4896/4896 4911/4911 4897/4897
f 4894/4894 4909/4909 4895/4895
f 4893/4893 4906/4906 4907/4907
f 4891/4891 4903/4903 4904/4904
f 4902/4902 4915/4915 4916/4916
f 4900/4900 4913/4913 4914/4914
f 4911/4911 4926/4926 4912/4912
f 4909/4909 4924/4924 4910/4910
f 4907/4907 4922/4922 4908/4908
f 4906/4906 4918/4918 4920/4920
f 4903/4903 4916/4916 4917/4917
f 4900/4900 4915/4915 4901/4901
f 4911/4911 4924/4924 4925/4925
f 4909/4909 4922/4922 4923/4923
f 4906/4906 4921/4921 4907/4907
f 4903/4903 4919/4919 4904/4904
f 4916/4916 4929/4929 4930/4930
f 4913/4913 4928/4928 4914/4914
f 4926/4926 4939/4939 4940/4940
f 4924/4924 4937/4937 4938/4938
f 4921/4921 4936/4936 4922/4922
f 4920/4920 4933/4933 4934/4934
f 4917/4917 4930/4930 4931/4931
f 4914/4914 4929/4929 4915/4915
f 4925/4925 4938/4938 4939/4939
f 4923/4923 4936/4936 4937/4937
f 4920/4920 4935/4935 4921/4921
f 4917/4917 4932/4932 4919/4919
f 4930/4930 4943/4943 4944/4944
f 4928/4928 4941/4941 4942/4942
f 4939/4939 4954/4954 4940/4940
f 4938/4938 4951/4951 4952/4952
f 4935/4935 4950/4950 4936/4936
f 4934/4934 4947/4947 4948/4948
f 4930/4930 4945/4945 4931/4931
f 4928/4928 4943/4943 4929/4929
f 4938/4938 4953/4953 4939/4939
f 4937/4937 4950/4950 4951/4951
f 4935/4935 4948/4948 4949/4949
f 4931/4931 4946/4946 4932/4932
f 4814/4814 4519/4519 4533/4533
f 4814/4814 4533/4533 4547/4547
f 4814/4814 4547/4547 4561/4561
f 4814/4814 4561/4561 4575/4575
f 4814/4814 4575/4575 4589/4589
f 4814/4814 4589/4589 4603/4603
f 4814/4814 4603/4603 4617/4617
f 4814/4814 4617/4617 4631/4631
f 4814/4814 4631/4631 4645/4645
f 4814/4814 4645/4645 4659/4659
f 4814/4814 4659/4659 4673/4673
f 4814/4814 4673/4673 4687/4687
f 4814/4814 4687/4687 4701/4701
f 4814/4814 4701/4701 4715/4715
f 4814/4814 4715/4715 4729/4729
f 4814/4814 4729/4729 4743/4743
f 4814/4814 4743/4743 4757/4757
f 4814/4814 4757/4757 4771/4771
f 4814/4814 4771/4771 4785/4785
f 4814/4814 4785/4785 4799/4799
f 4814/4814 4799/4799 4813/4813
f 4814/4814 4813/4813 4828/4828
f 4814/4814 4828/4828 4842/4842
f 4814/4814 4842/4842 4856/4856
f 4814/4814 4856/4856 4870/4870
f 4814/4814 4870/4870 4884/4884
f 4814/4814 4884/4884 4898/4898
f 4814/4814 4898/4898 4912/4912
f 4814/4814 4912/4912 4926/4926
f 4814/4814 4926/4926 4940/4940
f 4814/4814 4940/4940 4954/4954
f 4944/4944 4508/4508 4509/4509
f 4942/4942 4506/4506 4507/4507
f 4953/4953 4519/4519 4954/4954
f 4951/4951 4517/4517 4952/4952
f 4949/4949 4515/4515 4950/4950
f 4948/4948 4511/4511 4513/4513
f 4944/4944 4510/4510 4945/4945
f 4942/4942 4508/4508 4943/4943
f 4814/4814 4954/4954 4519/4519
f 4952/4952 4518/4518 4953/4953
f 4951/4951 4515/4515 4516/4516
f 4949/4949 4513/4513 4514/4514
f 4945/4945 4512/4512 4946/4946
f 4380/4380 4941/4941 4505/4505
f 4941/4941 4501/4501 4505/4505
f 4927/4927 4496/4496 4501/4501
f 4913/4913 4492/4492 4496/4496
f 4492/4492 4885/4885 4488/4488
f 4488/4488 4871/4871 4484/4484
f 4484/4484 4857/4857 4480/4480
f 4857/4857 4476/4476 4480/4480
f 4476/4476 4829/4829 4472/4472
f 4829/4829 4468/4468 4472/4472
f 4815/4815 4464/4464 4468/4468
f 4800/4800 4460/4460 4464/4464
f 4460/4460 4772/4772 4456/4456
f 4456/4456 4758/4758 4452/4452
f 4452/4452 4744/4744 4448/4448
f 4744/4744 4444/4444 4448/4448
f 4444/4444 4716/4716 4440/4440
f 4716/4716 4436/4436 4440/4440
f 4702/4702 4432/4432 4436/4436
f 4688/4688 4428/4428 4432/4432
f 4428/4428 4660/4660 4424/4424
f 4424/4424 4646/4646 4420/4420
f 4420/4420 4632/4632 4416/4416
f 4632/4632 4412/4412 4416/4416
f 4412/4412 4604/4604 4408/4408
f 4604/4604 4404/4404 4408/4408
f 4590/4590 4400/4400 4404/4404
f 4576/4576 4396/4396 4400/4400
f 4396/4396 4548/4548 4392/4392
f 4392/4392 4534/4534 4388/4388
f 4388/4388 4520/4520 4384/4384
f 4520/4520 4380/4380 4384/4384
f 4/4 3/3 2/2
f 8/8 7/7 6/6
f 9/9 12/12 11/11
f 13/13 24/24 15/15
f 28/28 27/27 26/26
f 32/32 31/31 30/30
f 33/33 36/36 35/35
f 17/17 18/18 19/19
f 21/21 22/22 23/23
f 37/37 40/40 39/39
f 44/44 43/43 42/42
f 48/48 47/47 46/46
f 49/49 52/52 51/51
f 56/56 55/55 54/54
f 25/25 26/26 58/58
f 62/62 61/61 60/60
f 63/63 5/5 6/6
f 68/68 67/67 66/66
f 72/72 71/71 70/70
f 73/73 76/76 75/75
f 77/77 80/80 79/79
f 55/55 83/83 82/82
f 84/84 87/87 86/86
f 92/92 91/91 90/90
f 96/96 95/95 94/94
f 97/97 100/100 99/99
f 102/102 101/101 30/30
f 104/104 108/108 107/107
f 109/109 111/111 32/32
f 116/116 119/119 118/118
f 123/123 122/122 121/121
f 124/124 98/98 126/126
f 134/134 133/133 132/132
f 140/140 102/102 56/56
f 136/136 135/135 119/119
f 141/141 144/144 143/143
f 148/148 147/147 146/146
f 151/151 142/142 150/150
f 108/108 104/104 156/156
f 163/163 162/162 161/161
f 166/166 118/118 165/165
f 171/171 174/174 173/173
f 178/178 181/181 180/180
f 186/186 189/189 188/188
f 191/191 134/134 131/131
f 198/198 201/201 200/200
f 205/205 204/204 203/203
f 194/194 207/207 206/206
f 92/92 89/89 208/208
f 88/88 230/230 39/39
f 93/93 176/176 238/238
f 242/242 241/241 221/221
f 244/244 246/246 54/54
f 250/250 249/249 248/248
f 252/252 87/87 221/221
f 106/106 256/256 255/255
f 257/257 260/260 259/259
f 52/52 49/49 262/262
f 266/266 265/265 241/241
f 177/177 175/175 59/59
f 272/272 271/271 270/270
f 277/277 276/276 275/275
f 280/280 211/211 203/203
f 133/133 134/134 88/88
f 281/281 282/282 167/167
f 140/140 108/108 101/101
f 304/304 303/303 162/162
f 230/230 254/254 38/38
f 310/310 155/155 152/152
f 302/302 301/301 300/300
f 233/233 231/231 317/317
f 152/152 222/222 232/232
f 43/43 44/44 299/299
f 104/104 105/105 307/307
f 335/335 81/81 82/82
f 338/338 341/341 340/340
f 346/346 349/349 348/348
f 345/345 344/344 343/343
f 353/353 27/27 28/28
f 354/354 244/244 245/245
f 356/356 117/117 358/358
f 175/175 362/362 361/361
f 155/155 154/154 153/153
f 201/201 218/218 97/97
f 368/368 367/367 157/157
f 369/369 287/287 371/371
f 373/373 372/372 3/3
f 276/276 277/277 376/376
f 377/377 119/119 379/379
f 381/381 251/251 221/221
f 69/69 273/273 387/387
f 395/395 398/398 397/397
f 195/195 210/210 401/401
f 404/404 113/113 403/403
f 1/1 346/346 347/347
f 269/269 268/268 123/123
f 246/246 334/334 53/53
f 348/348 374/374 405/405
f 407/407 406/406 376/376
f 391/391 390/390 184/184
f 409/409 379/379 119/119
f 411/411 173/173 174/174
f 99/99 293/293 294/294
f 418/418 357/357 358/358
f 370/370 380/380 349/349
f 58/58 196/196 258/258
f 132/132 133/133 421/421
f 347/347 348/348 341/341
f 346/346 1/1 369/369
f 405/405 382/382 393/393
f 427/427 418/418 426/426
f 428/428 431/431 430/430
f 180/180 441/441 440/440
f 257/257 445/445 173/173
f 216/216 177/177 60/60
f 229/229 204/204 205/205
f 267/267 123/123 120/120
f 273/273 274/274 450/450
f 46/46 452/452 75/75
f 69/69 70/70 274/274
f 458/458 457/457 456/456
f 380/380 345/345 342/342
f 472/472 475/475 474/474
f 479/479 478/478 477/477
f 483/483 486/486 485/485
f 462/462 461/461 460/460
f 492/492 491/491 490/490
f 212/212 213/213 214/214
f 502/502 409/409 135/135
f 508/508 507/507 501/501
f 503/503 231/231 222/222
f 197/197 26/26 27/27
f 181/181 360/360 441/441
f 155/155 310/310 522/522
f 523/523 216/216 217/217
f 436/436 438/438 437/437
f 532/532 502/502 534/534
f 321/321 509/509 283/283
f 191/191 524/524 254/254
f 375/375 376/376 406/406
f 522/522 182/182 183/183
f 353/353 109/109 110/110
f 561/561 560/560 559/559
f 549/549 551/551 550/550
f 233/233 252/252 251/251
f 574/574 577/577 576/576
f 533/533 534/534 579/579
f 493/493 146/146 147/147
f 590/590 609/609 608/608
f 468/468 471/471 470/470
f 630/630 633/633 632/632
f 574/574 575/575 673/673
f 552/552 553/553 635/635
f 712/712 238/238 176/176
f 698/698 708/708 700/700
f 676/676 562/562 563/563
f 336/336 64/64 240/240
f 153/153 223/223 222/222
f 120/120 121/121 90/90
f 682/682 689/689 688/688
f 562/562 565/565 564/564
f 282/282 281/281 391/391
f 614/614 615/615 709/709
f 717/717 720/720 719/719
f 735/735 456/456 486/486
f 739/739 470/470 471/471
f 737/737 743/743 742/742
f 744/744 486/486 456/456
f 748/748 747/747 3675/3675
f 739/739 740/740 478/478
f 482/482 464/464 465/465
f 464/464 750/750 749/749
f 753/753 458/458 455/455
f 751/751 754/754 476/476
f 474/474 475/475 755/755
f 754/754 756/756 479/479
f 485/485 486/486 744/744
f 485/485 737/737 741/741
f 129/129 387/387 764/764
f 317/317 231/231 777/777
f 157/157 509/509 47/47
f 359/359 28/28 25/25
f 714/714 715/715 556/556
f 86/86 294/294 293/293
f 235/235 110/110 506/506
f 780/780 718/718 786/786
f 797/797 795/795 788/788
f 796/796 788/788 803/803
f 298/298 295/295 437/437
f 795/795 790/790 789/789
f 809/809 810/810 808/808
f 710/710 709/709 491/491
f 266/266 417/417 414/414
f 859/859 862/862 861/861
f 864/864 863/863 859/859
f 211/211 210/210 209/209
f 886/886 885/885 884/884
f 445/445 196/196 197/197
f 878/878 862/862 810/810
f 883/883 880/880 860/860
f 367/367 283/283 509/509
f 903/903 929/929 928/928
f 926/926 927/927 931/931
f 3391/3391 724/724 723/723
f 880/880 879/879 866/866
f 217/217 60/60 61/61
f 174/174 435/435 432/432
f 789/789 932/932 927/927
f 934/934 940/940 942/942
f 907/907 930/930 945/945
f 865/865 859/859 860/860
f 905/905 907/907 946/946
f 333/333 332/332 331/331
f 945/945 944/944 951/951
f 948/948 951/951 950/950
f 952/952 948/948 949/949
f 943/943 941/941 961/961
f 326/326 327/327 328/328
f 972/972 973/973 807/807
f 790/790 795/795 976/976
f 987/987 981/981 982/982
f 992/992 806/806 807/807
f 991/991 989/989 987/987
f 286/286 285/285 284/284
f 887/887 888/888 900/900
f 997/997 1000/1000 999/999
f 1012/1012 1001/1001 997/997
f 1038/1038 1037/1037 1024/1024
f 1040/1040 1038/1038 1023/1023
f 1021/1021 997/997 998/998
f 1079/1079 1071/1071 1074/1074
f 1093/1093 1103/1103 1095/1095
f 996/996 995/995 994/994
f 861/861 877/877 884/884
f 796/796 1093/1093 1104/1104
f 1071/1071 928/928 929/929
f 504/504 332/332 159/159
f 138/138 137/137 77/77
f 1110/1110 1112/1112 1107/1107
f 1079/1079 1110/1110 1103/1103
f 802/802 1103/1103 1093/1093
f 1122/1122 1120/1120 1125/1125
f 1053/1053 1121/1121 1126/1126
f 1125/1125 1120/1120 1063/1063
f 1086/1086 1074/1074 1091/1091
f 1129/1129 1128/1128 1131/1131
f 1128/1128 905/905 947/947
f 3337/3337 3370/3370 453/453
f 1121/1121 1124/1124 1127/1127
f 1131/1131 947/947 1138/1138
f 1139/1139 1137/1137 1144/1144
f 1122/1122 1146/1146 1151/1151
f 1091/1091 1092/1092 1129/1129
f 1158/1158 1130/1130 1139/1139
f 1159/1159 1158/1158 1152/1152
f 1046/1046 1126/1126 1039/1039
f 1000/1000 1166/1166 1169/1169
f 1137/1137 1138/1138 1145/1145
f 1170/1170 1159/1159 1160/1160
f 1158/1158 1171/1171 1151/1151
f 1176/1176 1040/1040 1127/1127
f 1038/1038 1040/1040 1176/1176
f 3692/3692 827/827 823/823
f 1178/1178 1177/1177 1170/1170
f 1177/1177 1176/1176 1159/1159
f 1193/1193 1037/1037 1178/1178
f 1037/1037 1038/1038 1177/1177
f 1200/1200 1193/1193 1192/1192
f 655/655 679/679 678/678
f 1194/1194 1192/1192 1001/1001
f 1192/1192 1178/1178 1011/1011
f 1201/1201 994/994 995/995
f 1218/1218 1217/1217 1209/1209
f 1206/1206 1205/1205 1204/1204
f 827/827 1218/1218 1208/1208
f 823/823 1208/1208 1219/1219
f 1208/1208 1209/1209 1220/1220
f 1876/1876 3627/3627 225/225
f 2044/2044 2052/2052 489/489
f 3781/3781 3731/3731 2079/2079
f 57/57 58/58 315/315
f 202/202 203/203 209/209
f 3730/3730 1205/1205 1206/1206
f 1043/1043 1024/1024 1292/1292
f 1293/1293 1292/1292 1203/1203
f 1037/1037 1193/1193 1292/1292
f 1219/1219 1220/1220 1298/1298
f 1265/1265 1209/1209 1217/1217
f 1303/1303 1296/1296 1305/1305
f 1296/1296 1298/1298 1306/1306
f 1307/1307 1298/1298 1220/1220
f 1308/1308 1306/1306 1298/1298
f 1309/1309 1308/1308 1307/1307
f 1310/1310 1307/1307 1269/1269
f 3724/3724 3723/3723 1311/1311
f 1313/1313 1314/1314 1308/1308
f 3723/3723 3721/3721 1270/1270
f 1315/1315 1316/1316 1314/1314
f 3728/3728 1315/1315 1313/1313
f 3720/3720 1313/1313 1309/1309
f 886/886 878/878 809/809
f 885/885 886/886 1319/1319
f 845/845 1322/1322 1321/1321
f 1321/1321 1319/1319 809/809
f 1323/1323 1321/1321 805/805
f 1322/1322 1320/1320 1319/1319
f 3701/3701 1303/1303 1304/1304
f 846/846 1324/1324 1322/1322
f 1324/1324 1325/1325 1320/1320
f 3695/3695 858/858 1303/1303
f 818/818 1328/1328 992/992
f 1329/1329 1330/1330 1304/1304
f 1334/1334 1329/1329 1305/1305
f 1314/1314 1334/1334 1306/1306
f 1337/1337 1335/1335 3691/3691
f 514/514 515/515 516/516
f 518/518 519/519 520/520
f 1338/1338 1336/1336 1335/1335
f 525/525 526/526 527/527
f 1333/1333 1334/1334 1314/1314
f 1336/1336 1320/1320 1325/1325
f 1335/1335 1325/1325 3700/3700
f 1339/1339 890/890 883/883
f 543/543 544/544 545/545
f 1340/1340 889/889 890/890
f 1339/1339 884/884 885/885
f 1340/1340 1339/1339 1341/1341
f 1341/1341 885/885 1320/1320
f 1344/1344 900/900 888/888
f 366/366 363/363 635/635
f 1354/1354 908/908 953/953
f 570/570 571/571 572/572
f 1356/1356 1355/1355 1354/1354
f 1357/1357 1354/1354 949/949
f 581/581 582/582 583/583
f 584/584 585/585 586/586
f 1358/1358 1357/1357 950/950
f 592/592 593/593 594/594
f 596/596 514/514 513/513
f 598/598 599/599 600/600
f 601/601 602/602 21/21
f 604/604 605/605 606/606
f 1363/1363 1356/1356 1357/1357
f 1364/1364 1363/1363 1358/1358
f 1366/1366 967/967 900/900
f 1368/1368 1369/1369 1140/1140
f 620/620 621/621 622/622
f 910/910 1370/1370 1368/1368
f 625/625 626/626 627/627
f 909/909 1368/1368 1144/1144
f 1370/1370 1371/1371 1369/1369
f 1377/1377 1332/1332 1331/1331
f 1378/1378 1372/1372 1381/1381
f 636/636 637/637 638/638
f 593/593 640/640 641/641
f 643/643 644/644 645/645
f 546/546 647/647 570/570
f 649/649 650/650 651/651
f 1379/1379 1377/1377 1372/1372
f 1384/1384 1382/1382 3677/3677
f 1383/1383 1338/1338 1337/1337
f 1382/1382 1337/1337 3696/3696
f 1385/1385 1383/1383 1382/1382
f 1352/1352 889/889 1340/1340
f 661/661 662/662 663/663
f 1351/1351 1352/1352 1386/1386
f 1386/1386 1340/1340 1342/1342
f 669/669 670/670 671/671
f 1387/1387 1386/1386 1388/1388
f 518/518 674/674 675/675
f 1388/1388 1342/1342 1338/1338
f 683/683 684/684 685/685
f 3529/3529 1558/1558 1726/1726
f 684/684 683/683 695/695
f 1070/1070 3612/3612 3620/3620
f 701/701 702/702 520/520
f 705/705 706/706 707/707
f 688/688 1611/1611 3413/3413
f 15/15 1393/1393 1390/1390
f 1393/1393 1392/1392 1391/1391
f 1617/1617 1618/1618 3412/3412
f 1403/1403 1401/1401 1398/1398
f 1401/1401 1400/1400 1399/1399
f 1390/1390 1391/1391 1397/1397
f 1406/1406 1395/1395 1396/1396
f 725/725 726/726 727/727
f 1396/1396 1397/1397 1405/1405
f 731/731 732/732 733/733
f 1402/1402 1398/1398 1369/1369
f 1410/1410 1409/1409 1408/1408
f 1411/1411 1412/1412 1410/1410
f 3727/3727 1411/1411 1407/1407
f 1381/1381 1333/1333 1409/1409
f 1380/1380 1381/1381 1410/1410
f 2116/2116 1642/1642 459/459
f 757/757 758/758 759/759
f 760/760 761/761 762/762
f 1635/1635 1652/1652 1765/1765
f 3726/3726 1415/1415 1315/1315
f 769/769 770/770 771/771
f 728/728 772/772 773/773
f 636/636 774/774 775/775
f 1419/1419 1422/1422 1421/1421
f 1418/1418 1333/1333 1316/1316
f 594/594 675/675 782/782
f 3698/3698 3683/3683 682/682
f 1318/1318 1021/1021 1022/1022
f 995/995 996/996 1423/1423
f 791/791 792/792 793/793
f 2062/2062 3682/3682 3684/3684
f 799/799 800/800 801/801
f 1430/1430 1427/1427 1169/1169
f 1431/1431 1432/1432 1429/1429
f 1157/1157 1140/1140 1432/1432
f 812/812 792/792 813/813
f 815/815 816/816 817/817
f 1431/1431 1430/1430 1165/1165
f 1433/1433 1434/1434 1408/1408
f 820/820 684/684 696/696
f 1417/1417 1434/1434 1433/1433
f 583/583 824/824 825/825
f 1201/1201 1414/1414 3716/3716
f 831/831 832/832 833/833
f 835/835 727/727 836/836
f 838/838 839/839 840/840
f 841/841 842/842 843/843
f 994/994 1201/1201 3722/3722
f 847/847 660/660 848/848
f 850/850 851/851 852/852
f 854/854 855/855 856/856
f 1439/1439 1397/1397 1391/1391
f 1425/1425 1439/1439 1438/1438
f 867/867 868/868 869/869
f 768/768 771/771 872/872
f 874/874 875/875 876/876
f 1424/1424 1438/1438 1202/1202
f 881/881 882/882 514/514
f 1429/1429 1441/1441 1440/1440
f 1822/1822 3377/3377 3374/3374
f 891/891 892/892 893/893
f 896/896 897/897 898/898
f 1809/1809 3379/3379 3381/3381
f 901/901 902/902 875/875
f 1442/1442 1399/1399 1400/1400
f 906/906 648/648 651/651
f 1444/1444 550/550 551/551
f 261/261 1446/1446 80/80
f 911/911 912/912 913/913
f 914/914 915/915 598/598
f 916/916 669/669 672/672
f 918/918 643/643 646/646
f 1447/1447 262/262 114/114
f 921/921 922/922 815/815
f 312/312 313/313 499/499
f 1808/1808 3384/3384 3379/3379
f 80/80 1446/1446 1447/1447
f 1450/1450 1453/1453 1451/1451
f 1716/1716 1717/1717 3376/3376
f 355/355 1455/1455 1454/1454
f 451/451 75/75 76/76
f 109/109 353/353 352/352
f 906/906 585/585 937/937
f 1440/1440 1405/1405 1397/1397
f 1668/1668 1549/1549 1546/1546
f 111/111 109/109 1457/1457
f 263/263 1458/1458 494/494
f 501/501 507/507 181/181
f 335/335 1457/1457 1455/1455
f 53/53 334/334 291/291
f 1462/1462 1460/1460 260/260
f 259/259 260/260 1460/1460
f 954/954 955/955 956/956
f 1637/1637 1613/1613 1652/1652
f 3713/3713 1641/1641 1766/1766
f 545/545 962/962 647/647
f 963/963 921/921 964/964
f 1407/1407 1408/1408 3716/3716
f 411/411 1461/1461 260/260
f 969/969 970/970 971/971
f 1453/1453 1450/1450 408/408
f 271/271 272/272 301/301
f 977/977 848/848 660/660
f 978/978 22/22 979/979
f 1465/1465 408/408 34/34
f 1467/1467 1469/1469 1468/1468
f 350/350 351/351 1469/1469
f 1467/1467 1449/1449 199/199
f 919/919 985/985 986/986
f 262/262 1447/1447 1446/1446
f 62/62 59/59 534/534
f 990/990 725/725 773/773
f 357/357 418/418 427/427
f 236/236 27/27 353/353
f 1629/1629 3403/3403 3405/3405
f 201/201 198/198 1471/1471
f 378/378 379/379 416/416
f 417/417 266/266 242/242
f 153/153 510/510 511/511
f 96/96 238/238 41/41
f 1002/1002 1003/1003 592/592
f 1006/1006 1007/1007 1008/1008
f 919/919 646/646 1010/1010
f 37/37 38/38 578/578
f 1013/1013 760/760 763/763
f 686/686 685/685 1015/1015
f 1017/1017 1018/1018 1019/1019
f 352/352 28/28 359/359
f 179/179 1481/1481 467/467
f 66/66 1450/1450 529/529
f 1026/1026 584/584 587/587
f 597/597 847/847 849/849
f 840/840 1027/1027 1028/1028
f 985/985 1029/1029 1030/1030
f 733/733 1032/1032 1033/1033
f 1034/1034 1035/1035 1036/1036
f 285/285 280/280 1483/1483
f 280/280 204/204 1482/1482
f 284/284 1483/1483 1484/1484
f 323/323 1468/1468 1469/1469
f 298/298 442/442 443/443
f 96/96 40/40 37/37
f 452/452 1485/1485 74/74
f 322/322 323/323 1485/1485
f 619/619 1044/1044 1045/1045
f 1448/1448 1488/1488 1487/1487
f 198/198 1448/1448 1489/1489
f 1047/1047 1048/1048 1049/1049
f 922/922 921/921 1050/1050
f 896/896 913/913 1052/1052
f 430/430 1490/1490 1491/1491
f 149/149 150/150 1475/1475
f 1490/1490 154/154 5/5
f 361/361 579/579 534/534
f 770/770 570/570 647/647
f 1054/1054 838/838 837/837
f 1369/1369 1398/1398 1399/1399
f 1057/1057 1058/1058 1059/1059
f 521/521 510/510 1490/1490
f 17/17 1060/1060 1061/1061
f 264/264 1493/1493 1492/1492
f 674/674 696/696 782/782
f 1067/1067 1007/1007 1006/1006
f 1069/1069 775/775 774/774
f 1494/1494 386/386 129/129
f 645/645 644/644 1072/1072
f 65/65 434/434 435/435
f 1076/1076 1077/1077 1078/1078
f 34/34 35/35 1497/1497
f 1081/1081 1082/1082 1083/1083
f 832/832 1084/1084 1085/1085
f 1343/1343 888/888 889/889
f 283/283 367/367 401/401
f 308/308 1497/1497 506/506
f 529/529 1451/1451 1494/1494
f 1466/1466 1497/1497 308/308
f 1087/1087 1088/1088 1089/1089
f 1500/1500 1498/1498 450/450
f 512/512 431/431 1498/1498
f 814/814 817/817 1097/1097
f 1099/1099 1100/1100 1101/1101
f 596/596 1102/1102 1018/1018
f 915/915 773/773 599/599
f 268/268 270/270 122/122
f 1645/1645 3418/3418 3394/3394
f 185/185 182/182 1502/1502
f 223/223 511/511 1501/1501
f 544/544 1014/1014 962/962
f 355/355 245/245 81/81
f 182/182 522/522 310/310
f 1769/1769 745/745 3441/3441
f 3791/3791 1824/1824 3385/3385
f 1109/1109 963/963 965/965
f 200/200 97/97 98/98
f 1111/1111 1010/1010 646/646
f 1454/1454 508/508 76/76
f 419/419 125/125 1503/1503
f 1114/1114 1115/1115 895/895
f 164/164 426/426 418/418
f 1116/1116 1117/1117 1118/1118
f 537/537 92/92 50/50
f 1478/1478 1480/1480 1479/1479
f 814/814 1096/1096 964/964
f 1504/1504 503/503 278/278
f 1505/1505 777/777 231/231
f 125/125 126/126 1505/1505
f 496/496 351/351 249/249
f 410/410 319/319 320/320
f 1133/1133 1134/1134 1135/1135
f 571/571 1081/1081 1080/1080
f 591/591 1136/1136 1004/1004
f 296/296 1507/1507 1506/1506
f 354/354 1454/1454 73/73
f 65/65 66/66 190/190
f 684/684 820/820 1089/1089
f 3744/3744 610/610 3395/3395
f 1141/1141 703/703 641/641
f 1142/1142 1143/1143 838/838
f 1147/1147 1148/1148 1149/1149
f 210/210 195/195 192/192
f 1154/1154 1155/1155 1156/1156
f 362/362 175/175 93/93
f 85/85 100/100 219/219
f 1161/1161 1162/1162 1163/1163
f 164/164 165/165 1478/1478
f 1445/1445 80/80 77/77
f 1067/1067 1167/1167 1168/1168
f 384/384 385/385 343/343
f 516/516 515/515 1173/1173
f 1174/1174 1175/1175 1003/1003
f 590/590 607/607 681/681
f 1179/1179 1180/1180 1181/1181
f 1182/1182 1183/1183 513/513
f 1184/1184 1185/1185 847/847
f 894/894 893/893 669/669
f 1441/1441 1400/1400 1405/1405
f 1006/1006 1005/1005 1136/1136
f 1186/1186 1187/1187 1188/1188
f 3725/3725 1417/1417 1415/1415
f 824/824 1190/1190 1191/1191
f 413/413 185/185 265/265
f 1195/1195 1196/1196 1197/1197
f 18/18 1198/1198 1199/1199
f 862/862 878/878 877/877
f 1480/1480 1478/1478 165/165
f 1164/1164 1163/1163 1207/1207
f 339/339 340/340 538/538
f 1048/1048 1210/1210 1211/1211
f 1212/1212 1213/1213 1214/1214
f 1196/1196 1161/1161 1164/1164
f 1471/1471 1489/1489 1473/1473
f 919/919 1009/1009 1216/1216
f 1517/1517 1491/1491 5/5
f 1514/1514 1515/1515 384/384
f 394/394 1517/1517 63/63
f 1222/1222 1223/1223 1224/1224
f 134/134 191/191 230/230
f 1226/1226 1044/1044 619/619
f 830/830 1227/1227 1228/1228
f 1229/1229 1142/1142 1054/1054
f 53/53 124/124 125/125
f 433/433 420/420 540/540
f 1162/1162 1147/1147 1150/1150
f 1231/1231 1047/1047 811/811
f 422/422 395/395 372/372
f 424/424 340/340 341/341
f 339/339 422/422 373/373
f 243/243 116/116 1444/1444
f 385/385 374/374 342/342
f 1479/1479 1480/1480 1511/1511
f 1519/1519 400/400 368/368
f 105/105 255/255 306/306
f 277/277 1475/1475 1474/1474
f 385/385 384/384 383/383
f 194/194 195/195 400/400
f 407/407 398/398 395/395
f 1221/1221 1232/1232 1233/1233
f 3/3 1520/1520 289/289
f 1234/1234 1235/1235 1236/1236
f 393/393 394/394 337/337
f 935/935 934/934 933/933
f 452/452 46/46 47/47
f 1073/1073 1072/1072 671/671
f 419/419 139/139 56/56
f 876/876 1239/1239 1240/1240
f 1242/1242 705/705 1243/1243
f 413/413 414/414 319/319
f 33/33 171/171 172/172
f 16/16 19/19 1162/1162
f 1231/1231 1143/1143 1048/1048
f 1163/1163 1150/1150 1244/1244
f 1211/1211 1245/1245 1246/1246
f 1247/1247 526/526 525/525
f 553/553 552/552 453/453
f 1248/1248 772/772 728/728
f 856/856 1229/1229 1230/1230
f 308/308 29/29 156/156
f 427/427 1477/1477 493/493
f 1250/1250 1251/1251 844/844
f 608/608 609/609 615/615
f 1252/1252 1249/1249 1114/1114
f 557/557 556/556 555/555
f 1444/1444 116/116 117/117
f 316/316 317/317 535/535
f 1254/1254 1085/1085 1084/1084
f 1486/1486 324/324 321/321
f 1256/1256 1253/1253 1114/1114
f 163/163 160/160 1514/1514
f 1451/1451 69/69 386/386
f 1518/1518 1522/1522 1523/1523
f 1257/1257 836/836 1181/1181
f 1030/1030 1252/1252 1253/1253
f 758/758 757/757 591/591
f 697/697 567/567 3435/3435
f 243/243 217/217 136/136
f 4/4 347/347 338/338
f 693/693 692/692 691/691
f 712/712 44/44 41/41
f 253/253 127/127 1524/1524
f 769/769 1261/1261 1262/1262
f 70/70 306/306 255/255
f 393/393 276/276 375/375
f 1153/1153 1156/1156 1215/1215
f 1198/1198 1234/1234 1264/1264
f 1195/1195 16/16 1161/1161
f 288/288 1479/1479 344/344
f 764/764 449/449 1499/1499
f 1156/1156 1155/1155 1266/1266
f 1244/1244 1267/1267 1232/1232
f 1527/1527 1499/1499 428/428
f 128/128 764/764 1527/1527
f 1524/1524 1525/1525 161/161
f 103/103 106/106 105/105
f 1272/1272 1257/1257 1273/1273
f 1428/1428 1440/1440 1439/1439
f 1481/1481 179/179 497/497
f 1274/1274 1275/1275 1276/1276
f 1279/1279 1280/1280 1281/1281
f 167/167 446/446 1493/1493
f 1493/1493 446/446 192/192
f 1282/1282 1241/1241 1283/1283
f 852/852 1285/1285 1286/1286
f 3703/3703 823/823 858/858
f 1278/1278 1281/1281 844/844
f 1017/1017 1250/1250 843/843
f 1525/1525 1527/1527 389/389
f 576/576 1537/1537 1536/1536
f 575/575 1536/1536 1065/1065
f 1542/1542 1545/1545 1544/1544
f 1171/1171 1127/1127 1124/1124
f 694/694 566/566 567/567
f 277/277 397/397 398/398
f 933/933 934/934 941/941
f 1555/1555 1553/1553 1550/1550
f 1546/1546 1549/1549 1548/1548
f 1553/1553 1552/1552 1551/1551
f 3752/3752 925/925 924/924
f 1561/1561 1560/1560 1559/1559
f 1565/1565 1564/1564 1563/1563
f 1365/1365 1358/1358 959/959
f 1550/1550 1551/1551 1557/1557
f 1571/1571 1570/1570 1569/1569
f 290/290 249/249 351/351
f 539/539 540/540 268/268
f 1588/1588 1587/1587 3681/3681
f 839/839 791/791 798/798
f 1055/1055 837/837 1294/1294
f 1516/1516 429/429 1491/1491
f 560/560 561/561 664/664
f 752/752 455/455 756/756
f 957/957 1256/1256 898/898
f 394/394 393/393 382/382
f 1031/1031 1297/1297 730/730
f 1605/1605 1606/1606 1604/1604
f 912/912 1240/1240 1059/1059
f 1044/1044 1299/1299 1300/1300
f 1501/1501 1500/1500 256/256
f 581/581 1301/1301 627/627
f 461/461 741/741 742/742
f 1603/1603 680/680 3698/3698
f 1605/1605 1603/1603 3709/3709
f 903/903 926/926 930/930
f 92/92 537/537 536/536
f 510/510 521/521 512/512
f 435/435 434/434 433/433
f 829/829 819/819 828/828
f 470/470 739/739 735/735
f 1607/1607 740/740 471/471
f 303/303 416/416 1528/1528
f 454/454 453/453 3370/3370
f 3370/3370 1326/1326 1327/1327
f 226/226 229/229 228/228
f 182/182 185/185 184/184
f 145/145 146/146 144/144
f 223/223 279/279 278/278
f 1513/1513 1514/1514 1512/1512
f 740/740 1607/1607 1609/1609
f 3699/3699 1608/1608 1610/1610
f 808/808 807/807 806/806
f 48/48 159/159 158/158
f 1622/1622 1621/1621 1620/1620
f 279/279 103/103 107/107
f 652/652 655/655 654/654
f 618/618 629/629 624/624
f 541/541 548/548 547/547
f 110/110 32/32 29/29
f 482/482 474/474 481/481
f 3421/3421 1613/1613 1612/1612
f 566/566 573/573 568/568
f 374/374 385/385 382/382
f 1347/1347 1348/1348 1349/1349
f 1523/1523 1522/1522 425/425
f 932/932 933/933 931/931
f 3400/3400 3435/3435 567/567
f 1619/1619 1620/1620 1626/1626
f 1360/1360 1361/1361 1362/1362
f 1619/1619 1624/1624 1623/1623
f 1630/1630 1629/1629 1628/1628
f 1585/1585 1586/1586 1632/1632
f 1373/1373 1374/1374 1375/1375
f 1636/1636 1635/1635 1634/1634
f 1574/1574 1638/1638 1636/1636
f 1638/1638 1637/1637 1635/1635
f 1587/1587 1640/1640 3678/3678
f 524/524 191/191 190/190
f 783/783 717/717 718/718
f 390/390 240/240 183/183
f 61/61 62/62 135/135
f 3396/3396 1616/1616 1615/1615
f 392/392 151/151 149/149
f 613/613 612/612 611/611
f 451/451 467/467 45/45
f 738/738 737/737 485/485
f 776/776 767/767 766/766
f 396/396 397/397 1474/1474
f 332/332 333/333 158/158
f 1653/1653 1618/1618 1617/1617
f 1651/1651 1646/1646 1653/1653
f 3426/3426 1652/1652 1613/1613
f 3788/3788 1663/1663 1662/1662
f 318/318 535/535 294/294
f 3783/3783 3788/3788 1661/1661
f 3786/3786 3785/3785 1657/1657
f 1658/1658 1650/1650 3794/3794
f 1518/1518 396/396 1521/1521
f 1104/1104 1093/1093 1094/1094
f 390/390 391/391 281/281
f 1665/1665 1661/1661 1666/1666
f 1666/1666 1661/1661 1560/1560
f 1668/1668 1665/1665 1667/1667
f 1673/1673 1671/1671 1670/1670
f 3786/3786 3782/3782 1668/1668
f 1663/1663 1670/1670 1538/1538
f 1675/1675 1673/1673 1672/1672
f 1520/1520 1523/1523 1510/1510
f 1681/1681 1680/1680 1679/1679
f 1301/1301 581/581 580/580
f 400/400 401/401 367/367
f 953/953 1145/1145 1138/1138
f 160/160 161/161 389/389
f 1532/1532 666/666 1066/1066
f 1533/1533 665/665 666/666
f 729/729 630/630 631/631
f 1689/1689 1683/1683 1682/1682
f 1555/1555 1543/1543 1688/1688
f 1688/1688 1682/1682 1552/1552
f 1350/1350 1344/1344 1343/1343
f 1691/1691 1690/1690 1671/1671
f 1683/1683 1689/1689 1690/1690
f 1681/1681 1683/1683 1691/1691
f 1680/1680 1681/1681 1692/1692
f 1693/1693 1692/1692 1675/1675
f 1694/1694 1696/1696 1695/1695
f 1692/1692 1691/1691 1673/1673
f 1622/1622 1623/1623 1700/1700
f 1701/1701 1624/1624 1699/1699
f 1697/1697 1698/1698 1696/1696
f 1624/1624 1619/1619 1625/1625
f 1624/1624 1701/1701 1703/1703
f 1684/1684 1685/1685 1705/1705
f 1552/1552 1684/1684 1704/1704
f 1551/1551 1704/1704 1706/1706
f 1704/1704 1705/1705 1707/1707
f 1618/1618 1647/1647 3407/3407
f 3177/3177 1719/1719 3415/3415
f 1160/1160 1152/1152 1157/1157
f 1623/1623 1703/1703 1708/1708
f 1700/1700 1708/1708 1698/1698
f 1705/1705 1701/1701 1702/1702
f 1685/1685 1703/1703 1701/1701
f 1092/1092 904/904 1128/1128
f 1850/1850 3432/3432 3418/3418
f 1679/1679 1708/1708 1703/1703
f 1680/1680 1698/1698 1708/1708
f 1709/1709 1677/1677 1660/1660
f 1656/1656 1695/1695 1709/1709
f 1126/1126 1127/1127 1040/1040
f 1710/1710 1711/1711 1629/1629
f 1654/1654 1617/1617 1711/1711
f 941/941 942/942 966/966
f 1729/1729 1728/1728 1727/1727
f 1725/1725 1555/1555 1554/1554
f 1690/1690 1718/1718 1540/1540
f 1540/1540 1736/1736 1733/1733
f 3795/3795 1731/1731 1730/1730
f 1723/1723 1731/1731 3795/3795
f 1736/1736 1735/1735 1734/1734
f 3628/3628 3629/3629 1658/1658
f 984/984 1104/1104 1105/1105
f 1733/1733 1734/1734 1730/1730
f 967/967 1366/1366 1365/1365
f 1539/1539 1733/1733 1731/1731
f 1742/1742 1741/1741 1740/1740
f 1558/1558 1559/1559 1729/1729
f 623/623 1835/1835 3762/3762
f 3795/3795 3796/3796 1728/1728
f 1752/1752 1751/1751 1748/1748
f 3796/3796 3787/3787 1757/1757
f 3382/3382 3389/3389 3639/3639
f 1761/1761 1824/1824 3791/3791
f 1747/1747 1749/1749 1753/1753
f 1752/1752 1753/1753 1754/1754
f 3639/3639 3638/3638 1634/1634
f 1545/1545 1542/1542 1742/1742
f 1730/1730 1756/1756 3787/3787
f 1760/1760 1758/1758 1757/1757
f 1727/1727 1728/1728 1757/1757
f 1734/1734 1755/1755 1756/1756
f 498/498 504/504 505/505
f 1755/1755 1762/1762 1761/1761
f 1759/1759 1757/1757 3787/3787
f 1753/1753 1764/1764 1763/1763
f 3403/3403 1629/1629 1711/1711
f 475/475 1767/1767 1766/1766
f 3676/3676 3711/3711 1601/1601
f 3704/3704 3711/3711 1769/1769
f 475/475 472/472 1601/1601
f 1649/1649 1650/1650 3636/3636
f 477/477 478/478 1609/1609
f 3706/3706 1772/1772 1775/1775
f 3705/3705 1770/1770 1609/1609
f 3706/3706 1771/1771 1770/1770
f 1771/1771 1768/1768 477/477
f 1602/1602 1768/1768 747/747
f 455/455 456/456 735/735
f 747/747 1774/1774 3690/3690
f 3689/3689 1775/1775 3693/3693
f 1768/1768 1771/1771 1774/1774
f 3704/3704 1614/1614 1612/1612
f 659/659 656/656 3411/3411
f 1773/1773 1610/1610 1781/1781
f 1780/1780 1781/1781 3688/3688
f 1783/1783 1781/1781 1610/1610
f 1786/1786 1808/1808 1809/1809
f 1627/1627 1628/1628 1621/1621
f 1738/1738 1739/1739 1807/1807
f 1749/1749 1786/1786 1764/1764
f 1792/1792 1795/1795 1812/1812
f 3393/3393 3380/3380 677/677
f 1575/1575 1576/1576 1577/1577
f 1811/1811 1812/1812 3371/3371
f 1581/1581 1582/1582 1583/1583
f 1814/1814 1724/1724 1535/1535
f 1806/1806 1811/1811 3375/3375
f 1725/1725 1724/1724 1814/1814
f 1590/1590 1591/1591 1592/1592
f 1594/1594 1583/1583 1595/1595
f 1596/1596 1597/1597 1598/1598
f 1807/1807 1792/1792 1811/1811
f 1814/1814 1818/1818 1820/1820
f 1762/1762 1823/1823 1824/1824
f 1819/1819 1820/1820 1790/1790
f 1741/1741 1814/1814 1819/1819
f 3789/3789 3791/3791 1822/1822
f 1830/1830 1829/1829 1827/1827
f 1831/1831 1826/1826 779/779
f 1989/1989 3745/3745 3764/3764
f 1194/1194 1311/1311 1270/1270
f 1576/1576 1575/1575 1362/1362
f 3751/3751 3762/3762 1834/1834
f 629/629 3765/3765 3652/3652
f 1311/1311 1194/1194 1012/1012
f 618/618 623/623 3751/3751
f 3777/3777 3762/3762 1835/1835
f 1849/1849 588/588 589/589
f 3380/3380 3420/3420 611/611
f 3430/3430 624/624 629/629
f 330/330 331/331 444/444
f 1851/1851 186/186 187/187
f 1844/1844 1839/1839 1834/1834
f 1855/1855 90/90 121/121
f 188/188 729/729 734/734
f 1664/1664 1663/1663 3788/3788
f 330/330 368/368 158/158
f 1531/1531 1443/1443 551/551
f 1740/1740 1819/1819 1791/1791
f 1858/1858 537/537 51/51
f 980/980 974/974 975/975
f 966/966 899/899 900/900
f 1166/1166 1160/1160 1165/1165
f 2038/2038 2021/2021 2019/2019
f 1873/1873 1874/1874 1872/1872
f 443/443 444/444 1865/1865
f 1868/1868 1872/1872 1871/1871
f 3749/3749 2056/2056 2050/2050
f 1869/1869 1871/1871 1879/1879
f 688/688 3423/3423 3431/3431
f 270/270 1869/1869 1878/1878
f 3434/3434 3433/3433 1777/1777
f 1074/1074 929/929 1092/1092
f 1880/1880 1881/1881 711/711
f 3444/3444 3445/3445 3520/3520
f 1873/1873 302/302 299/299
f 1882/1882 299/299 44/44
f 493/493 494/494 1458/1458
f 1856/1856 1857/1857 767/767
f 1775/1775 1780/1780 3687/3687
f 1878/1878 1879/1879 1876/1876
f 1496/1496 1530/1530 1529/1529
f 246/246 244/244 250/250
f 1470/1470 1458/1458 356/356
f 111/111 82/82 31/31
f 211/211 280/280 285/285
f 133/133 42/42 43/43
f 530/530 197/197 236/236
f 1893/1893 540/540 420/420
f 1738/1738 1787/1787 1786/1786
f 1660/1660 1669/1669 3782/3782
f 1620/1620 3419/3419 3388/3388
f 262/262 49/49 734/734
f 189/189 1900/1900 729/729
f 1686/1686 1687/1687 1187/1187
f 49/49 50/50 224/224
f 1429/1429 1432/1432 1442/1442
f 1259/1259 3729/3729 3721/3721
f 1902/1902 436/436 402/402
f 160/160 388/388 1515/1515
f 1449/1449 1448/1448 198/198
f 496/496 73/73 74/74
f 974/974 981/981 987/987
f 931/931 933/933 943/943
f 993/993 3726/3726 3728/3728
f 3693/3693 3687/3687 1779/1779
f 1459/1459 1862/1862 1905/1905
f 291/291 290/290 531/531
f 1713/1713 1714/1714 1715/1715
f 1640/1640 459/459 1642/1642
f 1655/1655 1653/1653 1654/1654
f 9/9 10/10 722/722
f 463/463 466/466 465/465
f 472/472 1602/1602 748/748
f 196/196 58/58 26/26
f 1720/1720 1721/1721 800/800
f 595/595 1722/1722 1102/1102
f 1462/1462 1464/1464 1861/1861
f 1051/1051 1050/1050 695/695
f 1911/1911 1897/1897 78/78
f 112/112 1907/1907 1911/1911
f 31/31 82/82 83/83
f 1732/1732 1174/1174 1002/1002
f 1916/1916 1506/1506 1530/1530
f 484/484 741/741 461/461
f 1917/1917 1918/1918 1920/1920
f 436/436 1902/1902 1922/1922
f 166/166 358/358 117/117
f 1541/1541 1540/1540 1539/1539
f 1744/1744 1745/1745 1746/1746
f 1923/1923 1507/1507 296/296
f 1229/1229 856/856 855/855
f 1924/1924 331/331 332/332
f 313/313 1865/1865 1924/1924
f 1863/1863 269/269 267/267
f 499/499 1924/1924 504/504
f 1449/1449 1468/1468 1488/1488
f 1925/1925 1831/1831 784/784
f 1928/1928 1927/1927 1925/1925
f 1931/1931 438/438 1917/1917
f 369/369 1/1 2/2
f 1677/1677 1674/1674 1669/1669
f 864/864 975/975 972/972
f 1639/1639 1643/1643 1637/1637
f 882/882 970/970 515/515
f 334/334 247/247 248/248
f 127/127 130/130 129/129
f 438/438 436/436 1918/1918
f 573/573 589/589 588/588
f 890/890 889/889 888/888
f 1932/1932 1917/1917 1919/1919
f 1933/1933 1932/1932 1938/1938
f 1939/1939 1930/1930 1938/1938
f 1941/1941 1939/1939 1940/1940
f 1942/1942 1940/1940 1944/1944
f 314/314 313/313 312/312
f 972/972 808/808 810/810
f 1121/1121 1053/1053 1063/1063
f 1946/1946 1928/1928 1929/1929
f 1110/1110 1106/1106 1095/1095
f 1948/1948 1946/1946 1945/1945
f 850/850 1782/1782 1301/1301
f 785/785 786/786 1933/1933
f 711/711 176/176 1951/1951
f 1947/1947 1945/1945 1939/1939
f 1945/1945 1929/1929 1930/1930
f 1788/1788 600/600 772/772
f 1789/1789 1050/1050 921/921
f 778/778 783/783 780/780
f 713/713 716/716 715/715
f 1958/1958 1959/1959 1970/1970
f 1793/1793 1794/1794 826/826
f 392/392 275/275 276/276
f 1969/1969 1970/1970 1971/1971
f 1797/1797 702/702 969/969
f 790/790 935/935 932/932
f 1782/1782 1798/1798 1799/1799
f 1394/1394 1390/1390 1396/1396
f 1190/1190 824/824 1800/1800
f 1287/1287 1183/1183 853/853
f 2056/2056 1367/1367 1350/1350
f 1801/1801 1802/1802 1803/1803
f 1134/1134 826/826 825/825
f 817/817 23/23 1805/1805
f 1922/1922 1902/1902 1977/1977
f 507/507 359/359 360/360
f 3420/3420 3395/3395 610/610
f 2117/2117 2118/2118 750/750
f 915/915 914/914 1813/1813
f 1574/1574 1580/1580 1572/1572
f 1206/1206 1203/1203 1200/1200
f 1815/1815 1816/1816 871/871
f 1604/1604 590/590 680/680
f 1190/1190 1240/1240 1239/1239
f 1291/1291 1817/1817 882/882
f 1907/1907 1896/1896 1897/1897
f 1978/1978 652/652 653/653
f 1836/1836 1837/1837 1615/1615
f 36/36 237/237 234/234
f 1943/1943 1944/1944 1983/1983
f 868/868 938/938 937/937
f 1839/1839 1844/1844 1947/1947
f 1055/1055 1115/1115 1230/1230
f 1828/1828 892/892 1167/1167
f 286/286 401/401 210/210
f 115/115 1911/1911 79/79
f 374/374 348/348 349/349
f 1840/1840 1841/1841 1842/1842
f 279/279 1501/1501 106/106
f 1073/1073 1843/1843 1111/1111
f 895/895 1295/1295 911/911
f 786/786 1931/1931 1932/1932
f 3404/3404 3400/3400 568/568
f 3432/3432 1850/1850 724/724
f 1901/1901 1986/1986 633/633
f 1838/1838 1839/1839 1941/1941
f 1854/1854 121/121 122/122
f 972/972 975/975 974/974
f 903/903 907/907 905/905
f 3745/3745 1989/1989 1991/1991
f 1604/1604 1992/1992 609/609
f 1994/1994 1996/1996 1995/1995
f 1989/1989 1371/1371 1370/1370
f 3743/3743 1991/1991 925/925
f 1116/1116 1057/1057 1056/1056
f 1014/1014 1815/1815 872/872
f 1999/1999 1997/1997 2001/2001
f 1173/1173 969/969 702/702
f 1580/1580 2002/2002 1573/1573
f 2002/2002 1566/1566 1567/1567
f 2003/2003 2004/2004 1568/1568
f 2002/2002 1580/1580 1585/1585
f 67/67 68/68 171/171
f 395/395 396/396 1518/1518
f 314/314 1509/1509 1923/1923
f 2005/2005 1996/1996 2007/2007
f 2010/2010 2009/2009 2011/2011
f 1996/1996 2005/2005 2008/2008
f 1570/1570 1571/1571 2010/2010
f 1476/1476 143/143 144/144
f 989/989 807/807 973/973
f 1605/1605 3710/3710 3682/3682
f 271/271 1868/1868 1869/1869
f 1260/1260 3730/3730 3729/3729
f 1608/1608 2010/2010 1784/1784
f 2000/2000 2001/2001 2011/2011
f 311/311 312/312 1904/1904
f 651/651 650/650 1866/1866
f 2014/2014 615/615 609/609
f 1996/1996 1994/1994 1999/1999
f 1567/1567 1562/1562 2017/2017
f 1210/1210 1870/1870 1245/1245
f 2016/2016 2017/2017 2019/2019
f 2003/2003 1567/1567 2016/2016
f 2018/2018 2019/2019 2021/2021
f 1562/1562 1563/1563 2022/2022
f 1993/1993 1992/1992 1604/1604
f 980/980 984/984 981/981
f 1066/1066 923/923 668/668
f 1884/1884 1261/1261 1279/1279
f 1426/1426 1423/1423 998/998
f 1885/1885 1886/1886 1887/1887
f 855/855 854/854 1805/1805
f 1889/1889 1028/1028 1890/1890
f 40/40 41/41 42/42
f 1495/1495 1906/1906 1907/1907
f 1502/1502 310/310 309/309
f 2025/2025 2026/2026 2028/2028
f 138/138 1898/1898 1910/1910
f 1326/1326 1894/1894 1895/1895
f 965/965 964/964 1009/1009
f 1946/1946 1948/1948 1847/1847
f 2023/2023 2024/2024 2026/2026
f 2039/2039 2040/2040 2020/2020
f 2025/2025 2037/2037 2022/2022
f 1999/1999 1994/1994 1998/1998
f 491/491 2040/2040 2039/2039
f 2041/2041 2044/2044 2043/2043
f 2042/2042 2043/2043 2038/2038
f 2084/2084 2085/2085 3760/3760
f 2085/2085 1990/1990 3761/3761
f 1995/1995 2014/2014 1992/1992
f 576/576 2046/2046 2045/2045
f 2015/2015 2008/2008 2020/2020
f 2046/2046 2041/2041 2042/2042
f 577/577 2047/2047 2046/2046
f 709/709 2015/2015 2040/2040
f 1351/1351 2049/2049 2048/2048
f 1345/1345 2048/2048 2050/2050
f 2051/2051 2052/2052 2044/2044
f 3775/3775 710/710 492/492
f 3763/3763 492/492 489/489
f 920/920 1355/1355 2053/2053
f 908/908 909/909 1145/1145
f 3735/3735 574/574 668/668
f 1913/1913 1914/1914 1915/1915
f 3745/3745 664/664 561/561
f 1983/1983 1944/1944 1919/1919
f 1355/1355 1356/1356 2054/2054
f 1364/1364 2055/2055 2057/2057
f 3623/3623 3621/3621 3619/3619
f 3778/3778 3750/3750 2051/2051
f 929/929 903/903 904/904
f 252/252 233/233 316/316
f 1356/1356 1363/1363 2057/2057
f 2014/2014 1995/1995 2008/2008
f 3734/3734 3778/3778 2047/2047
f 2049/2049 1351/1351 1387/1387
f 2058/2058 1387/1387 1389/1389
f 3759/3759 2058/2058 2059/2059
f 3775/3775 2049/2049 2058/2058
f 542/542 2060/2060 1856/1856
f 952/952 1138/1138 947/947
f 1724/1724 1554/1554 1534/1534
f 1935/1935 1936/1936 1937/1937
f 1997/1997 2061/2061 2013/2013
f 3440/3440 3425/3425 708/708
f 1586/1586 1636/1636 1633/1633
f 3748/3748 3755/3755 2063/2063
f 3770/3770 2059/2059 2067/2067
f 52/52 1905/1905 1859/1859
f 610/610 3744/3744 3746/3746
f 1952/1952 1953/1953 1954/1954
f 3779/3779 3708/3708 2071/2071
f 2071/2071 1379/1379 1378/1378
f 1961/1961 1962/1962 1963/1963
f 1965/1965 1966/1966 1967/1967
f 1345/1345 1343/1343 1352/1352
f 3681/3681 3678/3678 1639/1639
f 1976/1976 1842/1842 1841/1841
f 3769/3769 2072/2072 2064/2064
f 613/613 3746/3746 3781/3781
f 666/666 667/667 923/923
f 708/708 1611/1611 2065/2065
f 1716/1716 1778/1778 3688/3688
f 745/745 1769/1769 3711/3711
f 3718/3718 698/698 699/699
f 690/690 691/691 3737/3737
f 961/961 966/966 967/967
f 1421/1421 1825/1825 1615/1615
f 1964/1964 1963/1963 1979/1979
f 1735/1735 1736/1736 1751/1751
f 1910/1910 1898/1898 1899/1899
f 3529/3529 3581/3581 3591/3591
f 3780/3780 3748/3748 2066/2066
f 1070/1070 1066/1066 673/673
f 946/946 945/945 948/948
f 3719/3719 699/699 3748/3748
f 2115/2115 3443/3443 2113/2113
f 654/654 2082/2082 2081/2081
f 3627/3627 767/767 1857/1857
f 1393/1393 15/15 24/24
f 944/944 943/943 958/958
f 3708/3708 3680/3680 1379/1379
f 1436/1436 1437/1437 653/653
f 3701/3701 3700/3700 1325/1325
f 2082/2082 778/778 1827/1827
f 1829/1829 1436/1436 2081/2081
f 699/699 700/700 3755/3755
f 1838/1838 1942/1942 1943/1943
f 3710/3710 3709/3709 723/723
f 1796/1796 1806/1806 3386/3386
f 245/245 54/54 55/55
f 1767/1767 3704/3704 3707/3707
f 1608/1608 3699/3699 3685/3685
f 3732/3732 3733/3733 655/655
f 2056/2056 3749/3749 3750/3750
f 1371/1371 1989/1989 1988/1988
f 3696/3696 3691/3691 1330/1330
f 265/265 1502/1502 381/381
f 564/564 616/616 3392/3392
f 3742/3742 3732/3732 652/652
f 1394/1394 1395/1395 2084/2084
f 2080/2080 3717/3717 3727/3727
f 1394/1394 2083/2083 14/14
f 3760/3760 3761/3761 558/558
f 1406/1406 1403/1403 1990/1990
f 1395/1395 1406/1406 2085/2085
f 3736/3736 3780/3780 3717/3717
f 3675/3675 3690/3690 1776/1776
f 3733/3733 3760/3760 679/679
f 2086/2086 1972/1972 778/778
f 559/559 2087/2087 2086/2086
f 3686/3686 3681/3681 1579/1579
f 2087/2087 1969/1969 1972/1972
f 678/678 2086/2086 2082/2082
f 665/665 1533/1533 2088/2088
f 2088/2088 1958/1958 1969/1969
f 320/320 202/202 447/447
f 1533/1533 1957/1957 1958/1958
f 614/614 3759/3759 3770/3770
f 2029/2029 2030/2030 2031/2031
f 2034/2034 2035/2035 2036/2036
f 560/560 2088/2088 2087/2087
f 1832/1832 1927/1927 2096/2096
f 1830/1830 1832/1832 2093/2093
f 2047/2047 2051/2051 2041/2041
f 2100/2100 1987/1987 2098/2098
f 2072/2072 1378/1378 1380/1380
f 3741/3741 3738/3738 573/573
f 3739/3739 3737/3737 612/612
f 2093/2093 2096/2096 2101/2101
f 2102/2102 2101/2101 3772/3772
f 682/682 3774/3774 3769/3769
f 3690/3690 3714/3714 3694/3694
f 2101/2101 2099/2099 3741/3741
f 1402/1402 1988/1988 1990/1990
f 1981/1981 2097/2097 2103/2103
f 2104/2104 2103/2103 3756/3756
f 3738/3738 3758/3758 589/589
f 3740/3740 13/13 14/14
f 360/360 25/25 57/57
f 633/633 1902/1902 403/403
f 2096/2096 2100/2100 2099/2099
f 1392/1392 1393/1393 1413/1413
f 1453/1453 72/72 69/69
f 3757/3757 3772/3772 694/694
f 2098/2098 1846/1846 3758/3758
f 1420/1420 1421/1421 1837/1837
f 2069/2069 2032/2032 2031/2031
f 2103/2103 2102/2102 3757/3757
f 292/292 1910/1910 495/495
f 1041/1041 1039/1039 1023/1023
f 1987/1987 1847/1847 1846/1846
f 2073/2073 2074/2074 1955/1955
f 2075/2075 2076/2076 2077/2077
f 3715/3715 3716/3716 1414/1414
f 1949/1949 1926/1926 784/784
f 3746/3746 657/657 3731/3731
f 464/464 482/482 480/480
f 1139/1139 1140/1140 1157/1157
f 691/691 2105/2105 3776/3776
f 692/692 1435/1435 2105/2105
f 2105/2105 2104/2104 3753/3753
f 536/536 537/537 1858/1858
f 1122/1122 1113/1113 1091/1091
f 689/689 2065/2065 1611/1611
f 1987/1987 2100/2100 1928/1928
f 721/721 722/722 542/542
f 1011/1011 1170/1170 1166/1166
f 448/448 1858/1858 1860/1860
f 187/187 188/188 224/224
f 1984/1984 1983/1983 1920/1920
f 2089/2089 2090/2090 2091/2091
f 1998/1998 1994/1994 1993/1993
f 3699/3699 1607/1607 1600/1600
f 244/244 354/354 496/496
f 462/462 468/468 469/469
f 1822/1822 3791/3791 3658/3658
f 880/880 883/883 890/890
f 1894/1894 2094/2094 2095/2095
f 1874/1874 1881/1881 1880/1880
f 2106/2106 1851/1851 1852/1852
f 263/263 148/148 145/145
f 274/274 255/255 256/256
f 1829/1829 1830/1830 2097/2097
f 612/612 676/676 677/677
f 1683/1683 1681/1681 1678/1678
f 1510/1510 1523/1523 426/426
f 1543/1543 1544/1544 1689/1689
f 1874/1874 1873/1873 1882/1882
f 465/465 752/752 754/754
f 749/749 2115/2115 2114/2114
f 2114/2114 2108/2108 466/466
f 466/466 753/753 752/752
f 1750/1750 553/553 454/454
f 2109/2109 2110/2110 2111/2111
f 579/579 361/361 362/362
f 473/473 1768/1768 1602/1602
f 742/742 2117/2117 2116/2116
f 751/751 473/473 474/474
f 476/476 477/477 1768/1768
f 289/289 1510/1510 1478/1478
f 743/743 2118/2118 2117/2117
f 756/756 735/735 739/739
f 176/176 177/177 2119/2119
f 402/402 437/437 295/295
f 1956/1956 2119/2119 177/177
f 3678/3678 1640/1640 1641/1641
f 2107/2107 2113/2113 736/736
f 1435/1435 1981/1981 2104/2104
f 930/930 931/931 944/944
f 2120/2120 2121/2121 2122/2122
f 219/219 218/218 1471/1471
f 2125/2125 2126/2126 2127/2127
f 2129/2129 1966/1966 1965/1965
f 1936/1936 2125/2125 2124/2124
f 206/206 720/720 713/713
f 845/845 829/829 822/822
f 829/829 845/845 1323/1323
f 547/547 3099/3099 3100/3100
f 12/12 9/9 721/721
f 548/548 541/541 488/488
f 3105/3105 3108/3108 3107/3107
f 3112/3112 3109/3109 3110/3110
f 3119/3119 3122/3122 3121/3121
f 3123/3123 3126/3126 3125/3125
f 2130/2130 2131/2131 1953/1953
f 2112/2112 2111/2111 2132/2132
f 2135/2135 2030/2030 2029/2029
f 2136/2136 2137/2137 2138/2138
f 2141/2141 2142/2142 2143/2143
f 1949/1949 1933/1933 1930/1930
f 3530/3530 3531/3531 3534/3534
f 2060/2060 1852/1852 1857/1857
f 3771/3771 2067/2067 2070/2070
f 1112/1112 1125/1125 1064/1064
f 2144/2144 2145/2145 1962/1962
f 3129/3129 3130/3130 3126/3126
f 2146/2146 2147/2147 2148/2148
f 1714/1714 2150/2150 2151/2151
f 3758/3758 3777/3777 1848/1848
f 1186/1186 2095/2095 2094/2094
f 848/848 977/977 2153/2153
f 924/924 925/925 910/910
f 2074/2074 2073/2073 2145/2145
f 225/225 1857/1857 1852/1852
f 649/649 731/731 730/730
f 1142/1142 1229/1229 979/979
f 2154/2154 2155/2155 2156/2156
f 2158/2158 2159/2159 2160/2160
f 3734/3734 577/577 574/574
f 2163/2163 213/213 212/212
f 803/803 804/804 928/928
f 3131/3131 3128/3128 3133/3133
f 258/258 196/196 445/445
f 3749/3749 2052/2052 2051/2051
f 2164/2164 2165/2165 3391/3391
f 2150/2150 2069/2069 2068/2068
f 657/657 658/658 3736/3736
f 797/797 980/980 976/976
f 2166/2166 2167/2167 2090/2090
f 1900/1900 1901/1901 630/630
f 3767/3767 2079/2079 13/13
f 2168/2168 1596/1596 1599/1599
f 1638/1638 1574/1574 1579/1579
f 1598/1598 2170/2170 2171/2171
f 2172/2172 2173/2173 1578/1578
f 2170/2170 2174/2174 2175/2175
f 1347/1347 1599/1599 2177/2177
f 3452/3452 2180/2180 2181/2181
f 1591/1591 2173/2173 2172/2172
f 1640/1640 1587/1587 462/462
f 1374/1374 1373/1373 2182/2182
f 3136/3136 3143/3143 3142/3142
f 1598/1598 2169/2169 2177/2177
f 3140/3140 3141/3141 3137/3137
f 1375/1375 1374/1374 1595/1595
f 1346/1346 1349/1349 2186/2186
f 1589/1589 2187/2187 2184/2184
f 2188/2188 1584/1584 1583/1583
f 1593/1593 1595/1595 1374/1374
f 2187/2187 1589/1589 1592/1592
f 2174/2174 2170/2170 1598/1598
f 3147/3147 3148/3148 3111/3111
f 615/615 2014/2014 2015/2015
f 505/505 159/159 48/48
f 762/762 761/761 2190/2190
f 2192/2192 2193/2193 2194/2194
f 387/387 273/273 449/449
f 1420/1420 1983/1983 1984/1984
f 1984/1984 1985/1985 1982/1982
f 1367/1367 2056/2056 2055/2055
f 1985/1985 1984/1984 1921/1921
f 1496/1496 113/113 404/404
f 1547/1547 1548/1548 2024/2024
f 2195/2195 963/963 1109/1109
f 1659/1659 1658/1658 3785/3785
f 3682/3682 1850/1850 1645/1645
f 1238/1238 2195/2195 1843/1843
f 582/582 1800/1800 824/824
f 2196/2196 2197/2197 2198/2198
f 2197/2197 2200/2200 2201/2201
f 2198/2198 2201/2201 2202/2202
f 2199/2199 2198/2198 2159/2159
f 1918/1918 1922/1922 1921/1921
f 2155/2155 1915/1915 1914/1914
f 902/902 901/901 2161/2161
f 1283/1283 1075/1075 1078/1078
f 1280/1280 1279/1279 1261/1261
f 1509/1509 1530/1530 1507/1507
f 2205/2205 2206/2206 2207/2207
f 2204/2204 2207/2207 2209/2209
f 2211/2211 2204/2204 2208/2208
f 2212/2212 2205/2205 2204/2204
f 2214/2214 2215/2215 2216/2216
f 2217/2217 2213/2213 2216/2216
f 2223/2223 2224/2224 3483/3483
f 2226/2226 2222/2222 2225/2225
f 2227/2227 2228/2228 2222/2222
f 2229/2229 2223/2223 3505/3505
f 2230/2230 2231/2231 2232/2232
f 2234/2234 2230/2230 2233/2233
f 2235/2235 2236/2236 2230/2230
f 2236/2236 2237/2237 2231/2231
f 2233/2233 2232/2232 2238/2238
f 2218/2218 2233/2233 2239/2239
f 2237/2237 2240/2240 2241/2241
f 2231/2231 2241/2241 2242/2242
f 2232/2232 2242/2242 2243/2243
f 2243/2243 2244/2244 2245/2245
f 2247/2247 2248/2248 2249/2249
f 2241/2241 2246/2246 2249/2249
f 2240/2240 2250/2250 2246/2246
f 2251/2251 2247/2247 2246/2246
f 2252/2252 2253/2253 2254/2254
f 2257/2257 2258/2258 2259/2259
f 3614/3614 3637/3637 2261/2261
f 2263/2263 2264/2264 2212/2212
f 2252/2252 2263/2263 2265/2265
f 2267/2267 2263/2263 2252/2252
f 2268/2268 2264/2264 2263/2263
f 2270/2270 2271/2271 2272/2272
f 2269/2269 2272/2272 2206/2206
f 2264/2264 2269/2269 2205/2205
f 2268/2268 2270/2270 2269/2269
f 2272/2272 2273/2273 2274/2274
f 2275/2275 2273/2273 2272/2272
f 2277/2277 2275/2275 2271/2271
f 2270/2270 2278/2278 2276/2276
f 2268/2268 2279/2279 2278/2278
f 2267/2267 2280/2280 2279/2279
f 2255/2255 2281/2281 2280/2280
f 2281/2281 2255/2255 2254/2254
f 2283/2283 2284/2284 2285/2285
f 2280/2280 2283/2283 2286/2286
f 2281/2281 2287/2287 2283/2283
f 2287/2287 2288/2288 2284/2284
f 2289/2289 2290/2290 2291/2291
f 2278/2278 2289/2289 2292/2292
f 2279/2279 2286/2286 2289/2289
f 2286/2286 2285/2285 2290/2290
f 2276/2276 2292/2292 2293/2293
f 2292/2292 2291/2291 2294/2294
f 2295/2295 2216/2216 2215/2215
f 2295/2295 2296/2296 2297/2297
f 2295/2295 2298/2298 2235/2235
f 2218/2218 2216/2216 2295/2295
f 2299/2299 2300/2300 2209/2209
f 2206/2206 2274/2274 2299/2299
f 2301/2301 2302/2302 2303/2303
f 2301/2301 2304/2304 2300/2300
f 2305/2305 2301/2301 2297/2297
f 2305/2305 2306/2306 2302/2302
f 2296/2296 2215/2215 2307/2307
f 2305/2305 2307/2307 2308/2308
f 2215/2215 2214/2214 2309/2309
f 2307/2307 2309/2309 2221/2221
f 2311/2311 2312/2312 2313/2313
f 2314/2314 2315/2315 2316/2316
f 2318/2318 2314/2314 2317/2317
f 2320/2320 2321/2321 2314/2314
f 2321/2321 2322/2322 2315/2315
f 2324/2324 2325/2325 2326/2326
f 2323/2323 2326/2326 2328/2328
f 2329/2329 2330/2330 2323/2323
f 2330/2330 2331/2331 2324/2324
f 2129/2129 2337/2337 2338/2338
f 2339/2339 2340/2340 2266/2266
f 2211/2211 2339/2339 2265/2265
f 2210/2210 2341/2341 2339/2339
f 2341/2341 2342/2342 2340/2340
f 2340/2340 2343/2343 2344/2344
f 2345/2345 2346/2346 2347/2347
f 2345/2345 2348/2348 2210/2210
f 2349/2349 2345/2345 2208/2208
f 2349/2349 2350/2350 2346/2346
f 2353/2353 2351/2351 2352/2352
f 2353/2353 2354/2354 2342/2342
f 2348/2348 2353/2353 2341/2341
f 2347/2347 2351/2351 2353/2353
f 2342/2342 2355/2355 2343/2343
f 3438/3438 3392/3392 616/616
f 2356/2356 2334/2334 2333/2333
f 2356/2356 2357/2357 2359/2359
f 2360/2360 2356/2356 2358/2358
f 2360/2360 2335/2335 2334/2334
f 2361/2361 2327/2327 2328/2328
f 2357/2357 2361/2361 2362/2362
f 2333/2333 2332/2332 2361/2361
f 2332/2332 2329/2329 2327/2327
f 2363/2363 2253/2253 2344/2344
f 2366/2366 2363/2363 2364/2364
f 2282/2282 2254/2254 2363/2363
f 2368/2368 2282/2282 2366/2366
f 2367/2367 2366/2366 2365/2365
f 2371/2371 2367/2367 2369/2369
f 2372/2372 2368/2368 2367/2367
f 2364/2364 2344/2344 2343/2343
f 2358/2358 2373/2373 2343/2343
f 2374/2374 2373/2373 2358/2358
f 2365/2365 2364/2364 2373/2373
f 2376/2376 2370/2370 2369/2369
f 2377/2377 2375/2375 2369/2369
f 2378/2378 2379/2379 2375/2375
f 2379/2379 2380/2380 2376/2376
f 2381/2381 2382/2382 2380/2380
f 2383/2383 2381/2381 2379/2379
f 2319/2319 2317/2317 2381/2381
f 2317/2317 2316/2316 2382/2382
f 2384/2384 2374/2374 2359/2359
f 2385/2385 2384/2384 2362/2362
f 2377/2377 2384/2384 2385/2385
f 2377/2377 2365/2365 2374/2374
f 2385/2385 2328/2328 2326/2326
f 2386/2386 2326/2326 2325/2325
f 2383/2383 2386/2386 2387/2387
f 2378/2378 2385/2385 2386/2386
f 2387/2387 2325/2325 2389/2389
f 2388/2388 2389/2389 2391/2391
f 2318/2318 2388/2388 2390/2390
f 2319/2319 2387/2387 2388/2388
f 2392/2392 2393/2393 2312/2312
f 2395/2395 2396/2396 2397/2397
f 2399/2399 2400/2400 2401/2401
f 2398/2398 2401/2401 2224/2224
f 2402/2402 2398/2398 2223/2223
f 2403/2403 2399/2399 2398/2398
f 2397/2397 2396/2396 3569/3569
f 2404/2404 2405/2405 2406/2406
f 2408/2408 2404/2404 2407/2407
f 2410/2410 2397/2397 3567/3567
f 2394/2394 2391/2391 2389/2389
f 2411/2411 2389/2389 2325/2325
f 2331/2331 2412/2412 2411/2411
f 2412/2412 2395/2395 2394/2394
f 2407/2407 2406/2406 2400/2400
f 2409/2409 2407/2407 2399/2399
f 2414/2414 2403/2403 2402/2402
f 2413/2413 2402/2402 2229/2229
f 2417/2417 2413/2413 2415/2415
f 2418/2418 2414/2414 2413/2413
f 2419/2419 2409/2409 2403/2403
f 2420/2420 2419/2419 2414/2414
f 2421/2421 2422/2422 2419/2419
f 2422/2422 2408/2408 2409/2409
f 3556/3556 2423/2423 2410/2410
f 3557/3557 2424/2424 2423/2423
f 2425/2425 2421/2421 2420/2420
f 2427/2427 2425/2425 2426/2426
f 3566/3566 3553/3553 2425/2425
f 3553/3553 3557/3557 2421/2421
f 2245/2245 2431/2431 2217/2217
f 2244/2244 2432/2432 2431/2431
f 2431/2431 2432/2432 2434/2434
f 2433/2433 2434/2434 2227/2227
f 2213/2213 2433/2433 2435/2435
f 2217/2217 2431/2431 2433/2433
f 3499/3499 3498/3498 2416/2416
f 3486/3486 3499/3499 2415/2415
f 2434/2434 2436/2436 2228/2228
f 2432/2432 2437/2437 2436/2436
f 2435/2435 2227/2227 2226/2226
f 2438/2438 2226/2226 2220/2220
f 2309/2309 2438/2438 2219/2219
f 2214/2214 2435/2435 2438/2438
f 2439/2439 2417/2417 2416/2416
f 2441/2441 2439/2439 2440/2440
f 2444/2444 2439/2439 2441/2441
f 2444/2444 2418/2418 2417/2417
f 2426/2426 2420/2420 2418/2418
f 2426/2426 2444/2444 2443/2443
f 2437/2437 2432/2432 2446/2446
f 2445/2445 2446/2446 2448/2448
f 3482/3482 2445/2445 2447/2447
f 3498/3498 2437/2437 2445/2445
f 2449/2449 2243/2243 2242/2242
f 2450/2450 2449/2449 2249/2249
f 2244/2244 2243/2243 2449/2449
f 2451/2451 2449/2449 2450/2450
f 2446/2446 2451/2451 2452/2452
f 2432/2432 2244/2244 2451/2451
f 2247/2247 2251/2251 2454/2454
f 2453/2453 2454/2454 2456/2456
f 2458/2458 2453/2453 2455/2455
f 2248/2248 2247/2247 2453/2453
f 1189/1189 2459/2459 2095/2095
f 2355/2355 2342/2342 2354/2354
f 2460/2460 2284/2284 2288/2288
f 2461/2461 2460/2460 2256/2256
f 2462/2462 2463/2463 2460/2460
f 2463/2463 2285/2285 2284/2284
f 2464/2464 2290/2290 2285/2285
f 2465/2465 2464/2464 2463/2463
f 2466/2466 2467/2467 2464/2464
f 2467/2467 2291/2291 2290/2290
f 2251/2251 2294/2294 2468/2468
f 2454/2454 2468/2468 2469/2469
f 2470/2470 2371/2371 2370/2370
f 2472/2472 2470/2470 2471/2471
f 2258/2258 2257/2257 2470/2470
f 2257/2257 2372/2372 2371/2371
f 2441/2441 2442/2442 2475/2475
f 2474/2474 2475/2475 2477/2477
f 2479/2479 2474/2474 2476/2476
f 2479/2479 2443/2443 2441/2441
f 2447/2447 2448/2448 2481/2481
f 2480/2480 2481/2481 2483/2483
f 3456/3456 2480/2480 2482/2482
f 3487/3487 2447/2447 2480/2480
f 2450/2450 2248/2248 2458/2458
f 2484/2484 2458/2458 2457/2457
f 2452/2452 2450/2450 2484/2484
f 2486/2486 2484/2484 2485/2485
f 2481/2481 2486/2486 2487/2487
f 2448/2448 2452/2452 2486/2486
f 2489/2489 2490/2490 2491/2491
f 2488/2488 2491/2491 328/328
f 2494/2494 2488/2488 2492/2492
f 2495/2495 2489/2489 2488/2488
f 2497/2497 2498/2498 2499/2499
f 2496/2496 2499/2499 2501/2501
f 2471/2471 2496/2496 2500/2500
f 2471/2471 2370/2370 2497/2497
f 2503/2503 2495/2495 2494/2494
f 2504/2504 2502/2502 2494/2494
f 2499/2499 2502/2502 2504/2504
f 2498/2498 2503/2503 2502/2502
f 2506/2506 2507/2507 2508/2508
f 2509/2509 2505/2505 2508/2508
f 3563/3563 3541/3541 2505/2505
f 3542/3542 2506/2506 2505/2505
f 2507/2507 2443/2443 2479/2479
f 2508/2508 2479/2479 2478/2478
f 2427/2427 2428/2428 2514/2514
f 2515/2515 2513/2513 2514/2514
f 3559/3559 3561/3561 2513/2513
f 3561/3561 3566/3566 2427/2427
f 2428/2428 2443/2443 2516/2516
f 2517/2517 2518/2518 2519/2519
f 2322/2322 2321/2321 2430/2430
f 2521/2521 2315/2315 2322/2322
f 2521/2521 2313/2313 2312/2312
f 2524/2524 2521/2521 2522/2522
f 2524/2524 2316/2316 2315/2315
f 2525/2525 2382/2382 2316/2316
f 2525/2525 2524/2524 2523/2523
f 2528/2528 2525/2525 2526/2526
f 2528/2528 2380/2380 2382/2382
f 2529/2529 2528/2528 2527/2527
f 2376/2376 2529/2529 2530/2530
f 2380/2380 2528/2528 2529/2529
f 2531/2531 2507/2507 2506/2506
f 2531/2531 2532/2532 2515/2515
f 2516/2516 2443/2443 2507/2507
f 3542/3542 2512/2512 2392/2392
f 3555/3555 2392/2392 2311/2311
f 2533/2533 2534/2534 2535/2535
f 2489/2489 2495/2495 2537/2537
f 2536/2536 2537/2537 2523/2523
f 2393/2393 2536/2536 2522/2522
f 2490/2490 2489/2489 2536/2536
f 2538/2538 2537/2537 2495/2495
f 2539/2539 2538/2538 2503/2503
f 2527/2527 2526/2526 2538/2538
f 2526/2526 2523/2523 2537/2537
f 2497/2497 2370/2370 2530/2530
f 2540/2540 2530/2530 2527/2527
f 2498/2498 2497/2497 2540/2540
f 1423/1423 996/996 1022/1022
f 1240/1240 1190/1190 1056/1056
f 1573/1573 1569/1569 1570/1570
f 2011/2011 2001/2001 2013/2013
f 1112/1112 1086/1086 1113/1113
f 1891/1891 1890/1890 2542/2542
f 91/91 536/536 448/448
f 2002/2002 1568/1568 1569/1569
f 1418/1418 1433/1433 1409/1409
f 639/639 2544/2544 1025/1025
f 706/706 1026/1026 2545/2545
f 1108/1108 965/965 1010/1010
f 550/550 1444/1444 356/356
f 1682/1682 1678/1678 1684/1684
f 1745/1745 1100/1100 1099/1099
f 259/259 292/292 315/315
f 1432/1432 1140/1140 1399/1399
f 642/642 641/641 519/519
f 8/8 522/522 239/239
f 372/372 1518/1518 1520/1520
f 768/768 603/603 1280/1280
f 920/920 910/910 909/909
f 891/891 2546/2546 2547/2547
f 2545/2545 2544/2544 639/639
f 2548/2548 1816/1816 2549/2549
f 978/978 1805/1805 23/23
f 619/619 622/622 2550/2550
f 2551/2551 625/625 628/628
f 2552/2552 2551/2551 1799/1799
f 1175/1175 1174/1174 2551/2551
f 1174/1174 1732/1732 625/625
f 1481/1481 505/505 45/45
f 1416/1416 1316/1316 1315/1315
f 628/628 627/627 1301/1301
f 1172/1172 1173/1173 701/701
f 2554/2554 701/701 703/703
f 2552/2552 2554/2554 1141/1141
f 2553/2553 1172/1172 2554/2554
f 1721/1721 2555/2555 1027/1027
f 1782/1782 850/850 853/853
f 2556/2556 2557/2557 774/774
f 1019/1019 774/774 2557/2557
f 89/89 90/90 1855/1855
f 1488/1488 324/324 1486/1486
f 857/857 856/856 1249/1249
f 126/126 399/399 777/777
f 1294/1294 873/873 911/911
f 591/591 757/757 1068/1068
f 1020/1020 2557/2557 2559/2559
f 2558/2558 2559/2559 2561/2561
f 1250/1250 2558/2558 2560/2560
f 1250/1250 1017/1017 1020/1020
f 1247/1247 2548/2548 2550/2550
f 2562/2562 2550/2550 622/622
f 1087/1087 2563/2563 2562/2562
f 526/526 1247/1247 2562/2562
f 1435/1435 692/692 1437/1437
f 1986/1986 1977/1977 1902/1902
f 1035/1035 1083/1083 1082/1082
f 2564/2564 2547/2547 2565/2565
f 1167/1167 2564/2564 2566/2566
f 892/892 2547/2547 2564/2564
f 3765/3765 1616/1616 3396/3396
f 1026/1026 1025/1025 2544/2544
f 600/600 1788/1788 1842/1842
f 1297/1297 1866/1866 650/650
f 970/970 969/969 1173/1173
f 1864/1864 1865/1865 313/313
f 1273/1273 1257/1257 1180/1180
f 72/72 1453/1453 1465/1465
f 1463/1463 1461/1461 411/411
f 594/594 593/593 642/642
f 1123/1123 917/917 643/643
f 2568/2568 891/891 894/894
f 1255/1255 1214/1214 1213/1213
f 1417/1417 1418/1418 1416/1416
f 815/815 922/922 1802/1802
f 1246/1246 1245/1245 1148/1148
f 1848/1848 1835/1835 1785/1785
f 1027/1027 2555/2555 1890/1890
f 2573/2573 2574/2574 794/794
f 986/986 1030/1030 1256/1256
f 2575/2575 1061/1061 2576/2576
f 981/981 984/984 983/983
f 569/569 977/977 663/663
f 2548/2548 1247/1247 605/605
f 543/543 662/662 1975/1975
f 1182/1182 516/516 1172/1172
f 1587/1587 1588/1588 468/468
f 416/416 379/379 409/409
f 1007/1007 1168/1168 1732/1732
f 3765/3765 629/629 618/618
f 524/524 1494/1494 130/130
f 1102/1102 1069/1069 1019/1019
f 325/325 220/220 84/84
f 557/557 1531/1531 549/549
f 1452/1452 2578/2578 851/851
f 1816/1816 2548/2548 604/604
f 1632/1632 1633/1633 3636/3636
f 606/606 841/841 844/844
f 603/603 768/768 871/871
f 253/253 532/532 533/533
f 383/383 1516/1516 1517/1517
f 2580/2580 2581/2581 2569/2569
f 1052/1052 2580/2580 2579/2579
f 1058/1058 1057/1057 2580/2580
f 1057/1057 1116/1116 2581/2581
f 2566/2566 2565/2565 1118/1118
f 2582/2582 1118/1118 1117/1117
f 626/626 2582/2582 1302/1302
f 1168/1168 2566/2566 2582/2582
f 663/663 662/662 543/543
f 1464/1464 1462/1462 1461/1461
f 1289/1289 1288/1288 1078/1078
f 2583/2583 2581/2581 1116/1116
f 2583/2583 1119/1119 2585/2585
f 2584/2584 2569/2569 2581/2581
f 2584/2584 2585/2585 2546/2546
f 2586/2586 2546/2546 891/891
f 2570/2570 2586/2586 2568/2568
f 2570/2570 2569/2569 2584/2584
f 2027/2027 2038/2038 2037/2037
f 1406/1406 1404/1404 1401/1401
f 509/509 321/321 322/322
f 1842/1842 1976/1976 1184/1184
f 779/779 780/780 785/785
f 1899/1899 1896/1896 1903/1903
f 1275/1275 1274/1274 1228/1228
f 554/554 1956/1956 216/216
f 1355/1355 920/920 908/908
f 667/667 666/666 665/665
f 816/816 815/815 1801/1801
f 2587/2587 1801/1801 1804/1804
f 2588/2588 2587/2587 1276/1276
f 20/20 816/816 2587/2587
f 811/811 1049/1049 2572/2572
f 1804/1804 1803/1803 1277/1277
f 1957/1957 1960/1960 1959/1959
f 1028/1028 1889/1889 2589/2589
f 1483/1483 1482/1482 1472/1472
f 521/521 430/430 431/431
f 1225/1225 619/619 2549/2549
f 2591/2591 2549/2549 1816/1816
f 763/763 2591/2591 1815/1815
f 762/762 1225/1225 2591/2591
f 704/704 2592/2592 2593/2593
f 1032/1032 1884/1884 1883/1883
f 1299/1299 1044/1044 1226/1226
f 603/603 606/606 1281/1281
f 636/636 639/639 2543/2543
f 511/511 512/512 1500/1500
f 1797/1797 968/968 527/527
f 2594/2594 527/527 526/526
f 1090/1090 2594/2594 2563/2563
f 1090/1090 517/517 1797/1797
f 996/996 993/993 1317/1317
f 3764/3764 561/561 558/558
f 218/218 219/219 100/100
f 3433/3433 3535/3535 3694/3694
f 1013/1013 1014/1014 1841/1841
f 2596/2596 1274/1274 1277/1277
f 2595/2595 1277/1277 1803/1803
f 1300/1300 2595/2595 2597/2597
f 1299/1299 2596/2596 2595/2595
f 2598/2598 686/686 1016/1016
f 1802/1802 2598/2598 2597/2597
f 922/922 1051/1051 2598/2598
f 1051/1051 683/683 686/686
f 732/732 1034/1034 1032/1032
f 1175/1175 1141/1141 640/640
f 1097/1097 1805/1805 854/854
f 2599/2599 854/854 857/857
f 1216/1216 2599/2599 1029/1029
f 1096/1096 1097/1097 2599/2599
f 1521/1521 1474/1474 143/143
f 1183/1183 1287/1287 595/595
f 207/207 719/719 720/720
f 1424/1424 1423/1423 1426/1426
f 1183/1183 1182/1182 1798/1798
f 834/834 836/836 1257/1257
f 68/68 435/435 174/174
f 532/532 1524/1524 1526/1526
f 209/209 192/192 446/446
f 1991/1991 1370/1370 910/910
f 1179/1179 2542/2542 1890/1890
f 893/893 757/757 670/670
f 820/820 517/517 1090/1090
f 1492/1492 713/713 714/714
f 2600/2600 758/758 1258/1258
f 585/585 651/651 1867/1867
f 1498/1498 1499/1499 449/449
f 1778/1778 1716/1716 3383/3383
f 971/971 1817/1817 842/842
f 2601/2601 695/695 1050/1050
f 2602/2602 1789/1789 963/963
f 759/759 2602/2602 2195/2195
f 758/758 2600/2600 2602/2602
f 2600/2600 2601/2601 1789/1789
f 172/172 530/530 237/237
f 1843/1843 1109/1109 1108/1108
f 1115/1115 1114/1114 1249/1249
f 1800/1800 582/582 1117/1117
f 71/71 305/305 306/306
f 185/185 413/413 410/410
f 2603/2603 2604/2604 1076/1076
f 162/162 1528/1528 1526/1526
f 339/339 406/406 407/407
f 1098/1098 1101/1101 2606/2606
f 535/535 777/777 399/399
f 115/115 114/114 113/113
f 2565/2565 2585/2585 1119/1119
f 1503/1503 1505/1505 503/503
f 879/879 880/880 887/887
f 1185/1185 661/661 660/660
f 771/771 647/647 962/962
f 20/20 23/23 817/817
f 873/873 876/876 912/912
f 1817/1817 1291/1291 843/843
f 525/525 528/528 842/842
f 1530/1530 1509/1509 1508/1508
f 173/173 445/445 530/530
f 644/644 643/643 917/917
f 1960/1960 555/555 556/556
f 1485/1485 1469/1469 351/351
f 510/510 153/153 154/154
f 2575/2575 835/835 834/834
f 1213/1213 1212/1212 2577/2577
f 702/702 1797/1797 517/517
f 1455/1455 1456/1456 508/508
f 772/772 600/600 599/599
f 583/583 826/826 1794/1794
f 282/282 447/447 446/446
f 304/304 163/163 1513/1513
f 1223/1223 2609/2609 1154/1154
f 145/145 141/141 169/169
f 1215/1215 1156/1156 1197/1197
f 1232/1232 1267/1267 1210/1210
f 1266/1266 1061/1061 1060/1060
f 1029/1029 857/857 1252/1252
f 726/726 725/725 2542/2542
f 434/434 132/132 420/420
f 19/19 1199/1199 1147/1147
f 2609/2609 2576/2576 1155/1155
f 98/98 99/99 399/399
f 1258/1258 591/591 594/594
f 363/363 487/487 634/634
f 1155/1155 2576/2576 1061/1061
f 835/835 2575/2575 2577/2577
f 1148/1148 1245/1245 1870/1870
f 2611/2611 830/830 833/833
f 2610/2610 833/833 1085/1085
f 2608/2608 2610/2610 1254/1254
f 2609/2609 2611/2611 2610/2610
f 2613/2613 1275/1275 1227/1227
f 2612/2612 1227/1227 830/830
f 1223/1223 2612/2612 2611/2611
f 1223/1223 1222/1222 2613/2613
f 2614/2614 601/601 20/20
f 2613/2613 2614/2614 2588/2588
f 1222/1222 1233/1233 2614/2614
f 1233/1233 1143/1143 601/601
f 384/384 1515/1515 1516/1516
f 2615/2615 1235/1235 1234/1234
f 1049/1049 1211/1211 1237/1237
f 1232/1232 1048/1048 1143/1143
f 388/388 429/429 1516/1516
f 851/851 1743/1743 1285/1285
f 1153/1153 1207/1207 1224/1224
f 1199/1199 1264/1264 1148/1148
f 990/990 2541/2541 2542/2542
f 1150/1150 1149/1149 1267/1267
f 2576/2576 2609/2609 2608/2608
f 2616/2616 1132/1132 1191/1191
f 67/67 408/408 1450/1450
f 685/685 1089/1089 1088/1088
f 1049/1049 1236/1236 2571/2571
f 1062/1062 2617/2617 18/18
f 875/875 2616/2616 1239/1239
f 1562/1562 1567/1567 1566/1566
f 1234/1234 1237/1237 1246/1246
f 17/17 16/16 1195/1195
f 968/968 971/971 528/528
f 582/582 581/581 1302/1302
f 1027/1027 840/840 798/798
f 1273/1273 2567/2567 1720/1720
f 1143/1143 1142/1142 602/602
f 838/838 1143/1143 1231/1231
f 35/35 234/234 506/506
f 2574/2574 1720/1720 799/799
f 305/305 308/308 307/307
f 1973/1973 1921/1921 1922/1922
f 2578/2578 1452/1452 580/580
f 794/794 799/799 798/798
f 2618/2618 2573/2573 793/793
f 1235/1235 2618/2618 2571/2571
f 2615/2615 2619/2619 2618/2618
f 2619/2619 1271/1271 2573/2573
f 371/371 345/345 380/380
f 3685/3685 3686/3686 1572/1572
f 1438/1438 1391/1391 1392/1392
f 1267/1267 1149/1149 1870/1870
f 1512/1512 343/343 344/344
f 1487/1487 1486/1486 1484/1484
f 1554/1554 1550/1550 1556/1556
f 1207/1207 1244/1244 1221/1221
f 2617/2617 2615/2615 1198/1198
f 2620/2620 1272/1272 1271/1271
f 2620/2620 2619/2619 2615/2615
f 2607/2607 2620/2620 2617/2617
f 2607/2607 834/834 1272/1272
f 550/550 1458/1458 263/263
f 2574/2574 2573/2573 1271/1271
f 1331/1331 1332/1332 1330/1330
f 1909/1909 1899/1899 1904/1904
f 569/569 572/572 2153/2153
f 1522/1522 1521/1521 1476/1476
f 955/955 2570/2570 1123/1123
f 337/337 63/63 64/64
f 1015/1015 1088/1088 620/620
f 2622/2622 761/761 760/760
f 2621/2621 760/760 1013/1013
f 2623/2623 2621/2621 1840/1840
f 831/831 2622/2622 2621/2621
f 2596/2596 1299/1299 2190/2190
f 2624/2624 2190/2190 761/761
f 1228/1228 2624/2624 2622/2622
f 1274/1274 2596/2596 2624/2624
f 1480/1480 377/377 378/378
f 1248/1248 1214/1214 1255/1255
f 2625/2625 1255/1255 1084/1084
f 2623/2623 2625/2625 832/832
f 1788/1788 1248/1248 2625/2625
f 87/87 252/252 318/318
f 1743/1743 851/851 2578/2578
f 2605/2605 2606/2606 2627/2627
f 588/588 1849/1849 3373/3373
f 1628/1628 3405/3405 3417/3417
f 2006/2006 2007/2007 2004/2004
f 605/605 525/525 841/841
f 1970/1970 715/715 716/716
f 670/670 759/759 1238/1238
f 837/837 1028/1028 2590/2590
f 863/863 810/810 862/862
f 621/621 620/620 1088/1088
f 2590/2590 874/874 873/873
f 2589/2589 901/901 874/874
f 1016/1016 1015/1015 1045/1045
f 305/305 71/71 1465/1465
f 1864/1864 1923/1923 297/297
f 1889/1889 2628/2628 1915/1915
f 2629/2629 2338/2338 2337/2337
f 2630/2630 2629/2629 2126/2126
f 722/722 2106/2106 2060/2060
f 2288/2288 2287/2287 2368/2368
f 2633/2633 2634/2634 1967/1967
f 2336/2336 2633/2633 1966/1966
f 2636/2636 2637/2637 2638/2638
f 2639/2639 2640/2640 2641/2641
f 2643/2643 2644/2644 2645/2645
f 2648/2648 2649/2649 2650/2650
f 2647/2647 2650/2650 2652/2652
f 2653/2653 2647/2647 2651/2651
f 2654/2654 2648/2648 2647/2647
f 2656/2656 2657/2657 2658/2658
f 2660/2660 2661/2661 2662/2662
f 2659/2659 2662/2662 2663/2663
f 2666/2666 2667/2667 2668/2668
f 2667/2667 2666/2666 2670/2670
f 2671/2671 2672/2672 2669/2669
f 2675/2675 2671/2671 2673/2673
f 2189/2189 1346/1346 2185/2185
f 2676/2676 1362/1362 1575/1575
f 3464/3464 2676/2676 2677/2677
f 3474/3474 2667/2667 2669/2669
f 1578/1578 2678/2678 2677/2677
f 2181/2181 2680/2680 1581/1581
f 2134/2134 2029/2029 2682/2682
f 2683/2683 2681/2681 2682/2682
f 3514/3514 2681/2681 2683/2683
f 3489/3489 2134/2134 2681/2681
f 1361/1361 1360/1360 2175/2175
f 1361/1361 2174/2174 1597/1597
f 1577/1577 1596/1596 2168/2168
f 1578/1578 2173/2173 2685/2685
f 2678/2678 2685/2685 3494/3494
f 2687/2687 2685/2685 2173/2173
f 2688/2688 2686/2686 3494/3494
f 1477/1477 427/427 425/425
f 2690/2690 2691/2691 3421/3421
f 2079/2079 2080/2080 24/24
f 3397/3397 3410/3410 2693/2693
f 1649/1649 1648/1648 3793/3793
f 2698/2698 2699/2699 2700/2700
f 2697/2697 2700/2700 2701/2701
f 2704/2704 2698/2698 2697/2697
f 3424/3424 3393/3393 563/563
f 3400/3400 1963/1963 1962/1962
f 441/441 57/57 495/495
f 2706/2706 2707/2707 2708/2708
f 2699/2699 2706/2706 2705/2705
f 2709/2709 2674/2674 2663/2663
f 2710/2710 2675/2675 2674/2674
f 2712/2712 2713/2713 2714/2714
f 2713/2713 2715/2715 2716/2716
f 2716/2716 2717/2717 2672/2672
f 2714/2714 2716/2716 2671/2671
f 2718/2718 1359/1359 1362/1362
f 3457/3457 2718/2718 2676/2676
f 2718/2718 2719/2719 2720/2720
f 3457/3457 3528/3528 2719/2719
f 2717/2717 2716/2716 2715/2715
f 2711/2711 2714/2714 2675/2675
f 208/208 225/225 224/224
f 3671/3671 2726/2726 2727/2727
f 3672/3672 2729/2729 2724/2724
f 2691/2691 2730/2730 3426/3426
f 175/175 177/177 176/176
f 2731/2731 2732/2732 2695/2695
f 2724/2724 2731/2731 2696/2696
f 2729/2729 2733/2733 2731/2731
f 2732/2732 2731/2731 2733/2733
f 3672/3672 2728/2728 2736/2736
f 3663/3663 2738/2738 2735/2735
f 3665/3665 3667/3667 2740/2740
f 3660/3660 2743/2743 2739/2739
f 2744/2744 2658/2658 2657/2657
f 2743/2743 2745/2745 2744/2744
f 2745/2745 2743/2743 2746/2746
f 3660/3660 2742/2742 2747/2747
f 3663/3663 2737/2737 2746/2746
f 2635/2635 2638/2638 2749/2749
f 2748/2748 2749/2749 2751/2751
f 2742/2742 2741/2741 2748/2748
f 2741/2741 2740/2740 2635/2635
f 2752/2752 2747/2747 2742/2742
f 2753/2753 2752/2752 2750/2750
f 2754/2754 2755/2755 2752/2752
f 2755/2755 2738/2738 2747/2747
f 2757/2757 2758/2758 2759/2759
f 2756/2756 2759/2759 2761/2761
f 2762/2762 2756/2756 2760/2760
f 2763/2763 2757/2757 2756/2756
f 2760/2760 2761/2761 2765/2765
f 2640/2640 2764/2764 2765/2765
f 2652/2652 2650/2650 2764/2764
f 2649/2649 2760/2760 2764/2764
f 2766/2766 2765/2765 2761/2761
f 2749/2749 2766/2766 2767/2767
f 2767/2767 2761/2761 2759/2759
f 2768/2768 2759/2759 2758/2758
f 2753/2753 2768/2768 2769/2769
f 2751/2751 2767/2767 2768/2768
f 2770/2770 2734/2734 2771/2771
f 2773/2773 2770/2770 2772/2772
f 2703/2703 2697/2697 2702/2702
f 2705/2705 2708/2708 2773/2773
f 2700/2700 2705/2705 2776/2776
f 2777/2777 2778/2778 2775/2775
f 2779/2779 2777/2777 2702/2702
f 2781/2781 2763/2763 2762/2762
f 2780/2780 2762/2762 2649/2649
f 2782/2782 2780/2780 2648/2648
f 2783/2783 2781/2781 2780/2780
f 2781/2781 2783/2783 2778/2778
f 2763/2763 2781/2781 2777/2777
f 2776/2776 2773/2773 2774/2774
f 2701/2701 2776/2776 2784/2784
f 2757/2757 2763/2763 2779/2779
f 2758/2758 2757/2757 2784/2784
f 2772/2772 2771/2771 2754/2754
f 2774/2774 2772/2772 2769/2769
f 2785/2785 2735/2735 2738/2738
f 2771/2771 2785/2785 2755/2755
f 2733/2733 2729/2729 2735/2735
f 2734/2734 2733/2733 2785/2785
f 2786/2786 2732/2732 2734/2734
f 2708/2708 2786/2786 2770/2770
f 2786/2786 2708/2708 2707/2707
f 2732/2732 2786/2786 2787/2787
f 1847/1847 1844/1844 1845/1845
f 2642/2642 2641/2641 2766/2766
f 290/290 291/291 248/248
f 2792/2792 2636/2636 2635/2635
f 3661/3661 3667/3667 2657/2657
f 2651/2651 2652/2652 2794/2794
f 2766/2766 2638/2638 2637/2637
f 2796/2796 2797/2797 2798/2798
f 2655/2655 2795/2795 2798/2798
f 3673/3673 3674/3674 2799/2799
f 3673/3673 2800/2800 2792/2792
f 2802/2802 2803/2803 2804/2804
f 2801/2801 2804/2804 2637/2637
f 2800/2800 2801/2801 2636/2636
f 2799/2799 2802/2802 2801/2801
f 2805/2805 2806/2806 2807/2807
f 2808/2808 2809/2809 2810/2810
f 2805/2805 2810/2810 2812/2812
f 2813/2813 2806/2806 2805/2805
f 1895/1895 2095/2095 2459/2459
f 2815/2815 2812/2812 2642/2642
f 2804/2804 2815/2815 2790/2790
f 2803/2803 2816/2816 2815/2815
f 2816/2816 2811/2811 2812/2812
f 2809/2809 2794/2794 2639/2639
f 2810/2810 2639/2639 2642/2642
f 2817/2817 2813/2813 2811/2811
f 2818/2818 2817/2817 2816/2816
f 2819/2819 2818/2818 2803/2803
f 2820/2820 2819/2819 2802/2802
f 3664/3664 2820/2820 2799/2799
f 2796/2796 2822/2822 2821/2821
f 2821/2821 2822/2822 2824/2824
f 1744/1744 2578/2578 1794/1794
f 2825/2825 2826/2826 2819/2819
f 2827/2827 2828/2828 2817/2817
f 3664/3664 2821/2821 2823/2823
f 616/616 564/564 565/565
f 3403/3403 3416/3416 2787/2787
f 424/424 375/375 538/538
f 2690/2690 2692/2692 3506/3506
f 2830/2830 2831/2831 1584/1584
f 2180/2180 2832/2832 2680/2680
f 3506/3506 2692/2692 2833/2833
f 1584/1584 2831/2831 2679/2679
f 3453/3453 2181/2181 2679/2679
f 2168/2168 1347/1347 1346/1346
f 2687/2687 1591/1591 1590/1590
f 2835/2835 2834/2834 1590/1590
f 3508/3508 3507/3507 2834/2834
f 3507/3507 3488/3488 2687/2687
f 2839/2839 2836/2836 3508/3508
f 2838/2838 2835/2835 2832/2832
f 3480/3480 2838/2838 2180/2180
f 3484/3484 2839/2839 3479/3479
f 3411/3411 2120/2120 2123/2123
f 3393/3393 1953/1953 2131/2131
f 3571/3571 3440/3440 698/698
f 2845/2845 2688/2688 2837/2837
f 2844/2844 2837/2837 2836/2836
f 3476/3476 2844/2844 2839/2839
f 3477/3477 2845/2845 2844/2844
f 2846/2846 2847/2847 2688/2688
f 3524/3524 2846/2846 2845/2845
f 1674/1674 1672/1672 1664/1664
f 765/765 487/487 488/488
f 1353/1353 635/635 553/553
f 364/364 365/365 1853/1853
f 3440/3440 2146/2146 2149/2149
f 2849/2849 2850/2850 2806/2806
f 2852/2852 2853/2853 2854/2854
f 1858/1858 1859/1859 1861/1861
f 2850/2850 2855/2855 2856/2856
f 2858/2858 2855/2855 2850/2850
f 1456/1456 359/359 507/507
f 1564/1564 1546/1546 1547/1547
f 2859/2859 2858/2858 2849/2849
f 2860/2860 2859/2859 2828/2828
f 3531/3531 1666/1666 1561/1561
f 2806/2806 2850/2850 2857/2857
f 2826/2826 2827/2827 2818/2818
f 2828/2828 2849/2849 2813/2813
f 2862/2862 2854/2854 2853/2853
f 2861/2861 2853/2853 2857/2857
f 3375/3375 2861/2861 2856/2856
f 3371/3371 2862/2862 2861/2861
f 2863/2863 2864/2864 2632/2632
f 2863/2863 2793/2793 2794/2794
f 2865/2865 2863/2863 2809/2809
f 2866/2866 2864/2864 2863/2863
f 2852/2852 2865/2865 2808/2808
f 2851/2851 2866/2866 2865/2865
f 711/711 1881/1881 1882/1882
f 2823/2823 2824/2824 2867/2867
f 533/533 578/578 38/38
f 1443/1443 1531/1531 523/523
f 2827/2827 2826/2826 2869/2869
f 2826/2826 2825/2825 2870/2870
f 1519/1519 442/442 207/207
f 3666/3666 2823/2823 2868/2868
f 1998/1998 1606/1606 1605/1605
f 3571/3571 3550/3550 2146/2146
f 1787/1787 1796/1796 1808/1808
f 2873/2873 2874/2874 2875/2875
f 2872/2872 2875/2875 2877/2877
f 2876/2876 2200/2200 2197/2197
f 2873/2873 2872/2872 2197/2197
f 2390/2390 2391/2391 2410/2410
f 3613/3613 2878/2878 2879/2879
f 3613/3613 2076/2076 2075/2075
f 2881/2881 2882/2882 2883/2883
f 2878/2878 2883/2883 2884/2884
f 2320/2320 2390/2390 2423/2423
f 2885/2885 2886/2886 2879/2879
f 2886/2886 2885/2885 2888/2888
f 3625/3625 1980/1980 2889/2889
f 3650/3650 2889/2889 2880/2880
f 2890/2890 2889/2889 1980/1980
f 3429/3429 3428/3428 2078/2078
f 1795/1795 1792/1792 1791/1791
f 3380/3380 2131/2131 2034/2034
f 935/935 790/790 939/939
f 656/656 659/659 658/658
f 617/617 694/694 697/697
f 1971/1971 716/716 717/717
f 1972/1972 1971/1971 783/783
f 415/415 1513/1513 1511/1511
f 2892/2892 2893/2893 868/868
f 1290/1290 1133/1133 1132/1132
f 1187/1187 1888/1888 2894/2894
f 869/869 937/937 2167/2167
f 1929/1929 1925/1925 1926/1926
f 1115/1115 1055/1055 1295/1295
f 731/731 649/649 2896/2896
f 1580/1580 1574/1574 1586/1586
f 2191/2191 2194/2194 1687/1687
f 1132/1132 1135/1135 825/825
f 2628/2628 1889/1889 1891/1891
f 2897/2897 2194/2194 2193/2193
f 782/782 696/696 695/695
f 662/662 661/661 1976/1976
f 517/517 820/820 674/674
f 1798/1798 1182/1182 2553/2553
f 2899/2899 2900/2900 586/586
f 2899/2899 1867/1867 1866/1866
f 2901/2901 2899/2899 1297/1297
f 2902/2902 2900/2900 2899/2899
f 2903/2903 2559/2559 2557/2557
f 2901/2901 2904/2904 2561/2561
f 2906/2906 1290/1290 1289/1289
f 2907/2907 2908/2908 2909/2909
f 2911/2911 2907/2907 2910/2910
f 1083/1083 1035/1035 2907/2907
f 1035/1035 1034/1034 2908/2908
f 1381/1381 1372/1372 1331/1331
f 1288/1288 902/902 2160/2160
f 1885/1885 1687/1687 2194/2194
f 906/906 2914/2914 2915/2915
f 2917/2917 2909/2909 2908/2908
f 2916/2916 2908/2908 1034/1034
f 2915/2915 2916/2916 2895/2895
f 2914/2914 2917/2917 2916/2916
f 2918/2918 2914/2914 2152/2152
f 2918/2918 2919/2919 2912/2912
f 2909/2909 2917/2917 2918/2918
f 1080/1080 1083/1083 2911/2911
f 2920/2920 2911/2911 2912/2912
f 2152/2152 2153/2153 2920/2920
f 572/572 1080/1080 2920/2920
f 287/287 288/288 423/423
f 2560/2560 2561/2561 2904/2904
f 2921/2921 2904/2904 1033/1033
f 1278/1278 2921/2921 1883/1883
f 1251/1251 2560/2560 2921/2921
f 1938/1938 1919/1919 1944/1944
f 2555/2555 1721/1721 1720/1720
f 1389/1389 1388/1388 1383/1383
f 3431/3431 3390/3390 723/723
f 2593/2593 2592/2592 2626/2626
f 1436/1436 1829/1829 1981/1981
f 902/902 1288/1288 2616/2616
f 1367/1367 1366/1366 1344/1344
f 544/544 1975/1975 1841/1841
f 822/822 828/828 3692/3692
f 1813/1813 2628/2628 2541/2541
f 913/913 1059/1059 1058/1058
f 1404/1404 1405/1405 1400/1400
f 519/519 641/641 703/703
f 1008/1008 1002/1002 1004/1004
f 757/757 893/893 892/892
f 2567/2567 1180/1180 1179/1179
f 431/431 428/428 1499/1499
f 770/770 1262/1262 571/571
f 2009/2009 2010/2010 1571/1571
f 1817/1817 971/971 970/970
f 56/56 102/102 83/83
f 324/324 1488/1488 1468/1468
f 253/253 254/254 130/130
f 179/179 180/180 439/439
f 1678/1678 1679/1679 1685/1685
f 1884/1884 1032/1032 1036/1036
f 2922/2922 1036/1036 1082/1082
f 1262/1262 2922/2922 1081/1081
f 1261/1261 1884/1884 2922/2922
f 2923/2923 2924/2924 2925/2925
f 2925/2925 2924/2924 637/637
f 602/602 979/979 22/22
f 1976/1976 661/661 1185/1185
f 937/937 585/585 584/584
f 1026/1026 2090/2090 2167/2167
f 870/870 869/869 2166/2166
f 2927/2927 2166/2166 2089/2089
f 1003/1003 640/640 593/593
f 2628/2628 1813/1813 1912/1912
f 2092/2092 2091/2091 1242/1242
f 2929/2929 1242/1242 1241/1241
f 2913/2913 2203/2203 1078/1078
f 626/626 625/625 1732/1732
f 178/178 467/467 451/451
f 1018/1018 1017/1017 1291/1291
f 1098/1098 2930/2930 2931/2931
f 2900/2900 2902/2902 2903/2903
f 2932/2932 2903/2903 2556/2556
f 1025/1025 587/587 2932/2932
f 587/587 586/586 2900/2900
f 2601/2601 2600/2600 781/781
f 2006/2006 2016/2016 2018/2018
f 2005/2005 2018/2018 2020/2020
f 404/404 295/295 1506/1506
f 2930/2930 1098/1098 2605/2605
f 2933/2933 2605/2605 2626/2626
f 2934/2934 2933/2933 2592/2592
f 2923/2923 2930/2930 2933/2933
f 1828/1828 1067/1067 1068/1068
f 2935/2935 1746/1746 1099/1099
f 2936/2936 2935/2935 2931/2931
f 1285/1285 2935/2935 2936/2936
f 1743/1743 1746/1746 2935/2935
f 1287/1287 1286/1286 1722/1722
f 2937/2937 2936/2936 2926/2926
f 2937/2937 2925/2925 775/775
f 1722/1722 2937/2937 1069/1069
f 1286/1286 2936/2936 2937/2937
f 2930/2930 2923/2923 2926/2926
f 732/732 731/731 2895/2895
f 2902/2902 2561/2561 2559/2559
f 2938/2938 638/638 637/637
f 2934/2934 2938/2938 2924/2924
f 704/704 707/707 2938/2938
f 707/707 2545/2545 638/638
f 2603/2603 1075/1075 1243/1243
f 2593/2593 2939/2939 1243/1243
f 2627/2627 2603/2603 2939/2939
f 1284/1284 2940/2940 2941/2941
f 2940/2940 2942/2942 2943/2943
f 2941/2941 2943/2943 2944/2944
f 1282/1282 2941/2941 2945/2945
f 1959/1959 556/556 715/715
f 897/897 2579/2579 954/954
f 726/726 1181/1181 836/836
f 2604/2604 2627/2627 2606/2606
f 2946/2946 2606/2606 1101/1101
f 1077/1077 2946/2946 2905/2905
f 1076/1076 2604/2604 2946/2946
f 1100/1100 2906/2906 2905/2905
f 2947/2947 1793/1793 1134/1134
f 2906/2906 2947/2947 1133/1133
f 1100/1100 1745/1745 2947/2947
f 1745/1745 1744/1744 1793/1793
f 1031/1031 1033/1033 2904/2904
f 2896/2896 649/649 648/648
f 2547/2547 2546/2546 2585/2585
f 1072/1072 644/644 672/672
f 2948/2948 2949/2949 2200/2200
f 2950/2950 2948/2948 2876/2876
f 2951/2951 2952/2952 2948/2948
f 2952/2952 2953/2953 2949/2949
f 2954/2954 2955/2955 2940/2940
f 2202/2202 2956/2956 2955/2955
f 2956/2956 2953/2953 2957/2957
f 2955/2955 2957/2957 2942/2942
f 2958/2958 2959/2959 2957/2957
f 2960/2960 2961/2961 2959/2959
f 2961/2961 2962/2962 2963/2963
f 2957/2957 2959/2959 2963/2963
f 2952/2952 2951/2951 2965/2965
f 2964/2964 2965/2965 2967/2967
f 2966/2966 2960/2960 2958/2958
f 2953/2953 2952/2952 2964/2964
f 2968/2968 2949/2949 2953/2953
f 2956/2956 2202/2202 2201/2201
f 2200/2200 2949/2949 2968/2968
f 2159/2159 2202/2202 2913/2913
f 2155/2155 2154/2154 2589/2589
f 2970/2970 848/848 2152/2152
f 914/914 2971/2971 1912/1912
f 1960/1960 3621/3621 3623/3623
f 2972/2972 2973/2973 2974/2974
f 2973/2973 2976/2976 2977/2977
f 2974/2974 2977/2977 2156/2156
f 2975/2975 2974/2974 1914/1914
f 2977/2977 2978/2978 2157/2157
f 2976/2976 2979/2979 2978/2978
f 2979/2979 2196/2196 2199/2199
f 2978/2978 2199/2199 2158/2158
f 2980/2980 2981/2981 2945/2945
f 2945/2945 2981/2981 2982/2982
f 2391/2391 2394/2394 2397/2397
f 3420/3420 2034/2034 2033/2033
f 3397/3397 2694/2694 3635/3635
f 423/423 344/344 345/345
f 2059/2059 1389/1389 1385/1385
f 3383/3383 2788/2788 2842/2842
f 3635/3635 3603/3603 2075/2075
f 2983/2983 2535/2535 2110/2110
f 2889/2889 2890/2890 2848/2848
f 2881/2881 2694/2694 2693/2693
f 2534/2534 2533/2533 2984/2984
f 2429/2429 2310/2310 2313/2313
f 2985/2985 2517/2517 2520/2520
f 2884/2884 2960/2960 2966/2966
f 2962/2962 2518/2518 2986/2986
f 2518/2518 2517/2517 2987/2987
f 2987/2987 2944/2944 2943/2943
f 2986/2986 2943/2943 2942/2942
f 2985/2985 2988/2988 2987/2987
f 2988/2988 2980/2980 2944/2944
f 2885/2885 2966/2966 2967/2967
f 469/469 470/470 483/483
f 690/690 3767/3767 3740/3740
f 3431/3431 2137/2137 2164/2164
f 1960/1960 1957/1957 3620/3620
f 3404/3404 1979/1979 1963/1963
f 3432/3432 3391/3391 2165/2165
f 1146/1146 1129/1129 1130/1130
f 2511/2511 2491/2491 2490/2490
f 2928/2928 2089/2089 2092/2092
f 2989/2989 2092/2092 2929/2929
f 2883/2883 2961/2961 2960/2960
f 2965/2965 2990/2990 2888/2888
f 1642/1642 2116/2116 481/481
f 3717/3717 2066/2066 1411/1411
f 1937/1937 2124/2124 3600/3600
f 2991/2991 2992/2992 2473/2473
f 2993/2993 2991/2991 2500/2500
f 1934/1934 1937/1937 3634/3634
f 2994/2994 2262/2262 2258/2258
f 2992/2992 2994/2994 2472/2472
f 3600/3600 3598/3598 2994/2994
f 3598/3598 3614/3614 2262/2262
f 2682/2682 2995/2995 2996/2996
f 2682/2682 2029/2029 2032/2032
f 2997/2997 2996/2996 2998/2998
f 3001/3001 2997/2997 3002/3002
f 3001/3001 2684/2684 2996/2996
f 3004/3004 3000/3000 3002/3002
f 3005/3005 2670/2670 2666/2666
f 2673/2673 2669/2669 2670/2670
f 3005/3005 2663/2663 2674/2674
f 2664/2664 2663/2663 3005/3005
f 3006/3006 3005/3005 2665/2665
f 3008/3008 3009/3009 3010/3010
f 3011/3011 3008/3008 2999/2999
f 3009/3009 3006/3006 3007/3007
f 3012/3012 2665/2665 2668/2668
f 3013/3013 2847/2847 3014/3014
f 2686/2686 2688/2688 2847/2847
f 2667/2667 2686/2686 3013/3013
f 3014/3014 3004/3004 3003/3003
f 3012/3012 3003/3003 3007/3007
f 2789/2789 2722/2722 3458/3458
f 3014/3014 3015/3015 3016/3016
f 3524/3524 2788/2788 2789/2789
f 2847/2847 2846/2846 3015/3015
f 3010/3010 3007/3007 3003/3003
f 2999/2999 3010/3010 3002/3002
f 2032/2032 2069/2069 3017/3017
f 2995/2995 3017/3017 2998/2998
f 2337/2337 2129/2129 2128/2128
f 3011/3011 2998/2998 3017/3017
f 2069/2069 2150/2150 3018/3018
f 3020/3020 2659/2659 2664/2664
f 3019/3019 2664/2664 3006/3006
f 3022/3022 3020/3020 3019/3019
f 3021/3021 3019/3019 3009/3009
f 3023/3023 3021/3021 3008/3008
f 3024/3024 3022/3022 3021/3021
f 3025/3025 2660/2660 2659/2659
f 3027/3027 2645/2645 2644/2644
f 3029/3029 3027/3027 3026/3026
f 3031/3031 3029/3029 3028/3028
f 3030/3030 3028/3028 3032/3032
f 3028/3028 3026/3026 3025/3025
f 3034/3034 3024/3024 3023/3023
f 3034/3034 3035/3035 1714/1714
f 3036/3036 3037/3037 3038/3038
f 3037/3037 3030/3030 3033/3033
f 3040/3040 3031/3031 3030/3030
f 3041/3041 3040/3040 3037/3037
f 1967/1967 2634/2634 3040/3040
f 3720/3720 3724/3724 1312/1312
f 1042/1042 1023/1023 1024/1024
f 1773/1773 3705/3705 3697/3697
f 1968/1968 1967/1967 3041/3041
f 3023/3023 3011/3011 3018/3018
f 3035/3035 3018/3018 2150/2150
f 1715/1715 2151/2151 3648/3648
f 3043/3043 3044/3044 2457/2457
f 3045/3045 3043/3043 2455/2455
f 1712/1712 1715/1715 3633/3633
f 3046/3046 3036/3036 3039/3039
f 2266/2266 2344/2344 2253/2253
f 2372/2372 2257/2257 2256/2256
f 1965/1965 1968/1968 3577/3577
f 2461/2461 3048/3048 3049/3049
f 2259/2259 2261/2261 3048/3048
f 2128/2128 1965/1965 3578/3578
f 3050/3050 3051/3051 2469/2469
f 3046/3046 3047/3047 3610/3610
f 3651/3651 3042/3042 3046/3046
f 3052/3052 3050/3050 2466/2466
f 2462/2462 3049/3049 3052/3052
f 3577/3577 1968/1968 3042/3042
f 2485/2485 2457/2457 3044/3044
f 3648/3648 3626/3626 3053/3053
f 2487/2487 2485/2485 3053/3053
f 3626/3626 3643/3643 3054/3054
f 938/938 868/868 2893/2893
f 1886/1886 1885/1885 2897/2897
f 2335/2335 2360/2360 2354/2354
f 2287/2287 2281/2281 2282/2282
f 2261/2261 2259/2259 2258/2258
f 2640/2640 2639/2639 2794/2794
f 2631/2631 2651/2651 2793/2793
f 2814/2814 2791/2791 1327/1327
f 336/336 281/281 168/168
f 1833/1833 1834/1834 1839/1839
f 2722/2722 2723/2723 3473/3473
f 3016/3016 3056/3056 3000/3000
f 2891/2891 2165/2165 3515/3515
f 3001/3001 3057/3057 2683/2683
f 3000/3000 3056/3056 3057/3057
f 2723/2723 2891/2891 3469/3469
f 3737/3737 3776/3776 676/676
f 2067/2067 1385/1385 1384/1384
f 1331/1331 1329/1329 1334/1334
f 1542/1542 1725/1725 1741/1741
f 3438/3438 2145/2145 2073/2073
f 3424/3424 1954/1954 1953/1953
f 3058/3058 2510/2510 2478/2478
f 3617/3617 3058/3058 3059/3059
f 3608/3608 3061/3061 3058/3058
f 3061/3061 2509/2509 2510/2510
f 3108/3108 3110/3110 3109/3109
f 3470/3470 2135/2135 2134/2134
f 3054/3054 3062/3062 2483/2483
f 3643/3643 3644/3644 3062/3062
f 3512/3512 3064/3064 2477/2477
f 3062/3062 3063/3063 2482/2482
f 3644/3644 3646/3646 3063/3063
f 3655/3655 3647/3647 3064/3064
f 3065/3065 3059/3059 2478/2478
f 3064/3064 3065/3065 2476/2476
f 3647/3647 3642/3642 3065/3065
f 3642/3642 3616/3616 3059/3059
f 3060/3060 2689/2689 2149/2149
f 2126/2126 2337/2337 2260/2260
f 2076/2076 2880/2880 2848/2848
f 3550/3550 3551/3551 2147/2147
f 3585/3585 2141/2141 2140/2140
f 2519/2519 2882/2882 2693/2693
f 2520/2520 2519/2519 2871/2871
f 1827/1827 778/778 779/779
f 3579/3579 2122/2122 2121/2121
f 3572/3572 2121/2121 3602/3602
f 326/326 3066/3066 3640/3640
f 329/329 3067/3067 3066/3066
f 3656/3656 3549/3549 3061/3061
f 3549/3549 3563/3563 2509/2509
f 2883/2883 2882/2882 2962/2962
f 3588/3588 3596/3596 327/327
f 329/329 328/328 2491/2491
f 3068/3068 3069/3069 2111/2111
f 2534/2534 3068/3068 2110/2110
f 2874/2874 2873/2873 3068/3068
f 3069/3069 3068/3068 2873/2873
f 3573/3573 2109/2109 2112/2112
f 2492/2492 3070/3070 3071/3071
f 327/327 3070/3070 2492/2492
f 3596/3596 2983/2983 2109/2109
f 3630/3630 2133/2133 1934/1934
f 2504/2504 3072/3072 2993/2993
f 2493/2493 3071/3071 3072/3072
f 3575/3575 2112/2112 2133/2133
f 2979/2979 2976/2976 3074/3074
f 3073/3073 3074/3074 1935/1935
f 3069/3069 3073/3073 2132/2132
f 2196/2196 2979/2979 3073/3073
f 718/718 719/719 1875/1875
f 2973/2973 2972/2972 2630/2630
f 3075/3075 2630/2630 2125/2125
f 3074/3074 3075/3075 1936/1936
f 2976/2976 2973/2973 3075/3075
f 3113/3113 3116/3116 3115/3115
f 2066/2066 2063/2063 1412/1412
f 3684/3684 1645/1645 1644/1644
f 131/131 132/132 434/434
f 1531/1531 557/557 554/554
f 2877/2877 3076/3076 3077/3077
f 2875/2875 3078/3078 3076/3076
f 1865/1865 444/444 331/331
f 3042/3042 3041/3041 3036/3036
f 1509/1509 314/314 311/311
f 2887/2887 2888/2888 2990/2990
f 3079/3079 2990/2990 3081/3081
f 3590/3590 1961/1961 1964/1964
f 3586/3586 1964/1964 1980/1980
f 3080/3080 3081/3081 3077/3077
f 3082/3082 3077/3077 3076/3076
f 3645/3645 3082/3082 3083/3083
f 3590/3590 3080/3080 3082/3082
f 3083/3083 3076/3076 3078/3078
f 3084/3084 3078/3078 2984/2984
f 3618/3618 3084/3084 3085/3085
f 3622/3622 3083/3083 3084/3084
f 3081/3081 2951/2951 2950/2950
f 2518/2518 2962/2962 2882/2882
f 3085/3085 2984/2984 2533/2533
f 3086/3086 2533/2533 2142/2142
f 3649/3649 3086/3086 2141/2141
f 3615/3615 3085/3085 3086/3086
f 2133/2133 2132/2132 1935/1935
f 2139/2139 2138/2138 2689/2689
f 2063/2063 2064/2064 1380/1380
f 1428/1428 1427/1427 1430/1430
f 2142/2142 2535/2535 2983/2983
f 2393/2393 2392/2392 2512/2512
f 471/471 468/468 1588/1588
f 325/325 1473/1473 227/227
f 2990/2990 2965/2965 2951/2951
f 2954/2954 2203/2203 2913/2913
f 2162/2162 1887/1887 1886/1886
f 2321/2321 2320/2320 2424/2424
f 213/213 2163/2163 3087/3087
f 2163/2163 1886/1886 3055/3055
f 3087/3087 3055/3055 2893/2893
f 2874/2874 2984/2984 3078/3078
f 1508/1508 311/311 1903/1903
f 2035/2035 2034/2034 2131/2131
f 3599/3599 3602/3602 2121/2121
f 1871/1871 1872/1872 1880/1880
f 935/935 936/936 940/940
f 3055/3055 2897/2897 2898/2898
f 2161/2161 2154/2154 2157/2157
f 656/656 3744/3744 3654/3654
f 1124/1124 1121/1121 1120/1120
f 2187/2187 2185/2185 1375/1375
f 1576/1576 1597/1597 1596/1596
f 1376/1376 1375/1375 2185/2185
f 3143/3143 3145/3145 3144/3144
f 1348/1348 3088/3088 3089/3089
f 3089/3089 1376/1376 2186/2186
f 2186/2186 1349/1349 3089/3089
f 3088/3088 2177/2177 2169/2169
f 1376/1376 3089/3089 3091/3091
f 3091/3091 3092/3092 2182/2182
f 1594/1594 3093/3093 2720/2720
f 1582/1582 1581/1581 2680/2680
f 1583/1583 1582/1582 2184/2184
f 2175/2175 1360/1360 3093/3093
f 2176/2176 2175/2175 3094/3094
f 2189/2189 1592/1592 2172/2172
f 2832/2832 1590/1590 1589/1589
f 127/127 128/128 1525/1525
f 1528/1528 409/409 502/502
f 1062/1062 1061/1061 2575/2575
f 3096/3096 849/849 848/848
f 849/849 3096/3096 2971/2971
f 1241/1241 1243/1243 1075/1075
f 1242/1242 2091/2091 706/706
f 917/917 1123/1123 2568/2568
f 2090/2090 1026/1026 706/706
f 2154/2154 2161/2161 901/901
f 1908/1908 500/500 497/497
f 1284/1284 1283/1283 2203/2203
f 1457/1457 352/352 1456/1456
f 2807/2807 2857/2857 2853/2853
f 1646/1646 1647/1647 1618/1618
f 137/137 1460/1460 1459/1459
f 33/33 34/34 408/408
f 1888/1888 1887/1887 3097/3097
f 100/100 85/85 293/293
f 2045/2045 2042/2042 2027/2027
f 531/531 290/290 350/350
f 1887/1887 2162/2162 3098/3098
f 226/226 1482/1482 204/204
f 3712/3712 3688/3688 1781/1781
f 1927/1927 1832/1832 1831/1831
f 215/215 3098/3098 2162/2162
f 3521/3521 3522/3522 3471/3471
f 2108/2108 2107/2107 457/457
f 457/457 458/458 2108/2108
f 753/753 466/466 2108/2108
f 1888/1888 1187/1187 1687/1687
f 3142/3142 3131/3131 3132/3132
f 3123/3123 3124/3124 3146/3146
f 3157/3157 3129/3129 3123/3123
f 3159/3159 3147/3147 3110/3110
f 3115/3115 3116/3116 3161/3161
f 3122/3122 3119/3119 3157/3157
f 3163/3163 3121/3121 3122/3122
f 3130/3130 3129/3129 3158/3158
f 3136/3136 3139/3139 3138/3138
f 3124/3124 3144/3144 3145/3145
f 3108/3108 3105/3105 3160/3160
f 3146/3146 3145/3145 3150/3150
f 3156/3156 3146/3146 3151/3151
f 3149/3149 3144/3144 3124/3124
f 3119/3119 3158/3158 3129/3129
f 3153/3153 3125/3125 3126/3126
f 3154/3154 3130/3130 3164/3164
f 3166/3166 3167/3167 3171/3171
f 3167/3167 3135/3135 3172/3172
f 3132/3132 3133/3133 3165/3165
f 3177/3177 3163/3163 3104/3104
f 3139/3139 3132/3132 3171/3171
f 3138/3138 3171/3171 3172/3172
f 3178/3178 3180/3180 3155/3155
f 3179/3179 3120/3120 3169/3169
f 3180/3180 3178/3178 3175/3175
f 3173/3173 3170/3170 3163/3163
f 3145/3145 3143/3143 3160/3160
f 3159/3159 3160/3160 3143/3143
f 3106/3106 3117/3117 3118/3118
f 3103/3103 3162/3162 3161/3161
f 3162/3162 3103/3103 3104/3104
f 3167/3167 3166/3166 3134/3134
f 3156/3156 3161/3161 3162/3162
f 3121/3121 3163/3163 3170/3170
f 3164/3164 3158/3158 3179/3179
f 3168/3168 3169/3169 3120/3120
f 3128/3128 3131/3131 3149/3149
f 3127/3127 3149/3149 3125/3125
f 3152/3152 3126/3126 3130/3130
f 3147/3147 3159/3159 3136/3136
f 3158/3158 3119/3119 3120/3120
f 3118/3118 3115/3115 3151/3151
f 3178/3178 3179/3179 3174/3174
f 3114/3114 3115/3115 3118/3118
f 548/548 1853/1853 3099/3099
f 3101/3101 3104/3104 3103/3103
f 438/438 1931/1931 787/787
f 631/631 632/632 114/114
f 1792/1792 1807/1807 1739/1739
f 500/500 499/499 498/498
f 11/11 12/12 3109/3109
f 12/12 3100/3100 3107/3107
f 3107/3107 3100/3100 3099/3099
f 3106/3106 3099/3099 1853/1853
f 3117/3117 1853/1853 365/365
f 377/377 165/165 118/118
f 3101/3101 1750/1750 1719/1719
f 3443/3443 743/743 737/737
f 743/743 3443/3443 2115/2115
f 3449/3449 3448/3448 3446/3446
f 3447/3447 3446/3446 3445/3445
f 3460/3460 3463/3463 3462/3462
f 3273/3273 3467/3467 3468/3468
f 3492/3492 3490/3490 3491/3491
f 3497/3497 3501/3501 3465/3465
f 3502/3502 3503/3503 3461/3461
f 3513/3513 3450/3450 3454/3454
f 3516/3516 3448/3448 3450/3450
f 3519/3519 3445/3445 3446/3446
f 3519/3519 2119/2119 3520/3520
f 1760/1760 1821/1821 3522/3522
f 3517/3517 3446/3446 3448/3448
f 3510/3510 3504/3504 3461/3461
f 1726/1726 1727/1727 3525/3525
f 1558/1558 3529/3529 3527/3527
f 1667/1667 1666/1666 3531/3531
f 3537/3537 3534/3534 3533/3533
f 3532/3532 3533/3533 3539/3539
f 1549/1549 1667/1667 3530/3530
f 2024/2024 3537/3537 3532/3532
f 2026/2026 3532/3532 3538/3538
f 3540/3540 3543/3543 3501/3501
f 3543/3543 3544/3544 3502/3502
f 3548/3548 3513/3513 3511/3511
f 3558/3558 3517/3517 3516/3516
f 3547/3547 3511/3511 3510/3510
f 766/766 3560/3560 3558/3558
f 3560/3560 3519/3519 3517/3517
f 765/765 3558/3558 3552/3552
f 487/487 3552/3552 3548/3548
f 634/634 3548/3548 3547/3547
f 3562/3562 552/552 3547/3547
f 3278/3278 3472/3472 3471/3471
f 3568/3568 3565/3565 3544/3544
f 3565/3565 3564/3564 3545/3545
f 3511/3511 3454/3454 3504/3504
f 1758/1758 3523/3523 3525/3525
f 3574/3574 3570/3570 3331/3331
f 3335/3335 3576/3576 3574/3574
f 3580/3580 453/453 552/552
f 3481/3481 3472/3472 3468/3468
f 3576/3576 3580/3580 3562/3562
f 3501/3501 3502/3502 3462/3462
f 3495/3495 3492/3492 3493/3493
f 3463/3463 3466/3466 3465/3465
f 3496/3496 3582/3582 3581/3581
f 3493/3493 3491/3491 3463/3463
f 3583/3583 3582/3582 3589/3589
f 3581/3581 3529/3529 3526/3526
f 3582/3582 3583/3583 3591/3591
f 3534/3534 3531/3531 3527/3527
f 3534/3534 3591/3591 3583/3583
f 3533/3533 3583/3583 3584/3584
f 3593/3593 3594/3594 3539/3539
f 3594/3594 1537/1537 3538/3538
f 3592/3592 3593/3593 3584/3584
f 1537/1537 2045/2045 2028/2028
f 3593/3593 3592/3592 3597/3597
f 3113/3113 366/366 1353/1353
f 3102/3102 1353/1353 1750/1750
f 309/309 232/232 251/251
f 1951/1951 2119/2119 3519/3519
f 3467/3467 3465/3465 3466/3466
f 3455/3455 3454/3454 3450/3450
f 3443/3443 738/738 736/736
f 3451/3451 3450/3450 3448/3448
f 3544/3544 3545/3545 3503/3503
f 3114/3114 365/365 366/366
f 1760/1760 3521/3521 3523/3523
f 3595/3595 3601/3601 3594/3594
f 1536/1536 3601/3601 3604/3604
f 3601/3601 1536/1536 1537/1537
f 1735/1735 1754/1754 1755/1755
f 1268/1268 1269/1269 1265/1265
f 1269/1269 1220/1220 1209/1209
f 858/858 1219/1219 1296/1296
f 487/487 363/363 364/364
f 114/114 632/632 403/403
f 3565/3565 3568/3568 3570/3570
f 3472/3472 3278/3278 3274/3274
f 3574/3574 3576/3576 3564/3564
f 3337/3337 3580/3580 3576/3576
f 3570/3570 3540/3540 3316/3316
f 429/429 388/388 389/389
f 1473/1473 1489/1489 1487/1487
f 1627/1627 1700/1700 1697/1697
f 819/819 829/829 1328/1328
f 1328/1328 1323/1323 806/806
f 3710/3710 724/724 1850/1850
f 1997/1997 1998/1998 2062/2062
f 3755/3755 3754/3754 2064/2064
f 680/680 681/681 3683/3683
f 1785/1785 1835/1835 623/623
f 3606/3606 3605/3605 3595/3595
f 936/936 865/865 866/866
f 1931/1931 786/786 1875/1875
f 29/29 30/30 101/101
f 1309/1309 1310/1310 3723/3723
f 3774/3774 2071/2071 2072/2072
f 1725/1725 1542/1542 1543/1543
f 579/579 94/94 95/95
f 3137/3137 3141/3141 3148/3148
f 1312/1312 1012/1012 1021/1021
f 3105/3105 3118/3118 3150/3150
f 3102/3102 3103/3103 3116/3116
f 3478/3478 3471/3471 3472/3472
f 3490/3490 3478/3478 3481/3481
f 3497/3497 3288/3288 3316/3316
f 3545/3545 3546/3546 3510/3510
f 3552/3552 3516/3516 3513/3513
f 3568/3568 3543/3543 3540/3540
f 3491/3491 3481/3481 3466/3466
f 3467/3467 3273/3273 3288/3288
f 3605/3605 3604/3604 3601/3601
f 3496/3496 3493/3493 3460/3460
f 3607/3607 3589/3589 3582/3582
f 1259/1259 1265/1265 1263/1263
f 3564/3564 3562/3562 3546/3546
f 1737/1737 1740/1740 1739/1739
f 1751/1751 1718/1718 1545/1545
f 679/679 558/558 559/559
f 3504/3504 3607/3607 3460/3460
f 3607/3607 3504/3504 3454/3454
f 3181/3181 3182/3182 3183/3183
f 3185/3185 3186/3186 3187/3187
f 3188/3188 3187/3187 3189/3189
f 3193/3193 3194/3194 3195/3195
f 3194/3194 3197/3197 3198/3198
f 3192/3192 3191/3191 3190/3190
f 3199/3199 3200/3200 3201/3201
f 3203/3203 3204/3204 3205/3205
f 3209/3209 3203/3203 3206/3206
f 3211/3211 3212/3212 3213/3213
f 3216/3216 3217/3217 3218/3218
f 3216/3216 3219/3219 3222/3222
f 3223/3223 3222/3222 3224/3224
f 3204/3204 3226/3226 3225/3225
f 3220/3220 3218/3218 3217/3217
f 3227/3227 3190/3190 3191/3191
f 3229/3229 3224/3224 3222/3222
f 3198/3198 3230/3230 3231/3231
f 3222/3222 3219/3219 3212/3212
f 3203/3203 3236/3236 3226/3226
f 3237/3237 3236/3236 3203/3203
f 3199/3199 3237/3237 3209/3209
f 3239/3239 3188/3188 3190/3190
f 3188/3188 3239/3239 3240/3240
f 3195/3195 3231/3231 3241/3241
f 3242/3242 3202/3202 3184/3184
f 3202/3202 3242/3242 3237/3237
f 3243/3243 3184/3184 3202/3202
f 3210/3210 3244/3244 3238/3238
f 3229/3229 3205/3205 3204/3204
f 3185/3185 3240/3240 3230/3230
f 3186/3186 3185/3185 3198/3198
f 3236/3236 3241/3241 3231/3231
f 3226/3226 3231/3231 3230/3230
f 3225/3225 3230/3230 3240/3240
f 3239/3239 3216/3216 3223/3223
f 3228/3228 3221/3221 3217/3217
f 3236/3236 3237/3237 3242/3242
f 3183/3183 3196/3196 3241/3241
f 3182/3182 3193/3193 3196/3196
f 3214/3214 3246/3246 3247/3247
f 3227/3227 3217/3217 3216/3216
f 3208/3208 3207/3207 3229/3229
f 3233/3233 3232/3232 3206/3206
f 3232/3232 3234/3234 3210/3210
f 3234/3234 3235/3235 3244/3244
f 3207/3207 3233/3233 3205/3205
f 3246/3246 3245/3245 3248/3248
f 3247/3247 3248/3248 3249/3249
f 3212/3212 3248/3248 3245/3245
f 3219/3219 3218/3218 3248/3248
f 3218/3218 3220/3220 3249/3249
f 3250/3250 3181/3181 3184/3184
f 3168/3168 3201/3201 3200/3200
f 3244/3244 3251/3251 3252/3252
f 3251/3251 3244/3244 3235/3235
f 3238/3238 3252/3252 3200/3200
f 3201/3201 3168/3168 3170/3170
f 3173/3173 3250/3250 3243/3243
f 3251/3251 3175/3175 3174/3174
f 3253/3253 3176/3176 3175/3175
f 3252/3252 3174/3174 3169/3169
f 214/214 3192/3192 3189/3189
f 215/215 3189/3189 3187/3187
f 3187/3187 3186/3186 3097/3097
f 3186/3186 3197/3197 2894/2894
f 3197/3197 3194/3194 1188/1188
f 3194/3194 3193/3193 1189/1189
f 2459/2459 1189/1189 3193/3193
f 2814/2814 2459/2459 3182/3182
f 2791/2791 2814/2814 3181/3181
f 3149/3149 3131/3131 3142/3142
f 1948/1948 1947/1947 1844/1844
f 1212/1212 728/728 727/727
f 1496/1496 1495/1495 112/112
f 1492/1492 1493/1493 193/193
f 1096/1096 1216/1216 1009/1009
f 926/926 928/928 804/804
f 155/155 8/8 5/5
f 3455/3455 3592/3592 3589/3589
f 1130/1130 1131/1131 1137/1137
f 417/417 205/205 319/319
f 541/541 1856/1856 776/776
f 3254/3254 2171/2171 2170/2170
f 3254/3254 3090/3090 2169/2169
f 2176/2176 3095/3095 3092/3092
f 3256/3256 3257/3257 3258/3258
f 3257/3257 3259/3259 3260/3260
f 3259/3259 3261/3261 3262/3262
f 3261/3261 3263/3263 3264/3264
f 3265/3265 3266/3266 3267/3267
f 3268/3268 3267/3267 3269/3269
f 3271/3271 3272/3272 3270/3270
f 3273/3273 3274/3274 3272/3272
f 3276/3276 3277/3277 3278/3278
f 3279/3279 3280/3280 3277/3277
f 3281/3281 3282/3282 3280/3280
f 3283/3283 3284/3284 3282/3282
f 3285/3285 3286/3286 3284/3284
f 3288/3288 3273/3273 3271/3271
f 3287/3287 3271/3271 3269/3269
f 3289/3289 3269/3269 3267/3267
f 3290/3290 3267/3267 3266/3266
f 3266/3266 3292/3292 3293/3293
f 3292/3292 3263/3263 3294/3294
f 3263/3263 3261/3261 3295/3295
f 3261/3261 3259/3259 3296/3296
f 3259/3259 3257/3257 3297/3297
f 3257/3257 3256/3256 3298/3298
f 3298/3298 3256/3256 3299/3299
f 2824/2824 3300/3300 3301/3301
f 3302/3302 3300/3300 2824/2824
f 3303/3303 3302/3302 2822/2822
f 2795/2795 3304/3304 3303/3303
f 3305/3305 3306/3306 2655/2655
f 2745/2745 3307/3307 3308/3308
f 3310/3310 3311/3311 3312/3312
f 3314/3314 3310/3310 3309/3309
f 2646/2646 2645/2645 3307/3307
f 3309/3309 3312/3312 3027/3027
f 3313/3313 3309/3309 3029/3029
f 3316/3316 3288/3288 3287/3287
f 3315/3315 3287/3287 3289/3289
f 3317/3317 3289/3289 3290/3290
f 3318/3318 3290/3290 3291/3291
f 3319/3319 3291/3291 3293/3293
f 3293/3293 3294/3294 3321/3321
f 3294/3294 3295/3295 3322/3322
f 3295/3295 3296/3296 3323/3323
f 3296/3296 3297/3297 3324/3324
f 3297/3297 3298/3298 3325/3325
f 3298/3298 3096/3096 2970/2970
f 3324/3324 3325/3325 2192/2192
f 3323/3323 3324/3324 2191/2191
f 3322/3322 3323/3323 1686/1686
f 3321/3321 3322/3322 2094/2094
f 3326/3326 3320/3320 3321/3321
f 3327/3327 3319/3319 3320/3320
f 3328/3328 3318/3318 3319/3319
f 3329/3329 3317/3317 3318/3318
f 3315/3315 3317/3317 3329/3329
f 3316/3316 3315/3315 3330/3330
f 3332/3332 3333/3333 3331/3331
f 3330/3330 3329/3329 3328/3328
f 3332/3332 3328/3328 3327/3327
f 3335/3335 3333/3333 3332/3332
f 3334/3334 3327/3327 3326/3326
f 3337/3337 3335/3335 3334/3334
f 3336/3336 3326/3326 1894/1894
f 3277/3277 3272/3272 3274/3274
f 3280/3280 3270/3270 3272/3272
f 3282/3282 3268/3268 3270/3270
f 3284/3284 3265/3265 3268/3268
f 3338/3338 3339/3339 3286/3286
f 3340/3340 3341/3341 3342/3342
f 3338/3338 3285/3285 3304/3304
f 3343/3343 3340/3340 3339/3339
f 3311/3311 3343/3343 3305/3305
f 3340/3340 3343/3343 3311/3311
f 3341/3341 3340/3340 3310/3310
f 3344/3344 3342/3342 3341/3341
f 3345/3345 3341/3341 3314/3314
f 3346/3346 3314/3314 3313/3313
f 2634/2634 3313/3313 3031/3031
f 3348/3348 3344/3344 3345/3345
f 3347/3347 3345/3345 3346/3346
f 3349/3349 3346/3346 2634/2634
f 3350/3350 3349/3349 2633/2633
f 3351/3351 3347/3347 3349/3349
f 3352/3352 3348/3348 3347/3347
f 3265/3265 3284/3284 3286/3286
f 3339/3339 3342/3342 3353/3353
f 3292/3292 3266/3266 3265/3265
f 3263/3263 3292/3292 3353/3353
f 3342/3342 3344/3344 3264/3264
f 3262/3262 3264/3264 3344/3344
f 3260/3260 3262/3262 3348/3348
f 3258/3258 3260/3260 3352/3352
f 3355/3355 3350/3350 2336/2336
f 3356/3356 3351/3351 3350/3350
f 3354/3354 3352/3352 3351/3351
f 3357/3357 3355/3355 2338/2338
f 2972/2972 3357/3357 2629/2629
f 2975/2975 3358/3358 3357/3357
f 3358/3358 3356/3356 3355/3355
f 3255/3255 3258/3258 3354/3354
f 3359/3359 3354/3354 3356/3356
f 3299/3299 3256/3256 3255/3255
f 3360/3360 3255/3255 3359/3359
f 3359/3359 3358/3358 2975/2975
f 1912/1912 2971/2971 3360/3360
f 2971/2971 3096/3096 3299/3299
f 3301/3301 3276/3276 3275/3275
f 3300/3300 3279/3279 3276/3276
f 3302/3302 3281/3281 3279/3279
f 3303/3303 3283/3283 3281/3281
f 3304/3304 3285/3285 3283/3283
f 3343/3343 3338/3338 3306/3306
f 3307/3307 3312/3312 3311/3311
f 2645/2645 3027/3027 3312/3312
f 2795/2795 2655/2655 3306/3306
f 2658/2658 2744/2744 3308/3308
f 2867/2867 3301/3301 3361/3361
f 3337/3337 3336/3336 1326/1326
f 1854/1854 1878/1878 1877/1877
f 1695/1695 1676/1676 1677/1677
f 1906/1906 1903/1903 1896/1896
f 1630/1630 1697/1697 1694/1694
f 1655/1655 1709/1709 1657/1657
f 1759/1759 1822/1822 1821/1821
f 2007/2007 1999/1999 2000/2000
f 1696/1696 1693/1693 1676/1676
f 1710/1710 1694/1694 1656/1656
f 923/923 3752/3752 3766/3766
f 3522/3522 3361/3361 3275/3275
f 1538/1538 1539/1539 1723/1723
f 3784/3784 1559/1559 1560/1560
f 1898/1898 138/138 78/78
f 64/64 6/6 7/7
f 139/139 1503/1503 1504/1504
f 1086/1086 1112/1112 1110/1110
f 1464/1464 1863/1863 1860/1860
f 1460/1460 1462/1462 1862/1862
f 442/442 1875/1875 719/719
f 1783/1783 2012/2012 3702/3702
f 1784/1784 2011/2011 2012/2012
f 1427/1427 1426/1426 999/999
f 821/821 992/992 989/989
f 1529/1529 1508/1508 1906/1906
f 1863/1863 1464/1464 1463/1463
f 1892/1892 1463/1463 412/412
f 301/301 272/272 1893/1893
f 1763/1763 1810/1810 1823/1823
f 261/261 1445/1445 1905/1905
f 2009/2009 1568/1568 2004/2004
f 3679/3679 1644/1644 1717/1717
f 272/272 268/268 540/540
f 1832/1832 1830/1830 1826/1826
f 1698/1698 1680/1680 1693/1693
f 1737/1737 1738/1738 1749/1749
f 302/302 1873/1873 1868/1868
f 1862/1862 1861/1861 1859/1859
f 1748/1748 1742/1742 1737/1737
f 958/958 961/961 960/960
f 1545/1545 1718/1718 1690/1690
f 415/415 416/416 303/303
f 140/140 1504/1504 107/107
f 1988/1988 3764/3764 3761/3761
f 269/269 1863/1863 1892/1892
f 1896/1896 1899/1899 1898/1898
f 1425/1425 1426/1426 1427/1427
f 2192/2192 3325/3325 2970/2970
f 2898/2898 2193/2193 3362/3362
f 2152/2152 2914/2914 3362/3362
f 2193/2193 2192/2192 2969/2969
f 2914/2914 906/906 938/938
f 2746/2746 2737/2737 2643/2643
f 3363/3363 2661/2661 2643/2643
f 2736/2736 3364/3364 3363/3363
f 2273/2273 2236/2236 2235/2235
f 2237/2237 2236/2236 2273/2273
f 2240/2240 2237/2237 2275/2275
f 2250/2250 2240/2240 2277/2277
f 2251/2251 2250/2250 2293/2293
f 2298/2298 2297/2297 2300/2300
f 2274/2274 2235/2235 2298/2298
f 2350/2350 2349/2349 2304/2304
f 2349/2349 2209/2209 2300/2300
f 2294/2294 2291/2291 2467/2467
f 2468/2468 2467/2467 2466/2466
f 2644/2644 2643/2643 2661/2661
f 3026/3026 2644/2644 2660/2660
f 3022/3022 3024/3024 3033/3033
f 3020/3020 3022/3022 3032/3032
f 3034/3034 1713/1713 3039/3039
f 3024/3024 3034/3034 3038/3038
f 3039/3039 1713/1713 1712/1712
f 3051/3051 3045/3045 2456/2456
f 3610/3610 3641/3641 3045/3045
f 3363/3363 2709/2709 2662/2662
f 3364/3364 2710/2710 2709/2709
f 220/220 221/221 87/87
f 237/237 236/236 235/235
f 240/240 7/7 239/239
f 2/2 289/289 288/288
f 137/137 138/138 292/292
f 319/319 205/205 202/202
f 321/321 324/324 323/323
f 231/231 233/233 232/232
f 363/363 366/366 365/365
f 170/170 169/169 168/168
f 1193/1193 1200/1200 1203/1203
f 3729/3729 1206/1206 1270/1270
f 788/788 789/789 804/804
f 3725/3725 3726/3726 993/993
f 3680/3680 3677/3677 1377/1377
f 2097/2097 2093/2093 2102/2102
f 3712/3712 3702/3702 1717/1717
f 298/298 787/787 1875/1875
f 2100/2100 2096/2096 1927/1927
f 692/692 693/693 1978/1978
f 1414/1414 1201/1201 1202/1202
f 1631/1631 1565/1565 1566/1566
f 1772/1772 1773/1773 1780/1780
f 1676/1676 1675/1675 1674/1674
f 168/168 151/151 392/392
f 1669/1669 1664/1664 3783/3783
f 1671/1671 1541/1541 1538/1538
f 1664/1664 1672/1672 1670/1670
f 951/951 958/958 959/959
f 802/802 803/803 1071/1071
f 2829/2829 2730/2730 2713/2713
f 2730/2730 2691/2691 2715/2715
f 2719/2719 2830/2830 2188/2188
f 3528/3528 3509/3509 2830/2830
f 2691/2691 2690/2690 2721/2721
f 3089/3089 3088/3088 3090/3090
f 3090/3090 3254/3254 3092/3092
f 3093/3093 1360/1360 1359/1359
f 3093/3093 1594/1594 1593/1593
f 3094/3094 1593/1593 2183/2183
f 3095/3095 2183/2183 2182/2182
f 3365/3365 2711/2711 2710/2710
f 2728/2728 3365/3365 3364/3364
f 2178/2178 3441/3441 3439/3439
f 2145/2145 3438/3438 3435/3435
f 2841/2841 3433/3433 3434/3434
f 3436/3436 3429/3429 2077/2077
f 1736/1736 1540/1540 1718/1718
f 1176/1176 1171/1171 1158/1158
f 3431/3431 3423/3423 2138/2138
f 3422/3422 3442/3442 2692/2692
f 3794/3794 3792/3792 1646/1646
f 1477/1477 144/144 146/146
f 3418/3418 3432/3432 2891/2891
f 3419/3419 3417/3417 2699/2699
f 3416/3416 3414/3414 2695/2695
f 1342/1342 1341/1341 1336/1336
f 2689/2689 3413/3413 3425/3425
f 2138/2138 3423/3423 3413/3413
f 2695/2695 3414/3414 3412/3412
f 3250/3250 3173/3173 3415/3415
f 3671/3671 3669/3669 3408/3408
f 2696/2696 3412/3412 3407/3407
f 2179/2179 3439/3439 3406/3406
f 2840/2840 3406/3406 3535/3535
f 3417/3417 3405/3405 2706/2706
f 1764/1764 1809/1809 1810/1810
f 3405/3405 3403/3403 2707/2707
f 2871/2871 2693/2693 3410/3410
f 1908/1908 1904/1904 312/312
f 298/298 297/297 296/296
f 2692/2692 3442/3442 3399/3399
f 2833/2833 3399/3399 3441/3441
f 2843/2843 3434/3434 3398/3398
f 300/300 1893/1893 421/421
f 199/199 200/200 124/124
f 1836/1836 1833/1833 1838/1838
f 3599/3599 3654/3654 3395/3395
f 3394/3394 3418/3418 2723/2723
f 1910/1910 1909/1909 440/440
f 1954/1954 3424/3424 3392/3392
f 3744/3744 656/656 657/657
f 3388/3388 3419/3419 2698/2698
f 2855/2855 3387/3387 3386/3386
f 3384/3384 3387/3387 2855/2855
f 667/667 3743/3743 3752/3752
f 3382/3382 3426/3426 2730/2730
f 720/720 717/717 716/716
f 1754/1754 1763/1763 1762/1762
f 3379/3379 3384/3384 2858/2858
f 3381/3381 3379/3379 2859/2859
f 2870/2870 3385/3385 3378/3378
f 2860/2860 2869/2869 3378/3378
f 3668/3668 3658/3658 3385/3385
f 2788/2788 3383/3383 3376/3376
f 2789/2789 3376/3376 3394/3394
f 1001/1001 1011/1011 1000/1000
f 3374/3374 3377/3377 2868/2868
f 539/539 1892/1892 432/432
f 2890/2890 3372/3372 3436/3436
f 1979/1979 3404/3404 3372/3372
f 208/208 89/89 1877/1877
f 195/195 194/194 193/193
f 1787/1787 1807/1807 1806/1806
f 1909/1909 1908/1908 439/439
f 264/264 263/263 170/170
f 2791/2791 3415/3415 3368/3368
f 3485/3485 3535/3535 3433/3433
f 2721/2721 2690/2690 3509/3509
f 1956/1956 3624/3624 3520/3520
f 940/940 866/866 879/879
f 3523/3523 3521/3521 3478/3478
f 3646/3646 3655/3655 3512/3512
f 3063/3063 3512/3512 3459/3459
f 2136/2136 3470/3470 3489/3489
f 3473/3473 3469/3469 3057/3057
f 3469/3469 3515/3515 2683/2683
f 3458/3458 3473/3473 3056/3056
f 2846/2846 3524/3524 3500/3500
f 3500/3500 3458/3458 3016/3016
f 3621/3621 3620/3620 3612/3612
f 554/554 555/555 3624/3624
f 3361/3361 3522/3522 1821/1821
f 1563/1563 1547/1547 2023/2023
f 2788/2788 3524/3524 3477/3477
f 2842/2842 3477/3477 3476/3476
f 2843/2843 3476/3476 3484/3484
f 3536/3536 3479/3479 2838/2838
f 3485/3485 3536/3536 3480/3480
f 2841/2841 3484/3484 3536/3536
f 2840/2840 3480/3480 3452/3452
f 3479/3479 3508/3508 2835/2835
f 2837/2837 2688/2688 3488/3488
f 2836/2836 2837/2837 3507/3507
f 2178/2178 3453/3453 3518/3518
f 2831/2831 3506/3506 3518/3518
f 3509/3509 3506/3506 2831/2831
f 2717/2717 2721/2721 3528/3528
f 2717/2717 3457/3457 3464/3464
f 3488/3488 3494/3494 2685/2685
f 3474/3474 3494/3494 2686/2686
f 2137/2137 3489/3489 3514/3514
f 2164/2164 3514/3514 3515/3515
f 2678/2678 3474/3474 3475/3475
f 2672/2672 3464/3464 3475/3475
f 3535/3535 3406/3406 1776/1776
f 3629/3629 3636/3636 1650/1650
f 2442/2442 3487/3487 3456/3456
f 2475/2475 3456/3456 3459/3459
f 2440/2440 2416/2416 3498/3498
f 2440/2440 3482/3482 3487/3487
f 2436/2436 3499/3499 3486/3486
f 2437/2437 3498/3498 3499/3499
f 2228/2228 3486/3486 3505/3505
f 2222/2222 3505/3505 3483/3483
f 2179/2179 3452/3452 3453/3453
f 3525/3525 3523/3523 3490/3490
f 700/700 2065/2065 3754/3754
f 711/711 1950/1950 3627/3627
f 2108/2108 2114/2114 2113/2113
f 3526/3526 3525/3525 3492/3492
f 3609/3609 3447/3447 3444/3444
f 2118/2118 2115/2115 749/749
f 2044/2044 490/490 2039/2039
f 3624/3624 555/555 3623/3623
f 624/624 3430/3430 3437/3437
f 1614/1614 3442/3442 3422/3422
f 1614/1614 1769/1769 3399/3399
f 3628/3628 1564/1564 1565/1565
f 2037/2037 2019/2019 2017/2017
f 939/939 976/976 975/975
f 942/942 879/879 899/899
f 1366/1366 1367/1367 1364/1364
f 980/980 797/797 1104/1104
f 936/936 939/939 864/864
f 1621/1621 3417/3417 3419/3419
f 3793/3793 1648/1648 3408/3408
f 3406/3406 3439/3439 746/746
f 3439/3439 3441/3441 745/745
f 1825/1825 3402/3402 3409/3409
f 1643/1643 1612/1612 1613/1613
f 1641/1641 1642/1642 755/755
f 1546/1546 1564/1564 3628/3628
f 3629/3629 3628/3628 1631/1631
f 2116/2116 2117/2117 480/480
f 1617/1617 3414/3414 3416/3416
f 3425/3425 3413/3413 1611/1611
f 1532/1532 3620/3620 1957/1957
f 1548/1548 3530/3530 3537/3537
f 2043/2043 2039/2039 2021/2021
f 767/767 3627/3627 1950/1950
f 1951/1951 3560/3560 766/766
f 3067/3067 329/329 3563/3563
f 3579/3579 3067/3067 3549/3549
f 2123/2123 2122/2122 3551/3551
f 3369/3369 2123/2123 3550/3550
f 1643/1643 3713/3713 3707/3707
f 1719/1719 454/454 3368/3368
f 2532/2532 3555/3555 3559/3559
f 2506/2506 3542/3542 3555/3555
f 2310/2310 2429/2429 3566/3566
f 2310/2310 3561/3561 3559/3559
f 2512/2512 3542/3542 3541/3541
f 2511/2511 3541/3541 3563/3563
f 2424/2424 3557/3557 3553/3553
f 2429/2429 2430/2430 3553/3553
f 2421/2421 3557/3557 3556/3556
f 3556/3556 3554/3554 2408/2408
f 3554/3554 3567/3567 2404/2404
f 3567/3567 3569/3569 2405/2405
f 710/710 3775/3775 3759/3759
f 1796/1796 3387/3387 3384/3384
f 1810/1810 3381/3381 3378/3378
f 3398/3398 3434/3434 1779/1779
f 1717/1717 1644/1644 3394/3394
f 1652/1652 3426/3426 3382/3382
f 3378/3378 3385/3385 1824/1824
f 1849/1849 1785/1785 3437/3437
f 2070/2070 1384/1384 3680/3680
f 3773/3773 2070/2070 3708/3708
f 2057/2057 3778/3778 3734/3734
f 2122/2122 3579/3579 3656/3656
f 608/608 3770/3770 3771/3771
f 2135/2135 3470/3470 3655/3655
f 2120/2120 3411/3411 3654/3654
f 1330/1330 3691/3691 3700/3700
f 3725/3725 3722/3722 1434/1434
f 3047/3047 1712/1712 3641/3641
f 2013/2013 3679/3679 3702/3702
f 1317/1317 3728/3728 3720/3720
f 2052/2052 3749/3749 3768/3768
f 2033/2033 2036/2036 3602/3602
f 3695/3695 3701/3701 1324/1324
f 1952/1952 3615/3615 3649/3649
f 2130/2130 3649/3649 3585/3585
f 2074/2074 3622/3622 3618/3618
f 1955/1955 3618/3618 3615/3615
f 1961/1961 3590/3590 3645/3645
f 2144/2144 3645/3645 3622/3622
f 3079/3079 3586/3586 3625/3625
f 3080/3080 3590/3590 3586/3586
f 3071/3071 3575/3575 3630/3630
f 3072/3072 3630/3630 3631/3631
f 3596/3596 3573/3573 3070/3070
f 3070/3070 3573/3573 3575/3575
f 2143/2143 2983/2983 3596/3596
f 3551/3551 3656/3656 3608/3608
f 3588/3588 3640/3640 2140/2140
f 3657/3657 3602/3602 2036/2036
f 3640/3640 3657/3657 3587/3587
f 3066/3066 3572/3572 3657/3657
f 3067/3067 3579/3579 3572/3572
f 2035/2035 3585/3585 3587/3587
f 2139/2139 3060/3060 3616/3616
f 2136/2136 2139/2139 3642/3642
f 3470/3470 2136/2136 3647/3647
f 2030/2030 2135/2135 3646/3646
f 2031/2031 2030/2030 3644/3644
f 2147/2147 3608/3608 3617/3617
f 2148/2148 3617/3617 3616/3616
f 3776/3776 3753/3753 562/562
f 2068/2068 2031/2031 3643/3643
f 2151/2151 2068/2068 3626/3626
f 3577/3577 3651/3651 3052/3052
f 3651/3651 3611/3611 3050/3050
f 3611/3611 3610/3610 3051/3051
f 3637/3637 3578/3578 3048/3048
f 3578/3578 3577/3577 3049/3049
f 3641/3641 3633/3633 3043/3043
f 3633/3633 3648/3648 3044/3044
f 1772/1772 3706/3706 3705/3705
f 1268/1268 3721/3721 3723/3723
f 2127/2127 2260/2260 3614/3614
f 2124/2124 2127/2127 3598/3598
f 3631/3631 3634/3634 2991/2991
f 3634/3634 3600/3600 2992/2992
f 693/693 3740/3740 3742/3742
f 2694/2694 2881/2881 3603/3603
f 3653/3653 3635/3635 2078/2078
f 3676/3676 3675/3675 746/746
f 2886/2886 3650/3650 3632/3632
f 2887/2887 3625/3625 3650/3650
f 2878/2878 3613/3613 3603/3603
f 2076/2076 3613/3613 3632/3632
f 2260/2260 2128/2128 3637/3637
f 3727/3727 3715/3715 1413/1413
f 3772/3772 3741/3741 566/566
f 3753/3753 3756/3756 565/565
f 3714/3714 3693/3693 1777/1777
f 689/689 3769/3769 3754/3754
f 3683/3683 3779/3779 3774/3774
f 2055/2055 3750/3750 3778/3778
f 3677/3677 3696/3696 1332/1332
f 1771/1771 3706/3706 3689/3689
f 659/659 3718/3718 3719/3719
f 3369/3369 3571/3571 3718/3718
f 2054/2054 3734/3734 3735/3735
f 2048/2048 3763/3763 3768/3768
f 2053/2053 3735/3735 3766/3766
f 3709/3709 3698/3698 687/687
f 1639/1639 3678/3678 3713/3713
f 1600/1600 1588/1588 3686/3686
f 607/607 3771/3771 3773/3773
f 2083/2083 2084/2084 3733/3733
f 1767/1767 1601/1601 3711/3711
f 3687/3687 3688/3688 1778/1778
f 3739/3739 3781/3781 3767/3767
f 1607/1607 3699/3699 3697/3697
f 3756/3756 3757/3757 617/617
f 2083/2083 3732/3732 3742/3742
f 2099/2099 2098/2098 3738/3738
f 658/658 3719/3719 3780/3780
f 2061/2061 3684/3684 3679/3679
f 1774/1774 3689/3689 3714/3714
f 3722/3722 3716/3716 1408/1408
f 681/681 3773/3773 3779/3779
f 846/846 822/822 3703/3703
f 3731/3731 3736/3736 2080/2080
f 3451/3451 3597/3597 3592/3592
f 3449/3449 3606/3606 3597/3597
f 3619/3619 3612/3612 3604/3604
f 3606/3606 3449/3449 3447/3447
f 1065/1065 3604/3604 3612/3612
f 3605/3605 3606/3606 3609/3609
f 2711/2711 3365/3365 3366/3366
f 3365/3365 2728/2728 2727/2727
f 2712/2712 3366/3366 3367/3367
f 3366/3366 2727/2727 2726/2726
f 3382/3382 2829/2829 3367/3367
f 3389/3389 3367/3367 2726/2726
f 2868/2868 3377/3377 3658/3658
f 2049/2049 3775/3775 3763/3763
f 3407/3407 3669/3669 3671/3671
f 664/664 3745/3745 3743/3743
f 1846/1846 1845/1845 3777/3777
f 2825/2825 3666/3666 3668/3668
f 2820/2820 3664/3664 3666/3666
f 2821/2821 3664/3664 3674/3674
f 2656/2656 2798/2798 3673/3673
f 2797/2797 3674/3674 3673/3673
f 2740/2740 3667/3667 3661/3661
f 2738/2738 3663/3663 3659/3659
f 2743/2743 3660/3660 3659/3659
f 2742/2742 3660/3660 3665/3665
f 2739/2739 2657/2657 3667/3667
f 2737/2737 3663/3663 3662/3662
f 2729/2729 3672/3672 3662/3662
f 2728/2728 3672/3672 3670/3670
f 2725/2725 3671/3671 3670/3670
f 1661/1661 3788/3788 3790/3790
f 3789/3789 3787/3787 1756/1756
f 3782/3782 3783/3783 1665/1665
f 3785/3785 3794/3794 1651/1651
f 1616/1616 3765/3765 3747/3747
f 1845/1845 1834/1834 3762/3762
f 3638/3638 3636/3636 1633/1633
f 1648/1648 1649/1649 3638/3638
f 3793/3793 3669/3669 3407/3407
f 3389/3389 3408/3408 1648/1648
f 3784/3784 3790/3790 1662/1662
f 1559/1559 3784/3784 3795/3795
f 3747/3747 3751/3751 1833/1833
f 1650/1650 1649/1649 3792/3792
f 3792/3792 3793/3793 1647/1647
f 3801/3801 3800/3800 3804/3804
f 3801/3801 3805/3805 3806/3806
f 3799/3799 3803/3803 3804/3804
f 3805/3805 3809/3809 3810/3810
f 3804/3804 3803/3803 3807/3807
f 3804/3804 3808/3808 3809/3809
f 3809/3809 3813/3813 3814/3814
f 3808/3808 3807/3807 3811/3811
f 3809/3809 3808/3808 3812/3812
f 3814/3814 3813/3813 3817/3817
f 3811/3811 3815/3815 3816/3816
f 3812/3812 3816/3816 3817/3817
f 3817/3817 3821/3821 3822/3822
f 3816/3816 3815/3815 3819/3819
f 3817/3817 3816/3816 3820/3820
f 3822/3822 3821/3821 3825/3825
f 3820/3820 3819/3819 3823/3823
f 3820/3820 3824/3824 3825/3825
f 3826/3826 3825/3825 3829/3829
f 3824/3824 3823/3823 3827/3827
f 3825/3825 3824/3824 3828/3828
f 3829/3829 3833/3833 3834/3834
f 3827/3827 3831/3831 3832/3832
f 3828/3828 3832/3832 3833/3833
f 3833/3833 3837/3837 3838/3838
f 3832/3832 3831/3831 3835/3835
f 3833/3833 3832/3832 3836/3836
f 3837/3837 3841/3841 3842/3842
f 3835/3835 3839/3839 3840/3840
f 3836/3836 3840/3840 3841/3841
f 3841/3841 3845/3845 3846/3846
f 3840/3840 3839/3839 3843/3843
f 3841/3841 3840/3840 3844/3844
f 3846/3846 3845/3845 3849/3849
f 3843/3843 3847/3847 3848/3848
f 3844/3844 3848/3848 3849/3849
f 3849/3849 3853/3853 3854/3854
f 3848/3848 3847/3847 3851/3851
f 3849/3849 3848/3848 3852/3852
f 3854/3854 3853/3853 3857/3857
f 3851/3851 3855/3855 3856/3856
f 3852/3852 3856/3856 3857/3857
f 3858/3858 3857/3857 3861/3861
f 3856/3856 3855/3855 3859/3859
f 3857/3857 3856/3856 3860/3860
f 3862/3862 3861/3861 3865/3865
f 3859/3859 3863/3863 3864/3864
f 3860/3860 3864/3864 3865/3865
f 3865/3865 3869/3869 3870/3870
f 3864/3864 3863/3863 3867/3867
f 3865/3865 3864/3864 3868/3868
f 3869/3869 3873/3873 3874/3874
f 3867/3867 3871/3871 3872/3872
f 3868/3868 3872/3872 3873/3873
f 3873/3873 3877/3877 3878/3878
f 3872/3872 3871/3871 3875/3875
f 3873/3873 3872/3872 3876/3876
f 3878/3878 3877/3877 3881/3881
f 3875/3875 3879/3879 3880/3880
f 3876/3876 3880/3880 3881/3881
f 3881/3881 3885/3885 3886/3886
f 3880/3880 3879/3879 3883/3883
f 3881/3881 3880/3880 3884/3884
f 3886/3886 3885/3885 3889/3889
f 3883/3883 3887/3887 3888/3888
f 3884/3884 3888/3888 3889/3889
f 3890/3890 3889/3889 3893/3893
f 3888/3888 3887/3887 3891/3891
f 3889/3889 3888/3888 3892/3892
f 3894/3894 3893/3893 3897/3897
f 3891/3891 3895/3895 3896/3896
f 3892/3892 3896/3896 3897/3897
f 3898/3898 3897/3897 3901/3901
f 3896/3896 3895/3895 3899/3899
f 3897/3897 3896/3896 3900/3900
f 3901/3901 3905/3905 3906/3906
f 3899/3899 3903/3903 3904/3904
f 3900/3900 3904/3904 3905/3905
f 3905/3905 3909/3909 3910/3910
f 3904/3904 3903/3903 3907/3907
f 3905/3905 3904/3904 3908/3908
f 3910/3910 3909/3909 3913/3913
f 3907/3907 3911/3911 3912/3912
f 3908/3908 3912/3912 3913/3913
f 3913/3913 3917/3917 3918/3918
f 3912/3912 3911/3911 3915/3915
f 3913/3913 3912/3912 3916/3916
f 3918/3918 3917/3917 3922/3922
f 3915/3915 3920/3920 3921/3921
f 3916/3916 3921/3921 3922/3922
f 3923/3923 3922/3922 3926/3926
f 3920/3920 3924/3924 3925/3925
f 3922/3922 3921/3921 3925/3925
f 3927/3927 3926/3926 3801/3801
f 3925/3925 3924/3924 3799/3799
f 3925/3925 3800/3800 3801/3801
f 3937/3937 3936/3936 3950/3950
f 3934/3934 3947/3947 3949/3949
f 3932/3932 3931/3931 3945/3945
f 3930/3930 3929/3929 3943/3943
f 3939/3939 3953/3953 3954/3954
f 3937/3937 3951/3951 3952/3952
f 3935/3935 3949/3949 3950/3950
f 3933/3933 3932/3932 3946/3946
f 3930/3930 3944/3944 3945/3945
f 3928/3928 3942/3942 3943/3943
f 3940/3940 3954/3954 3955/3955
f 3939/3939 3938/3938 3952/3952
f 3944/3944 3958/3958 3959/3959
f 3942/3942 3956/3956 3957/3957
f 3955/3955 3954/3954 3968/3968
f 3952/3952 3966/3966 3967/3967
f 3951/3951 3950/3950 3964/3964
f 3947/3947 3962/3962 3963/3963
f 3946/3946 3945/3945 3959/3959
f 3944/3944 3943/3943 3957/3957
f 3954/3954 3953/3953 3967/3967
f 3951/3951 3965/3965 3966/3966
f 3949/3949 3963/3963 3964/3964
f 3948/3948 3946/3946 3960/3960
f 3958/3958 3972/3972 3973/3973
f 3957/3957 3956/3956 3970/3970
f 3968/3968 3982/3982 3983/3983
f 3966/3966 3980/3980 3981/3981
f 3965/3965 3964/3964 3978/3978
f 3962/3962 3976/3976 3977/3977
f 3959/3959 3973/3973 3974/3974
f 3958/3958 3957/3957 3971/3971
f 3967/3967 3981/3981 3982/3982
f 3965/3965 3979/3979 3980/3980
f 3964/3964 3963/3963 3977/3977
f 3961/3961 3960/3960 3974/3974
f 3973/3973 3972/3972 3986/3986
f 3970/3970 3984/3984 3985/3985
f 3983/3983 3982/3982 3996/3996
f 3981/3981 3980/3980 3994/3994
f 3978/3978 3992/3992 3993/3993
f 3976/3976 3990/3990 3991/3991
f 3973/3973 3987/3987 3988/3988
f 3971/3971 3985/3985 3986/3986
f 3981/3981 3995/3995 3996/3996
f 3980/3980 3979/3979 3993/3993
f 3978/3978 3977/3977 3991/3991
f 3975/3975 3974/3974 3988/3988
f 3986/3986 4000/4000 4001/4001
f 3985/3985 3984/3984 3998/3998
f 3996/3996 4010/4010 4011/4011
f 3995/3995 3994/3994 4008/4008
f 3992/3992 4006/4006 4007/4007
f 3991/3991 3990/3990 4004/4004
f 3988/3988 3987/3987 4001/4001
f 3985/3985 3999/3999 4000/4000
f 3996/3996 3995/3995 4009/4009
f 3994/3994 3993/3993 4007/4007
f 3991/3991 4005/4005 4006/4006
f 3988/3988 4002/4002 4003/4003
f 4001/4001 4000/4000 4014/4014
f 3998/3998 4012/4012 4013/4013
f 4011/4011 4010/4010 4024/4024
f 4009/4009 4008/4008 4022/4022
f 4006/4006 4020/4020 4021/4021
f 4004/4004 4018/4018 4019/4019
f 4002/4002 4001/4001 4015/4015
f 3999/3999 4013/4013 4014/4014
f 4010/4010 4009/4009 4023/4023
f 4008/4008 4007/4007 4021/4021
f 4005/4005 4019/4019 4020/4020
f 4003/4003 4002/4002 4016/4016
f 4015/4015 4014/4014 4028/4028
f 4013/4013 4012/4012 4026/4026
f 4024/4024 4038/4038 4039/4039
f 4023/4023 4022/4022 4036/4036
f 4020/4020 4034/4034 4035/4035
f 4018/4018 4031/4031 4033/4033
f 4015/4015 4029/4029 4030/4030
f 4013/4013 4027/4027 4028/4028
f 4023/4023 4037/4037 4038/4038
f 4022/4022 4021/4021 4035/4035
f 4020/4020 4019/4019 4033/4033
f 4017/4017 4016/4016 4030/4030
f 4029/4029 4028/4028 4042/4042
f 4027/4027 4026/4026 4040/4040
f 4038/4038 4052/4052 4053/4053
f 4036/4036 4050/4050 4051/4051
f 4034/4034 4048/4048 4049/4049
f 4033/4033 4031/4031 4046/4046
f 4029/4029 4043/4043 4044/4044
f 4027/4027 4041/4041 4042/4042
f 4038/4038 4037/4037 4051/4051
f 4036/4036 4035/4035 4049/4049
f 4034/4034 4033/4033 4047/4047
f 4030/4030 4044/4044 4045/4045
f 4042/4042 4056/4056 4057/4057
f 4040/4040 4054/4054 4055/4055
f 4052/4052 4066/4066 4067/4067
f 4051/4051 4050/4050 4064/4064
f 4049/4049 4048/4048 4062/4062
f 4046/4046 4060/4060 4061/4061
f 4044/4044 4043/4043 4057/4057
f 4042/4042 4041/4041 4055/4055
f 4051/4051 4065/4065 4066/4066
f 4049/4049 4063/4063 4064/4064
f 4047/4047 4061/4061 4062/4062
f 4045/4045 4044/4044 4058/4058
f 4056/4056 4070/4070 4071/4071
f 4054/4054 4068/4068 4069/4069
f 4067/4067 4066/4066 4080/4080
f 4064/4064 4078/4078 4079/4079
f 4063/4063 4062/4062 4076/4076
f 4060/4060 4073/4073 4075/4075
f 4058/4058 4057/4057 4071/4071
f 4056/4056 4055/4055 4069/4069
f 4066/4066 4065/4065 4079/4079
f 4063/4063 4077/4077 4078/4078
f 4061/4061 4075/4075 4076/4076
f 4059/4059 4058/4058 4072/4072
f 4070/4070 4084/4084 4085/4085
f 4069/4069 4068/4068 4082/4082
f 4080/4080 4094/4094 4095/4095
f 4078/4078 4092/4092 4093/4093
f 4077/4077 4076/4076 4090/4090
f 4073/4073 4087/4087 4089/4089
f 4071/4071 4085/4085 4086/4086
f 4070/4070 4069/4069 4083/4083
f 4079/4079 4093/4093 4094/4094
f 4077/4077 4091/4091 4092/4092
f 4076/4076 4075/4075 4089/4089
f 4074/4074 4072/4072 4086/4086
f 4085/4085 4084/4084 4098/4098
f 4082/4082 4096/4096 4097/4097
f 4095/4095 4094/4094 4108/4108
f 4092/4092 4106/4106 4107/4107
f 4090/4090 4104/4104 4105/4105
f 4087/4087 4101/4101 4103/4103
f 4085/4085 4099/4099 4100/4100
f 4083/4083 4097/4097 4098/4098
f 4093/4093 4107/4107 4108/4108
f 4092/4092 4091/4091 4105/4105
f 4090/4090 4089/4089 4103/4103
f 4088/4088 4086/4086 4100/4100
f 4098/4098 4112/4112 4113/4113
f 4097/4097 4096/4096 4110/4110
f 4108/4108 4122/4122 4123/4123
f 4106/4106 4120/4120 4121/4121
f 4105/4105 4104/4104 4118/4118
f 4103/4103 4101/4101 4116/4116
f 4100/4100 4099/4099 4113/4113
f 4097/4097 4111/4111 4112/4112
f 4108/4108 4107/4107 4121/4121
f 4106/4106 4105/4105 4119/4119
f 4103/4103 4117/4117 4118/4118
f 4100/4100 4114/4114 4115/4115
f 4113/4113 4112/4112 4126/4126
f 4110/4110 4124/4124 4125/4125
f 4123/4123 4122/4122 4136/4136
f 4121/4121 4120/4120 4134/4134
f 4118/4118 4132/4132 4133/4133
f 4116/4116 4129/4129 4131/4131
f 4114/4114 4113/4113 4127/4127
f 4111/4111 4125/4125 4126/4126
f 4122/4122 4121/4121 4135/4135
f 4120/4120 4119/4119 4133/4133
f 4117/4117 4131/4131 4132/4132
f 4115/4115 4114/4114 4128/4128
f 4127/4127 4126/4126 4140/4140
f 4125/4125 4124/4124 4138/4138
f 4136/4136 4150/4150 4151/4151
f 4135/4135 4134/4134 4148/4148
f 4132/4132 4146/4146 4147/4147
f 4129/4129 4144/4144 4145/4145
f 4127/4127 4141/4141 4142/4142
f 4125/4125 4139/4139 4140/4140
f 4135/4135 4149/4149 4150/4150
f 4134/4134 4133/4133 4147/4147
f 4132/4132 4131/4131 4145/4145
f 4130/4130 4128/4128 4142/4142
f 4141/4141 4140/4140 4154/4154
f 4139/4139 4138/4138 4152/4152
f 4150/4150 4164/4164 4165/4165
f 4148/4148 4162/4162 4163/4163
f 4146/4146 4160/4160 4161/4161
f 4145/4145 4144/4144 4158/4158
f 4141/4141 4155/4155 4156/4156
f 4139/4139 4153/4153 4154/4154
f 4149/4149 4163/4163 4164/4164
f 4148/4148 4147/4147 4161/4161
f 4146/4146 4145/4145 4159/4159
f 4142/4142 4156/4156 4157/4157
f 4154/4154 4168/4168 4169/4169
f 4152/4152 4166/4166 4167/4167
f 4165/4165 4164/4164 4178/4178
f 4163/4163 4162/4162 4176/4176
f 4161/4161 4160/4160 4174/4174
f 4158/4158 4171/4171 4173/4173
f 4156/4156 4155/4155 4169/4169
f 4154/4154 4153/4153 4167/4167
f 4164/4164 4163/4163 4177/4177
f 4161/4161 4175/4175 4176/4176
f 4159/4159 4173/4173 4174/4174
f 4157/4157 4156/4156 4170/4170
f 4168/4168 4182/4182 4183/4183
f 4166/4166 4180/4180 4181/4181
f 4179/4179 4178/4178 4192/4192
f 4176/4176 4190/4190 4191/4191
f 4175/4175 4174/4174 4188/4188
f 4171/4171 4186/4186 4187/4187
f 4170/4170 4169/4169 4183/4183
f 4168/4168 4167/4167 4181/4181
f 4178/4178 4177/4177 4191/4191
f 4175/4175 4189/4189 4190/4190
f 4173/4173 4187/4187 4188/4188
f 4172/4172 4170/4170 4184/4184
f 4182/4182 4196/4196 4197/4197
f 4181/4181 4180/4180 4194/4194
f 4192/4192 4206/4206 4207/4207
f 4190/4190 4204/4204 4205/4205
f 4189/4189 4188/4188 4202/4202
f 4186/4186 4199/4199 4201/4201
f 4183/4183 4197/4197 4198/4198
f 4182/4182 4181/4181 4195/4195
f 4191/4191 4205/4205 4206/4206
f 4190/4190 4189/4189 4203/4203
f 4188/4188 4187/4187 4201/4201
f 4185/4185 4184/4184 4198/4198
f 4196/4196 4210/4210 4211/4211
f 4194/4194 4208/4208 4209/4209
f 4207/4207 4206/4206 4220/4220
f 4205/4205 4204/4204 4218/4218
f 4203/4203 4202/4202 4216/4216
f 4199/4199 4213/4213 4215/4215
f 4197/4197 4211/4211 4212/4212
f 4196/4196 4195/4195 4209/4209
f 4205/4205 4219/4219 4220/4220
f 4203/4203 4217/4217 4218/4218
f 4202/4202 4201/4201 4215/4215
f 4198/4198 4212/4212 4214/4214
f 4210/4210 4224/4224 4225/4225
f 4209/4209 4208/4208 4222/4222
f 4220/4220 4234/4234 4235/4235
f 4218/4218 4232/4232 4233/4233
f 4217/4217 4216/4216 4230/4230
f 4215/4215 4213/4213 4228/4228
f 4212/4212 4211/4211 4225/4225
f 4209/4209 4223/4223 4224/4224
f 4220/4220 4219/4219 4233/4233
f 4218/4218 4217/4217 4231/4231
f 4215/4215 4229/4229 4230/4230
f 4212/4212 4226/4226 4227/4227
f 4225/4225 4224/4224 4239/4239
f 4222/4222 4237/4237 4238/4238
f 4235/4235 4234/4234 4249/4249
f 4233/4233 4232/4232 4247/4247
f 4230/4230 4245/4245 4246/4246
f 4229/4229 4228/4228 4243/4243
f 4226/4226 4225/4225 4240/4240
f 4223/4223 4238/4238 4239/4239
f 4234/4234 4233/4233 4248/4248
f 4232/4232 4231/4231 4246/4246
f 4229/4229 4244/4244 4245/4245
f 4226/4226 4241/4241 4242/4242
f 4240/4240 4239/4239 4253/4253
f 4238/4238 4237/4237 4251/4251
f 4249/4249 4263/4263 4264/4264
f 4248/4248 4247/4247 4261/4261
f 4245/4245 4259/4259 4260/4260
f 4244/4244 4243/4243 4256/4256
f 4240/4240 4254/4254 4255/4255
f 4238/4238 4252/4252 4253/4253
f 4248/4248 4262/4262 4263/4263
f 4247/4247 4246/4246 4260/4260
f 4245/4245 4244/4244 4258/4258
f 4241/4241 4255/4255 4257/4257
f 4254/4254 4253/4253 4267/4267
f 4252/4252 4251/4251 4265/4265
f 4264/4264 4263/4263 4277/4277
f 4261/4261 4275/4275 4276/4276
f 4259/4259 4273/4273 4274/4274
f 4258/4258 4256/4256 4270/4270
f 4254/4254 4268/4268 4269/4269
f 4252/4252 4266/4266 4267/4267
f 4263/4263 4262/4262 4276/4276
f 4261/4261 4260/4260 4274/4274
f 4259/4259 4258/4258 4272/4272
f 4255/4255 4269/4269 4271/4271
f 4267/4267 4281/4281 4282/4282
f 4265/4265 4279/4279 4280/4280
f 4277/4277 4291/4291 4292/4292
f 4276/4276 4275/4275 4289/4289
f 4274/4274 4273/4273 4287/4287
f 4270/4270 4285/4285 4286/4286
f 4269/4269 4268/4268 4282/4282
f 4267/4267 4266/4266 4280/4280
f 4276/4276 4290/4290 4291/4291
f 4274/4274 4288/4288 4289/4289
f 4272/4272 4286/4286 4287/4287
f 4271/4271 4269/4269 4283/4283
f 4281/4281 4295/4295 4296/4296
f 4279/4279 4293/4293 4294/4294
f 4292/4292 4291/4291 4305/4305
f 4289/4289 4303/4303 4304/4304
f 4288/4288 4287/4287 4301/4301
f 4286/4286 4285/4285 4299/4299
f 4283/4283 4282/4282 4296/4296
f 4281/4281 4280/4280 4294/4294
f 4291/4291 4290/4290 4304/4304
f 4288/4288 4302/4302 4303/4303
f 4286/4286 4300/4300 4301/4301
f 4283/4283 4297/4297 4298/4298
f 4295/4295 4309/4309 4310/4310
f 4294/4294 4293/4293 4307/4307
f 4305/4305 4319/4319 4320/4320
f 4303/4303 4317/4317 4318/4318
f 4302/4302 4301/4301 4315/4315
f 4300/4300 4299/4299 4312/4312
f 4296/4296 4310/4310 4311/4311
f 4295/4295 4294/4294 4308/4308
f 4304/4304 4318/4318 4319/4319
f 4302/4302 4316/4316 4317/4317
f 4301/4301 4300/4300 4314/4314
f 4297/4297 4311/4311 4313/4313
f 4310/4310 4309/4309 4323/4323
f 4307/4307 4321/4321 4322/4322
f 4320/4320 4319/4319 4333/4333
f 4318/4318 4317/4317 4331/4331
f 4316/4316 4315/4315 4329/4329
f 4312/4312 4327/4327 4328/4328
f 4310/4310 4324/4324 4325/4325
f 4309/4309 4308/4308 4322/4322
f 4318/4318 4332/4332 4333/4333
f 4316/4316 4330/4330 4331/4331
f 4315/4315 4314/4314 4328/4328
f 4313/4313 4311/4311 4325/4325
f 4323/4323 4337/4337 4338/4338
f 4321/4321 4335/4335 4336/4336
f 4333/4333 4347/4347 4348/4348
f 4331/4331 4345/4345 4346/4346
f 4330/4330 4329/4329 4343/4343
f 4328/4328 4327/4327 4341/4341
f 4325/4325 4324/4324 4338/4338
f 4322/4322 4336/4336 4337/4337
f 4333/4333 4332/4332 4346/4346
f 4331/4331 4330/4330 4344/4344
f 4328/4328 4342/4342 4343/4343
f 4325/4325 4339/4339 4340/4340
f 4338/4338 4337/4337 4351/4351
f 4335/4335 4349/4349 4350/4350
f 4348/4348 4347/4347 4361/4361
f 4346/4346 4345/4345 4359/4359
f 4343/4343 4357/4357 4358/4358
f 4341/4341 4354/4354 4356/4356
f 4339/4339 4338/4338 4352/4352
f 4336/4336 4350/4350 4351/4351
f 4347/4347 4346/4346 4360/4360
f 4344/4344 4358/4358 4359/4359
f 4342/4342 4356/4356 4357/4357
f 4340/4340 4339/4339 4353/4353
f 4352/4352 4351/4351 4365/4365
f 4350/4350 4349/4349 4363/4363
f 4361/4361 4375/4375 4376/4376
f 4360/4360 4359/4359 4373/4373
f 4357/4357 4371/4371 4372/4372
f 4354/4354 4368/4368 4370/4370
f 4352/4352 4366/4366 4367/4367
f 4350/4350 4364/4364 4365/4365
f 4360/4360 4374/4374 4375/4375
f 4359/4359 4358/4358 4372/4372
f 4357/4357 4356/4356 4370/4370
f 4355/4355 4353/4353 4367/4367
f 4366/4366 4365/4365 3930/3930
f 4364/4364 4363/4363 3928/3928
f 4376/4376 4375/4375 3940/3940
f 4373/4373 3938/3938 3939/3939
f 4371/4371 3936/3936 3937/3937
f 4370/4370 4368/4368 3934/3934
f 4366/4366 3931/3931 3932/3932
f 4364/4364 3929/3929 3930/3930
f 4375/4375 4374/4374 3939/3939
f 4373/4373 4372/4372 3937/3937
f 4371/4371 4370/4370 3935/3935
f 4367/4367 3932/3932 3933/3933
f 3802/3802 3928/3928 4363/4363
f 4363/4363 4349/4349 3923/3923
f 4349/4349 4335/4335 3918/3918
f 4335/4335 4321/4321 3914/3914
f 3914/3914 4321/4321 4307/4307
f 3910/3910 4307/4307 4293/4293
f 3906/3906 4293/4293 4279/4279
f 4279/4279 4265/4265 3898/3898
f 3898/3898 4265/4265 4251/4251
f 4251/4251 4237/4237 3890/3890
f 4237/4237 4222/4222 3886/3886
f 4222/4222 4208/4208 3882/3882
f 3882/3882 4208/4208 4194/4194
f 3878/3878 4194/4194 4180/4180
f 3874/3874 4180/4180 4166/4166
f 4166/4166 4152/4152 3866/3866
f 3866/3866 4152/4152 4138/4138
f 4138/4138 4124/4124 3858/3858
f 4124/4124 4110/4110 3854/3854
f 4110/4110 4096/4096 3850/3850
f 3850/3850 4096/4096 4082/4082
f 3846/3846 4082/4082 4068/4068
f 3842/3842 4068/4068 4054/4054
f 4054/4054 4040/4040 3834/3834
f 3834/3834 4040/4040 4026/4026
f 4026/4026 4012/4012 3826/3826
f 4012/4012 3998/3998 3822/3822
f 3998/3998 3984/3984 3818/3818
f 3818/3818 3984/3984 3970/3970
f 3814/3814 3970/3970 3956/3956
f 3810/3810 3956/3956 3942/3942
f 3942/3942 3928/3928 3802/3802
f 4379/4379 4378/4378 4382/4382
f 4379/4379 4383/4383 4384/4384
f 4378/4378 4377/4377 4381/4381
f 4383/4383 4387/4387 4388/4388
f 4381/4381 4385/4385 4386/4386
f 4382/4382 4386/4386 4387/4387
f 4387/4387 4391/4391 4392/4392
f 4386/4386 4385/4385 4389/4389
f 4387/4387 4386/4386 4390/4390
f 4392/4392 4391/4391 4395/4395
f 4389/4389 4393/4393 4394/4394
f 4390/4390 4394/4394 4395/4395
f 4395/4395 4399/4399 4400/4400
f 4394/4394 4393/4393 4397/4397
f 4395/4395 4394/4394 4398/4398
f 4400/4400 4399/4399 4403/4403
f 4397/4397 4401/4401 4402/4402
f 4398/4398 4402/4402 4403/4403
f 4404/4404 4403/4403 4407/4407
f 4402/4402 4401/4401 4405/4405
f 4403/4403 4402/4402 4406/4406
f 4408/4408 4407/4407 4411/4411
f 4405/4405 4409/4409 4410/4410
f 4406/4406 4410/4410 4411/4411
f 4412/4412 4411/4411 4415/4415
f 4410/4410 4409/4409 4413/4413
f 4411/4411 4410/4410 4414/4414
f 4415/4415 4419/4419 4420/4420
f 4413/4413 4417/4417 4418/4418
f 4414/4414 4418/4418 4419/4419
f 4419/4419 4423/4423 4424/4424
f 4417/4417 4421/4421 4422/4422
f 4419/4419 4418/4418 4422/4422
f 4424/4424 4423/4423 4427/4427
f 4421/4421 4425/4425 4426/4426
f 4422/4422 4426/4426 4427/4427
f 4427/4427 4431/4431 4432/4432
f 4426/4426 4425/4425 4429/4429
f 4427/4427 4426/4426 4430/4430
f 4432/4432 4431/4431 4435/4435
f 4429/4429 4433/4433 4434/4434
f 4430/4430 4434/4434 4435/4435
f 4436/4436 4435/4435 4439/4439
f 4433/4433 4437/4437 4438/4438
f 4435/4435 4434/4434 4438/4438
f 4440/4440 4439/4439 4443/4443
f 4438/4438 4437/4437 4441/4441
f 4438/4438 4442/4442 4443/4443
f 4443/4443 4447/4447 4448/4448
f 4441/4441 4445/4445 4446/4446
f 4443/4443 4442/4442 4446/4446
f 4447/4447 4451/4451 4452/4452
f 4446/4446 4445/4445 4449/4449
f 4446/4446 4450/4450 4451/4451
f 4451/4451 4455/4455 4456/4456
f 4450/4450 4449/4449 4453/4453
f 4451/4451 4450/4450 4454/4454
f 4456/4456 4455/4455 4459/4459
f 4453/4453 4457/4457 4458/4458
f 4454/4454 4458/4458 4459/4459
f 4459/4459 4463/4463 4464/4464
f 4458/4458 4457/4457 4461/4461
f 4459/4459 4458/4458 4462/4462
f 4464/4464 4463/4463 4467/4467
f 4461/4461 4465/4465 4466/4466
f 4462/4462 4466/4466 4467/4467
f 4468/4468 4467/4467 4471/4471
f 4466/4466 4465/4465 4469/4469
f 4467/4467 4466/4466 4470/4470
f 4471/4471 4475/4475 4476/4476
f 4469/4469 4473/4473 4474/4474
f 4470/4470 4474/4474 4475/4475
f 4475/4475 4479/4479 4480/4480
f 4474/4474 4473/4473 4477/4477
f 4475/4475 4474/4474 4478/4478
f 4479/4479 4483/4483 4484/4484
f 4477/4477 4481/4481 4482/4482
f 4478/4478 4482/4482 4483/4483
f 4483/4483 4487/4487 4488/4488
f 4482/4482 4481/4481 4485/4485
f 4483/4483 4482/4482 4486/4486
f 4488/4488 4487/4487 4491/4491
f 4485/4485 4489/4489 4490/4490
f 4486/4486 4490/4490 4491/4491
f 4491/4491 4495/4495 4496/4496
f 4490/4490 4489/4489 4493/4493
f 4491/4491 4490/4490 4494/4494
f 4496/4496 4495/4495 4500/4500
f 4493/4493 4498/4498 4499/4499
f 4494/4494 4499/4499 4500/4500
f 4501/4501 4500/4500 4504/4504
f 4499/4499 4498/4498 4502/4502
f 4500/4500 4499/4499 4503/4503
f 4505/4505 4504/4504 4379/4379
f 4502/4502 4377/4377 4378/4378
f 4503/4503 4378/4378 4379/4379
f 4515/4515 4514/4514 4528/4528
f 4511/4511 4525/4525 4527/4527
f 4510/4510 4509/4509 4523/4523
f 4508/4508 4507/4507 4521/4521
f 4518/4518 4517/4517 4531/4531
f 4515/4515 4529/4529 4530/4530
f 4513/4513 4527/4527 4528/4528
f 4512/4512 4510/4510 4524/4524
f 4508/4508 4522/4522 4523/4523
f 4506/4506 4520/4520 4521/4521
f 4519/4519 4518/4518 4532/4532
f 4517/4517 4516/4516 4530/4530
f 4522/4522 4536/4536 4537/4537
f 4520/4520 4534/4534 4535/4535
f 4533/4533 4532/4532 4546/4546
f 4530/4530 4544/4544 4545/4545
f 4529/4529 4528/4528 4542/4542
f 4527/4527 4525/4525 4539/4539
f 4524/4524 4523/4523 4537/4537
f 4522/4522 4521/4521 4535/4535
f 4532/4532 4531/4531 4545/4545
f 4529/4529 4543/4543 4544/4544
f 4527/4527 4541/4541 4542/4542
f 4524/4524 4538/4538 4540/4540
f 4536/4536 4550/4550 4551/4551
f 4535/4535 4534/4534 4548/4548
f 4546/4546 4560/4560 4561/4561
f 4544/4544 4558/4558 4559/4559
f 4543/4543 4542/4542 4556/4556
f 4541/4541 4539/4539 4554/4554
f 4537/4537 4551/4551 4552/4552
f 4536/4536 4535/4535 4549/4549
f 4545/4545 4559/4559 4560/4560
f 4544/4544 4543/4543 4557/4557
f 4542/4542 4541/4541 4555/4555
f 4538/4538 4552/4552 4553/4553
f 4550/4550 4564/4564 4565/4565
f 4548/4548 4562/4562 4563/4563
f 4561/4561 4560/4560 4574/4574
f 4559/4559 4558/4558 4572/4572
f 4556/4556 4570/4570 4571/4571
f 4554/4554 4568/4568 4569/4569
f 4551/4551 4565/4565 4566/4566
f 4550/4550 4549/4549 4563/4563
f 4559/4559 4573/4573 4574/4574
f 4557/4557 4571/4571 4572/4572
f 4556/4556 4555/4555 4569/4569
f 4553/4553 4552/4552 4566/4566
f 4564/4564 4578/4578 4579/4579
f 4563/4563 4562/4562 4576/4576
f 4574/4574 4588/4588 4589/4589
f 4572/4572 4586/4586 4587/4587
f 4571/4571 4570/4570 4584/4584
f 4569/4569 4568/4568 4581/4581
f 4566/4566 4565/4565 4579/4579
f 4564/4564 4563/4563 4577/4577
f 4574/4574 4573/4573 4587/4587
f 4571/4571 4585/4585 4586/4586
f 4569/4569 4583/4583 4584/4584
f 4566/4566 4580/4580 4582/4582
f 4579/4579 4578/4578 4592/4592
f 4576/4576 4590/4590 4591/4591
f 4589/4589 4588/4588 4602/4602
f 4587/4587 4586/4586 4600/4600
f 4584/4584 4598/4598 4599/4599
f 4583/4583 4581/4581 4595/4595
f 4580/4580 4579/4579 4593/4593
f 4577/4577 4591/4591 4592/4592
f 4588/4588 4587/4587 4601/4601
f 4586/4586 4585/4585 4599/4599
f 4583/4583 4597/4597 4598/4598
f 4580/4580 4594/4594 4596/4596
f 4593/4593 4592/4592 4606/4606
f 4591/4591 4590/4590 4604/4604
f 4602/4602 4616/4616 4617/4617
f 4601/4601 4600/4600 4614/4614
f 4598/4598 4612/4612 4613/4613
f 4597/4597 4595/4595 4610/4610
f 4593/4593 4607/4607 4608/4608
f 4591/4591 4605/4605 4606/4606
f 4601/4601 4615/4615 4616/4616
f 4600/4600 4599/4599 4613/4613
f 4598/4598 4597/4597 4611/4611
f 4594/4594 4608/4608 4609/4609
f 4607/4607 4606/4606 4620/4620
f 4605/4605 4604/4604 4618/4618
f 4617/4617 4616/4616 4630/4630
f 4614/4614 4628/4628 4629/4629
f 4612/4612 4626/4626 4627/4627
f 4611/4611 4610/4610 4623/4623
f 4607/4607 4621/4621 4622/4622
f 4605/4605 4619/4619 4620/4620
f 4616/4616 4615/4615 4629/4629
f 4614/4614 4613/4613 4627/4627
f 4612/4612 4611/4611 4625/4625
f 4608/4608 4622/4622 4624/4624
f 4620/4620 4634/4634 4635/4635
f 4618/4618 4632/4632 4633/4633
f 4631/4631 4630/4630 4644/4644
f 4629/4629 4628/4628 4642/4642
f 4627/4627 4626/4626 4640/4640
f 4623/4623 4637/4637 4639/4639
f 4622/4622 4621/4621 4635/4635
f 4620/4620 4619/4619 4633/4633
f 4629/4629 4643/4643 4644/4644
f 4627/4627 4641/4641 4642/4642
f 4625/4625 4639/4639 4640/4640
f 4624/4624 4622/4622 4636/4636
f 4634/4634 4648/4648 4649/4649
f 4632/4632 4646/4646 4647/4647
f 4645/4645 4644/4644 4658/4658
f 4642/4642 4656/4656 4657/4657
f 4641/4641 4640/4640 4654/4654
f 4639/4639 4637/4637 4652/4652
f 4636/4636 4635/4635 4649/4649
f 4634/4634 4633/4633 4647/4647
f 4644/4644 4643/4643 4657/4657
f 4641/4641 4655/4655 4656/4656
f 4639/4639 4653/4653 4654/4654
f 4636/4636 4650/4650 4651/4651
f 4648/4648 4662/4662 4663/4663
f 4647/4647 4646/4646 4660/4660
f 4658/4658 4672/4672 4673/4673
f 4656/4656 4670/4670 4671/4671
f 4655/4655 4654/4654 4668/4668
f 4653/4653 4652/4652 4665/4665
f 4649/4649 4663/4663 4664/4664
f 4648/4648 4647/4647 4661/4661
f 4657/4657 4671/4671 4672/4672
f 4655/4655 4669/4669 4670/4670
f 4654/4654 4653/4653 4667/4667
f 4650/4650 4664/4664 4666/4666
f 4663/4663 4662/4662 4676/4676
f 4660/4660 4674/4674 4675/4675
f 4673/4673 4672/4672 4686/4686
f 4670/4670 4684/4684 4685/4685
f 4669/4669 4668/4668 4682/4682
f 4665/4665 4679/4679 4681/4681
f 4663/4663 4677/4677 4678/4678
f 4662/4662 4661/4661 4675/4675
f 4671/4671 4685/4685 4686/4686
f 4669/4669 4683/4683 4684/4684
f 4668/4668 4667/4667 4681/4681
f 4666/4666 4664/4664 4678/4678
f 4676/4676 4690/4690 4691/4691
f 4675/4675 4674/4674 4688/4688
f 4686/4686 4700/4700 4701/4701
f 4684/4684 4698/4698 4699/4699
f 4683/4683 4682/4682 4696/4696
f 4681/4681 4679/4679 4693/4693
f 4678/4678 4677/4677 4691/4691
f 4676/4676 4675/4675 4689/4689
f 4686/4686 4685/4685 4699/4699
f 4683/4683 4697/4697 4698/4698
f 4681/4681 4695/4695 4696/4696
f 4678/4678 4692/4692 4694/4694
f 4691/4691 4690/4690 4704/4704
f 4688/4688 4702/4702 4703/4703
f 4701/4701 4700/4700 4714/4714
f 4699/4699 4698/4698 4712/4712
f 4696/4696 4710/4710 4711/4711
f 4695/4695 4693/4693 4707/4707
f 4692/4692 4691/4691 4705/4705
f 4689/4689 4703/4703 4704/4704
f 4700/4700 4699/4699 4713/4713
f 4698/4698 4697/4697 4711/4711
f 4695/4695 4709/4709 4710/4710
f 4692/4692 4706/4706 4708/4708
f 4705/4705 4704/4704 4718/4718
f 4703/4703 4702/4702 4716/4716
f 4714/4714 4728/4728 4729/4729
f 4713/4713 4712/4712 4726/4726
f 4710/4710 4724/4724 4725/4725
f 4709/4709 4707/4707 4721/4721
f 4705/4705 4719/4719 4720/4720
f 4703/4703 4717/4717 4718/4718
f 4713/4713 4727/4727 4728/4728
f 4712/4712 4711/4711 4725/4725
f 4710/4710 4709/4709 4723/4723
f 4706/4706 4720/4720 4722/4722
f 4719/4719 4718/4718 4732/4732
f 4717/4717 4716/4716 4730/4730
f 4729/4729 4728/4728 4742/4742
f 4726/4726 4740/4740 4741/4741
f 4724/4724 4738/4738 4739/4739
f 4723/4723 4721/4721 4735/4735
f 4719/4719 4733/4733 4734/4734
f 4717/4717 4731/4731 4732/4732
f 4728/4728 4727/4727 4741/4741
f 4726/4726 4725/4725 4739/4739
f 4724/4724 4723/4723 4737/4737
f 4720/4720 4734/4734 4736/4736
f 4732/4732 4746/4746 4747/4747
f 4730/4730 4744/4744 4745/4745
f 4742/4742 4756/4756 4757/4757
f 4741/4741 4740/4740 4754/4754
f 4739/4739 4738/4738 4752/4752
f 4735/4735 4749/4749 4751/4751
f 4734/4734 4733/4733 4747/4747
f 4732/4732 4731/4731 4745/4745
f 4741/4741 4755/4755 4756/4756
f 4739/4739 4753/4753 4754/4754
f 4737/4737 4751/4751 4752/4752
f 4736/4736 4734/4734 4748/4748
f 4746/4746 4760/4760 4761/4761
f 4744/4744 4758/4758 4759/4759
f 4757/4757 4756/4756 4770/4770
f 4754/4754 4768/4768 4769/4769
f 4753/4753 4752/4752 4766/4766
f 4751/4751 4749/4749 4764/4764
f 4748/4748 4747/4747 4761/4761
f 4746/4746 4745/4745 4759/4759
f 4756/4756 4755/4755 4769/4769
f 4753/4753 4767/4767 4768/4768
f 4751/4751 4765/4765 4766/4766
f 4748/4748 4762/4762 4763/4763
f 4760/4760 4774/4774 4775/4775
f 4759/4759 4758/4758 4772/4772
f 4770/4770 4784/4784 4785/4785
f 4768/4768 4782/4782 4783/4783
f 4767/4767 4766/4766 4780/4780
f 4765/4765 4764/4764 4778/4778
f 4761/4761 4775/4775 4776/4776
f 4760/4760 4759/4759 4773/4773
f 4769/4769 4783/4783 4784/4784
f 4767/4767 4781/4781 4782/4782
f 4766/4766 4765/4765 4779/4779
f 4762/4762 4776/4776 4777/4777
f 4775/4775 4774/4774 4788/4788
f 4773/4773 4772/4772 4786/4786
f 4785/4785 4784/4784 4798/4798
f 4783/4783 4782/4782 4796/4796
f 4781/4781 4780/4780 4794/4794
f 4778/4778 4791/4791 4793/4793
f 4775/4775 4789/4789 4790/4790
f 4774/4774 4773/4773 4787/4787
f 4783/4783 4797/4797 4798/4798
f 4781/4781 4795/4795 4796/4796
f 4780/4780 4779/4779 4793/4793
f 4777/4777 4776/4776 4790/4790
f 4788/4788 4802/4802 4803/4803
f 4787/4787 4786/4786 4800/4800
f 4798/4798 4812/4812 4813/4813
f 4797/4797 4796/4796 4810/4810
f 4794/4794 4808/4808 4809/4809
f 4793/4793 4791/4791 4806/4806
f 4790/4790 4789/4789 4803/4803
f 4787/4787 4801/4801 4802/4802
f 4798/4798 4797/4797 4811/4811
f 4796/4796 4795/4795 4809/4809
f 4793/4793 4807/4807 4808/4808
f 4790/4790 4804/4804 4805/4805
f 4803/4803 4802/4802 4817/4817
f 4800/4800 4815/4815 4816/4816
f 4813/4813 4812/4812 4827/4827
f 4811/4811 4810/4810 4825/4825
f 4808/4808 4823/4823 4824/4824
f 4806/4806 4821/4821 4822/4822
f 4804/4804 4803/4803 4818/4818
f 4801/4801 4816/4816 4817/4817
f 4812/4812 4811/4811 4826/4826
f 4810/4810 4809/4809 4824/4824
f 4807/4807 4822/4822 4823/4823
f 4805/4805 4804/4804 4819/4819
f 4818/4818 4817/4817 4831/4831
f 4816/4816 4815/4815 4829/4829
f 4827/4827 4841/4841 4842/4842
f 4826/4826 4825/4825 4839/4839
f 4823/4823 4837/4837 4838/4838
f 4821/4821 4835/4835 4836/4836
f 4818/4818 4832/4832 4833/4833
f 4816/4816 4830/4830 4831/4831
f 4826/4826 4840/4840 4841/4841
f 4825/4825 4824/4824 4838/4838
f 4823/4823 4822/4822 4836/4836
f 4820/4820 4819/4819 4833/4833
f 4832/4832 4831/4831 4845/4845
f 4830/4830 4829/4829 4843/4843
f 4842/4842 4841/4841 4855/4855
f 4839/4839 4853/4853 4854/4854
f 4837/4837 4851/4851 4852/4852
f 4836/4836 4835/4835 4849/4849
f 4832/4832 4846/4846 4847/4847
f 4830/4830 4844/4844 4845/4845
f 4841/4841 4840/4840 4854/4854
f 4839/4839 4838/4838 4852/4852
f 4837/4837 4836/4836 4850/4850
f 4833/4833 4847/4847 4848/4848
f 4845/4845 4859/4859 4860/4860
f 4843/4843 4857/4857 4858/4858
f 4855/4855 4869/4869 4870/4870
f 4854/4854 4853/4853 4867/4867
f 4852/4852 4851/4851 4865/4865
f 4849/4849 4862/4862 4864/4864
f 4847/4847 4846/4846 4860/4860
f 4845/4845 4844/4844 4858/4858
f 4854/4854 4868/4868 4869/4869
f 4852/4852 4866/4866 4867/4867
f 4850/4850 4864/4864 4865/4865
f 4848/4848 4847/4847 4861/4861
f 4859/4859 4873/4873 4874/4874
f 4857/4857 4871/4871 4872/4872
f 4870/4870 4869/4869 4883/4883
f 4867/4867 4881/4881 4882/4882
f 4866/4866 4865/4865 4879/4879
f 4862/4862 4877/4877 4878/4878
f 4861/4861 4860/4860 4874/4874
f 4859/4859 4858/4858 4872/4872
f 4869/4869 4868/4868 4882/4882
f 4866/4866 4880/4880 4881/4881
f 4864/4864 4878/4878 4879/4879
f 4863/4863 4861/4861 4875/4875
f 4873/4873 4887/4887 4888/4888
f 4872/4872 4871/4871 4885/4885
f 4883/4883 4897/4897 4898/4898
f 4881/4881 4895/4895 4896/4896
f 4880/4880 4879/4879 4893/4893
f 4877/4877 4890/4890 4892/4892
f 4874/4874 4888/4888 4889/4889
f 4873/4873 4872/4872 4886/4886
f 4882/4882 4896/4896 4897/4897
f 4880/4880 4894/4894 4895/4895
f 4879/4879 4878/4878 4892/4892
f 4876/4876 4875/4875 4889/4889
f 4888/4888 4887/4887 4901/4901
f 4885/4885 4899/4899 4900/4900
f 4898/4898 4897/4897 4911/4911
f 4895/4895 4909/4909 4910/4910
f 4893/4893 4907/4907 4908/4908
f 4890/4890 4905/4905 4906/4906
f 4888/4888 4902/4902 4903/4903
f 4886/4886 4900/4900 4901/4901
f 4896/4896 4910/4910 4911/4911
f 4894/4894 4908/4908 4909/4909
f 4893/4893 4892/4892 4906/4906
f 4891/4891 4889/4889 4903/4903
f 4902/4902 4901/4901 4915/4915
f 4900/4900 4899/4899 4913/4913
f 4911/4911 4925/4925 4926/4926
f 4909/4909 4923/4923 4924/4924
f 4907/4907 4921/4921 4922/4922
f 4906/4906 4905/4905 4918/4918
f 4903/4903 4902/4902 4916/4916
f 4900/4900 4914/4914 4915/4915
f 4911/4911 4910/4910 4924/4924
f 4909/4909 4908/4908 4922/4922
f 4906/4906 4920/4920 4921/4921
f 4903/4903 4917/4917 4919/4919
f 4916/4916 4915/4915 4929/4929
f 4913/4913 4927/4927 4928/4928
f 4926/4926 4925/4925 4939/4939
f 4924/4924 4923/4923 4937/4937
f 4921/4921 4935/4935 4936/4936
f 4920/4920 4918/4918 4933/4933
f 4917/4917 4916/4916 4930/4930
f 4914/4914 4928/4928 4929/4929
f 4925/4925 4924/4924 4938/4938
f 4923/4923 4922/4922 4936/4936
f 4920/4920 4934/4934 4935/4935
f 4917/4917 4931/4931 4932/4932
f 4930/4930 4929/4929 4943/4943
f 4928/4928 4927/4927 4941/4941
f 4939/4939 4953/4953 4954/4954
f 4938/4938 4937/4937 4951/4951
f 4935/4935 4949/4949 4950/4950
f 4934/4934 4933/4933 4947/4947
f 4930/4930 4944/4944 4945/4945
f 4928/4928 4942/4942 4943/4943
f 4938/4938 4952/4952 4953/4953
f 4937/4937 4936/4936 4950/4950
f 4935/4935 4934/4934 4948/4948
f 4931/4931 4945/4945 4946/4946
f 4944/4944 4943/4943 4508/4508
f 4942/4942 4941/4941 4506/4506
f 4953/4953 4518/4518 4519/4519
f 4951/4951 4516/4516 4517/4517
f 4949/4949 4514/4514 4515/4515
f 4948/4948 4947/4947 4511/4511
f 4944/4944 4509/4509 4510/4510
f 4942/4942 4507/4507 4508/4508
f 4952/4952 4517/4517 4518/4518
f 4951/4951 4950/4950 4515/4515
f 4949/4949 4948/4948 4513/4513
f 4945/4945 4510/4510 4512/4512
f 4380/4380 4506/4506 4941/4941
f 4941/4941 4927/4927 4501/4501
f 4927/4927 4913/4913 4496/4496
f 4913/4913 4899/4899 4492/4492
f 4492/4492 4899/4899 4885/4885
f 4488/4488 4885/4885 4871/4871
f 4484/4484 4871/4871 4857/4857
f 4857/4857 4843/4843 4476/4476
f 4476/4476 4843/4843 4829/4829
f 4829/4829 4815/4815 4468/4468
f 4815/4815 4800/4800 4464/4464
f 4800/4800 4786/4786 4460/4460
f 4460/4460 4786/4786 4772/4772
f 4456/4456 4772/4772 4758/4758
f 4452/4452 4758/4758 4744/4744
f 4744/4744 4730/4730 4444/4444
f 4444/4444 4730/4730 4716/4716
f 4716/4716 4702/4702 4436/4436
f 4702/4702 4688/4688 4432/4432
f 4688/4688 4674/4674 4428/4428
f 4428/4428 4674/4674 4660/4660
f 4424/4424 4660/4660 4646/4646
f 4420/4420 4646/4646 4632/4632
f 4632/4632 4618/4618 4412/4412
f 4412/4412 4618/4618 4604/4604
f 4604/4604 4590/4590 4404/4404
f 4590/4590 4576/4576 4400/4400
f 4576/4576 4562/4562 4396/4396
f 4396/4396 4562/4562 4548/4548
f 4392/4392 4548/4548 4534/4534
f 4388/4388 4534/4534 4520/4520
f 4520/4520 4506/4506 4380/4380
f 4955/4955 4987/4987 4956/4956
f 4987/4987 4988/4988 4956/4956
f 4956/4956 4988/4988 4957/4957
f 4988/4988 4989/4989 4957/4957
f 4957/4957 4989/4989 4958/4958
f 4989/4989 4990/4990 4958/4958
f 4958/4958 4990/4990 4959/4959
f 4990/4990 4991/4991 4959/4959
f 4959/4959 4991/4991 4960/4960
f 4991/4991 4992/4992 4960/4960
f 4960/4960 4992/4992 4961/4961
f 4992/4992 4993/4993 4961/4961
f 4961/4961 4993/4993 4962/4962
f 4993/4993 4994/4994 4962/4962
f 4962/4962 4994/4994 4963/4963
f 4994/4994 4995/4995 4963/4963
f 4963/4963 4995/4995 4964/4964
f 4995/4995 4996/4996 4964/4964
f 4964/4964 4996/4996 4965/4965
f 4996/4996 4997/4997 4965/4965
f 4965/4965 4997/4997 4966/4966
f 4997/4997 4998/4998 4966/4966
f 4966/4966 4998/4998 4967/4967
f 4998/4998 4999/4999 4967/4967
f 4967/4967 4999/4999 4968/4968
f 4999/4999 5000/5000 4968/4968
f 4968/4968 5000/5000 4969/4969
f 5000/5000 5001/5001 4969/4969
f 4969/4969 5001/5001 4970/4970
f 5001/5001 5002/5002 4970/4970
f 4970/4970 5002/5002 4971/4971
f 5002/5002 5003/5003 4971/4971
f 4971/4971 5003/5003 4972/4972
f 5003/5003 5004/5004 4972/4972
f 4972/4972 5004/5004 4973/4973
f 5004/5004 5005/5005 4973/4973
f 4973/4973 5005/5005 4974/4974
f 5005/5005 5006/5006 4974/4974
f 4974/4974 5006/5006 4975/4975
f 5006/5006 5007/5007 4975/4975
f 4975/4975 5007/5007 4976/4976
f 5007/5007 5008/5008 4976/4976
f 4976/4976 5008/5008 4977/4977
f 5008/5008 5009/5009 4977/4977
f 4977/4977 5009/5009 4978/4978
f 5009/5009 5010/5010 4978/4978
f 4978/4978 5010/5010 4979/4979
f 5010/5010 5011/5011 4979/4979
f 4979/4979 5011/5011 4980/4980
f 5011/5011 5012/5012 4980/4980
f 4980/4980 5012/5012 4981/4981
f 5012/5012 5013/5013 4981/4981
f 4981/4981 5013/5013 4982/4982
f 5013/5013 5014/5014 4982/4982
f 4982/4982 5014/5014 4983/4983
f 5014/5014 5015/5015 4983/4983
f 4983/4983 5015/5015 4984/4984
f 5015/5015 5016/5016 4984/4984
f 4984/4984 5016/5016 4985/4985
f 5016/5016 5017/5017 4985/4985
f 4985/4985 5017/5017 4986/4986
f 5017/5017 5018/5018 4986/4986
f 4987/4987 5019/5019 4988/4988
f 5019/5019 5020/5020 4988/4988
f 4988/4988 5020/5020 4989/4989
f 5020/5020 5021/5021 4989/4989
f 4989/4989 5021/5021 4990/4990
f 5021/5021 5022/5022 4990/4990
f 4990/4990 5022/5022 4991/4991
f 5022/5022 5023/5023 4991/4991
f 4991/4991 5023/5023 4992/4992
f 5023/5023 5024/5024 4992/4992
f 4992/4992 5024/5024 4993/4993
f 5024/5024 5025/5025 4993/4993
f 4993/4993 5025/5025 4994/4994
f 5025/5025 5026/5026 4994/4994
f 4994/4994 5026/5026 4995/4995
f 5026/5026 5027/5027 4995/4995
f 4995/4995 5027/5027 4996/4996
f 5027/5027 5028/5028 4996/4996
f 4996/4996 5028/5028 4997/4997
f 5028/5028 5029/5029 4997/4997
f 4997/4997 5029/5029 4998/4998
f 5029/5029 5030/5030 4998/4998
f 4998/4998 5030/5030 4999/4999
f 5030/5030 5031/5031 4999/4999
f 4999/4999 5031/5031 5000/5000
f 5031/5031 5032/5032 5000/5000
f 5000/5000 5032/5032 5001/5001
f 5032/5032 5033/5033 5001/5001
f 5001/5001 5033/5033 5002/5002
f 5033/5033 5034/5034 5002/5002
f 5002/5002 5034/5034 5003/5003
f 5034/5034 5035/5035 5003/5003
f 5003/5003 5035/5035 5004/5004
f 5035/5035 5036/5036 5004/5004
f 5004/5004 5036/5036 5005/5005
f 5036/5036 5037/5037 5005/5005
f 5005/5005 5037/5037 5006/5006
f 5037/5037 5038/5038 5006/5006
f 5006/5006 5038/5038 5007/5007
f 5038/5038 5039/5039 5007/5007
f 5007/5007 5039/5039 5008/5008
f 5039/5039 5040/5040 5008/5008
f 5008/5008 5040/5040 5009/5009
f 5040/5040 5041/5041 5009/5009
f 5009/5009 5041/5041 5010/5010
f 5041/5041 5042/5042 5010/5010
f 5010/5010 5042/5042 5011/5011
f 5042/5042 5043/5043 5011/5011
f 5011/5011 5043/5043 5012/5012
f 5043/5043 5044/5044 5012/5012
f 5012/5012 5044/5044 5013/5013
f 5044/5044 5045/5045 5013/5013
f 5013/5013 5045/5045 5014/5014
f 5045/5045 5046/5046 5014/5014
f 5014/5014 5046/5046 5015/5015
f 5046/5046 5047/5047 5015/5015
f 5015/5015 5047/5047 5016/5016
f 5047/5047 5048/5048 5016/5016
f 5016/5016 5048/5048 5017/5017
f 5048/5048 5049/5049 5017/5017
f 5017/5017 5049/5049 5018/5018
f 5049/5049 5050/5050 5018/5018
f 5019/5019 5051/5051 5020/5020
f 5051/5051 5052/5052 5020/5020
f 5020/5020 5052/5052 5021/5021
f 5052/5052 5053/5053 5021/5021
f 5021/5021 5053/5053 5022/5022
f 5053/5053 5054/5054 5022/5022
f 5022/5022 5054/5054 5023/5023
f 5054/5054 5055/5055 5023/5023
f 5023/5023 5055/5055 5024/5024
f 5055/5055 5056/5056 5024/5024
f 5024/5024 5056/5056 5025/5025
f 5056/5056 5057/5057 5025/5025
f 5025/5025 5057/5057 5026/5026
f 5057/5057 5058/5058 5026/5026
f 5026/5026 5058/5058 5027/5027
f 5058/5058 5059/5059 5027/5027
f 5027/5027 5059/5059 5028/5028
f 5059/5059 5060/5060 5028/5028
f 5028/5028 5060/5060 5029/5029
f 5060/5060 5061/5061 5029/5029
f 5029/5029 5061/5061 5030/5030
f 5061/5061 5062/5062 5030/5030
f 5030/5030 5062/5062 5031/5031
f 5062/5062 5063/5063 5031/5031
f 5031/5031 5063/5063 5032/5032
f 5063/5063 5064/5064 5032/5032
f 5032/5032 5064/5064 5033/5033
f 5064/5064 5065/5065 5033/5033
f 5033/5033 5065/5065 5034/5034
f 5065/5065 5066/5066 5034/5034
f 5034/5034 5066/5066 5035/5035
f 5066/5066 5067/5067 5035/5035
f 5035/5035 5067/5067 5036/5036
f 5067/5067 5068/5068 5036/5036
f 5036/5036 5068/5068 5037/5037
f 5068/5068 5069/5069 5037/5037
f 5037/5037 5069/5069 5038/5038
f 5069/5069 5070/5070 5038/5038
f 5038/5038 5070/5070 5039/5039
f 5070/5070 5071/5071 5039/5039
f 5039/5039 5071/5071 5040/5040
f 5071/5071 5072/5072 5040/5040
f 5040/5040 5072/5072 5041/5041
f 5072/5072 5073/5073 5041/5041
f 5041/5041 5073/5073 5042/5042
f 5073/5073 5074/5074 5042/5042
f 5042/5042 5074/5074 5043/5043
f 5074/5074 5075/5075 5043/5043
f 5043/5043 5075/5075 5044/5044
f 5075/5075 5076/5076 5044/5044
f 5044/5044 5076/5076 5045/5045
f 5076/5076 5077/5077 5045/5045
f 5045/5045 5077/5077 5046/5046
f 5077/5077 5078/5078 5046/5046
f 5046/5046 5078/5078 5047/5047
f 5078/5078 5079/5079 5047/5047
f 5047/5047 5079/5079 5048/5048
f 5079/5079 5080/5080 5048/5048
f 5048/5048 5080/5080 5049/5049
f 5080/5080 5081/5081 5049/5049
f 5049/5049 5081/5081 5050/5050
f 5081/5081 5082/5082 5050/5050
f 5051/5051 5083/5083 5052/5052
f 5083/5083 5084/5084 5052/5052
f 5052/5052 5084/5084 5053/5053
f 5084/5084 5085/5085 5053/5053
f 5053/5053 5085/5085 5054/5054
f 5085/5085 5086/5086 5054/5054
f 5054/5054 5086/5086 5055/5055
f 5086/5086 5087/5087 5055/5055
f 5055/5055 5087/5087 5056/5056
f 5087/5087 5088/5088 5056/5056
f 5056/5056 5088/5088 5057/5057
f 5088/5088 5089/5089 5057/5057
f 5057/5057 5089/5089 5058/5058
f 5089/5089 5090/5090 5058/5058
f 5058/5058 5090/5090 5059/5059
f 5090/5090 5091/5091 5059/5059
f 5059/5059 5091/5091 5060/5060
f 5091/5091 5092/5092 5060/5060
f 5060/5060 5092/5092 5061/5061
f 5092/5092 5093/5093 5061/5061
f 5061/5061 5093/5093 5062/5062
f 5093/5093 5094/5094 5062/5062
f 5062/5062 5094/5094 5063/5063
f 5094/5094 5095/5095 5063/5063
f 5063/5063 5095/5095 5064/5064
f 5095/5095 5096/5096 5064/5064
f 5064/5064 5096/5096 5065/5065
f 5096/5096 5097/5097 5065/5065
f 5065/5065 5097/5097 5066/5066
f 5097/5097 5098/5098 5066/5066
f 5066/5066 5098/5098 5067/5067
f 5098/5098 5099/5099 5067/5067
f 5067/5067 5099/5099 5068/5068
f 5099/5099 5100/5100 5068/5068
f 5068/5068 5100/5100 5069/5069
f 5100/5100 5101/5101 5069/5069
f 5069/5069 5101/5101 5070/5070
f 5101/5101 5102/5102 5070/5070
f 5070/5070 5102/5102 5071/5071
f 5102/5102 5103/5103 5071/5071
f 5071/5071 5103/5103 5072/5072
f 5103/5103 5104/5104 5072/5072
f 5072/5072 5104/5104 5073/5073
f 5104/5104 5105/5105 5073/5073
f 5073/5073 5105/5105 5074/5074
f 5105/5105 5106/5106 5074/5074
f 5074/5074 5106/5106 5075/5075
f 5106/5106 5107/5107 5075/5075
f 5075/5075 5107/5107 5076/5076
f 5107/5107 5108/5108 5076/5076
f 5076/5076 5108/5108 5077/5077
f 5108/5108 5109/5109 5077/5077
f 5077/5077 5109/5109 5078/5078
f 5109/5109 5110/5110 5078/5078
f 5078/5078 5110/5110 5079/5079
f 5110/5110 5111/5111 5079/5079
f 5079/5079 5111/5111 5080/5080
f 5111/5111 5112/5112 5080/5080
f 5080/5080 5112/5112 5081/5081
f 5112/5112 5113/5113 5081/5081
f 5081/5081 5113/5113 5082/5082
f 5113/5113 5114/5114 5082/5082
f 5083/5083 5115/5115 5084/5084
f 5115/5115 5116/5116 5084/5084
f 5084/5084 5116/5116 5085/5085
f 5116/5116 5117/5117 5085/5085
f 5085/5085 5117/5117 5086/5086
f 5117/5117 5118/5118 5086/5086
f 5086/5086 5118/5118 5087/5087
f 5118/5118 5119/5119 5087/5087
f 5087/5087 5119/5119 5088/5088
f 5119/5119 5120/5120 5088/5088
f 5088/5088 5120/5120 5089/5089
f 5120/5120 5121/5121 5089/5089
f 5089/5089 5121/5121 5090/5090
f 5121/5121 5122/5122 5090/5090
f 5090/5090 5122/5122 5091/5091
f 5122/5122 5123/5123 5091/5091
f 5091/5091 5123/5123 5092/5092
f 5123/5123 5124/5124 5092/5092
f 5092/5092 5124/5124 5093/5093
f 5124/5124 5125/5125 5093/5093
f 5093/5093 5125/5125 5094/5094
f 5125/5125 5126/5126 5094/5094
f 5094/5094 5126/5126 5095/5095
f 5126/5126 5127/5127 5095/5095
f 5095/5095 5127/5127 5096/5096
f 5127/5127 5128/5128 5096/5096
f 5096/5096 5128/5128 5097/5097
f 5128/5128 5129/5129 5097/5097
f 5097/5097 5129/5129 5098/5098
f 5129/5129 5130/5130 5098/5098
f 5098/5098 5130/5130 5099/5099
f 5130/5130 5131/5131 5099/5099
f 5099/5099 5131/5131 5100/5100
f 5131/5131 5132/5132 5100/5100
f 5100/5100 5132/5132 5101/5101
f 5132/5132 5133/5133 5101/5101
f 5101/5101 5133/5133 5102/5102
f 5133/5133 5134/5134 5102/5102
f 5102/5102 5134/5134 5103/5103
f 5134/5134 5135/5135 5103/5103
f 5103/5103 5135/5135 5104/5104
f 5135/5135 5136/5136 5104/5104
f 5104/5104 5136/5136 5105/5105
f 5136/5136 5137/5137 5105/5105
f 5105/5105 5137/5137 5106/5106
f 5137/5137 5138/5138 5106/5106
f 5106/5106 5138/5138 5107/5107
f 5138/5138 5139/5139 5107/5107
f 5107/5107 5139/5139 5108/5108
f 5139/5139 5140/5140 5108/5108
f 5108/5108 5140/5140 5109/5109
f 5140/5140 5141/5141 5109/5109
f 5109/5109 5141/5141 5110/5110
f 5141/5141 5142/5142 5110/5110
f 5110/5110 5142/5142 5111/5111
f 5142/5142 5143/5143 5111/5111
f 5111/5111 5143/5143 5112/5112
f 5143/5143 5144/5144 5112/5112
f 5112/5112 5144/5144 5113/5113
f 5144/5144 5145/5145 5113/5113
f 5113/5113 5145/5145 5114/5114
f 5145/5145 5146/5146 5114/5114
f 5115/5115 5147/5147 5116/5116
f 5147/5147 5148/5148 5116/5116
f 5116/5116 5148/5148 5117/5117
f 5148/5148 5149/5149 5117/5117
f 5117/5117 5149/5149 5118/5118
f 5149/5149 5150/5150 5118/5118
f 5118/5118 5150/5150 5119/5119
f 5150/5150 5151/5151 5119/5119
f 5119/5119 5151/5151 5120/5120
f 5151/5151 5152/5152 5120/5120
f 5120/5120 5152/5152 5121/5121
f 5152/5152 5153/5153 5121/5121
f 5121/5121 5153/5153 5122/5122
f 5153/5153 5154/5154 5122/5122
f 5122/5122 5154/5154 5123/5123
f 5154/5154 5155/5155 5123/5123
f 5123/5123 5155/5155 5124/5124
f 5155/5155 5156/5156 5124/5124
f 5124/5124 5156/5156 5125/5125
f 5156/5156 5157/5157 5125/5125
f 5125/5125 5157/5157 5126/5126
f 5157/5157 5158/5158 5126/5126
f 5126/5126 5158/5158 5127/5127
f 5158/5158 5159/5159 5127/5127
f 5127/5127 5159/5159 5128/5128
f 5159/5159 5160/5160 5128/5128
f 5128/5128 5160/5160 5129/5129
f 5160/5160 5161/5161 5129/5129
f 5129/5129 5161/5161 5130/5130
f 5161/5161 5162/5162 5130/5130
f 5130/5130 5162/5162 5131/5131
f 5162/5162 5163/5163 5131/5131
f 5131/5131 5163/5163 5132/5132
f 5163/5163 5164/5164 5132/5132
f 5132/5132 5164/5164 5133/5133
f 5164/5164 5165/5165 5133/5133
f 5133/5133 5165/5165 5134/5134
f 5165/5165 5166/5166 5134/5134
f 5134/5134 5166/5166 5135/5135
f 5166/5166 5167/5167 5135/5135
f 5135/5135 5167/5167 5136/5136
f 5167/5167 5168/5168 5136/5136
f 5136/5136 5168/5168 5137/5137
f 5168/5168 5169/5169 5137/5137
f 5137/5137 5169/5169 5138/5138
f 5169/5169 5170/5170 5138/5138
f 5138/5138 5170/5170 5139/5139
f 5170/5170 5171/5171 5139/5139
f 5139/5139 5171/5171 5140/5140
f 5171/5171 5172/5172 5140/5140
f 5140/5140 5172/5172 5141/5141
f 5172/5172 5173/5173 5141/5141
f 5141/5141 5173/5173 5142/5142
f 5173/5173 5174/5174 5142/5142
f 5142/5142 5174/5174 5143/5143
f 5174/5174 5175/5175 5143/5143
f 5143/5143 5175/5175 5144/5144
f 5175/5175 5176/5176 5144/5144
f 5144/5144 5176/5176 5145/5145
f 5176/5176 5177/5177 5145/5145
f 5145/5145 5177/5177 5146/5146
f 5177/5177 5178/5178 5146/5146
f 5147/5147 5179/5179 5148/5148
f 5179/5179 5180/5180 5148/5148
f 5148/5148 5180/5180 5149/5149
f 5180/5180 5181/5181 5149/5149
f 5149/5149 5181/5181 5150/5150
f 5181/5181 5182/5182 5150/5150
f 5150/5150 5182/5182 5151/5151
f 5182/5182 5183/5183 5151/5151
f 5151/5151 5183/5183 5152/5152
f 5183/5183 5184/5184 5152/5152
f 5152/5152 5184/5184 5153/5153
f 5184/5184 5185/5185 5153/5153
f 5153/5153 5185/5185 5154/5154
f 5185/5185 5186/5186 5154/5154
f 5154/5154 5186/5186 5155/5155
f 5186/5186 5187/5187 5155/5155
f 5155/5155 5187/5187 5156/5156
f 5187/5187 5188/5188 5156/5156
f 5156/5156 5188/5188 5157/5157
f 5188/5188 5189/5189 5157/5157
f 5157/5157 5189/5189 5158/5158
f 5189/5189 5190/5190 5158/5158
f 5158/5158 5190/5190 5159/5159
f 5190/5190 5191/5191 5159/5159
f 5159/5159 5191/5191 5160/5160
f 5191/5191 5192/5192 5160/5160
f 5160/5160 5192/5192 5161/5161
f 5192/5192 5193/5193 5161/5161
f 5161/5161 5193/5193 5162/5162
f 5193/5193 5194/5194 5162/5162
f 5162/5162 5194/5194 5163/5163
f 5194/5194 5195/5195 5163/5163
f 5163/5163 5195/5195 5164/5164
f 5195/5195 5196/5196 5164/5164
f 5164/5164 5196/5196 5165/5165
f 5196/5196 5197/5197 5165/5165
f 5165/5165 5197/5197 5166/5166
f 5197/5197 5198/5198 5166/5166
f 5166/5166 5198/5198 5167/5167
f 5198/5198 5199/5199 5167/5167
f 5167/5167 5199/5199 5168/5168
f 5199/5199 5200/5200 5168/5168
f 5168/5168 5200/5200 5169/5169
f 5200/5200 5201/5201 5169/5169
f 5169/5169 5201/5201 5170/5170
f 5201/5201 5202/5202 5170/5170
f 5170/5170 5202/5202 5171/5171
f 5202/5202 5203/5203 5171/5171
f 5171/5171 5203/5203 5172/5172
f 5203/5203 5204/5204 5172/5172
f 5172/5172 5204/5204 5173/5173
f 5204/5204 5205/5205 5173/5173
f 5173/5173 5205/5205 5174/5174
f 5205/5205 5206/5206 5174/5174
f 5174/5174 5206/5206 5175/5175
f 5206/5206 5207/5207 5175/5175
f 5175/5175 5207/5207 5176/5176
f 5207/5207 5208/5208 5176/5176
f 5176/5176 5208/5208 5177/5177
f 5208/5208 5209/5209 5177/5177
f 5177/5177 5209/5209 5178/5178
f 5209/5209 5210/5210 5178/5178
f 5179/5179 5211/5211 5180/5180
f 5211/5211 5212/5212 5180/5180
f 5180/5180 5212/5212 5181/5181
f 5212/5212 5213/5213 5181/5181
f 5181/5181 5213/5213 5182/5182
f 5213/5213 5214/5214 5182/5182
f 5182/5182 5214/5214 5183/5183
f 5214/5214 5215/5215 5183/5183
f 5183/5183 5215/5215 5184/5184
f 5215/5215 5216/5216 5184/5184
f 5184/5184 5216/5216 5185/5185
f 5216/5216 5217/5217 5185/5185
f 5185/5185 5217/5217 5186/5186
f 5217/5217 5218/5218 5186/5186
f 5186/5186 5218/5218 5187/5187
f 5218/5218 5219/5219 5187/5187
f 5187/5187 5219/5219 5188/5188
f 5219/5219 5220/5220 5188/5188
f 5188/5188 5220/5220 5189/5189
f 5220/5220 5221/5221 5189/5189
f 5189/5189 5221/5221 5190/5190
f 5221/5221 5222/5222 5190/5190
f 5190/5190 5222/5222 5191/5191
f 5222/5222 5223/5223 5191/5191
f 5191/5191 5223/5223 5192/5192
f 5223/5223 5224/5224 5192/5192
f 5192/5192 5224/5224 5193/5193
f 5224/5224 5225/5225 5193/5193
f 5193/5193 5225/5225 5194/5194
f 5225/5225 5226/5226 5194/5194
f 5194/5194 5226/5226 5195/5195
f 5226/5226 5227/5227 5195/5195
f 5195/5195 5227/5227 5196/5196
f 5227/5227 5228/5228 5196/5196
f 5196/5196 5228/5228 5197/5197
f 5228/5228 5229/5229 5197/5197
f 5197/5197 5229/5229 5198/5198
f 5229/5229 5230/5230 5198/5198
f 5198/5198 5230/5230 5199/5199
f 5230/5230 5231/5231 5199/5199
f 5199/5199 5231/5231 5200/5200
f 5231/5231 5232/5232 5200/5200
f 5200/5200 5232/5232 5201/5201
f 5232/5232 5233/5233 5201/5201
f 5201/5201 5233/5233 5202/5202
f 5233/5233 5234/5234 5202/5202
f 5202/5202 5234/5234 5203/5203
f 5234/5234 5235/5235 5203/5203
f 5203/5203 5235/5235 5204/5204
f 5235/5235 5236/5236 5204/5204
f 5204/5204 5236/5236 5205/5205
f 5236/5236 5237/5237 5205/5205
f 5205/5205 5237/5237 5206/5206
f 5237/5237 5238/5238 5206/5206
f 5206/5206 5238/5238 5207/5207
f 5238/5238 5239/5239 5207/5207
f 5207/5207 5239/5239 5208/5208
f 5239/5239 5240/5240 5208/5208
f 5208/5208 5240/5240 5209/5209
f 5240/5240 5241/5241 5209/5209
f 5209/5209 5241/5241 5210/5210
f 5241/5241 5242/5242 5210/5210
f 5211/5211 5243/5243 5212/5212
f 5243/5243 5244/5244 5212/5212
f 5212/5212 5244/5244 5213/5213
f 5244/5244 5245/5245 5213/5213
f 5213/5213 5245/5245 5214/5214
f 5245/5245 5246/5246 5214/5214
f 5214/5214 5246/5246 5215/5215
f 5246/5246 5247/5247 5215/5215
f 5215/5215 5247/5247 5216/5216
f 5247/5247 5248/5248 5216/5216
f 5216/5216 5248/5248 5217/5217
f 5248/5248 5249/5249 5217/5217
f 5217/5217 5249/5249 5218/5218
f 5249/5249 5250/5250 5218/5218
f 5218/5218 5250/5250 5219/5219
f 5250/5250 5251/5251 5219/5219
f 5219/5219 5251/5251 5220/5220
f 5251/5251 5252/5252 5220/5220
f 5220/5220 5252/5252 5221/5221
f 5252/5252 5253/5253 5221/5221
f 5221/5221 5253/5253 5222/5222
f 5253/5253 5254/5254 5222/5222
f 5222/5222 5254/5254 5223/5223
f 5254/5254 5255/5255 5223/5223
f 5223/5223 5255/5255 5224/5224
f 5255/5255 5256/5256 5224/5224
f 5224/5224 5256/5256 5225/5225
f 5256/5256 5257/5257 5225/5225
f 5225/5225 5257/5257 5226/5226
f 5257/5257 5258/5258 5226/5226
f 5226/5226 5258/5258 5227/5227
f 5258/5258 5259/5259 5227/5227
f 5227/5227 5259/5259 5228/5228
f 5259/5259 5260/5260 5228/5228
f 5228/5228 5260/5260 5229/5229
f 5260/5260 5261/5261 5229/5229
f 5229/5229 5261/5261 5230/5230
f 5261/5261 5262/5262 5230/5230
f 5230/5230 5262/5262 5231/5231
f 5262/5262 5263/5263 5231/5231
f 5231/5231 5263/5263 5232/5232
f 5263/5263 5264/5264 5232/5232
f 5232/5232 5264/5264 5233/5233
f 5264/5264 5265/5265 5233/5233
f 5233/5233 5265/5265 5234/5234
f 5265/5265 5266/5266 5234/5234
f 5234/5234 5266/5266 5235/5235
f 5266/5266 5267/5267 5235/5235
f 5235/5235 5267/5267 5236/5236
f 5267/5267 5268/5268 5236/5236
f 5236/5236 5268/5268 5237/5237
f 5268/5268 5269/5269 5237/5237
f 5237/5237 5269/5269 5238/5238
f 5269/5269 5270/5270 5238/5238
f 5238/5238 5270/5270 5239/5239
f 5270/5270 5271/5271 5239/5239
f 5239/5239 5271/5271 5240/5240
f 5271/5271 5272/5272 5240/5240
f 5240/5240 5272/5272 5241/5241
f 5272/5272 5273/5273 5241/5241
f 5241/5241 5273/5273 5242/5242
f 5273/5273 5274/5274 5242/5242
f 5243/5243 5275/5275 5244/5244
f 5275/5275 5276/5276 5244/5244
f 5244/5244 5276/5276 5245/5245
f 5276/5276 5277/5277 5245/5245
f 5245/5245 5277/5277 5246/5246
f 5277/5277 5278/5278 5246/5246
f 5246/5246 5278/5278 5247/5247
f 5278/5278 5279/5279 5247/5247
f 5247/5247 5279/5279 5248/5248
f 5279/5279 5280/5280 5248/5248
f 5248/5248 5280/5280 5249/5249
f 5280/5280 5281/5281 5249/5249
f 5249/5249 5281/5281 5250/5250
f 5281/5281 5282/5282 5250/5250
f 5250/5250 5282/5282 5251/5251
f 5282/5282 5283/5283 5251/5251
f 5251/5251 5283/5283 5252/5252
f 5283/5283 5284/5284 5252/5252
f 5252/5252 5284/5284 5253/5253
f 5284/5284 5285/5285 5253/5253
f 5253/5253 5285/5285 5254/5254
f 5285/5285 5286/5286 5254/5254
f 5254/5254 5286/5286 5255/5255
f 5286/5286 5287/5287 5255/5255
f 5255/5255 5287/5287 5256/5256
f 5287/5287 5288/5288 5256/5256
f 5256/5256 5288/5288 5257/5257
f 5288/5288 5289/5289 5257/5257
f 5257/5257 5289/5289 5258/5258
f 5289/5289 5290/5290 5258/5258
f 5258/5258 5290/5290 5259/5259
f 5290/5290 5291/5291 5259/5259
f 5259/5259 5291/5291 5260/5260
f 5291/5291 5292/5292 5260/5260
f 5260/5260 5292/5292 5261/5261
f 5292/5292 5293/5293 5261/5261
f 5261/5261 5293/5293 5262/5262
f 5293/5293 5294/5294 5262/5262
f 5262/5262 5294/5294 5263/5263
f 5294/5294 5295/5295 5263/5263
f 5263/5263 5295/5295 5264/5264
f 5295/5295 5296/5296 5264/5264
f 5264/5264 5296/5296 5265/5265
f 5296/5296 5297/5297 5265/5265
f 5265/5265 5297/5297 5266/5266
f 5297/5297 5298/5298 5266/5266
f 5266/5266 5298/5298 5267/5267
f 5298/5298 5299/5299 5267/5267
f 5267/5267 5299/5299 5268/5268
f 5299/5299 5300/5300 5268/5268
f 5268/5268 5300/5300 5269/5269
f 5300/5300 5301/5301 5269/5269
f 5269/5269 5301/5301 5270/5270
f 5301/5301 5302/5302 5270/5270
f 5270/5270 5302/5302 5271/5271
f 5302/5302 5303/5303 5271/5271
f 5271/5271 5303/5303 5272/5272
f 5303/5303 5304/5304 5272/5272
f 5272/5272 5304/5304 5273/5273
f 5304/5304 5305/5305 5273/5273
f 5273/5273 5305/5305 5274/5274
f 5305/5305 5306/5306 5274/5274
f 5275/5275 5307/5307 5276/5276
f 5307/5307 5308/5308 5276/5276
f 5276/5276 5308/5308 5277/5277
f 5308/5308 5309/5309 5277/5277
f 5277/5277 5309/5309 5278/5278
f 5309/5309 5310/5310 5278/5278
f 5278/5278 5310/5310 5279/5279
f 5310/5310 5311/5311 5279/5279
f 5279/5279 5311/5311 5280/5280
f 5311/5311 5312/5312 5280/5280
f 5280/5280 5312/5312 5281/5281
f 5312/5312 5313/5313 5281/5281
f 5281/5281 5313/5313 5282/5282
f 5313/5313 5314/5314 5282/5282
f 5282/5282 5314/5314 5283/5283
f 5314/5314 5315/5315 5283/5283
f 5283/5283 5315/5315 5284/5284
f 5315/5315 5316/5316 5284/5284
f 5284/5284 5316/5316 5285/5285
f 5316/5316 5317/5317 5285/5285
f 5285/5285 5317/5317 5286/5286
f 5317/5317 5318/5318 5286/5286
f 5286/5286 5318/5318 5287/5287
f 5318/5318 5319/5319 5287/5287
f 5287/5287 5319/5319 5288/5288
f 5319/5319 5320/5320 5288/5288
f 5288/5288 5320/5320 5289/5289
f 5320/5320 5321/5321 5289/5289
f 5289/5289 5321/5321 5290/5290
f 5321/5321 5322/5322 5290/5290
f 5290/5290 5322/5322 5291/5291
f 5322/5322 5323/5323 5291/5291
f 5291/5291 5323/5323 5292/5292
f 5323/5323 5324/5324 5292/5292
f 5292/5292 5324/5324 5293/5293
f 5324/5324 5325/5325 5293/5293
f 5293/5293 5325/5325 5294/5294
f 5325/5325 5326/5326 5294/5294
f 5294/5294 5326/5326 5295/5295
f 5326/5326 5327/5327 5295/5295
f 5295/5295 5327/5327 5296/5296
f 5327/5327 5328/5328 5296/5296
f 5296/5296 5328/5328 5297/5297
f 5328/5328 5329/5329 5297/5297
f 5297/5297 5329/5329 5298/5298
f 5329/5329 5330/5330 5298/5298
f 5298/5298 5330/5330 5299/5299
f 5330/5330 5331/5331 5299/5299
f 5299/5299 5331/5331 5300/5300
f 5331/5331 5332/5332 5300/5300
f 5300/5300 5332/5332 5301/5301
f 5332/5332 5333/5333 5301/5301
f 5301/5301 5333/5333 5302/5302
f 5333/5333 5334/5334 5302/5302
f 5302/5302 5334/5334 5303/5303
f 5334/5334 5335/5335 5303/5303
f 5303/5303 5335/5335 5304/5304
f 5335/5335 5336/5336 5304/5304
f 5304/5304 5336/5336 5305/5305
f 5336/5336 5337/5337 5305/5305
f 5305/5305 5337/5337 5306/5306
f 5337/5337 5338/5338 5306/5306
f 5307/5307 5339/5339 5308/5308
f 5339/5339 5340/5340 5308/5308
f 5308/5308 5340/5340 5309/5309
f 5340/5340 5341/5341 5309/5309
f 5309/5309 5341/5341 5310/5310
f 5341/5341 5342/5342 5310/5310
f 5310/5310 5342/5342 5311/5311
f 5342/5342 5343/5343 5311/5311
f 5311/5311 5343/5343 5312/5312
f 5343/5343 5344/5344 5312/5312
f 5312/5312 5344/5344 5313/5313
f 5344/5344 5345/5345 5313/5313
f 5313/5313 5345/5345 5314/5314
f 5345/5345 5346/5346 5314/5314
f 5314/5314 5346/5346 5315/5315
f 5346/5346 5347/5347 5315/5315
f 5315/5315 5347/5347 5316/5316
f 5347/5347 5348/5348 5316/5316
f 5316/5316 5348/5348 5317/5317
f 5348/5348 5349/5349 5317/5317
f 5317/5317 5349/5349 5318/5318
f 5349/5349 5350/5350 5318/5318
f 5318/5318 5350/5350 5319/5319
f 5350/5350 5351/5351 5319/5319
f 5319/5319 5351/5351 5320/5320
f 5351/5351 5352/5352 5320/5320
f 5320/5320 5352/5352 5321/5321
f 5352/5352 5353/5353 5321/5321
f 5321/5321 5353/5353 5322/5322
f 5353/5353 5354/5354 5322/5322
f 5322/5322 5354/5354 5323/5323
f 5354/5354 5355/5355 5323/5323
f 5323/5323 5355/5355 5324/5324
f 5355/5355 5356/5356 5324/5324
f 5324/5324 5356/5356 5325/5325
f 5356/5356 5357/5357 5325/5325
f 5325/5325 5357/5357 5326/5326
f 5357/5357 5358/5358 5326/5326
f 5326/5326 5358/5358 5327/5327
f 5358/5358 5359/5359 5327/5327
f 5327/5327 5359/5359 5328/5328
f 5359/5359 5360/5360 5328/5328
f 5328/5328 5360/5360 5329/5329
f 5360/5360 5361/5361 5329/5329
f 5329/5329 5361/5361 5330/5330
f 5361/5361 5362/5362 5330/5330
f 5330/5330 5362/5362 5331/5331
f 5362/5362 5363/5363 5331/5331
f 5331/5331 5363/5363 5332/5332
f 5363/5363 5364/5364 5332/5332
f 5332/5332 5364/5364 5333/5333
f 5364/5364 5365/5365 5333/5333
f 5333/5333 5365/5365 5334/5334
f 5365/5365 5366/5366 5334/5334
f 5334/5334 5366/5366 5335/5335
f 5366/5366 5367/5367 5335/5335
f 5335/5335 5367/5367 5336/5336
f 5367/5367 5368/5368 5336/5336
f 5336/5336 5368/5368 5337/5337
f 5368/5368 5369/5369 5337/5337
f 5337/5337 5369/5369 5338/5338
f 5369/5369 5370/5370 5338/5338
f 5339/5339 5371/5371 5340/5340
f 5371/5371 5372/5372 5340/5340
f 5340/5340 5372/5372 5341/5341
f 5372/5372 5373/5373 5341/5341
f 5341/5341 5373/5373 5342/5342
f 5373/5373 5374/5374 5342/5342
f 5342/5342 5374/5374 5343/5343
f 5374/5374 5375/5375 5343/5343
f 5343/5343 5375/5375 5344/5344
f 5375/5375 5376/5376 5344/5344
f 5344/5344 5376/5376 5345/5345
f 5376/5376 5377/5377 5345/5345
f 5345/5345 5377/5377 5346/5346
f 5377/5377 5378/5378 5346/5346
f 5346/5346 5378/5378 5347/5347
f 5378/5378 5379/5379 5347/5347
f 5347/5347 5379/5379 5348/5348
f 5379/5379 5380/5380 5348/5348
f 5348/5348 5380/5380 5349/5349
f 5380/5380 5381/5381 5349/5349
f 5349/5349 5381/5381 5350/5350
f 5381/5381 5382/5382 5350/5350
f 5350/5350 5382/5382 5351/5351
f 5382/5382 5383/5383 5351/5351
f 5351/5351 5383/5383 5352/5352
f 5383/5383 5384/5384 5352/5352
f 5352/5352 5384/5384 5353/5353
f 5384/5384 5385/5385 5353/5353
f 5353/5353 5385/5385 5354/5354
f 5385/5385 5386/5386 5354/5354
f 5354/5354 5386/5386 5355/5355
f 5386/5386 5387/5387 5355/5355
f 5355/5355 5387/5387 5356/5356
f 5387/5387 5388/5388 5356/5356
f 5356/5356 5388/5388 5357/5357
f 5388/5388 5389/5389 5357/5357
f 5357/5357 5389/5389 5358/5358
f 5389/5389 5390/5390 5358/5358
f 5358/5358 5390/5390 5359/5359
f 5390/5390 5391/5391 5359/5359
f 5359/5359 5391/5391 5360/5360
f 5391/5391 5392/5392 5360/5360
f 5360/5360 5392/5392 5361/5361
f 5392/5392 5393/5393 5361/5361
f 5361/5361 5393/5393 5362/5362
f 5393/5393 5394/5394 5362/5362
f 5362/5362 5394/5394 5363/5363
f 5394/5394 5395/5395 5363/5363
f 5363/5363 5395/5395 5364/5364
f 5395/5395 5396/5396 5364/5364
f 5364/5364 5396/5396 5365/5365
f 5396/5396 5397/5397 5365/5365
f 5365/5365 5397/5397 5366/5366
f 5397/5397 5398/5398 5366/5366
f 5366/5366 5398/5398 5367/5367
f 5398/5398 5399/5399 5367/5367
f 5367/5367 5399/5399 5368/5368
f 5399/5399 5400/5400 5368/5368
f 5368/5368 5400/5400 5369/5369
f 5400/5400 5401/5401 5369/5369
f 5369/5369 5401/5401 5370/5370
f 5401/5401 5402/5402 5370/5370
f 5371/5371 5403/5403 5372/5372
f 5403/5403 5404/5404 5372/5372
f 5372/5372 5404/5404 5373/5373
f 5404/5404 5405/5405 5373/5373
f 5373/5373 5405/5405 5374/5374
f 5405/5405 5406/5406 5374/5374
f 5374/5374 5406/5406 5375/5375
f 5406/5406 5407/5407 5375/5375
f 5375/5375 5407/5407 5376/5376
f 5407/5407 5408/5408 5376/5376
f 5376/5376 5408/5408 5377/5377
f 5408/5408 5409/5409 5377/5377
f 5377/5377 5409/5409 5378/5378
f 5409/5409 5410/5410 5378/5378
f 5378/5378 5410/5410 5379/5379
f 5410/5410 5411/5411 5379/5379
f 5379/5379 5411/5411 5380/5380
f 5411/5411 5412/5412 5380/5380
f 5380/5380 5412/5412 5381/5381
f 5412/5412 5413/5413 5381/5381
f 5381/5381 5413/5413 5382/5382
f 5413/5413 5414/5414 5382/5382
f 5382/5382 5414/5414 5383/5383
f 5414/5414 5415/5415 5383/5383
f 5383/5383 5415/5415 5384/5384
f 5415/5415 5416/5416 5384/5384
f 5384/5384 5416/5416 5385/5385
f 5416/5416 5417/5417 5385/5385
f 5385/5385 5417/5417 5386/5386
f 5417/5417 5418/5418 5386/5386
f 5386/5386 5418/5418 5387/5387
f 5418/5418 5419/5419 5387/5387
f 5387/5387 5419/5419 5388/5388
f 5419/5419 5420/5420 5388/5388
f 5388/5388 5420/5420 5389/5389
f 5420/5420 5421/5421 5389/5389
f 5389/5389 5421/5421 5390/5390
f 5421/5421 5422/5422 5390/5390
f 5390/5390 5422/5422 5391/5391
f 5422/5422 5423/5423 5391/5391
f 5391/5391 5423/5423 5392/5392
f 5423/5423 5424/5424 5392/5392
f 5392/5392 5424/5424 5393/5393
f 5424/5424 5425/5425 5393/5393
f 5393/5393 5425/5425 5394/5394
f 5425/5425 5426/5426 5394/5394
f 5394/5394 5426/5426 5395/5395
f 5426/5426 5427/5427 5395/5395
f 5395/5395 5427/5427 5396/5396
f 5427/5427 5428/5428 5396/5396
f 5396/5396 5428/5428 5397/5397
f 5428/5428 5429/5429 5397/5397
f 5397/5397 5429/5429 5398/5398
f 5429/5429 5430/5430 5398/5398
f 5398/5398 5430/5430 5399/5399
f 5430/5430 5431/5431 5399/5399
f 5399/5399 5431/5431 5400/5400
f 5431/5431 5432/5432 5400/5400
f 5400/5400 5432/5432 5401/5401
f 5432/5432 5433/5433 5401/5401
f 5401/5401 5433/5433 5402/5402
f 5433/5433 5434/5434 5402/5402
f 5403/5403 5435/5435 5404/5404
f 5435/5435 5436/5436 5404/5404
f 5404/5404 5436/5436 5405/5405
f 5436/5436 5437/5437 5405/5405
f 5405/5405 5437/5437 5406/5406
f 5437/5437 5438/5438 5406/5406
f 5406/5406 5438/5438 5407/5407
f 5438/5438 5439/5439 5407/5407
f 5407/5407 5439/5439 5408/5408
f 5439/5439 5440/5440 5408/5408
f 5408/5408 5440/5440 5409/5409
f 5440/5440 5441/5441 5409/5409
f 5409/5409 5441/5441 5410/5410
f 5441/5441 5442/5442 5410/5410
f 5410/5410 5442/5442 5411/5411
f 5442/5442 5443/5443 5411/5411
f 5411/5411 5443/5443 5412/5412
f 5443/5443 5444/5444 5412/5412
f 5412/5412 5444/5444 5413/5413
f 5444/5444 5445/5445 5413/5413
f 5413/5413 5445/5445 5414/5414
f 5445/5445 5446/5446 5414/5414
f 5414/5414 5446/5446 5415/5415
f 5446/5446 5447/5447 5415/5415
f 5415/5415 5447/5447 5416/5416
f 5447/5447 5448/5448 5416/5416
f 5416/5416 5448/5448 5417/5417
f 5448/5448 5449/5449 5417/5417
f 5417/5417 5449/5449 5418/5418
f 5449/5449 5450/5450 5418/5418
f 5418/5418 5450/5450 5419/5419
f 5450/5450 5451/5451 5419/5419
f 5419/5419 5451/5451 5420/5420
f 5451/5451 5452/5452 5420/5420
f 5420/5420 5452/5452 5421/5421
f 5452/5452 5453/5453 5421/5421
f 5421/5421 5453/5453 5422/5422
f 5453/5453 5454/5454 5422/5422
f 5422/5422 5454/5454 5423/5423
f 5454/5454 5455/5455 5423/5423
f 5423/5423 5455/5455 5424/5424
f 5455/5455 5456/5456 5424/5424
f 5424/5424 5456/5456 5425/5425
f 5456/5456 5457/5457 5425/5425
f 5425/5425 5457/5457 5426/5426
f 5457/5457 5458/5458 5426/5426
f 5426/5426 5458/5458 5427/5427
f 5458/5458 5459/5459 5427/5427
f 5427/5427 5459/5459 5428/5428
f 5459/5459 5460/5460 5428/5428
f 5428/5428 5460/5460 5429/5429
f 5460/5460 5461/5461 5429/5429
f 5429/5429 5461/5461 5430/5430
f 5461/5461 5462/5462 5430/5430
f 5430/5430 5462/5462 5431/5431
f 5462/5462 5463/5463 5431/5431
f 5431/5431 5463/5463 5432/5432
f 5463/5463 5464/5464 5432/5432
f 5432/5432 5464/5464 5433/5433
f 5464/5464 5465/5465 5433/5433
f 5433/5433 5465/5465 5434/5434
f 5465/5465 5466/5466 5434/5434
f 5435/5435 5467/5467 5436/5436
f 5467/5467 5468/5468 5436/5436
f 5436/5436 5468/5468 5437/5437
f 5468/5468 5469/5469 5437/5437
f 5437/5437 5469/5469 5438/5438
f 5469/5469 5470/5470 5438/5438
f 5438/5438 5470/5470 5439/5439
f 5470/5470 5471/5471 5439/5439
f 5439/5439 5471/5471 5440/5440
f 5471/5471 5472/5472 5440/5440
f 5440/5440 5472/5472 5441/5441
f 5472/5472 5473/5473 5441/5441
f 5441/5441 5473/5473 5442/5442
f 5473/5473 5474/5474 5442/5442
f 5442/5442 5474/5474 5443/5443
f 5474/5474 5475/5475 5443/5443
f 5443/5443 5475/5475 5444/5444
f 5475/5475 5476/5476 5444/5444
f 5444/5444 5476/5476 5445/5445
f 5476/5476 5477/5477 5445/5445
f 5445/5445 5477/5477 5446/5446
f 5477/5477 5478/5478 5446/5446
f 5446/5446 5478/5478 5447/5447
f 5478/5478 5479/5479 5447/5447
f 5447/5447 5479/5479 5448/5448
f 5479/5479 5480/5480 5448/5448
f 5448/5448 5480/5480 5449/5449
f 5480/5480 5481/5481 5449/5449
f 5449/5449 5481/5481 5450/5450
f 5481/5481 5482/5482 5450/5450
f 5450/5450 5482/5482 5451/5451
f 5482/5482 5483/5483 5451/5451
f 5451/5451 5483/5483 5452/5452
f 5483/5483 5484/5484 5452/5452
f 5452/5452 5484/5484 5453/5453
f 5484/5484 5485/5485 5453/5453
f 5453/5453 5485/5485 5454/5454
f 5485/5485 5486/5486 5454/5454
f 5454/5454 5486/5486 5455/5455
f 5486/5486 5487/5487 5455/5455
f 5455/5455 5487/5487 5456/5456
f 5487/5487 5488/5488 5456/5456
f 5456/5456 5488/5488 5457/5457
f 5488/5488 5489/5489 5457/5457
f 5457/5457 5489/5489 5458/5458
f 5489/5489 5490/5490 5458/5458
f 5458/5458 5490/5490 5459/5459
f 5490/5490 5491/5491 5459/5459
f 5459/5459 5491/5491 5460/5460
f 5491/5491 5492/5492 5460/5460
f 5460/5460 5492/5492 5461/5461
f 5492/5492 5493/5493 5461/5461
f 5461/5461 5493/5493 5462/5462
f 5493/5493 5494/5494 5462/5462
f 5462/5462 5494/5494 5463/5463
f 5494/5494 5495/5495 5463/5463
f 5463/5463 5495/5495 5464/5464
f 5495/5495 5496/5496 5464/5464
f 5464/5464 5496/5496 5465/5465
f 5496/5496 5497/5497 5465/5465
f 5465/5465 5497/5497 5466/5466
f 5497/5497 5498/5498 5466/5466
f 5467/5467 5499/5499 5468/5468
f 5499/5499 5500/5500 5468/5468
f 5468/5468 5500/5500 5469/5469
f 5500/5500 5501/5501 5469/5469
f 5469/5469 5501/5501 5470/5470
f 5501/5501 5502/5502 5470/5470
f 5470/5470 5502/5502 5471/5471
f 5502/5502 5503/5503 5471/5471
f 5471/5471 5503/5503 5472/5472
f 5503/5503 5504/5504 5472/5472
f 5472/5472 5504/5504 5473/5473
f 5504/5504 5505/5505 5473/5473
f 5473/5473 5505/5505 5474/5474
f 5505/5505 5506/5506 5474/5474
f 5474/5474 5506/5506 5475/5475
f 5506/5506 5507/5507 5475/5475
f 5475/5475 5507/5507 5476/5476
f 5507/5507 5508/5508 5476/5476
f 5476/5476 5508/5508 5477/5477
f 5508/5508 5509/5509 5477/5477
f 5477/5477 5509/5509 5478/5478
f 5509/5509 5510/5510 5478/5478
f 5478/5478 5510/5510 5479/5479
f 5510/5510 5511/5511 5479/5479
f 5479/5479 5511/5511 5480/5480
f 5511/5511 5512/5512 5480/5480
f 5480/5480 5512/5512 5481/5481
f 5512/5512 5513/5513 5481/5481
f 5481/5481 5513/5513 5482/5482
f 5513/5513 5514/5514 5482/5482
f 5482/5482 5514/5514 5483/5483
f 5514/5514 5515/5515 5483/5483
f 5483/5483 5515/5515 5484/5484
f 5515/5515 5516/5516 5484/5484
f 5484/5484 5516/5516 5485/5485
f 5516/5516 5517/5517 5485/5485
f 5485/5485 5517/5517 5486/5486
f 5517/5517 5518/5518 5486/5486
f 5486/5486 5518/5518 5487/5487
f 5518/5518 5519/5519 5487/5487
f 5487/5487 5519/5519 5488/5488
f 5519/5519 5520/5520 5488/5488
f 5488/5488 5520/5520 5489/5489
f 5520/5520 5521/5521 5489/5489
f 5489/5489 5521/5521 5490/5490
f 5521/5521 5522/5522 5490/5490
f 5490/5490 5522/5522 5491/5491
f 5522/5522 5523/5523 5491/5491
f 5491/5491 5523/5523 5492/5492
f 5523/5523 5524/5524 5492/5492
f 5492/5492 5524/5524 5493/5493
f 5524/5524 5525/5525 5493/5493
f 5493/5493 5525/5525 5494/5494
f 5525/5525 5526/5526 5494/5494
f 5494/5494 5526/5526 5495/5495
f 5526/5526 5527/5527 5495/5495
f 5495/5495 5527/5527 5496/5496
f 5527/5527 5528/5528 5496/5496
f 5496/5496 5528/5528 5497/5497
f 5528/5528 5529/5529 5497/5497
f 5497/5497 5529/5529 5498/5498
f 5529/5529 5530/5530 5498/5498
f 5499/5499 5531/5531 5500/5500
f 5531/5531 5532/5532 5500/5500
f 5500/5500 5532/5532 5501/5501
f 5532/5532 5533/5533 5501/5501
f 5501/5501 5533/5533 5502/5502
f 5533/5533 5534/5534 5502/5502
f 5502/5502 5534/5534 5503/5503
f 5534/5534 5535/5535 5503/5503
f 5503/5503 5535/5535 5504/5504
f 5535/5535 5536/5536 5504/5504
f 5504/5504 5536/5536 5505/5505
f 5536/5536 5537/5537 5505/5505
f 5505/5505 5537/5537 5506/5506
f 5537/5537 5538/5538 5506/5506
f 5506/5506 5538/5538 5507/5507
f 5538/5538 5539/5539 5507/5507
f 5507/5507 5539/5539 5508/5508
f 5539/5539 5540/5540 5508/5508
f 5508/5508 5540/5540 5509/5509
f 5540/5540 5541/5541 5509/5509
f 5509/5509 5541/5541 5510/5510
f 5541/5541 5542/5542 5510/5510
f 5510/5510 5542/5542 5511/5511
f 5542/5542 5543/5543 5511/5511
f 5511/5511 5543/5543 5512/5512
f 5543/5543 5544/5544 5512/5512
f 5512/5512 5544/5544 5513/5513
f 5544/5544 5545/5545 5513/5513
f 5513/5513 5545/5545 5514/5514
f 5545/5545 5546/5546 5514/5514
f 5514/5514 5546/5546 5515/5515
f 5546/5546 5547/5547 5515/5515
f 5515/5515 5547/5547 5516/5516
f 5547/5547 5548/5548 5516/5516
f 5516/5516 5548/5548 5517/5517
f 5548/5548 5549/5549 5517/5517
f 5517/5517 5549/5549 5518/5518
f 5549/5549 5550/5550 5518/5518
f 5518/5518 5550/5550 5519/5519
f 5550/5550 5551/5551 5519/5519
f 5519/5519 5551/5551 5520/5520
f 5551/5551 5552/5552 5520/5520
f 5520/5520 5552/5552 5521/5521
f 5552/5552 5553/5553 5521/5521
f 5521/5521 5553/5553 5522/5522
f 5553/5553 5554/5554 5522/5522
f 5522/5522 5554/5554 5523/5523
f 5554/5554 5555/5555 5523/5523
f 5523/5523 5555/5555 5524/5524
f 5555/5555 5556/5556 5524/5524
f 5524/5524 5556/5556 5525/5525
f 5556/5556 5557/5557 5525/5525
f 5525/5525 5557/5557 5526/5526
f 5557/5557 5558/5558 5526/5526
f 5526/5526 5558/5558 5527/5527
f 5558/5558 5559/5559 5527/5527
f 5527/5527 5559/5559 5528/5528
f 5559/5559 5560/5560 5528/5528
f 5528/5528 5560/5560 5529/5529
f 5560/5560 5561/5561 5529/5529
f 5529/5529 5561/5561 5530/5530
f 5561/5561 5562/5562 5530/5530
f 5531/5531 5563/5563 5532/5532
f 5563/5563 5564/5564 5532/5532
f 5532/5532 5564/5564 5533/5533
f 5564/5564 5565/5565 5533/5533
f 5533/5533 5565/5565 5534/5534
f 5565/5565 5566/5566 5534/5534
f 5534/5534 5566/5566 5535/5535
f 5566/5566 5567/5567 5535/5535
f 5535/5535 5567/5567 5536/5536
f 5567/5567 5568/5568 5536/5536
f 5536/5536 5568/5568 5537/5537
f 5568/5568 5569/5569 5537/5537
f 5537/5537 5569/5569 5538/5538
f 5569/5569 5570/5570 5538/5538
f 5538/5538 5570/5570 5539/5539
f 5570/5570 5571/5571 5539/5539
f 5539/5539 5571/5571 5540/5540
f 5571/5571 5572/5572 5540/5540
f 5540/5540 5572/5572 5541/5541
f 5572/5572 5573/5573 5541/5541
f 5541/5541 5573/5573 5542/5542
f 5573/5573 5574/5574 5542/5542
f 5542/5542 5574/5574 5543/5543
f 5574/5574 5575/5575 5543/5543
f 5543/5543 5575/5575 5544/5544
f 5575/5575 5576/5576 5544/5544
f 5544/5544 5576/5576 5545/5545
f 5576/5576 5577/5577 5545/5545
f 5545/5545 5577/5577 5546/5546
f 5577/5577 5578/5578 5546/5546
f 5546/5546 5578/5578 5547/5547
f 5578/5578 5579/5579 5547/5547
f 5547/5547 5579/5579 5548/5548
f 5579/5579 5580/5580 5548/5548
f 5548/5548 5580/5580 5549/5549
f 5580/5580 5581/5581 5549/5549
f 5549/5549 5581/5581 5550/5550
f 5581/5581 5582/5582 5550/5550
f 5550/5550 5582/5582 5551/5551
f 5582/5582 5583/5583 5551/5551
f 5551/5551 5583/5583 5552/5552
f 5583/5583 5584/5584 5552/5552
f 5552/5552 5584/5584 5553/5553
f 5584/5584 5585/5585 5553/5553
f 5553/5553 5585/5585 5554/5554
f 5585/5585 5586/5586 5554/5554
f 5554/5554 5586/5586 5555/5555
f 5586/5586 5587/5587 5555/5555
f 5555/5555 5587/5587 5556/5556
f 5587/5587 5588/5588 5556/5556
f 5556/5556 5588/5588 5557/5557
f 5588/5588 5589/5589 5557/5557
f 5557/5557 5589/5589 5558/5558
f 5589/5589 5590/5590 5558/5558
f 5558/5558 5590/5590 5559/5559
f 5590/5590 5591/5591 5559/5559
f 5559/5559 5591/5591 5560/5560
f 5591/5591 5592/5592 5560/5560
f 5560/5560 5592/5592 5561/5561
f 5592/5592 5593/5593 5561/5561
f 5561/5561 5593/5593 5562/5562
f 5593/5593 5594/5594 5562/5562
f 5563/5563 5595/5595 5564/5564
f 5595/5595 5596/5596 5564/5564
f 5564/5564 5596/5596 5565/5565
f 5596/5596 5597/5597 5565/5565
f 5565/5565 5597/5597 5566/5566
f 5597/5597 5598/5598 5566/5566
f 5566/5566 5598/5598 5567/5567
f 5598/5598 5599/5599 5567/5567
f 5567/5567 5599/5599 5568/5568
f 5599/5599 5600/5600 5568/5568
f 5568/5568 5600/5600 5569/5569
f 5600/5600 5601/5601 5569/5569
f 5569/5569 5601/5601 5570/5570
f 5601/5601 5602/5602 5570/5570
f 5570/5570 5602/5602 5571/5571
f 5602/5602 5603/5603 5571/5571
f 5571/5571 5603/5603 5572/5572
f 5603/5603 5604/5604 5572/5572
f 5572/5572 5604/5604 5573/5573
f 5604/5604 5605/5605 5573/5573
f 5573/5573 5605/5605 5574/5574
f 5605/5605 5606/5606 5574/5574
f 5574/5574 5606/5606 5575/5575
f 5606/5606 5607/5607 5575/5575
f 5575/5575 5607/5607 5576/5576
f 5607/5607 5608/5608 5576/5576
f 5576/5576 5608/5608 5577/5577
f 5608/5608 5609/5609 5577/5577
f 5577/5577 5609/5609 5578/5578
f 5609/5609 5610/5610 5578/5578
f 5578/5578 5610/5610 5579/5579
f 5610/5610 5611/5611 5579/5579
f 5579/5579 5611/5611 5580/5580
f 5611/5611 5612/5612 5580/5580
f 5580/5580 5612/5612 5581/5581
f 5612/5612 5613/5613 5581/5581
f 5581/5581 5613/5613 5582/5582
f 5613/5613 5614/5614 5582/5582
f 5582/5582 5614/5614 5583/5583
f 5614/5614 5615/5615 5583/5583
f 5583/5583 5615/5615 5584/5584
f 5615/5615 5616/5616 5584/5584
f 5584/5584 5616/5616 5585/5585
f 5616/5616 5617/5617 5585/5585
f 5585/5585 5617/5617 5586/5586
f 5617/5617 5618/5618 5586/5586
f 5586/5586 5618/5618 5587/5587
f 5618/5618 5619/5619 5587/5587
f 5587/5587 5619/5619 5588/5588
f 5619/5619 5620/5620 5588/5588
f 5588/5588 5620/5620 5589/5589
f 5620/5620 5621/5621 5589/5589
f 5589/5589 5621/5621 5590/5590
f 5621/5621 5622/5622 5590/5590
f 5590/5590 5622/5622 5591/5591
f 5622/5622 5623/5623 5591/5591
f 5591/5591 5623/5623 5592/5592
f 5623/5623 5624/5624 5592/5592
f 5592/5592 5624/5624 5593/5593
f 5624/5624 5625/5625 5593/5593
f 5593/5593 5625/5625 5594/5594
f 5625/5625 5626/5626 5594/5594
f 5595/5595 5627/5627 5596/5596
f 5627/5627 5628/5628 5596/5596
f 5596/5596 5628/5628 5597/5597
f 5628/5628 5629/5629 5597/5597
f 5597/5597 5629/5629 5598/5598
f 5629/5629 5630/5630 5598/5598
f 5598/5598 5630/5630 5599/5599
f 5630/5630 5631/5631 5599/5599
f 5599/5599 5631/5631 5600/5600
f 5631/5631 5632/5632 5600/5600
f 5600/5600 5632/5632 5601/5601
f 5632/5632 5633/5633 5601/5601
f 5601/5601 5633/5633 5602/5602
f 5633/5633 5634/5634 5602/5602
f 5602/5602 5634/5634 5603/5603
f 5634/5634 5635/5635 5603/5603
f 5603/5603 5635/5635 5604/5604
f 5635/5635 5636/5636 5604/5604
f 5604/5604 5636/5636 5605/5605
f 5636/5636 5637/5637 5605/5605
f 5605/5605 5637/5637 5606/5606
f 5637/5637 5638/5638 5606/5606
f 5606/5606 5638/5638 5607/5607
f 5638/5638 5639/5639 5607/5607
f 5607/5607 5639/5639 5608/5608
f 5639/5639 5640/5640 5608/5608
f 5608/5608 5640/5640 5609/5609
f 5640/5640 5641/5641 5609/5609
f 5609/5609 5641/5641 5610/5610
f 5641/5641 5642/5642 5610/5610
f 5610/5610 5642/5642 5611/5611
f 5642/5642 5643/5643 5611/5611
f 5611/5611 5643/5643 5612/5612
f 5643/5643 5644/5644 5612/5612
f 5612/5612 5644/5644 5613/5613
f 5644/5644 5645/5645 5613/5613
f 5613/5613 5645/5645 5614/5614
f 5645/5645 5646/5646 5614/5614
f 5614/5614 5646/5646 5615/5615
f 5646/5646 5647/5647 5615/5615
f 5615/5615 5647/5647 5616/5616
f 5647/5647 5648/5648 5616/5616
f 5616/5616 5648/5648 5617/5617
f 5648/5648 5649/5649 5617/5617
f 5617/5617 5649/5649 5618/5618
f 5649/5649 5650/5650 5618/5618
f 5618/5618 5650/5650 5619/5619
f 5650/5650 5651/5651 5619/5619
f 5619/5619 5651/5651 5620/5620
f 5651/5651 5652/5652 5620/5620
f 5620/5620 5652/5652 5621/5621
f 5652/5652 5653/5653 5621/5621
f 5621/5621 5653/5653 5622/5622
f 5653/5653 5654/5654 5622/5622
f 5622/5622 5654/5654 5623/5623
f 5654/5654 5655/5655 5623/5623
f 5623/5623 5655/5655 5624/5624
f 5655/5655 5656/5656 5624/5624
f 5624/5624 5656/5656 5625/5625
f 5656/5656 5657/5657 5625/5625
f 5625/5625 5657/5657 5626/5626
f 5657/5657 5658/5658 5626/5626
f 5627/5627 5659/5659 5628/5628
f 5659/5659 5660/5660 5628/5628
f 5628/5628 5660/5660 5629/5629
f 5660/5660 5661/5661 5629/5629
f 5629/5629 5661/5661 5630/5630
f 5661/5661 5662/5662 5630/5630
f 5630/5630 5662/5662 5631/5631
f 5662/5662 5663/5663 5631/5631
f 5631/5631 5663/5663 5632/5632
f 5663/5663 5664/5664 5632/5632
f 5632/5632 5664/5664 5633/5633
f 5664/5664 5665/5665 5633/5633
f 5633/5633 5665/5665 5634/5634
f 5665/5665 5666/5666 5634/5634
f 5634/5634 5666/5666 5635/5635
f 5666/5666 5667/5667 5635/5635
f 5635/5635 5667/5667 5636/5636
f 5667/5667 5668/5668 5636/5636
f 5636/5636 5668/5668 5637/5637
f 5668/5668 5669/5669 5637/5637
f 5637/5637 5669/5669 5638/5638
f 5669/5669 5670/5670 5638/5638
f 5638/5638 5670/5670 5639/5639
f 5670/5670 5671/5671 5639/5639
f 5639/5639 5671/5671 5640/5640
f 5671/5671 5672/5672 5640/5640
f 5640/5640 5672/5672 5641/5641
f 5672/5672 5673/5673 5641/5641
f 5641/5641 5673/5673 5642/5642
f 5673/5673 5674/5674 5642/5642
f 5642/5642 5674/5674 5643/5643
f 5674/5674 5675/5675 5643/5643
f 5643/5643 5675/5675 5644/5644
f 5675/5675 5676/5676 5644/5644
f 5644/5644 5676/5676 5645/5645
f 5676/5676 5677/5677 5645/5645
f 5645/5645 5677/5677 5646/5646
f 5677/5677 5678/5678 5646/5646
f 5646/5646 5678/5678 5647/5647
f 5678/5678 5679/5679 5647/5647
f 5647/5647 5679/5679 5648/5648
f 5679/5679 5680/5680 5648/5648
f 5648/5648 5680/5680 5649/5649
f 5680/5680 5681/5681 5649/5649
f 5649/5649 5681/5681 5650/5650
f 5681/5681 5682/5682 5650/5650
f 5650/5650 5682/5682 5651/5651
f 5682/5682 5683/5683 5651/5651
f 5651/5651 5683/5683 5652/5652
f 5683/5683 5684/5684 5652/5652
f 5652/5652 5684/5684 5653/5653
f 5684/5684 5685/5685 5653/5653
f 5653/5653 5685/5685 5654/5654
f 5685/5685 5686/5686 5654/5654
f 5654/5654 5686/5686 5655/5655
f 5686/5686 5687/5687 5655/5655
f 5655/5655 5687/5687 5656/5656
f 5687/5687 5688/5688 5656/5656
f 5656/5656 5688/5688 5657/5657
f 5688/5688 5689/5689 5657/5657
f 5657/5657 5689/5689 5658/5658
f 5689/5689 5690/5690 5658/5658
f 5659/5659 5691/5691 5660/5660
f 5691/5691 5692/5692 5660/5660
f 5660/5660 5692/5692 5661/5661
f 5692/5692 5693/5693 5661/5661
f 5661/5661 5693/5693 5662/5662
f 5693/5693 5694/5694 5662/5662
f 5662/5662 5694/5694 5663/5663
f 5694/5694 5695/5695 5663/5663
f 5663/5663 5695/5695 5664/5664
f 5695/5695 5696/5696 5664/5664
f 5664/5664 5696/5696 5665/5665
f 5696/5696 5697/5697 5665/5665
f 5665/5665 5697/5697 5666/5666
f 5697/5697 5698/5698 5666/5666
f 5666/5666 5698/5698 5667/5667
f 5698/5698 5699/5699 5667/5667
f 5667/5667 5699/5699 5668/5668
f 5699/5699 5700/5700 5668/5668
f 5668/5668 5700/5700 5669/5669
f 5700/5700 5701/5701 5669/5669
f 5669/5669 5701/5701 5670/5670
f 5701/5701 5702/5702 5670/5670
f 5670/5670 5702/5702 5671/5671
f 5702/5702 5703/5703 5671/5671
f 5671/5671 5703/5703 5672/5672
f 5703/5703 5704/5704 5672/5672
f 5672/5672 5704/5704 5673/5673
f 5704/5704 5705/5705 5673/5673
f 5673/5673 5705/5705 5674/5674
f 5705/5705 5706/5706 5674/5674
f 5674/5674 5706/5706 5675/5675
f 5706/5706 5707/5707 5675/5675
f 5675/5675 5707/5707 5676/5676
f 5707/5707 5708/5708 5676/5676
f 5676/5676 5708/5708 5677/5677
f 5708/5708 5709/5709 5677/5677
f 5677/5677 5709/5709 5678/5678
f 5709/5709 5710/5710 5678/5678
f 5678/5678 5710/5710 5679/5679
f 5710/5710 5711/5711 5679/5679
f 5679/5679 5711/5711 5680/5680
f 5711/5711 5712/5712 5680/5680
f 5680/5680 5712/5712 5681/5681
f 5712/5712 5713/5713 5681/5681
f 5681/5681 5713/5713 5682/5682
f 5713/5713 5714/5714 5682/5682
f 5682/5682 5714/5714 5683/5683
f 5714/5714 5715/5715 5683/5683
f 5683/5683 5715/5715 5684/5684
f 5715/5715 5716/5716 5684/5684
f 5684/5684 5716/5716 5685/5685
f 5716/5716 5717/5717 5685/5685
f 5685/5685 5717/5717 5686/5686
f 5717/5717 5718/5718 5686/5686
f 5686/5686 5718/5718 5687/5687
f 5718/5718 5719/5719 5687/5687
f 5687/5687 5719/5719 5688/5688
f 5719/5719 5720/5720 5688/5688
f 5688/5688 5720/5720 5689/5689
f 5720/5720 5721/5721 5689/5689
f 5689/5689 5721/5721 5690/5690
f 5721/5721 5722/5722 5690/5690
f 5691/5691 5723/5723 5692/5692
f 5723/5723 5724/5724 5692/5692
f 5692/5692 5724/5724 5693/5693
f 5724/5724 5725/5725 5693/5693
f 5693/5693 5725/5725 5694/5694
f 5725/5725 5726/5726 5694/5694
f 5694/5694 5726/5726 5695/5695
f 5726/5726 5727/5727 5695/5695
f 5695/5695 5727/5727 5696/5696
f 5727/5727 5728/5728 5696/5696
f 5696/5696 5728/5728 5697/5697
f 5728/5728 5729/5729 5697/5697
f 5697/5697 5729/5729 5698/5698
f 5729/5729 5730/5730 5698/5698
f 5698/5698 5730/5730 5699/5699
f 5730/5730 5731/5731 5699/5699
f 5699/5699 5731/5731 5700/5700
f 5731/5731 5732/5732 5700/5700
f 5700/5700 5732/5732 5701/5701
f 5732/5732 5733/5733 5701/5701
f 5701/5701 5733/5733 5702/5702
f 5733/5733 5734/5734 5702/5702
f 5702/5702 5734/5734 5703/5703
f 5734/5734 5735/5735 5703/5703
f 5703/5703 5735/5735 5704/5704
f 5735/5735 5736/5736 5704/5704
f 5704/5704 5736/5736 5705/5705
f 5736/5736 5737/5737 5705/5705
f 5705/5705 5737/5737 5706/5706
f 5737/5737 5738/5738 5706/5706
f 5706/5706 5738/5738 5707/5707
f 5738/5738 5739/5739 5707/5707
f 5707/5707 5739/5739 5708/5708
f 5739/5739 5740/5740 5708/5708
f 5708/5708 5740/5740 5709/5709
f 5740/5740 5741/5741 5709/5709
f 5709/5709 5741/5741 5710/5710
f 5741/5741 5742/5742 5710/5710
f 5710/5710 5742/5742 5711/5711
f 5742/5742 5743/5743 5711/5711
f 5711/5711 5743/5743 5712/5712
f 5743/5743 5744/5744 5712/5712
f 5712/5712 5744/5744 5713/5713
f 5744/5744 5745/5745 5713/5713
f 5713/5713 5745/5745 5714/5714
f 5745/5745 5746/5746 5714/5714
f 5714/5714 5746/5746 5715/5715
f 5746/5746 5747/5747 5715/5715
f 5715/5715 5747/5747 5716/5716
f 5747/5747 5748/5748 5716/5716
f 5716/5716 5748/5748 5717/5717
f 5748/5748 5749/5749 5717/5717
f 5717/5717 5749/5749 5718/5718
f 5749/5749 5750/5750 5718/5718
f 5718/5718 5750/5750 5719/5719
f 5750/5750 5751/5751 5719/5719
f 5719/5719 5751/5751 5720/5720
f 5751/5751 5752/5752 5720/5720
f 5720/5720 5752/5752 5721/5721
f 5752/5752 5753/5753 5721/5721
f 5721/5721 5753/5753 5722/5722
f 5753/5753 5754/5754 5722/5722
f 5723/5723 5755/5755 5724/5724
f 5755/5755 5756/5756 5724/5724
f 5724/5724 5756/5756 5725/5725
f 5756/5756 5757/5757 5725/5725
f 5725/5725 5757/5757 5726/5726
f 5757/5757 5758/5758 5726/5726
f 5726/5726 5758/5758 5727/5727
f 5758/5758 5759/5759 5727/5727
f 5727/5727 5759/5759 5728/5728
f 5759/5759 5760/5760 5728/5728
f 5728/5728 5760/5760 5729/5729
f 5760/5760 5761/5761 5729/5729
f 5729/5729 5761/5761 5730/5730
f 5761/5761 5762/5762 5730/5730
f 5730/5730 5762/5762 5731/5731
f 5762/5762 5763/5763 5731/5731
f 5731/5731 5763/5763 5732/5732
f 5763/5763 5764/5764 5732/5732
f 5732/5732 5764/5764 5733/5733
f 5764/5764 5765/5765 5733/5733
f 5733/5733 5765/5765 5734/5734
f 5765/5765 5766/5766 5734/5734
f 5734/5734 5766/5766 5735/5735
f 5766/5766 5767/5767 5735/5735
f 5735/5735 5767/5767 5736/5736
f 5767/5767 5768/5768 5736/5736
f 5736/5736 5768/5768 5737/5737
f 5768/5768 5769/5769 5737/5737
f 5737/5737 5769/5769 5738/5738
f 5769/5769 5770/5770 5738/5738
f 5738/5738 5770/5770 5739/5739
f 5770/5770 5771/5771 5739/5739
f 5739/5739 5771/5771 5740/5740
f 5771/5771 5772/5772 5740/5740
f 5740/5740 5772/5772 5741/5741
f 5772/5772 5773/5773 5741/5741
f 5741/5741 5773/5773 5742/5742
f 5773/5773 5774/5774 5742/5742
f 5742/5742 5774/5774 5743/5743
f 5774/5774 5775/5775 5743/5743
f 5743/5743 5775/5775 5744/5744
f 5775/5775 5776/5776 5744/5744
f 5744/5744 5776/5776 5745/5745
f 5776/5776 5777/5777 5745/5745
f 5745/5745 5777/5777 5746/5746
f 5777/5777 5778/5778 5746/5746
f 5746/5746 5778/5778 5747/5747
f 5778/5778 5779/5779 5747/5747
f 5747/5747 5779/5779 5748/5748
f 5779/5779 5780/5780 5748/5748
f 5748/5748 5780/5780 5749/5749
f 5780/5780 5781/5781 5749/5749
f 5749/5749 5781/5781 5750/5750
f 5781/5781 5782/5782 5750/5750
f 5750/5750 5782/5782 5751/5751
f 5782/5782 5783/5783 5751/5751
f 5751/5751 5783/5783 5752/5752
f 5783/5783 5784/5784 5752/5752
f 5752/5752 5784/5784 5753/5753
f 5784/5784 5785/5785 5753/5753
f 5753/5753 5785/5785 5754/5754
f 5785/5785 5786/5786 5754/5754
f 5755/5755 5787/5787 5756/5756
f 5787/5787 5788/5788 5756/5756
f 5756/5756 5788/5788 5757/5757
f 5788/5788 5789/5789 5757/5757
f 5757/5757 5789/5789 5758/5758
f 5789/5789 5790/5790 5758/5758
f 5758/5758 5790/5790 5759/5759
f 5790/5790 5791/5791 5759/5759
f 5759/5759 5791/5791 5760/5760
f 5791/5791 5792/5792 5760/5760
f 5760/5760 5792/5792 5761/5761
f 5792/5792 5793/5793 5761/5761
f 5761/5761 5793/5793 5762/5762
f 5793/5793 5794/5794 5762/5762
f 5762/5762 5794/5794 5763/5763
f 5794/5794 5795/5795 5763/5763
f 5763/5763 5795/5795 5764/5764
f 5795/5795 5796/5796 5764/5764
f 5764/5764 5796/5796 5765/5765
f 5796/5796 5797/5797 5765/5765
f 5765/5765 5797/5797 5766/5766
f 5797/5797 5798/5798 5766/5766
f 5766/5766 5798/5798 5767/5767
f 5798/5798 5799/5799 5767/5767
f 5767/5767 5799/5799 5768/5768
f 5799/5799 5800/5800 5768/5768
f 5768/5768 5800/5800 5769/5769
f 5800/5800 5801/5801 5769/5769
f 5769/5769 5801/5801 5770/5770
f 5801/5801 5802/5802 5770/5770
f 5770/5770 5802/5802 5771/5771
f 5802/5802 5803/5803 5771/5771
f 5771/5771 5803/5803 5772/5772
f 5803/5803 5804/5804 5772/5772
f 5772/5772 5804/5804 5773/5773
f 5804/5804 5805/5805 5773/5773
f 5773/5773 5805/5805 5774/5774
f 5805/5805 5806/5806 5774/5774
f 5774/5774 5806/5806 5775/5775
f 5806/5806 5807/5807 5775/5775
f 5775/5775 5807/5807 5776/5776
f 5807/5807 5808/5808 5776/5776
f 5776/5776 5808/5808 5777/5777
f 5808/5808 5809/5809 5777/5777
f 5777/5777 5809/5809 5778/5778
f 5809/5809 5810/5810 5778/5778
f 5778/5778 5810/5810 5779/5779
f 5810/5810 5811/5811 5779/5779
f 5779/5779 5811/5811 5780/5780
f 5811/5811 5812/5812 5780/5780
f 5780/5780 5812/5812 5781/5781
f 5812/5812 5813/5813 5781/5781
f 5781/5781 5813/5813 5782/5782
f 5813/5813 5814/5814 5782/5782
f 5782/5782 5814/5814 5783/5783
f 5814/5814 5815/5815 5783/5783
f 5783/5783 5815/5815 5784/5784
f 5815/5815 5816/5816 5784/5784
f 5784/5784 5816/5816 5785/5785
f 5816/5816 5817/5817 5785/5785
f 5785/5785 5817/5817 5786/5786
f 5817/5817 5818/5818 5786/5786
f 5787/5787 5819/5819 5788/5788
f 5819/5819 5820/5820 5788/5788
f 5788/5788 5820/5820 5789/5789
f 5820/5820 5821/5821 5789/5789
f 5789/5789 5821/5821 5790/5790
f 5821/5821 5822/5822 5790/5790
f 5790/5790 5822/5822 5791/5791
f 5822/5822 5823/5823 5791/5791
f 5791/5791 5823/5823 5792/5792
f 5823/5823 5824/5824 5792/5792
f 5792/5792 5824/5824 5793/5793
f 5824/5824 5825/5825 5793/5793
f 5793/5793 5825/5825 5794/5794
f 5825/5825 5826/5826 5794/5794
f 5794/5794 5826/5826 5795/5795
f 5826/5826 5827/5827 5795/5795
f 5795/5795 5827/5827 5796/5796
f 5827/5827 5828/5828 5796/5796
f 5796/5796 5828/5828 5797/5797
f 5828/5828 5829/5829 5797/5797
f 5797/5797 5829/5829 5798/5798
f 5829/5829 5830/5830 5798/5798
f 5798/5798 5830/5830 5799/5799
f 5830/5830 5831/5831 5799/5799
f 5799/5799 5831/5831 5800/5800
f 5831/5831 5832/5832 5800/5800
f 5800/5800 5832/5832 5801/5801
f 5832/5832 5833/5833 5801/5801
f 5801/5801 5833/5833 5802/5802
f 5833/5833 5834/5834 5802/5802
f 5802/5802 5834/5834 5803/5803
f 5834/5834 5835/5835 5803/5803
f 5803/5803 5835/5835 5804/5804
f 5835/5835 5836/5836 5804/5804
f 5804/5804 5836/5836 5805/5805
f 5836/5836 5837/5837 5805/5805
f 5805/5805 5837/5837 5806/5806
f 5837/5837 5838/5838 5806/5806
f 5806/5806 5838/5838 5807/5807
f 5838/5838 5839/5839 5807/5807
f 5807/5807 5839/5839 5808/5808
f 5839/5839 5840/5840 5808/5808
f 5808/5808 5840/5840 5809/5809
f 5840/5840 5841/5841 5809/5809
f 5809/5809 5841/5841 5810/5810
f 5841/5841 5842/5842 5810/5810
f 5810/5810 5842/5842 5811/5811
f 5842/5842 5843/5843 5811/5811
f 5811/5811 5843/5843 5812/5812
f 5843/5843 5844/5844 5812/5812
f 5812/5812 5844/5844 5813/5813
f 5844/5844 5845/5845 5813/5813
f 5813/5813 5845/5845 5814/5814
f 5845/5845 5846/5846 5814/5814
f 5814/5814 5846/5846 5815/5815
f 5846/5846 5847/5847 5815/5815
f 5815/5815 5847/5847 5816/5816
f 5847/5847 5848/5848 5816/5816
f 5816/5816 5848/5848 5817/5817
f 5848/5848 5849/5849 5817/5817
f 5817/5817 5849/5849 5818/5818
f 5849/5849 5850/5850 5818/5818
f 5819/5819 5851/5851 5820/5820
f 5851/5851 5852/5852 5820/5820
f 5820/5820 5852/5852 5821/5821
f 5852/5852 5853/5853 5821/5821
f 5821/5821 5853/5853 5822/5822
f 5853/5853 5854/5854 5822/5822
f 5822/5822 5854/5854 5823/5823
f 5854/5854 5855/5855 5823/5823
f 5823/5823 5855/5855 5824/5824
f 5855/5855 5856/5856 5824/5824
f 5824/5824 5856/5856 5825/5825
f 5856/5856 5857/5857 5825/5825
f 5825/5825 5857/5857 5826/5826
f 5857/5857 5858/5858 5826/5826
f 5826/5826 5858/5858 5827/5827
f 5858/5858 5859/5859 5827/5827
f 5827/5827 5859/5859 5828/5828
f 5859/5859 5860/5860 5828/5828
f 5828/5828 5860/5860 5829/5829
f 5860/5860 5861/5861 5829/5829
f 5829/5829 5861/5861 5830/5830
f 5861/5861 5862/5862 5830/5830
f 5830/5830 5862/5862 5831/5831
f 5862/5862 5863/5863 5831/5831
f 5831/5831 5863/5863 5832/5832
f 5863/5863 5864/5864 5832/5832
f 5832/5832 5864/5864 5833/5833
f 5864/5864 5865/5865 5833/5833
f 5833/5833 5865/5865 5834/5834
f 5865/5865 5866/5866 5834/5834
f 5834/5834 5866/5866 5835/5835
f 5866/5866 5867/5867 5835/5835
f 5835/5835 5867/5867 5836/5836
f 5867/5867 5868/5868 5836/5836
f 5836/5836 5868/5868 5837/5837
f 5868/5868 5869/5869 5837/5837
f 5837/5837 5869/5869 5838/5838
f 5869/5869 5870/5870 5838/5838
f 5838/5838 5870/5870 5839/5839
f 5870/5870 5871/5871 5839/5839
f 5839/5839 5871/5871 5840/5840
f 5871/5871 5872/5872 5840/5840
f 5840/5840 5872/5872 5841/5841
f 5872/5872 5873/5873 5841/5841
f 5841/5841 5873/5873 5842/5842
f 5873/5873 5874/5874 5842/5842
f 5842/5842 5874/5874 5843/5843
f 5874/5874 5875/5875 5843/5843
f 5843/5843 5875/5875 5844/5844
f 5875/5875 5876/5876 5844/5844
f 5844/5844 5876/5876 5845/5845
f 5876/5876 5877/5877 5845/5845
f 5845/5845 5877/5877 5846/5846
f 5877/5877 5878/5878 5846/5846
f 5846/5846 5878/5878 5847/5847
f 5878/5878 5879/5879 5847/5847
f 5847/5847 5879/5879 5848/5848
f 5879/5879 5880/5880 5848/5848
f 5848/5848 5880/5880 5849/5849
f 5880/5880 5881/5881 5849/5849
f 5849/5849 5881/5881 5850/5850
f 5881/5881 5882/5882 5850/5850
f 5851/5851 5883/5883 5852/5852
f 5883/5883 5884/5884 5852/5852
f 5852/5852 5884/5884 5853/5853
f 5884/5884 5885/5885 5853/5853
f 5853/5853 5885/5885 5854/5854
f 5885/5885 5886/5886 5854/5854
f 5854/5854 5886/5886 5855/5855
f 5886/5886 5887/5887 5855/5855
f 5855/5855 5887/5887 5856/5856
f 5887/5887 5888/5888 5856/5856
f 5856/5856 5888/5888 5857/5857
f 5888/5888 5889/5889 5857/5857
f 5857/5857 5889/5889 5858/5858
f 5889/5889 5890/5890 5858/5858
f 5858/5858 5890/5890 5859/5859
f 5890/5890 5891/5891 5859/5859
f 5859/5859 5891/5891 5860/5860
f 5891/5891 5892/5892 5860/5860
f 5860/5860 5892/5892 5861/5861
f 5892/5892 5893/5893 5861/5861
f 5861/5861 5893/5893 5862/5862
f 5893/5893 5894/5894 5862/5862
f 5862/5862 5894/5894 5863/5863
f 5894/5894 5895/5895 5863/5863
f 5863/5863 5895/5895 5864/5864
f 5895/5895 5896/5896 5864/5864
f 5864/5864 5896/5896 5865/5865
f 5896/5896 5897/5897 5865/5865
f 5865/5865 5897/5897 5866/5866
f 5897/5897 5898/5898 5866/5866
f 5866/5866 5898/5898 5867/5867
f 5898/5898 5899/5899 5867/5867
f 5867/5867 5899/5899 5868/5868
f 5899/5899 5900/5900 5868/5868
f 5868/5868 5900/5900 5869/5869
f 5900/5900 5901/5901 5869/5869
f 5869/5869 5901/5901 5870/5870
f 5901/5901 5902/5902 5870/5870
f 5870/5870 5902/5902 5871/5871
f 5902/5902 5903/5903 5871/5871
f 5871/5871 5903/5903 5872/5872
f 5903/5903 5904/5904 5872/5872
f 5872/5872 5904/5904 5873/5873
f 5904/5904 5905/5905 5873/5873
f 5873/5873 5905/5905 5874/5874
f 5905/5905 5906/5906 5874/5874
f 5874/5874 5906/5906 5875/5875
f 5906/5906 5907/5907 5875/5875
f 5875/5875 5907/5907 5876/5876
f 5907/5907 5908/5908 5876/5876
f 5876/5876 5908/5908 5877/5877
f 5908/5908 5909/5909 5877/5877
f 5877/5877 5909/5909 5878/5878
f 5909/5909 5910/5910 5878/5878
f 5878/5878 5910/5910 5879/5879
f 5910/5910 5911/5911 5879/5879
f 5879/5879 5911/5911 5880/5880
f 5911/5911 5912/5912 5880/5880
f 5880/5880 5912/5912 5881/5881
f 5912/5912 5913/5913 5881/5881
f 5881/5881 5913/5913 5882/5882
f 5913/5913 5914/5914 5882/5882
f 5883/5883 5915/5915 5884/5884
f 5915/5915 5916/5916 5884/5884
f 5884/5884 5916/5916 5885/5885
f 5916/5916 5917/5917 5885/5885
f 5885/5885 5917/5917 5886/5886
f 5917/5917 5918/5918 5886/5886
f 5886/5886 5918/5918 5887/5887
f 5918/5918 5919/5919 5887/5887
f 5887/5887 5919/5919 5888/5888
f 5919/5919 5920/5920 5888/5888
f 5888/5888 5920/5920 5889/5889
f 5920/5920 5921/5921 5889/5889
f 5889/5889 5921/5921 5890/5890
f 5921/5921 5922/5922 5890/5890
f 5890/5890 5922/5922 5891/5891
f 5922/5922 5923/5923 5891/5891
f 5891/5891 5923/5923 5892/5892
f 5923/5923 5924/5924 5892/5892
f 5892/5892 5924/5924 5893/5893
f 5924/5924 5925/5925 5893/5893
f 5893/5893 5925/5925 5894/5894
f 5925/5925 5926/5926 5894/5894
f 5894/5894 5926/5926 5895/5895
f 5926/5926 5927/5927 5895/5895
f 5895/5895 5927/5927 5896/5896
f 5927/5927 5928/5928 5896/5896
f 5896/5896 5928/5928 5897/5897
f 5928/5928 5929/5929 5897/5897
f 5897/5897 5929/5929 5898/5898
f 5929/5929 5930/5930 5898/5898
f 5898/5898 5930/5930 5899/5899
f 5930/5930 5931/5931 5899/5899
f 5899/5899 5931/5931 5900/5900
f 5931/5931 5932/5932 5900/5900
f 5900/5900 5932/5932 5901/5901
f 5932/5932 5933/5933 5901/5901
f 5901/5901 5933/5933 5902/5902
f 5933/5933 5934/5934 5902/5902
f 5902/5902 5934/5934 5903/5903
f 5934/5934 5935/5935 5903/5903
f 5903/5903 5935/5935 5904/5904
f 5935/5935 5936/5936 5904/5904
f 5904/5904 5936/5936 5905/5905
f 5936/5936 5937/5937 5905/5905
f 5905/5905 5937/5937 5906/5906
f 5937/5937 5938/5938 5906/5906
f 5906/5906 5938/5938 5907/5907
f 5938/5938 5939/5939 5907/5907
f 5907/5907 5939/5939 5908/5908
f 5939/5939 5940/5940 5908/5908
f 5908/5908 5940/5940 5909/5909
f 5940/5940 5941/5941 5909/5909
f 5909/5909 5941/5941 5910/5910
f 5941/5941 5942/5942 5910/5910
f 5910/5910 5942/5942 5911/5911
f 5942/5942 5943/5943 5911/5911
f 5911/5911 5943/5943 5912/5912
f 5943/5943 5944/5944 5912/5912
f 5912/5912 5944/5944 5913/5913
f 5944/5944 5945/5945 5913/5913
f 5913/5913 5945/5945 5914/5914
f 5945/5945 5946/5946 5914/5914
f 5947/5947 5963/5963 5948/5948
f 5963/5963 5964/5964 5948/5948
f 5948/5948 5964/5964 5949/5949
f 5964/5964 5965/5965 5949/5949
f 5949/5949 5965/5965 5950/5950
f 5965/5965 5966/5966 5950/5950
f 5950/5950 5966/5966 5951/5951
f 5966/5966 5967/5967 5951/5951
f 5951/5951 5967/5967 5952/5952
f 5967/5967 5968/5968 5952/5952
f 5952/5952 5968/5968 5953/5953
f 5968/5968 5969/5969 5953/5953
f 5953/5953 5969/5969 5954/5954
f 5969/5969 5970/5970 5954/5954
f 5954/5954 5970/5970 5955/5955
f 5970/5970 5971/5971 5955/5955
f 5955/5955 5971/5971 5956/5956
f 5971/5971 5972/5972 5956/5956
f 5956/5956 5972/5972 5957/5957
f 5972/5972 5973/5973 5957/5957
f 5957/5957 5973/5973 5958/5958
f 5973/5973 5974/5974 5958/5958
f 5958/5958 5974/5974 5959/5959
f 5974/5974 5975/5975 5959/5959
f 5959/5959 5975/5975 5960/5960
f 5975/5975 5976/5976 5960/5960
f 5960/5960 5976/5976 5961/5961
f 5976/5976 5977/5977 5961/5961
f 5961/5961 5977/5977 5962/5962
f 5977/5977 5978/5978 5962/5962
f 5963/5963 5979/5979 5964/5964
f 5979/5979 5980/5980 5964/5964
f 5964/5964 5980/5980 5965/5965
f 5980/5980 5981/5981 5965/5965
f 5965/5965 5981/5981 5966/5966
f 5981/5981 5982/5982 5966/5966
f 5966/5966 5982/5982 5967/5967
f 5982/5982 5983/5983 5967/5967
f 5967/5967 5983/5983 5968/5968
f 5983/5983 5984/5984 5968/5968
f 5968/5968 5984/5984 5969/5969
f 5984/5984 5985/5985 5969/5969
f 5969/5969 5985/5985 5970/5970
f 5985/5985 5986/5986 5970/5970
f 5970/5970 5986/5986 5971/5971
f 5986/5986 5987/5987 5971/5971
f 5971/5971 5987/5987 5972/5972
f 5987/5987 5988/5988 5972/5972
f 5972/5972 5988/5988 5973/5973
f 5988/5988 5989/5989 5973/5973
f 5973/5973 5989/5989 5974/5974
f 5989/5989 5990/5990 5974/5974
f 5974/5974 5990/5990 5975/5975
f 5990/5990 5991/5991 5975/5975
f 5975/5975 5991/5991 5976/5976
f 5991/5991 5992/5992 5976/5976
f 5976/5976 5992/5992 5977/5977
f 5992/5992 5993/5993 5977/5977
f 5977/5977 5993/5993 5978/5978
f 5993/5993 5994/5994 5978/5978
f 5995/5995 6019/6019 5996/5996
f 6019/6019 6020/6020 5996/5996
f 5996/5996 6020/6020 5997/5997
f 6020/6020 6021/6021 5997/5997
f 5997/5997 6021/6021 5998/5998
f 6021/6021 6022/6022 5998/5998
f 5998/5998 6022/6022 5999/5999
f 6022/6022 6023/6023 5999/5999
f 5999/5999 6023/6023 6000/6000
f 6023/6023 6024/6024 6000/6000
f 6000/6000 6024/6024 6001/6001
f 6024/6024 6025/6025 6001/6001
f 6001/6001 6025/6025 6002/6002
f 6025/6025 6026/6026 6002/6002
f 6002/6002 6026/6026 6003/6003
f 6026/6026 6027/6027 6003/6003
f 6003/6003 6027/6027 6004/6004
f 6027/6027 6028/6028 6004/6004
f 6004/6004 6028/6028 6005/6005
f 6028/6028 6029/6029 6005/6005
f 6005/6005 6029/6029 6006/6006
f 6029/6029 6030/6030 6006/6006
f 6006/6006 6030/6030 6007/6007
f 6030/6030 6031/6031 6007/6007
f 6007/6007 6031/6031 6008/6008
f 6031/6031 6032/6032 6008/6008
f 6008/6008 6032/6032 6009/6009
f 6032/6032 6033/6033 6009/6009
f 6009/6009 6033/6033 6010/6010
f 6033/6033 6034/6034 6010/6010
f 6010/6010 6034/6034 6011/6011
f 6034/6034 6035/6035 6011/6011
f 6011/6011 6035/6035 6012/6012
f 6035/6035 6036/6036 6012/6012
f 6012/6012 6036/6036 6013/6013
f 6036/6036 6037/6037 6013/6013
f 6013/6013 6037/6037 6014/6014
f 6037/6037 6038/6038 6014/6014
f 6014/6014 6038/6038 6015/6015
f 6038/6038 6039/6039 6015/6015
f 6015/6015 6039/6039 6016/6016
f 6039/6039 6040/6040 6016/6016
f 6016/6016 6040/6040 6017/6017
f 6040/6040 6041/6041 6017/6017
f 6017/6017 6041/6041 6018/6018
f 6041/6041 6042/6042 6018/6018
f 6019/6019 6043/6043 6020/6020
f 6043/6043 6044/6044 6020/6020
f 6020/6020 6044/6044 6021/6021
f 6044/6044 6045/6045 6021/6021
f 6021/6021 6045/6045 6022/6022
f 6045/6045 6046/6046 6022/6022
f 6022/6022 6046/6046 6023/6023
f 6046/6046 6047/6047 6023/6023
f 6023/6023 6047/6047 6024/6024
f 6047/6047 6048/6048 6024/6024
f 6024/6024 6048/6048 6025/6025
f 6048/6048 6049/6049 6025/6025
f 6025/6025 6049/6049 6026/6026
f 6049/6049 6050/6050 6026/6026
f 6026/6026 6050/6050 6027/6027
f 6050/6050 6051/6051 6027/6027
f 6027/6027 6051/6051 6028/6028
f 6051/6051 6052/6052 6028/6028
f 6028/6028 6052/6052 6029/6029
f 6052/6052 6053/6053 6029/6029
f 6029/6029 6053/6053 6030/6030
f 6053/6053 6054/6054 6030/6030
f 6030/6030 6054/6054 6031/6031
f 6054/6054 6055/6055 6031/6031
f 6031/6031 6055/6055 6032/6032
f 6055/6055 6056/6056 6032/6032
f 6032/6032 6056/6056 6033/6033
f 6056/6056 6057/6057 6033/6033
f 6033/6033 6057/6057 6034/6034
f 6057/6057 6058/6058 6034/6034
f 6034/6034 6058/6058 6035/6035
f 6058/6058 6059/6059 6035/6035
f 6035/6035 6059/6059 6036/6036
f 6059/6059 6060/6060 6036/6036
f 6036/6036 6060/6060 6037/6037
f 6060/6060 6061/6061 6037/6037
f 6037/6037 6061/6061 6038/6038
f 6061/6061 6062/6062 6038/6038
f 6038/6038 6062/6062 6039/6039
f 6062/6062 6063/6063 6039/6039
f 6039/6039 6063/6063 6040/6040
f 6063/6063 6064/6064 6040/6040
f 6040/6040 6064/6064 6041/6041
f 6064/6064 6065/6065 6041/6041
f 6041/6041 6065/6065 6042/6042
f 6065/6065 6066/6066 6042/6042

